"","control.siRNA_PBS_rep1","control.siRNA_PBS_rep2","control.siRNA_PBS_rep3","control.siRNA_VEGF_rep1","control.siRNA_VEGF_rep2","control.siRNA_VEGF_rep3","KDR.siRNA_PBS_rep1","KDR.siRNA_PBS_rep2","KDR.siRNA_PBS_rep3","KDR.siRNA_VEGF_rep1","KDR.siRNA_VEGF_rep2","KDR.siRNA_VEGF_rep3"
"TSPAN6",691,619,709,675,640,774,947,1076,882,837,925,961
"TNMD",0,0,0,0,0,0,0,0,0,0,0,0
"DPM1",1144,1059,1032,1339,1257,1386,1499,1320,1329,1422,1594,1388
"SCYL3",216,205,183,247,221,200,222,175,192,186,166,193
"FIRRM",415,357,419,508,387,449,531,427,399,452,496,479
"FGR",4,4,7,5,2,3,2,1,3,1,4,2
"CFH",725,659,798,633,694,718,1078,708,590,766,758,601
"FUCA2",2732,2471,2652,2951,2745,2970,3281,2747,2644,2764,3074,2667
"GCLC",886,822,806,959,837,960,988,801,809,909,855,837
"NFYA",912,785,850,1018,922,1085,1096,892,803,949,1000,1044
"STPG1",184,133,153,156,178,166,163,129,131,177,155,145
"NIPAL3",449,437,539,403,430,552,587,490,483,537,465,503
"LAS1L",1376,1193,1137,1246,1181,1249,1737,1439,1464,1538,1415,1224
"ENPP4",93,80,93,120,111,108,92,83,66,77,75,75
"SEMA3F",3804,3160,3333,4126,3704,3938,5387,4048,4385,4223,4535,4086
"CFTR",2,0,0,0,1,0,0,0,1,1,0,1
"ANKIB1",1822,1827,1956,1861,1841,1982,2308,1512,1560,1737,1794,1847
"CYP51A1",419,392,457,386,370,449,520,414,440,398,392,383
"KRIT1",196,216,247,183,186,231,287,278,189,215,203,234
"RAD52",388,390,342,336,339,289,424,328,328,357,314,315
"MYH16",83,61,59,70,49,62,69,62,84,67,67,59
"BAD",1076,815,989,1133,1169,1383,1209,1576,1366,1142,1346,1181
"LAP3",11083,10073,10856,10386,10564,9729,11572,7893,7429,10448,12224,6608
"CD99",12595,10945,11726,11657,12084,13011,15010,17046,14747,14062,16214,13434
"HS3ST1",40,65,61,63,70,100,31,35,25,26,52,35
"AOC1",0,0,0,0,0,0,0,0,0,0,0,0
"WNT16",0,0,0,0,0,0,0,0,0,0,0,0
"HECW1",0,0,0,0,0,0,0,0,0,0,0,0
"MAD1L1",58,40,31,40,30,29,28,40,34,42,44,34
"LASP1",13126,12238,13819,12989,11515,13363,14409,12230,12466,12301,12613,11867
"SNX11",893,797,782,923,839,844,933,797,843,952,989,738
"TMEM176A",0,0,0,0,0,0,0,0,0,0,0,0
"M6PR",2719,2477,2697,2887,2751,2906,3386,2630,2761,2929,2924,2787
"KLHL13",319,294,388,331,322,434,423,479,368,385,355,446
"CYP26B1",25,50,74,15,19,20,22,23,12,25,15,26
"ICA1",672,635,725,538,537,627,814,884,691,793,738,719
"DBNDD1",799,801,970,825,822,1027,828,825,703,756,831,787
"ALS2",2090,1965,2207,2270,2221,2430,2424,1869,1892,1989,1854,1932
"CASP10",994,953,1197,952,989,1085,1122,913,763,903,930,841
"CFLAR",7045,6669,6802,7444,7073,7008,8277,6087,5649,6557,6664,5696
"TFPI",4558,4580,5574,3868,3968,4738,6053,6049,4690,5367,5742,5897
"NDUFAF7",325,270,304,371,356,306,379,389,307,380,316,327
"RBM5",3212,2849,2965,2791,2662,2471,3261,3248,2734,3026,2881,2613
"MTMR7",18,14,10,21,21,6,18,11,12,23,17,15
"SLC7A2",543,423,367,570,447,472,2048,1014,1392,1230,1373,1253
"ARF5",1625,1393,1596,1655,1700,2043,2130,2640,2332,2106,2317,2094
"SARM1",147,176,204,189,178,276,277,271,235,228,188,221
"POLDIP2",3990,3628,3908,4114,3914,4105,4635,4133,4057,4136,4621,3915
"PLXND1",14619,14280,17418,13504,14158,17290,8829,7992,6555,6677,5550,6728
"AK2",2856,2374,2628,3039,2756,3079,3271,2842,2681,3054,3175,2854
"CD38",7,2,12,1,4,2,10,6,4,6,6,1
"FKBP4",3346,2942,3241,3262,2820,3081,3804,3502,3671,3625,3717,3473
"KDM1A",3209,2859,3129,2958,3125,3534,4146,4137,3789,3636,3511,3653
"RBM6",2453,2393,2581,2040,2167,2043,2668,2735,2299,2405,2033,2205
"CAMKK1",280,205,218,219,197,191,243,215,195,202,220,193
"RECQL",2148,2060,2198,2521,2488,2431,2853,2275,2264,2413,2457,2350
"VPS50",525,522,497,504,537,499,639,534,468,547,565,545
"HSPB6",49,54,65,50,63,58,81,50,68,58,54,59
"ARHGAP33",453,446,501,370,435,444,450,569,400,500,314,380
"NDUFAB1",1123,971,946,1117,1101,1298,1382,1830,1456,1321,1541,1307
"PDK4",37,39,66,50,56,105,63,51,34,48,56,48
"SLC22A16",0,1,0,0,0,0,0,0,0,1,0,1
"ZMYND10",8,7,5,3,6,1,4,4,5,2,0,5
"ABCB5",0,0,0,0,0,0,0,0,0,0,0,0
"ARX",0,0,0,0,0,0,0,0,0,0,0,0
"SLC25A13",1033,1032,1026,1121,1127,1087,1230,1042,1020,1108,1123,1096
"ST7",704,645,679,758,710,794,744,564,549,648,717,650
"CDC27",2685,2639,2960,3049,2866,3413,3570,2678,2661,2918,2915,3306
"SLC4A1",0,0,0,0,0,0,0,0,0,0,0,0
"CALCR",0,0,0,0,0,0,0,0,0,0,0,0
"HCCS",1068,896,925,1145,1033,1087,1237,1050,1085,1088,1166,966
"DVL2",1267,1191,1318,1144,1109,1113,1478,1534,1204,1361,1303,1247
"PRSS22",0,0,0,0,0,0,0,0,0,0,0,0
"UPF1",4993,4558,4942,4905,4495,4789,5343,4512,4292,4781,4434,4218
"SKAP2",1245,1245,1487,1277,1291,1519,1576,1513,1240,1394,1393,1447
"SLC25A5",6886,5970,6512,7281,6775,7849,8760,9207,8216,8205,8959,8520
"MCUB",1118,1018,1005,1088,1116,1130,1246,1166,982,1116,1317,1203
"HOXA11",552,448,559,687,737,884,679,647,555,611,621,539
"POLR2J",519,411,418,505,479,514,599,825,598,573,758,598
"DHX33",1321,1126,1091,1485,1300,1196,1730,1146,1211,1273,1260,1217
"MEOX1",0,1,0,1,2,1,0,0,1,0,0,2
"THSD7A",343,349,473,305,271,452,485,411,345,304,308,454
"LIG3",554,512,518,551,562,640,790,614,544,535,557,591
"RPAP3",734,715,715,875,756,835,898,787,699,854,898,891
"ACSM3",48,43,56,21,29,26,111,120,91,85,96,98
"REXO5",222,204,222,207,192,196,289,252,239,235,227,213
"CIAPIN1",1787,1459,1467,1645,1653,1544,2159,2103,2081,2098,2189,1897
"SPPL2B",939,905,993,828,862,908,1034,1247,962,984,868,838
"ATOSB",2080,1819,1971,2095,1988,2133,1567,1472,1410,1524,1435,1318
"COPZ2",136,136,124,163,128,147,178,190,148,156,174,183
"PRKAR2B",1976,2012,2187,2657,2648,3351,3174,2537,2578,2634,2754,2799
"MSL3",1619,1464,1670,1393,1335,1459,1848,1783,1575,1603,1673,1525
"CREBBP",1794,1694,1923,1828,1714,1948,1913,1322,1305,1349,1325,1453
"TSPOAP1",1,0,0,0,0,0,0,0,0,1,0,0
"MPO",1,0,2,0,0,0,0,0,0,0,2,0
"PON1",0,0,0,0,0,0,0,0,0,0,0,0
"GCFC2",549,453,552,545,511,510,575,461,491,546,581,506
"WDR54",202,200,215,221,215,249,271,356,294,279,312,287
"CROT",271,304,373,221,224,222,317,379,263,322,294,289
"ABCB4",0,0,0,3,2,5,0,0,0,0,1,2
"KMT2E",1899,1891,2194,2290,2181,2445,2183,1557,1226,1590,1549,1757
"RHBDD2",1200,997,1108,1318,1354,1398,1313,1324,1145,1235,1324,1115
"SOX8",16,11,20,10,16,10,17,14,10,14,12,15
"IBTK",1800,1817,1951,3109,3097,3629,1761,1208,1222,1351,1317,1394
"ZNF195",631,539,631,634,481,553,759,678,630,712,672,653
"MYCBP2",4172,3769,4393,4807,4565,5502,4959,2626,2774,2857,2867,3145
"FBXL3",1021,980,1028,1038,996,1117,1136,952,882,1008,1004,972
"ITGAL",0,1,0,0,0,0,0,0,0,2,0,0
"PDK2",261,223,295,201,208,304,280,297,246,236,219,254
"ITGA3",6213,5769,6473,5934,6110,6582,8733,6591,6252,6414,6329,5988
"ZFX",605,643,615,544,603,633,667,599,582,582,490,560
"LAMP2",4698,4458,4881,5205,5176,5622,5522,4287,4171,4746,5209,5154
"ITGA2B",9,3,2,4,4,3,4,3,2,4,3,5
"ASB4",1,0,1,0,0,0,0,0,0,0,0,0
"GDE1",2393,2158,2656,2355,2282,2462,2531,2324,2181,2199,2390,2264
"REX1BD",516,487,548,432,469,571,758,1107,769,671,710,671
"CRLF1",42,37,45,51,42,38,53,42,46,46,55,31
"OSBPL7",610,574,597,529,567,480,640,638,472,560,385,475
"TMEM98",1621,1453,1665,1577,1654,1953,2032,2204,1944,1867,2029,1959
"YBX2",1,0,1,0,0,1,2,3,1,1,0,1
"KRT33A",0,0,0,0,0,0,0,0,0,0,0,0
"MAP3K14",430,371,405,373,372,347,442,382,335,362,312,295
"ABCC8",2,0,0,2,3,0,1,0,0,0,0,0
"CACNG3",0,0,0,0,0,0,0,0,0,0,0,0
"TMEM132A",2872,2628,3305,2837,2839,3667,3629,3840,3411,3202,3266,3130
"AP2B1",9262,8516,9467,9781,9392,10459,10874,8324,7776,8507,8508,8551
"TAC1",0,0,0,2,1,1,0,0,0,0,0,1
"ZNF263",911,847,847,1036,948,860,943,825,878,942,944,732
"CX3CL1",14,11,12,28,23,26,28,7,17,7,15,14
"SPATA20",1340,1235,1400,1121,1080,1202,1624,1780,1485,1384,1291,1284
"CACNA1G",0,0,0,0,0,0,0,1,0,0,0,1
"TNFRSF12A",4612,3473,3017,6208,4791,4353,4235,3361,3653,3845,5163,3420
"DLX6",0,0,0,0,0,0,0,0,0,0,0,0
"MAP3K9",0,1,0,3,1,3,2,1,0,2,0,3
"RALA",9579,8711,9576,7665,7916,8781,15240,14847,13393,13296,14847,14591
"BAIAP2L1",46,43,63,32,31,48,60,55,63,42,50,55
"KDM7A",266,209,253,497,543,702,275,194,183,208,171,216
"ETV1",167,113,88,354,353,381,199,82,124,130,143,120
"AGK",593,475,572,695,549,581,716,546,596,671,615,566
"ALDH3B1",14,9,16,16,12,7,11,13,7,9,11,10
"TTC22",0,0,0,0,0,0,0,0,0,0,0,0
"PHTF2",754,712,877,1020,879,1091,1093,858,868,931,901,1016
"CCL26",0,1,0,0,0,0,1,1,1,0,0,0
"FARP2",601,556,604,561,553,528,904,688,626,682,722,676
"USH1C",0,0,0,0,0,0,0,1,0,0,0,0
"GGCT",795,637,710,833,767,824,981,1137,981,903,1070,957
"DBF4",688,585,634,695,657,699,855,696,667,723,879,782
"TBXA2R",45,45,44,67,64,67,59,31,43,50,48,36
"IFRD1",377,388,353,437,453,364,355,359,308,391,346,316
"LGALS14",0,0,0,0,0,0,0,0,0,0,0,0
"COX10",383,364,359,357,341,364,491,347,341,451,406,392
"GTF2IRD1",477,438,448,389,415,378,549,542,496,528,510,498
"PAF1",1813,1573,1704,1885,1857,2054,2226,2242,2018,2035,2210,2006
"VPS41",1379,1330,1572,1449,1343,1474,1687,1434,1350,1460,1391,1449
"ARHGAP44",2,7,1,4,5,4,6,7,3,5,1,7
"ELAC2",2810,2458,2476,2614,2394,2493,3505,2817,2913,3035,3078,2711
"SCIN",2,4,9,1,4,1,7,3,5,3,8,7
"ARSD",835,736,909,834,770,941,969,817,739,848,819,829
"PNPLA4",106,93,101,137,103,111,113,101,94,107,137,108
"MYH13",0,0,0,0,0,0,0,1,0,0,0,0
"ADIPOR2",2150,2123,2432,2109,2130,2424,1771,1486,1364,1511,1493,1553
"CDKL3",23,15,6,20,14,10,17,15,15,13,14,15
"UPP2",0,0,0,1,0,2,0,2,1,0,1,0
"PRSS21",0,0,1,0,0,0,0,0,1,0,1,0
"MARK4",940,943,1058,866,826,1034,1184,1123,937,1000,912,1011
"PROM1",0,0,1,0,1,0,0,1,0,0,0,2
"CCDC124",2228,1870,2040,2353,2135,2415,2615,2844,2522,2592,2985,2564
"CEACAM21",47,57,59,32,39,49,69,84,78,76,66,77
"PAFAH1B1",3745,3521,3771,3677,3550,3936,5040,4510,4359,4327,4153,4337
"NOS2",1,0,0,0,0,0,0,0,0,0,0,0
"DNAH9",0,1,1,1,0,0,1,1,1,0,0,2
"BLTP2",7037,6532,7818,7501,7039,8669,8854,6694,6731,6674,6750,7248
"SLC13A2",0,0,0,0,0,0,0,0,0,0,0,0
"GAS7",0,0,0,0,0,1,0,0,0,1,0,0
"TRAPPC6A",72,55,74,78,70,100,125,137,98,121,143,132
"MATK",0,1,0,1,1,1,0,1,1,0,1,0
"CEACAM7",0,0,0,0,0,0,1,0,0,0,0,0
"CD79B",19,16,6,15,10,7,14,8,10,7,12,3
"SCN4A",40,37,24,51,39,17,15,17,9,12,13,17
"ST7L",601,491,470,602,557,485,616,437,405,546,568,447
"TKTL1",8,7,4,2,3,3,5,1,6,6,11,2
"PAX6",0,0,0,0,1,0,1,0,0,0,0,1
"RPUSD1",1851,1442,1578,1859,1699,1810,2142,2018,2062,1971,2248,1792
"RHBDF1",2581,2426,2531,2117,2005,2030,2845,2836,2593,2509,2308,2239
"LUC7L",1649,1437,1418,1570,1487,1531,1913,2213,1940,1927,1879,1704
"CACNA2D2",3,1,2,4,4,5,2,3,0,4,0,0
"BAIAP3",16,20,13,23,21,20,12,22,16,13,9,7
"TSR3",1641,1325,1434,1614,1522,1702,2004,2330,2146,1959,2229,1818
"PIGQ",474,439,470,410,408,470,538,599,489,473,401,421
"CRAMP1",636,608,638,640,643,638,704,532,526,587,544,471
"TEAD3",11,20,20,21,12,23,23,11,15,22,16,12
"SELE",77,68,52,1488,1644,2149,104,84,86,158,154,171
"DNAJC11",2516,2316,2282,2524,2208,2273,2886,2540,2479,2537,2481,2283
"FMO3",0,0,0,0,0,0,0,0,0,0,0,0
"MYLIP",424,404,434,415,341,371,384,347,310,336,368,301
"NOX1",1,1,0,0,0,0,0,0,0,0,0,0
"E2F2",28,39,19,21,16,21,47,38,42,39,35,34
"PSMB1",3515,3050,3286,3515,3402,3753,4351,5068,4113,4066,5038,3872
"SYN1",4,1,4,6,0,1,2,0,3,3,1,1
"JARID2",234,227,291,338,331,371,399,336,271,289,286,296
"CDKL5",125,119,163,182,171,223,173,113,101,111,115,140
"CAMK1G",2,0,1,0,1,0,0,0,0,0,1,0
"CDK11A",332,301,285,302,304,232,337,380,294,349,298,250
"NADK",2266,1990,2126,2051,2010,2122,2735,2423,2306,2503,2436,2224
"TFAP2B",0,0,0,0,0,1,1,0,0,0,0,0
"TFAP2D",0,0,0,0,0,0,0,0,0,0,0,0
"DLEC1",2,1,1,0,2,1,0,3,2,0,0,0
"CYTH3",411,463,441,415,359,419,503,464,426,432,475,436
"ADAM22",6,3,9,5,6,6,7,5,12,11,8,9
"SYPL1",1698,1851,1936,1862,1780,1939,2093,2078,1864,1998,2123,2157
"CYB561",921,806,1024,1052,1015,1245,896,862,720,757,694,755
"SPAG9",5232,5311,4233,7492,6673,5820,4636,2769,3138,3991,3831,3140
"CELSR3",65,42,30,53,39,22,32,27,33,51,34,23
"AASS",689,730,905,739,751,864,874,787,626,705,597,727
"PLEKHG6",1,1,1,2,3,3,2,2,1,1,1,1
"SS18L2",289,249,250,398,364,415,354,472,365,324,441,369
"MPND",162,137,143,153,142,176,221,259,178,193,245,175
"MGST1",2279,1973,2162,2337,2053,2268,2611,2550,2227,2412,2859,2405
"CRY1",1092,1067,982,1642,1630,1817,1398,1098,1169,1280,1300,1249
"PGLYRP1",0,1,0,1,0,0,0,0,0,1,0,0
"NFIX",465,463,526,504,412,504,548,378,369,416,521,454
"ST3GAL1",2929,2799,3248,4047,4121,4651,3676,2591,2747,2959,2775,2966
"MMP25",6,5,6,8,10,1,7,6,6,3,8,1
"IL32",734,613,583,840,761,677,689,680,677,689,754,570
"PKD1",2335,2223,2440,2547,2510,2514,2774,2117,2138,2006,1591,1811
"MAPK8IP2",15,17,8,8,8,8,10,8,8,11,13,13
"MED24",2116,1896,2151,1988,1810,2021,2666,2305,2167,2281,2188,2064
"RHOBTB2",341,319,351,401,377,440,470,421,409,389,429,397
"HEATR5B",790,794,852,835,766,800,1108,759,743,760,665,769
"SEC62",2310,2202,2406,2656,2568,2925,3284,3171,2863,3049,3307,3013
"RPS20",12036,9551,10191,11466,11271,13392,12910,19500,14899,13157,15719,14731
"CSDE1",12768,12299,14274,13913,13578,16116,15899,14182,13273,14080,14245,15440
"UBE3C",3739,3506,3840,4230,3904,4562,4725,3439,3761,3818,3780,4062
"REV3L",1462,1555,1769,1713,1680,1938,1681,1190,1127,1167,1160,1461
"TENM1",0,0,0,2,1,0,0,0,0,1,0,0
"PAX7",0,0,0,0,0,0,0,0,0,0,0,0
"MASP2",4,0,0,0,2,3,4,1,2,2,2,2
"IYD",0,0,0,0,0,0,0,0,0,0,0,0
"FAM76A",152,135,165,162,184,146,213,191,159,180,209,156
"TRAF3IP3",1,0,0,3,0,2,3,0,0,0,0,2
"POMT2",977,875,1044,936,896,991,1156,1110,1056,942,990,1011
"VTA1",1751,1622,1802,2223,1988,2151,2257,1789,1706,2049,2198,2166
"MLXIPL",0,1,0,0,1,0,0,0,0,0,0,0
"BAZ1B",3444,3375,3687,3581,3294,3610,3862,2684,2753,2995,2824,2843
"RANBP9",1507,1438,1587,1870,1832,2176,1885,1548,1445,1694,1755,1770
"ETV7",157,138,86,145,116,67,119,35,57,78,148,35
"SPRTN",328,336,352,454,412,382,479,393,367,389,443,419
"METTL13",1255,985,1241,1206,1203,1183,1539,1281,1312,1353,1518,1093
"DYRK4",487,421,384,573,551,580,595,558,407,495,616,434
"ZNF207",3977,3791,3894,4113,3732,3697,4299,3594,3111,3839,3806,3667
"UQCRC1",3003,2542,2813,3120,2911,3284,3474,3699,3342,3156,3601,3129
"STARD3NL",1364,1222,1199,1611,1539,1660,1759,1610,1463,1530,1735,1685
"CD9",14621,12773,13505,16839,16194,17353,23247,20487,19508,20494,22530,18318
"HHATL",2,3,0,2,1,0,2,2,0,1,2,0
"NCAPD2",3082,3053,3658,2924,2833,3391,4875,4375,3943,4282,3817,4272
"IFFO1",814,762,817,680,701,675,977,983,848,805,699,702
"GIPR",1,1,0,1,0,0,2,0,0,1,1,0
"PHF7",112,98,97,60,51,66,102,119,97,127,118,113
"SEMA3G",80,90,148,33,41,63,70,112,71,71,50,83
"NISCH",2394,2361,2802,1630,1763,1803,2701,2774,2072,2224,1706,2091
"STAB1",18362,16258,17120,15043,14608,15058,17853,15873,14421,14783,12500,13200
"FUZ",173,143,157,168,117,164,252,280,251,224,234,219
"SLC6A13",14,13,6,22,13,13,11,4,4,8,13,7
"IDS",457,353,434,485,467,517,425,341,351,363,356,386
"PRSS3",1229,1005,898,1284,1050,954,1094,1105,1128,1091,1349,885
"ZNF200",375,311,332,362,316,315,385,351,383,382,387,324
"CD4",0,0,0,0,0,1,0,0,0,0,0,0
"LRRC23",73,51,54,35,59,57,80,84,64,72,91,86
"BTK",11,7,14,11,6,13,16,19,14,12,16,12
"HFE",170,159,203,157,137,134,259,188,171,203,190,192
"SCMH1",624,514,701,623,526,688,700,567,534,553,566,616
"FYN",2205,2113,2588,1927,2041,2456,3288,3165,2916,2839,2932,3057
"HIVEP2",595,474,332,1210,1097,1301,490,223,255,300,339,263
"FMO1",0,0,0,0,0,0,0,0,0,0,0,0
"ELOA",1696,1486,1636,2029,1792,1909,2511,1757,1990,2002,2094,1951
"LYPLA2",1744,1631,1850,1921,1805,2078,2391,2597,2334,2143,2348,2069
"CLCN6",1656,1711,1770,1525,1444,1367,1713,1485,1179,1440,1231,1253
"MRC2",680,667,766,883,911,1072,861,748,643,677,649,673
"SLC6A7",1,1,0,0,0,0,0,0,0,0,2,0
"TSPAN9",2271,2206,2745,1831,1928,2499,2934,3020,2559,2489,2647,2601
"BTBD7",1058,1037,1174,1332,1393,1780,1193,906,828,836,825,988
"APBA3",514,421,407,551,420,424,472,470,426,484,514,409
"MKS1",197,186,207,182,174,166,261,268,227,247,236,206
"ABHD5",800,751,717,822,745,796,976,790,836,828,868,861
"ANOS1",19,10,7,7,10,13,9,11,9,10,14,12
"AKAP8L",2500,2332,2061,2235,2101,1822,2501,2546,2260,2413,2502,1880
"MBTD1",377,400,491,397,335,371,539,489,436,474,451,499
"UTP18",1284,1132,1145,1361,1266,1316,1687,1462,1503,1562,1648,1450
"RNF216",1529,1446,1607,1608,1592,1746,2063,1706,1565,1683,1738,1688
"TTC19",988,898,1024,1138,1039,1139,1045,1056,1106,958,1117,1039
"PTBP1",12192,11395,11773,12549,11313,12515,15032,12791,11672,13565,13316,12834
"DPF1",41,33,33,49,32,36,52,36,40,37,36,41
"SYT7",5,4,1,5,4,4,4,4,4,3,1,3
"LARS2",895,807,906,973,902,926,1013,806,831,907,937,859
"PIK3C2A",5177,5273,6448,6609,6387,8016,5995,4096,4025,4294,4131,5275
"PLAUR",2522,1873,1704,3428,2989,2586,3211,2028,2565,2446,2899,1947
"ANLN",3632,3550,3867,3810,3431,4066,5229,3775,3999,4242,4039,4794
"WIZ",1805,1765,1823,1986,1790,1954,2135,1732,1600,1813,1737,1823
"RABGAP1",1438,1337,1394,1323,1285,1315,1355,1067,1040,1178,1104,1138
"DCN",5,20,18,14,14,23,17,26,10,17,12,21
"QPCTL",462,396,475,593,612,751,529,585,446,481,496,498
"PPP5C",2061,1839,2026,2183,1968,2246,2881,2597,2318,2455,2606,2523
"CEP68",1165,1230,1521,758,743,846,1276,1320,1021,1123,1100,1322
"MAP4K3",793,797,955,981,912,1051,915,712,736,832,684,847
"ZBTB32",0,0,0,0,0,0,1,0,0,0,0,0
"TYROBP",0,0,0,0,0,0,0,0,0,0,0,0
"LDAF1",306,301,289,223,209,200,389,375,323,377,426,326
"GABRA3",0,0,0,0,0,0,0,0,0,0,0,0
"BRCA1",741,702,694,795,628,654,1012,734,732,785,686,851
"ERCC1",1523,1334,1415,1535,1343,1381,1541,1642,1493,1573,1772,1362
"CD22",32,30,7,45,22,12,13,5,7,20,23,4
"SEMA3B",185,153,134,120,102,66,154,183,129,114,115,72
"MBTPS2",794,695,766,837,840,803,963,674,740,745,796,769
"PRICKLE3",251,264,323,280,286,265,273,235,204,251,227,212
"LTF",0,0,0,0,0,0,2,0,0,0,1,0
"EXTL3",2499,2349,2906,2905,2905,3580,2672,2463,2244,2171,2212,2500
"NR1H4",3,2,1,7,2,1,1,3,3,4,2,0
"ELOVL5",3418,3337,3700,3948,3925,4628,4283,3897,3393,3879,3820,4087
"ALOX5",4,0,2,3,0,1,3,2,2,1,0,1
"KDM5D",914,855,972,874,759,809,970,771,727,871,702,719
"CALCOCO1",785,843,1040,713,753,899,969,1085,757,949,886,920
"UBR7",676,664,737,796,762,752,1080,816,810,961,977,867
"MAP4K5",2207,2252,2229,2702,2441,2710,2604,1999,1907,2168,2181,2302
"EHD3",35,44,46,98,104,134,59,51,40,50,62,57
"PSMC4",3093,2612,2726,3613,3231,3397,3765,3360,3264,3413,3759,3140
"MAN2B2",2258,2198,2427,2245,2245,2535,2673,2138,1942,2092,2186,2332
"SLC7A14",72,66,69,41,49,25,47,31,38,60,62,54
"CLDN11",14135,12861,14477,13036,11565,13107,17301,16382,14950,15954,16973,15791
"SLC25A39",2061,1793,2012,2068,1925,2335,2388,2596,2310,2203,2209,1971
"MVP",10542,9190,9942,10001,9222,9664,10793,8958,8219,9210,9956,7565
"NUB1",1698,1575,1645,1537,1506,1516,1902,1588,1362,1652,1780,1474
"PGM3",2611,2314,2520,3625,3434,3522,3307,2391,2373,2779,2755,2550
"RWDD2A",289,271,275,306,316,356,262,263,264,292,269,271
"CLK1",1721,1789,1404,1550,1405,1174,1655,1534,1429,1699,1597,1344
"POLR3B",386,361,400,510,429,434,525,452,396,451,411,463
"ANGEL1",281,283,360,235,282,303,363,311,263,297,243,296
"RNF14",1132,1025,1098,1183,1100,1211,1437,1350,1304,1271,1283,1257
"DNASE1L1",1488,1290,1471,1409,1354,1500,1805,1702,1551,1653,1687,1514
"DDX11",598,537,480,433,442,398,760,684,621,668,565,520
"HEBP1",1011,805,902,890,891,991,1240,1361,1117,1188,1183,1145
"GPRC5A",1294,1104,1127,1208,988,1018,2019,1297,1380,1458,1675,1263
"MAMLD1",122,113,113,172,146,199,152,101,96,113,77,116
"CD6",0,1,0,0,2,0,0,0,0,0,0,0
"TACC3",3683,3495,3649,3050,2786,3134,4807,5007,4419,4601,4801,4256
"UFL1",868,843,965,1112,1063,1220,1078,856,840,871,918,969
"POLA2",287,210,185,240,226,213,343,377,289,288,365,226
"ZC3H3",991,889,887,933,800,870,1071,831,778,903,917,825
"CAPN1",7981,7270,8428,8178,7846,9427,9517,8645,7826,8257,8620,7804
"ACP3",0,0,0,0,0,0,0,0,0,0,0,0
"MDH1",2265,1941,2148,2439,2322,2382,2948,3323,3081,2799,3088,2678
"SLC30A9",995,998,1107,1255,1141,1324,1311,1035,990,1085,1170,1238
"MTMR11",151,146,158,136,127,116,123,131,112,111,130,108
"COX15",649,574,674,567,540,547,792,745,788,780,758,737
"CCDC88C",1183,1362,1628,1200,1198,1368,1227,1029,982,957,896,1059
"YAF2",265,304,311,325,315,331,357,414,383,369,419,375
"ZMYND11",1464,1534,1744,1601,1559,1923,1976,1713,1465,1598,1530,1872
"WAS",3,7,4,4,6,3,3,7,4,7,4,3
"DPEP1",6,4,4,5,2,3,5,8,6,5,5,6
"BID",910,860,876,938,887,879,1208,1137,1037,1042,1270,1091
"MATR3",269,236,253,250,250,271,323,300,277,253,250,296
"NPC1L1",2,0,3,0,3,2,1,1,2,1,3,0
"XYLT2",695,674,750,620,645,658,848,702,688,690,735,614
"RGPD5",0,0,0,0,0,0,0,1,0,0,0,0
"STMN4",1,2,0,2,0,1,1,0,0,0,0,0
"NUDCD3",1967,1830,1912,1833,1765,1771,2443,2122,2205,2176,2206,1938
"ISL1",38,31,30,32,29,27,41,34,31,29,33,32
"CHDH",0,0,0,0,0,0,1,0,0,0,0,0
"IL20RA",2,1,0,0,0,0,0,1,0,0,0,0
"CLCA1",0,0,0,0,0,0,0,0,0,0,0,0
"CLCA4",0,0,1,0,0,0,0,0,0,0,0,0
"GLT8D1",771,720,780,867,800,920,1143,1001,887,917,935,933
"ATP2C1",2353,2145,2384,2389,2214,2497,2908,2235,2327,2376,2296,2276
"IGF1",6,3,7,32,38,50,5,3,8,6,3,9
"SLC38A5",6,9,5,3,0,4,5,1,1,8,6,1
"RALBP1",2656,2385,2707,2585,2470,2878,3398,2905,2820,2796,2856,2931
"RUFY3",726,792,817,664,652,686,1062,844,888,877,820,788
"CNTN1",1,2,1,0,1,1,3,2,5,1,2,1
"SLC11A1",4,3,2,2,1,3,4,5,5,6,3,3
"WWTR1",5575,5600,7022,7872,8383,10996,9229,8940,7615,7828,7714,9403
"AGPS",2903,2814,3119,3106,3032,3361,3935,3055,3122,3380,3146,3346
"STEEP1",419,395,399,456,434,467,586,598,540,571,528,498
"ATP1A2",0,0,0,0,0,0,0,0,0,0,0,0
"TTC27",1014,962,860,1169,1040,971,1088,915,917,1010,1061,894
"ZNF582",39,43,43,63,55,59,68,41,42,59,73,46
"VSIG2",328,303,316,148,190,111,315,340,224,251,164,168
"PHLDB1",5977,5286,5841,9268,9596,10781,6653,5617,5173,5284,5112,4959
"MARCO",0,0,0,0,0,0,0,0,0,0,0,0
"CYP24A1",0,0,0,0,0,0,0,0,0,0,0,0
"PRDM11",436,387,393,430,451,460,537,400,412,394,402,371
"SYT13",0,1,1,0,0,1,1,0,0,0,0,0
"SNAI2",12,11,16,14,3,5,13,8,6,4,4,11
"CD74",13,6,14,4,13,17,20,6,9,12,14,2
"HGF",2,5,2,3,8,8,11,8,6,7,8,5
"ZRANB1",982,866,893,989,922,835,1078,897,906,999,1016,953
"NCDN",738,655,722,858,815,814,850,747,682,757,676,605
"ADGRA2",965,1035,1375,902,916,1225,1416,1456,1122,1201,1076,1374
"ZFP64",635,520,616,657,626,689,698,597,547,625,647,607
"MNAT1",626,518,485,713,666,724,764,768,654,614,824,753
"SAMD4A",2015,1849,1865,3332,3551,4069,2867,2010,1939,2064,2086,2082
"RUNX3",0,2,0,1,0,0,0,0,0,1,1,0
"MRE11",842,777,798,685,710,763,1131,906,802,949,921,918
"PLEKHB1",3,10,4,9,8,7,10,10,9,8,6,13
"SERPINB1",920,898,1026,1092,1211,1383,1109,1070,875,910,989,917
"CYP3A43",0,0,0,0,0,0,0,0,0,0,0,0
"SLC7A9",0,5,1,2,0,0,1,0,3,2,3,2
"SPAST",645,663,701,652,705,835,793,731,648,773,676,809
"NRXN3",128,138,136,190,186,191,269,191,184,177,205,212
"OSBPL5",1003,981,1023,905,867,958,1102,1035,900,918,939,941
"AQR",1521,1568,1600,1659,1511,1621,1926,1366,1346,1541,1412,1579
"CPS1",3,4,3,1,2,4,4,4,5,10,3,9
"C8B",0,0,0,0,0,0,0,0,0,0,0,0
"FHL1",387,390,440,493,537,654,606,564,534,519,530,550
"RTF2",2546,2243,2411,2794,2671,2777,2957,2798,2738,2769,3039,2745
"GABRA1",0,0,0,0,0,1,0,0,0,0,0,0
"NLRP2",121,120,146,126,108,112,140,137,149,139,118,115
"SLC45A4",97,86,60,87,79,88,130,84,99,90,95,91
"RNF10",6113,5403,5908,6463,6158,6580,6692,5869,5655,6218,6404,5687
"ZNF839",211,204,214,186,208,184,278,288,250,243,205,210
"ZDHHC6",835,814,850,852,781,743,956,910,871,916,970,946
"GRAMD1B",364,316,385,543,567,656,639,336,444,361,437,351
"RNH1",6527,5602,6233,6733,6267,7158,8444,8505,7840,7406,8169,6673
"NDUFS1",2466,2310,2410,2605,2597,2903,3154,2644,2728,2751,2760,2590
"RB1CC1",1516,1502,1741,1497,1449,1863,2028,1697,1712,1627,1628,1945
"ERP44",2333,2280,2229,3255,2881,3217,2783,2132,1949,2526,2752,2180
"ALAS1",2307,1947,1993,2587,2259,2441,2421,1868,1915,2162,2281,2008
"BIRC3",1108,1002,471,1674,1182,764,505,144,329,550,647,238
"AKAP11",827,790,893,908,862,1136,1128,787,709,674,678,909
"GLRX2",398,349,349,386,386,414,499,525,464,448,530,469
"SNAPC1",1144,1050,803,1336,1030,838,1397,1029,1225,1361,1624,1129
"DERA",813,776,815,742,745,858,1021,970,820,885,918,919
"STRAP",4286,4054,4282,5222,4775,5595,5636,5527,5206,5200,5812,5400
"ABCC2",110,117,116,107,84,87,124,96,88,91,74,96
"DEF6",10,17,9,11,10,8,4,10,10,9,6,3
"PLEKHO1",3255,2967,2914,3407,3312,3390,3427,3586,3253,3354,3765,3225
"GCLM",4079,3348,3181,4507,3994,4208,4324,3065,3482,3958,4502,3722
"UBR2",1534,1510,1714,1465,1450,1578,1775,1437,1285,1365,1311,1314
"EHD2",9807,9602,10786,9456,9016,10678,10749,9438,8593,8604,8169,8802
"DEPDC1",794,896,1022,865,884,1134,1130,1064,916,987,1030,1284
"CCDC28A",224,190,185,193,205,214,265,269,239,259,259,254
"RRAGD",2,3,4,5,9,1,2,7,3,4,5,4
"HSF2",245,188,214,233,215,208,305,301,251,283,288,279
"PHF20",1432,1310,1550,1312,1334,1520,1759,1473,1416,1442,1371,1467
"HSD17B6",2,3,1,2,3,1,3,4,2,3,3,2
"NR1H3",142,133,165,140,114,121,182,215,137,158,184,153
"TYMP",219,165,113,183,165,75,172,114,134,149,214,81
"NCAPH2",1107,929,1014,1123,1098,1073,1424,1288,1327,1230,1355,1129
"TOMM34",2267,2042,2009,2822,2530,2422,2648,2120,2130,2340,2598,2020
"SEC63",3075,2837,3097,3898,3924,4384,3725,2903,2787,3030,2978,3029
"KPNA6",1916,1669,1857,1848,1729,1845,2188,1859,1698,1760,1817,1708
"VIM",147507,136349,152051,153282,150485,175889,168970,178393,148109,154196,165173,158744
"FAS",650,672,609,638,552,559,634,543,584,635,632,528
"RNASET2",161,120,132,143,172,139,171,161,205,188,174,133
"CD44",8390,6833,6516,9487,8012,7524,8684,5103,6267,7106,7588,6099
"KCNG1",31,20,25,41,41,33,48,25,42,27,43,25
"AGPAT4",325,371,400,281,322,338,385,362,290,348,304,284
"SLAMF7",0,0,0,0,1,0,1,0,0,0,0,0
"BTN3A1",755,783,755,729,798,647,864,574,581,661,701,489
"MIPEP",463,388,433,464,466,430,543,471,470,501,473,496
"PRKCH",2989,2901,3437,4099,4429,5358,4774,3875,3783,3897,3680,3988
"INSRR",0,0,0,0,1,0,0,0,0,1,0,0
"IFNGR1",864,838,887,1055,1162,1334,1099,883,842,939,1109,867
"B4GALT7",646,616,709,733,671,848,703,687,559,587,650,652
"SH2D2A",14,13,7,26,15,10,10,8,7,5,13,5
"VRK2",1438,1402,1474,1338,1302,1319,2133,1560,1510,1707,1830,1829
"TNFRSF1B",1435,1317,1530,1067,1018,1061,1782,1331,1287,1377,1490,1226
"VEZT",2340,2203,2537,2590,2391,2615,2709,2292,2006,2484,2507,2563
"POU2F2",159,124,159,222,200,152,235,169,159,146,163,122
"BRD9",1351,1255,1306,1231,1260,1175,1718,1713,1480,1493,1461,1275
"SNX1",2411,2150,2498,2250,2305,2591,2972,2765,2642,2561,2621,2585
"TBPL1",613,575,556,641,553,581,672,634,568,663,766,641
"BMAL2",1334,1233,1241,1810,1611,1536,1621,1113,1230,1386,1389,1400
"BCLAF1",2799,2821,2649,3136,2853,2901,3187,2296,2453,2670,2656,2617
"SLC39A9",1394,1304,1377,1533,1371,1537,1643,1131,1225,1334,1363,1247
"ANK1",17,7,18,11,12,12,13,10,9,13,2,12
"IBSP",0,0,0,0,0,0,0,0,0,0,0,0
"TFB1M",306,282,332,328,335,367,419,391,417,420,403,345
"RABEP1",2606,2418,2572,2749,2473,2633,3184,2510,2526,2618,2637,2679
"HMGB3",1472,1318,1546,1393,1285,1636,2217,2682,2195,2128,2241,2394
"NUP160",1808,1808,1695,2095,1857,1913,2074,1506,1492,1648,1563,1469
"BAK1",1286,1151,1250,1349,1233,1145,1442,1212,1215,1170,1398,1150
"MUSK",0,0,0,0,0,0,0,0,0,0,0,0
"IKZF2",0,1,3,0,0,6,6,2,0,1,1,0
"GRN",13842,12013,12933,12407,12532,13685,16180,14185,12836,13852,14447,11955
"FAM13B",872,905,1010,976,828,873,934,712,732,808,725,866
"ARHGAP31",2985,2973,3321,3353,3144,3704,3555,2246,2375,2690,2587,2703
"CENPQ",153,134,138,181,152,166,163,113,110,161,170,157
"SARS1",5125,4380,4765,5714,5476,6147,6590,6258,6091,6106,6331,5285
"RANBP3",1895,1680,1796,1708,1690,1749,2114,1732,1778,1883,2007,1714
"ARID4A",575,586,588,568,561,593,529,540,413,512,466,442
"EIPR1",822,715,785,926,775,910,908,882,874,922,1065,857
"PNPLA6",3333,3071,3487,3224,3179,3615,4134,4471,3617,3664,3663,3552
"IFT88",258,241,282,230,214,253,293,305,265,238,265,265
"ALG1",1226,1037,1071,1295,1173,1207,1289,1222,1168,1284,1220,1048
"ZCCHC8",702,733,722,757,774,744,851,675,691,813,833,742
"ABCF2",1198,1022,1067,1282,1077,1184,1438,1270,1016,1351,1451,1194
"CHPF2",3211,2884,3380,3708,3499,4019,3763,3245,3073,3153,3197,2870
"LRRC7",9,7,6,2,3,5,4,6,8,5,1,4
"FUT8",510,574,653,482,498,560,757,598,620,692,711,670
"UBA6",2153,2109,2200,2189,2252,2469,2672,2034,2126,2120,2076,2339
"GAB2",1819,1740,2113,1775,1724,2140,2741,2219,2055,2112,2136,2276
"ATP6V0A1",1115,1077,1121,1792,1964,2256,1309,1028,963,1022,949,971
"PIAS1",738,764,852,749,694,706,927,665,583,731,796,797
"SLC4A7",1437,1371,1534,2383,2324,2860,2283,1518,1622,1479,1423,1815
"APBA2",529,514,595,526,489,618,699,629,624,606,680,590
"MAP2K3",1913,1487,1291,2734,2464,2250,2040,1457,1619,1650,2114,1298
"CLXN",0,0,1,0,0,0,0,1,2,0,2,0
"TMSB10",32374,26857,28477,31572,30566,33774,38052,54911,41090,36276,44616,36538
"ASTE1",169,139,152,159,153,151,192,142,140,152,170,153
"RNF19A",1463,1594,1902,1556,1540,1897,1878,1687,1588,1656,1462,1762
"PEX3",342,321,333,422,313,319,427,361,347,392,439,400
"GABARAPL2",879,802,910,989,957,1193,1171,1406,1223,1152,1236,1191
"MYOC",0,0,0,0,0,0,0,0,0,0,0,0
"SH3YL1",133,135,131,133,124,115,225,194,165,173,151,166
"FAM136A",1147,999,1141,1252,1065,1130,1478,1480,1366,1433,1525,1390
"VCL",10091,10056,11271,10626,10378,12179,12924,9936,9454,10019,9302,10312
"DEPDC1B",292,338,343,291,268,359,515,517,503,493,475,540
"DAPK2",42,28,49,16,21,44,28,31,35,35,31,31
"NSMAF",1211,1046,1154,1176,1171,1243,1386,1233,1154,1199,1143,1289
"ADSS2",3810,3321,3820,4851,5063,5537,5819,4857,4916,4913,4975,4983
"STAP1",0,0,0,0,0,0,0,0,0,0,0,0
"TIMP2",7516,7319,8717,7607,7534,9020,9573,8747,7732,8121,8116,8148
"RFC1",1464,1420,1593,1787,1734,1929,1998,1481,1413,1613,1582,1634
"TBC1D23",987,984,1036,1282,1283,1374,1321,992,1025,1187,1144,1121
"CUL3",2050,1948,2303,2108,2071,2421,2753,2612,2319,2373,2486,2841
"MYOM2",13,13,9,15,7,10,15,18,15,14,18,14
"OTC",0,0,0,0,0,0,0,0,0,0,1,0
"CYP46A1",0,6,0,5,2,1,1,1,2,1,0,1
"ZZZ3",1243,1224,1242,1404,1324,1478,1799,1317,1405,1416,1461,1587
"SLC18A1",0,0,0,0,0,0,0,0,0,1,0,0
"USP2",5,8,10,9,7,7,3,7,7,8,9,5
"CASR",0,0,0,0,0,0,0,0,0,0,0,0
"TUBG2",282,223,221,178,189,176,220,255,192,236,181,189
"RPL26L1",393,366,315,502,423,450,533,526,478,490,537,458
"FLT4",1423,1380,1593,1159,1263,1449,1628,1505,1304,1358,1220,1231
"NSUN2",3489,3103,3125,3921,3641,3691,3965,3018,3321,3520,3561,3175
"FBXO42",708,667,756,704,661,701,832,753,738,764,814,744
"MFAP3",917,847,882,1053,1003,1231,1043,704,705,799,815,872
"MRI1",631,576,591,476,526,498,651,788,561,591,461,487
"METTL1",335,278,287,461,405,455,427,402,365,385,450,334
"HOXC8",2,3,2,2,3,5,3,7,4,4,4,3
"AGA",506,432,460,451,475,530,504,443,458,474,495,489
"PI4K2B",825,785,784,911,927,786,1175,800,827,1015,1019,897
"BOD1L1",1222,1073,1221,1213,1237,1297,1508,920,908,940,907,1119
"MAT2B",2144,2072,2422,2271,2379,2649,3024,2939,2684,2826,3192,2956
"TLL1",232,212,219,305,302,292,247,167,194,172,151,213
"EDC4",1796,1659,1722,1681,1623,1739,1988,1830,1524,1638,1389,1599
"TRIO",6596,6351,7026,7868,7439,8466,9202,5917,6181,6342,5905,6615
"VCAN",7,5,0,1,2,3,8,6,4,2,5,3
"CLEC16A",828,784,953,896,956,1078,981,843,762,849,743,822
"MSR1",17,14,26,6,11,18,24,16,29,11,23,15
"CDH1",0,0,0,0,0,0,0,0,0,0,0,0
"MTREX",2252,2135,2123,2412,2211,2346,2624,2045,2083,2160,2005,2097
"DNAH5",27,24,16,45,36,58,30,19,18,23,24,28
"ZFYVE16",873,942,1025,969,992,1083,1116,789,780,843,792,942
"RIPOR1",7619,7579,7994,6712,6541,6375,7029,7063,5615,6231,5016,5255
"C6",0,0,0,0,0,0,0,0,0,0,0,0
"RAI14",9186,8541,9123,14091,13659,16275,13074,10027,10059,10669,10337,11287
"SOX30",7,6,3,4,7,3,5,0,3,2,5,4
"PNKP",849,793,813,702,739,842,957,1164,820,879,805,650
"BEST2",2,9,1,4,1,1,3,1,0,4,3,1
"PHLPP2",482,405,478,479,423,423,657,436,477,428,445,520
"SPDL1",1448,1268,1300,1464,1212,1266,2003,1662,1683,1922,1900,1795
"STAU2",620,614,742,657,729,865,822,737,635,671,691,813
"SLC66A1",651,597,595,745,660,551,660,616,575,638,706,521
"CTNS",591,579,567,881,784,886,594,489,476,546,637,482
"RTN4R",6,6,10,5,4,6,10,13,8,7,21,9
"PHF23",2040,1796,1947,1727,1594,1705,2280,2257,2030,2065,2439,1994
"CDH10",0,1,0,0,0,2,0,0,1,0,0,0
"INPP4A",684,620,718,659,603,609,813,646,625,622,633,719
"RAB27B",10,6,13,14,7,14,12,4,2,8,1,3
"PSMA4",4268,3644,3929,4096,4087,4332,5686,6241,5142,5334,6285,5468
"MYO16",1,0,0,1,1,0,1,0,1,0,0,0
"LSG1",2561,2354,2416,2389,2209,2220,3163,2663,2625,2694,2639,2409
"PARP3",216,181,203,176,189,187,225,200,178,179,189,205
"TNC",3,6,2,6,5,5,5,2,3,5,4,4
"THAP3",386,372,395,441,405,416,462,558,445,425,520,366
"RIPOR3",1,0,0,0,1,0,0,1,0,2,1,0
"TDP1",514,492,550,482,538,530,862,690,734,671,729,730
"AIFM2",647,578,552,618,515,562,588,507,518,536,603,446
"SPATA7",176,163,175,170,180,209,163,170,140,163,169,202
"MED17",381,298,347,354,372,345,409,301,309,353,313,294
"RETSAT",974,936,1025,949,968,1048,874,800,717,752,691,662
"CAPG",999,905,881,1020,1004,1134,1064,1260,1078,995,1204,935
"AP2S1",5398,4363,4666,5809,5455,5688,6092,7822,6456,5954,7092,5625
"USH2A",0,0,0,0,0,0,0,0,1,0,0,0
"ZPBP",0,0,0,0,0,0,0,0,0,0,0,0
"TG",67,74,72,86,74,49,79,40,66,56,54,32
"ADAM28",2,1,1,0,1,0,0,0,0,0,3,2
"BARX2",0,0,0,1,1,0,0,0,0,0,0,0
"DCUN1D1",587,553,565,618,566,604,550,442,420,421,502,498
"JADE2",2246,2121,2085,1660,1601,1399,2727,1761,1814,1988,2152,1688
"ZIC2",1,1,0,0,0,0,0,0,0,0,0,0
"LCP2",2,6,7,7,2,1,4,1,2,1,5,4
"TRIT1",413,321,301,366,330,347,459,466,388,405,445,383
"ADRB1",88,88,98,62,53,54,239,221,241,219,223,202
"GUCA2B",0,0,0,0,0,0,0,0,0,0,0,0
"CUL7",603,558,643,529,552,684,874,848,698,697,635,704
"CTNNA1",15915,14754,15499,16978,16064,18166,18788,16431,14804,15797,15724,15441
"PHKA2",336,353,407,293,294,373,396,364,288,335,265,355
"CNTLN",329,314,363,368,364,367,390,279,251,284,306,343
"EPHA3",0,0,0,0,0,0,0,0,0,0,0,0
"HSPA5",46097,38078,39302,110215,122124,141736,54285,44654,43428,48529,50716,40138
"DSG2",0,0,1,0,1,1,0,0,0,0,0,0
"GEMIN8",218,220,212,263,212,256,282,310,267,272,263,225
"OFD1",365,309,361,368,314,378,400,335,253,304,312,287
"GPM6B",0,0,2,0,0,0,0,1,0,1,0,1
"MAGEC2",0,0,0,0,0,0,0,0,0,0,0,0
"PREX2",1230,1135,1491,1263,1177,1525,1639,1114,1052,1078,1031,1258
"WDR37",1320,1359,1335,1406,1361,1439,1246,1106,1086,1092,1096,1068
"YTHDC2",1500,1533,1733,1471,1448,1637,1934,1702,1532,1526,1346,1662
"CTPS2",391,333,364,332,307,356,512,416,424,437,401,424
"ATP6V1H",1390,1200,1260,1515,1354,1260,1589,1400,1320,1499,1489,1345
"POLR2B",4782,4675,5164,4815,4550,4859,6119,5408,4961,5337,4932,5214
"ATOSA",812,765,823,826,720,695,522,416,348,470,426,436
"ARAP2",7,10,12,23,17,23,19,5,4,8,15,8
"TPR",5161,4795,5284,4926,4909,5291,7062,5045,4539,4678,4242,4845
"CP",0,0,0,1,0,3,1,0,0,0,0,0
"KATNIP",739,731,788,702,700,724,890,651,680,670,616,622
"DTNBP1",435,411,420,442,426,483,716,719,630,612,683,595
"XK",2,1,3,0,2,7,1,1,5,0,2,2
"ANO2",563,548,660,601,552,626,556,516,409,407,382,410
"FERRY3",770,682,652,922,843,786,914,599,652,771,862,688
"SCML1",397,349,395,346,387,416,535,475,390,470,475,535
"WWC3",1687,1672,2082,1717,1817,2232,2463,2020,1906,1925,1709,2037
"ARHGAP6",13,10,10,39,35,51,22,18,8,13,19,15
"FAM184B",2,1,1,0,1,0,2,0,2,4,2,0
"MAP4",10098,9553,11078,10041,9727,11677,12012,9652,8025,9151,9027,9556
"GOPC",565,574,646,705,767,777,1062,888,806,836,834,921
"ROS1",1,0,0,1,0,0,0,0,0,0,0,0
"USP28",958,971,1010,841,846,849,1176,956,908,1023,992,1009
"HDAC9",567,554,281,870,585,420,262,107,177,306,303,121
"TSPAN17",2444,2196,2643,2339,2276,2711,3037,3045,2830,2748,3002,2690
"NOP16",1411,1014,963,1505,1257,1240,1567,1549,1560,1512,1840,1325
"CC2D2A",378,309,370,314,295,343,379,324,276,297,312,356
"RRM2B",2419,2664,2771,2580,2604,3008,2878,2384,2320,2683,2452,2776
"ZNF800",428,393,399,424,435,499,594,446,422,477,499,477
"TNFRSF17",0,0,0,0,0,0,0,0,0,0,0,0
"SNX29",595,517,586,558,468,544,613,416,421,435,446,468
"LMO3",0,0,0,0,0,0,0,0,0,0,0,0
"MRPS10",1226,1152,1229,1386,1182,1301,1258,1186,1221,1268,1448,1322
"GUCA1A",0,0,0,0,0,0,0,0,0,0,0,0
"RSF1",2173,2000,2162,2115,1970,2228,2159,1721,1545,1737,1715,1774
"VPS13D",1349,1225,1518,1432,1320,1591,1714,1099,1123,1075,1013,1256
"CELF2",1240,1283,1471,1708,1726,2060,1838,1452,1371,1442,1327,1559
"FAM120A",5191,4729,5571,5813,5289,6074,6412,4761,4834,5063,4888,5264
"R3HDM1",959,862,1082,961,938,1124,1177,827,757,922,855,884
"COL9A2",4,1,6,1,2,2,1,2,2,3,4,4
"KITLG",1247,1276,938,3264,2886,2683,1422,618,967,1090,1153,1020
"ERCC8",246,232,200,241,242,225,302,237,220,256,247,240
"ADAMTS6",1339,1411,1540,1857,1950,1938,1546,1222,1106,1257,1146,1242
"H6PD",1511,1436,1753,1524,1528,1757,1726,1443,1371,1420,1322,1481
"VAMP3",3825,3455,3787,4031,3740,4135,4245,4130,3775,4071,4373,3984
"PER3",212,230,246,202,195,231,175,140,143,162,183,164
"UTS2",0,0,0,0,0,0,0,0,0,0,0,0
"TNFRSF9",50,53,16,55,44,6,22,6,4,15,33,6
"EPN3",6,6,12,5,10,6,22,28,25,16,14,11
"LTBP1",1776,1756,2100,1711,1862,2267,2511,2191,1765,1771,1712,1973
"RCN1",11388,10778,12337,12051,12516,14057,15628,17409,14748,14132,15910,14281
"ELN",4,5,12,6,9,7,3,12,9,9,4,5
"RFC2",942,816,779,1102,977,928,1230,1090,1095,1187,1361,1043
"ARID1B",1319,1281,1550,1193,1140,1392,1684,1232,1158,1177,1131,1424
"CLPTM1L",3929,3433,3560,4777,4587,4788,4960,4318,4401,4546,4771,4030
"NEDD4L",544,565,475,978,883,994,515,467,405,512,540,497
"FOXP3",3,4,2,3,0,1,2,2,4,2,1,1
"PPP1R3F",55,56,63,77,54,52,78,54,52,66,56,47
"HEXB",4826,4203,4586,4946,4806,4663,5816,5203,4935,5152,5792,4764
"PTCD2",320,279,329,309,311,262,384,327,281,331,305,293
"NEXMIF",0,0,0,0,1,1,0,1,0,0,0,0
"JKAMP",574,560,613,686,681,752,772,668,605,758,754,793
"DKK3",8180,7317,8219,9779,10121,11204,10051,8196,7899,8262,8792,7827
"ARHGEF5",3,5,10,7,2,6,17,4,8,4,7,10
"NFE2L3",2363,2100,2287,2402,2218,2328,3014,2123,2231,2445,2589,2230
"MCUR1",553,559,542,727,786,837,809,721,689,689,807,697
"LIMA1",3612,3344,3272,3520,2825,2763,4081,3211,3041,3691,3828,3571
"LETMD1",564,568,575,499,521,533,645,712,623,627,569,532
"SLC4A8",359,270,297,256,260,252,397,285,280,292,294,322
"LAMC3",5,3,2,2,3,2,2,0,2,2,4,3
"PTGER3",3,1,0,4,3,1,4,1,1,1,1,0
"TNIP3",34,30,12,60,71,41,23,19,13,34,32,26
"MAPK9",934,866,900,945,802,980,1222,1078,1063,1079,1159,1129
"COL23A1",0,2,0,0,0,0,0,1,0,0,0,0
"BCAR1",8914,8049,8726,9122,8550,9229,11420,10443,9769,9653,10088,9451
"FHIP1B",767,787,813,828,737,806,904,874,792,783,695,687
"HERPUD1",2379,2091,2133,6581,7539,10204,2716,2384,2164,2586,2700,2189
"HOMER3",2586,2363,2959,2133,2204,2942,3381,5593,3745,3414,3957,4169
"RAD51",601,455,505,671,676,695,829,729,683,701,796,651
"POLQ",585,560,544,621,572,506,767,518,514,538,507,583
"PIK3CB",757,781,786,944,843,984,1024,765,793,830,766,817
"CYBA",648,518,614,622,616,713,667,873,730,677,738,626
"THOC3",343,297,309,338,324,352,491,495,515,429,458,466
"HEBP2",1022,927,1103,1173,1147,1300,1336,1483,1212,1233,1354,1302
"MPHOSPH9",456,456,541,529,504,632,639,504,498,554,553,604
"PLEKHA5",343,361,362,323,297,342,446,320,364,379,373,404
"PRSS8",0,0,0,0,0,0,0,0,0,0,0,0
"SIKE1",593,597,572,694,654,671,733,590,575,638,662,631
"RRP12",1986,1635,1402,2302,2133,1827,2400,1716,1857,1915,1988,1510
"FNIP2",469,459,469,899,866,842,596,327,420,436,454,445
"MSMO1",3224,3338,3967,2940,2858,3138,3899,4060,3448,3759,3917,4047
"TTC17",1704,1649,1756,1907,1856,1935,1996,1447,1348,1633,1639,1567
"ALX4",0,0,0,0,0,0,0,0,0,0,0,0
"FSTL4",4,10,10,9,8,1,4,8,5,6,8,8
"FOXN3",528,500,632,462,462,509,685,546,456,523,501,655
"METTL24",0,0,0,0,0,0,0,0,0,0,0,0
"AKR7A2",553,517,519,564,568,572,617,738,617,607,634,587
"MRTO4",2047,1590,1661,2097,1864,1671,2445,2348,2240,2304,2552,2076
"NNAT",132,131,160,111,135,178,186,213,133,176,199,189
"USE1",311,294,268,311,279,289,382,435,357,329,365,320
"MCF2L2",33,28,16,21,22,10,17,10,16,16,11,13
"NRIP2",0,0,0,0,0,1,0,0,0,0,0,0
"LAMA3",704,644,679,681,645,719,762,430,462,524,480,522
"AP5M1",932,919,1009,765,776,881,1170,964,958,925,982,1088
"ANAPC4",516,506,502,465,455,466,654,575,520,601,568,564
"KCNQ1",1,0,9,0,3,2,4,2,3,2,1,2
"TRAPPC3",1698,1497,1532,1757,1603,1725,2110,2126,2031,2053,2129,1836
"THRAP3",4335,4088,4388,4255,4074,4293,5106,4085,3519,4068,4002,3822
"PHPT1",2081,1646,1935,1996,2073,2431,2364,3217,2356,2220,2701,2357
"ENTPD2",0,0,0,1,0,0,1,0,0,0,0,0
"LY75",119,88,130,116,116,112,100,65,55,78,63,89
"ARID4B",1482,1403,1416,1526,1490,1525,1498,1184,1031,1171,1143,1096
"OPN3",157,161,149,173,159,151,248,231,214,242,281,257
"SDCCAG8",728,713,574,755,732,593,772,673,656,737,789,622
"PTPRN",1,0,1,0,1,0,0,0,1,0,0,0
"HHAT",27,22,32,20,27,35,39,46,27,29,33,43
"KIF1B",2782,2475,2843,3246,3081,3516,3506,2407,2445,2377,2337,2617
"FOXC1",583,547,533,791,798,912,781,574,607,658,715,610
"TBC1D22A",787,666,862,693,729,855,1020,978,863,925,915,845
"SYNE2",739,689,771,776,792,1061,1036,577,557,520,601,757
"PLEKHH1",7,5,2,3,6,4,7,9,10,2,2,8
"ATP9A",904,962,1185,955,975,1219,1617,1166,1156,1193,1065,1399
"SPO11",0,0,0,0,0,0,0,0,0,0,0,0
"CBLN4",0,0,0,0,0,0,0,0,0,0,0,0
"CHRDL2",0,0,2,0,0,0,1,0,2,0,0,2
"FAM168A",898,913,1091,775,739,921,1299,1055,998,1052,991,1140
"RELT",377,345,362,491,446,477,430,399,390,440,437,316
"GALC",431,422,545,442,469,601,549,556,493,512,532,570
"NOP58",2980,2498,2374,3329,2736,2534,3293,2993,2922,3214,3519,2722
"SZRD1",5288,4914,5630,6598,6380,7740,5755,5270,5081,5169,5907,5350
"KCNH2",4,0,0,0,0,0,0,1,0,0,0,0
"CUL1",2012,1974,2072,2070,1937,2128,2700,2228,2109,2280,2347,2341
"FAM114A2",649,582,565,756,681,722,799,634,636,669,724,646
"CYFIP2",864,836,957,720,777,889,1106,986,844,894,783,947
"TAB2",2008,1864,1953,2150,2058,2092,2058,1553,1502,1809,1964,1948
"GINM1",1376,1265,1374,1484,1438,1625,1921,1676,1546,1666,1822,1590
"EIF2AK2",3503,3422,3701,3539,3475,3186,3613,1879,1984,2839,2912,2261
"USP36",3506,3124,2489,4112,3248,2259,2994,1902,2309,2572,2746,1907
"KMT2C",1126,1058,1198,1178,1146,1473,1381,759,771,776,782,1024
"MCOLN3",0,0,0,1,0,1,0,0,0,0,1,0
"CCDC85A",224,264,269,271,251,283,405,331,318,303,251,332
"PUM2",1925,1976,2187,2098,1987,2208,2324,1840,1722,1962,1811,2083
"MRPL43",1028,861,1013,1026,1078,1162,1337,1379,1258,1225,1398,1270
"ITIH4",7,6,8,4,10,2,9,7,5,13,3,7
"ITIH1",0,1,0,0,0,1,0,0,0,2,0,0
"HPF1",373,342,381,408,362,463,508,585,461,475,574,493
"ZFR",2676,2575,2748,2968,2715,2913,2946,2131,2064,2385,2224,2526
"ZNF280C",77,70,88,81,65,79,83,57,68,80,74,91
"NPFFR2",3,1,0,1,0,0,1,1,1,0,2,2
"PHF21B",0,0,1,0,1,1,1,0,0,1,1,0
"TRAF1",1673,1340,627,2184,1383,631,727,271,561,792,1056,304
"RC3H2",1894,1873,2160,2177,2076,2393,2195,1685,1541,1726,1676,1846
"IL17RB",1,0,1,1,0,2,0,0,0,0,0,0
"TRAF3IP2",470,390,454,658,696,743,446,370,341,399,396,415
"GYG2",1,1,0,0,0,0,0,1,2,0,1,0
"DCBLD2",5162,5220,5591,4942,4420,4407,6142,4722,4796,4616,4860,4977
"SERPINB3",0,0,0,0,0,0,0,0,0,0,0,0
"SOAT1",1330,1309,1337,1509,1407,1344,1652,1122,1242,1368,1398,1231
"PKP2",102,140,125,125,95,113,201,148,166,160,172,154
"MSH4",0,6,1,4,2,4,7,3,0,0,2,2
"F7",0,0,0,0,1,0,0,0,0,0,0,0
"GDI2",7546,7124,7898,8405,7845,9014,10037,8949,8183,8728,9217,8906
"PRDM1",238,205,172,366,425,448,185,123,147,186,166,155
"ATG5",1113,1067,1123,1270,1255,1239,1324,1355,1298,1349,1461,1253
"TMCC3",1176,1084,1198,963,797,883,1653,1185,1172,1290,1256,1340
"PITHD1",893,774,706,1019,873,763,973,916,924,1009,1066,815
"MTA3",839,789,944,646,633,732,947,956,804,913,889,874
"USP13",364,284,351,297,324,357,462,433,376,360,330,415
"ATP11B",1268,1363,1570,1650,1559,1942,2049,1513,1518,1555,1599,1771
"LAMC2",1720,1566,1472,1959,1681,1680,1886,1390,1498,1376,1433,1447
"CDK14",301,297,284,339,338,301,353,294,308,313,295,337
"SEC61A1",12877,12015,13705,16123,15817,17973,16192,14129,12657,14147,14300,13256
"PPP1R12A",1760,1718,1860,1830,1728,1952,2089,1777,1621,1666,1693,1813
"RASGRF1",2,6,5,0,3,2,8,4,3,6,5,1
"CAMK2B",10,7,13,23,28,32,6,24,13,13,5,9
"CROCC",648,633,597,479,497,447,733,848,678,682,585,577
"POLR3E",1267,1141,1118,1316,1119,1209,1480,1236,1244,1318,1418,1293
"ATP2B4",2757,2842,3571,2717,2643,3176,3223,2355,2085,2060,1973,2385
"ZC3H11A",50,62,55,46,50,54,70,44,42,60,43,53
"RIOK2",907,861,751,1139,1049,957,990,808,878,974,1061,837
"YIPF1",304,262,308,313,267,281,360,347,332,354,429,324
"NDC1",1221,1141,1300,1401,1197,1411,1834,1344,1448,1558,1572,1624
"DGKG",9,3,2,8,3,2,9,3,2,3,4,1
"FLYWCH1",1459,1348,1503,1327,1209,1305,1568,1489,1464,1541,1386,1304
"UNKL",674,624,578,661,589,585,693,781,725,727,660,734
"TBXAS1",21,29,31,25,32,22,24,17,12,24,24,15
"PARP12",3749,3345,3448,3127,3207,2870,4120,2743,2777,3295,3577,2589
"ALDH18A1",1949,1766,2051,2551,2342,2762,3014,2547,2403,2458,2416,2404
"TARBP1",334,316,348,289,266,247,366,281,262,289,204,275
"GATB",600,532,553,651,608,635,713,695,660,656,720,665
"MXD1",684,623,480,819,649,590,419,224,256,374,399,252
"CDK17",4461,4478,4217,4296,4194,4475,6815,4773,5061,5274,5406,5209
"DNAJC25",346,286,276,411,385,357,378,334,303,346,413,308
"SLC2A3",956,938,975,1361,1301,1343,1401,938,943,1072,1168,1020
"PSD",4,5,3,2,4,7,2,2,3,2,1,0
"CTDP1",1314,1111,1202,1333,1256,1281,1521,1341,1310,1343,1417,1158
"YBX3",17193,15287,16479,16442,16259,17457,19300,18606,17549,17427,18527,16374
"STYK1",714,708,668,597,486,474,776,671,640,751,756,630
"WNK1",3460,3427,4032,4253,3910,4829,4369,2728,2481,2784,2568,3302
"CCAR1",2667,2578,2902,2709,2522,2836,3474,3336,2612,2972,2954,2765
"OGFR",3263,2988,2756,2990,2886,2463,3529,2704,2629,3104,3903,2397
"GNA15",16,12,7,12,14,6,15,4,6,11,12,10
"CREB3L3",0,0,0,1,0,0,0,0,0,0,0,0
"PIGV",139,129,140,157,116,137,128,141,136,151,131,137
"PTPRU",92,102,122,74,81,87,119,104,82,63,92,79
"SNRNP40",1425,1301,1377,1537,1388,1463,1879,1712,1627,1830,1980,1615
"RIMBP2",0,0,0,1,0,0,0,0,0,0,0,0
"COL11A1",1,3,2,2,3,3,4,5,3,2,1,0
"QSER1",877,937,1021,937,873,1003,1164,725,669,755,730,950
"MPC1",284,245,234,326,302,329,346,354,316,319,348,307
"ACAA1",1245,1137,1179,1246,1174,1261,1574,1524,1406,1459,1517,1140
"BCAT1",4116,4101,5307,4284,4388,5580,5375,5035,4257,4143,4015,5057
"HDAC7",6903,6431,7058,6423,6338,6734,7579,7842,6533,7067,6558,6409
"LZTS1",0,1,0,1,0,0,3,0,1,2,0,0
"PRDM6",1,0,1,3,1,1,1,1,2,1,1,2
"WNT8A",0,0,0,0,0,0,0,0,0,0,0,0
"SPAG4",50,56,48,50,57,51,64,70,34,55,49,42
"NCKAP1",5883,5796,6617,6242,6313,7041,7088,5643,5146,5620,5378,6182
"MRPS35",1373,1259,1232,1494,1381,1400,1673,1431,1506,1469,1791,1460
"GUCY1B1",29,37,61,143,154,200,24,33,26,46,44,51
"SFSWAP",1657,1554,1628,1601,1553,1431,1952,1632,1430,1612,1681,1438
"TNK2",890,873,875,585,668,760,801,1025,704,783,645,649
"MON2",789,781,857,936,930,1047,921,701,659,665,600,754
"CDH3",3,0,0,5,1,0,0,0,2,1,3,0
"ARSF",0,0,0,0,0,0,0,0,0,0,0,0
"GPBP1",1433,1255,1257,1452,1339,1404,1727,1498,1373,1559,1675,1472
"DGAT2",40,26,21,22,27,21,32,38,35,38,47,42
"ZNF112",151,126,121,125,143,144,177,136,115,160,126,168
"CS",4529,4174,4714,4685,4582,4783,5463,4745,4336,4930,4517,4646
"LTK",9,9,13,12,10,11,9,5,2,8,8,5
"MRPS24",400,300,351,389,364,390,445,540,467,393,495,464
"ELMO2",1102,1117,1213,1071,1084,1166,1268,1082,1083,1166,1055,1089
"WAPL",1717,1627,1763,1913,1813,1925,2180,1554,1594,1823,1708,1768
"VMP1",3626,3378,3584,3499,3588,3783,4395,4696,3732,4122,4005,3860
"APPBP2",1164,1044,1226,1219,1187,1335,1574,1291,1193,1287,1264,1290
"POLD1",1137,1128,1153,1157,1005,1087,1563,1436,1312,1369,1351,1243
"SEZ6",1,2,2,3,3,0,0,4,0,0,0,0
"EIF4B",5039,5051,5761,5515,5499,7103,6986,7218,6914,6523,6497,7509
"SLC6A16",13,29,25,7,12,9,22,28,20,25,18,21
"BICRA",1508,1602,1423,1035,1150,927,1310,1437,968,1310,786,900
"SPHK2",512,441,548,475,487,610,564,631,549,565,523,537
"RPL18",12031,9915,10628,12119,11465,12736,14504,18125,15544,14086,16177,14080
"CA11",59,49,82,68,73,59,80,115,82,89,90,78
"ISOC2",1027,879,1014,1347,1389,1818,1279,1459,1209,1253,1374,1137
"U2AF2",7632,6747,7286,7707,7184,7659,9527,8459,8316,8652,8663,8032
"EPN1",4368,3786,4303,4280,4017,4611,4867,4631,4590,4645,4626,4264
"MED29",1099,965,1083,1227,1174,1217,1252,1121,1032,1094,1225,1107
"AHRR",46,44,52,47,60,54,55,29,33,17,31,40
"GSC2",0,0,0,0,0,0,0,0,0,0,0,0
"ZNF275",366,324,433,454,392,518,428,291,282,285,261,337
"MTMR1",567,576,611,677,639,616,767,538,543,577,573,605
"GPC1",2329,2199,2439,2644,2575,2962,2719,2566,2610,2308,2628,2527
"ADCK1",87,77,78,89,70,72,84,68,91,72,79,73
"HAGH",1046,848,901,1153,1096,1261,1211,1434,1206,1190,1317,1112
"RNF4",2143,1993,2146,2415,2127,2529,2723,2154,2217,2403,2479,2263
"CASP8",224,204,252,195,147,150,279,208,201,225,248,238
"LIMCH1",130,144,173,105,150,206,94,93,78,80,67,89
"INTS13",927,895,894,939,841,872,1101,926,884,998,1010,927
"TM7SF3",1670,1665,1909,1666,1598,1910,2094,1901,1746,1843,1811,1861
"DLX3",0,0,0,0,2,4,0,0,0,0,0,0
"SPA17",282,205,245,260,216,256,306,317,281,308,339,311
"TSPAN32",0,0,0,0,1,0,0,0,0,0,0,0
"CCN5",3,1,0,2,0,0,0,1,2,1,0,0
"DMRT3",0,0,0,0,0,0,0,0,0,0,0,1
"ST3GAL6",750,623,655,1106,1026,961,780,613,642,700,752,676
"ATP2C2",0,0,0,0,0,0,0,1,0,0,0,0
"NGFR",10,10,7,10,7,6,10,2,6,7,10,6
"CDON",27,22,37,22,26,55,53,57,37,38,30,50
"TAF2",1310,1263,1221,1471,1298,1315,1460,1051,1043,1250,1170,1260
"HIPK2",740,671,847,1130,1052,1403,948,546,630,620,601,733
"TNPO3",2014,1910,2124,1978,1747,2001,2387,1831,1804,1961,1923,2039
"RFXANK",971,766,946,965,903,1022,1179,1447,1100,1058,1261,964
"TMEM161A",390,353,416,423,385,444,539,591,501,472,537,448
"LPAR2",57,43,55,45,25,28,43,49,43,53,32,46
"CTSA",4401,4235,4648,4549,4311,4775,5207,4770,4090,4573,4772,4524
"SUGP2",1990,1905,2105,1644,1665,1647,2312,2115,1731,1997,1646,1603
"SLC12A2",1867,2310,2884,4396,4905,6646,2473,2288,2022,2028,1935,2543
"SNX24",172,159,176,150,158,168,153,168,180,141,163,168
"EYA2",0,0,0,0,0,0,0,0,0,0,0,0
"CNN2",5029,4980,5709,4784,4941,5971,6177,6845,5570,5642,5698,5394
"ABCA7",265,299,312,135,179,186,276,334,225,250,153,211
"SNCAIP",126,138,214,277,306,426,203,255,192,193,156,231
"DDX20",1021,890,919,1060,957,948,1230,895,919,980,1095,972
"BTBD1",2269,2206,2321,2494,2434,2517,2815,2441,2214,2471,2583,2549
"FAR2",1227,1178,1335,916,981,990,1662,1493,1237,1430,1388,1579
"BCAS1",0,0,2,0,0,0,0,0,0,0,0,0
"POU1F1",0,0,0,0,0,0,0,0,0,0,0,1
"CHI3L2",1,0,0,1,0,0,2,0,0,0,0,0
"SBNO2",2566,2412,2384,3180,3042,3153,3101,2651,2639,2804,2629,2316
"PMS1",370,351,365,358,314,386,470,378,311,356,344,411
"HMG20B",1755,1752,1757,1501,1637,1832,1795,2354,1705,1844,1493,1559
"CALCRL",4213,4758,5795,7698,7687,9441,4541,3536,3141,4481,3978,4568
"TAF11",917,795,941,1007,1008,1081,1124,1206,1051,1098,1130,1060
"ANKS1A",875,843,913,934,978,1102,1267,1015,955,1013,988,1005
"AP3D1",7894,7109,7386,10389,10064,10830,8911,7394,7361,7704,7626,6842
"ZNF76",560,539,701,494,538,633,673,696,630,599,618,590
"NHERF2",2777,2620,2610,3452,3322,3466,3237,3198,3038,2974,3210,2418
"NTHL1",381,288,340,364,332,375,497,633,485,443,532,445
"BLTP3A",673,639,749,906,975,1145,696,427,492,502,529,578
"GNAI3",3294,3062,3261,3671,3338,3689,3872,3268,3227,3422,3776,3717
"IPO5",6710,6122,6235,7027,6428,6615,7742,6192,6204,6402,6239,6659
"OAT",2169,2069,2319,2844,2707,2936,2732,2605,2500,2540,2702,2559
"WDR3",1220,1048,1040,1329,1132,1128,1586,1138,1227,1316,1308,1090
"PKN2",1403,1406,1532,1412,1294,1478,1531,1144,1028,1234,1039,1320
"WDR18",972,871,887,1023,901,974,1185,1205,1122,1198,1260,1067
"TRAM2",9173,9331,11426,8212,8162,9883,14503,11204,11072,11085,10170,11644
"NTN1",24,18,14,30,39,40,7,6,12,10,15,15
"GLP2R",0,0,0,0,0,0,0,0,0,0,0,0
"MCM10",496,430,348,518,466,432,588,416,484,508,500,479
"DGKA",667,686,817,561,597,734,985,927,668,744,559,638
"ERBB3",42,42,22,26,36,14,28,12,9,15,28,11
"ROPN1",0,0,0,0,0,0,0,1,0,0,0,0
"ANKRD44",69,63,49,55,57,43,61,46,42,59,46,48
"KARS1",5967,5341,5855,6624,5874,6162,6745,5632,5501,6070,6802,5830
"ADAT1",684,616,635,687,585,670,804,689,640,662,662,704
"PDIA5",1976,1819,1898,2223,2195,2237,2541,2371,2137,2355,2454,2118
"TBC1D22B",734,674,687,738,661,724,636,550,551,607,611,556
"NDUFB4",1429,1303,1351,1536,1498,1660,1844,2045,1656,1706,2129,2008
"SPEN",2375,2078,2413,2698,2621,2962,2732,1543,1392,1522,1445,1858
"MYLK",287,230,310,231,222,254,321,231,215,220,227,294
"ZC3H15",2726,2550,2658,3145,2972,3095,3211,3025,2844,3058,3301,2908
"MAP2K4",648,537,616,704,662,643,976,825,780,895,902,931
"PACC1",265,235,281,307,304,298,388,399,359,359,447,344
"SNAP91",2,2,1,1,2,4,6,6,5,1,1,2
"SLK",2497,2408,2587,2570,2287,2504,3615,2484,2483,2628,2498,2659
"CYB5R4",474,501,487,607,563,619,322,272,290,303,294,297
"COL17A1",273,254,237,308,218,159,275,178,180,224,223,156
"GSTO2",73,55,34,86,66,37,58,26,37,63,66,30
"SEC61A2",161,170,148,202,179,150,175,136,136,145,144,157
"PRKCQ",21,27,19,13,12,19,25,19,22,24,25,14
"TLE2",345,299,339,291,282,342,356,453,373,355,344,388
"ASB1",417,333,377,342,340,388,473,397,416,371,367,402
"FAM107B",5871,5433,5087,6585,5957,6110,7278,5383,6297,6242,6441,5861
"ME1",903,809,931,1010,941,1146,1058,949,952,936,959,902
"TBC1D1",1643,1545,1725,2081,1868,2210,1904,1689,1670,1730,1808,1824
"CDK13",1288,1252,1402,1164,1157,1243,1653,1266,1180,1262,1200,1331
"MTHFD2",1573,1371,1305,3425,3463,4434,2080,1649,1732,1915,2124,1824
"SLC9A7",175,200,173,206,181,203,215,177,155,162,168,170
"FOXJ2",492,491,449,595,561,601,467,350,381,393,411,348
"YBX1",18532,16958,18274,20221,19077,21858,23638,23672,21222,22683,26037,23780
"PDE4A",198,232,197,183,171,202,265,182,159,175,182,147
"PPP2R5A",1343,1422,1948,1762,1686,2183,1584,1660,1490,1573,1560,1857
"CTNNA2",0,0,0,0,0,0,0,0,0,0,0,0
"ELAVL1",2206,2022,2283,2321,2154,2497,2868,2543,2361,2576,2714,2769
"TIE1",12527,11905,14326,12094,12602,15607,16128,16254,13664,14005,13003,13688
"DIP2B",1804,1712,1807,1764,1671,1678,1940,1360,1403,1336,1285,1479
"SMARCD1",3063,2883,3530,3046,3023,3616,3952,3655,3306,3505,3490,3566
"KDM4A",1065,1054,1180,1142,1268,1607,1226,1142,1040,1081,1039,1046
"NFYC",746,708,747,859,800,892,915,819,686,750,860,799
"ZMYND12",6,5,8,7,11,4,10,7,6,6,6,2
"SLC9A3",55,58,57,59,54,49,90,56,81,76,82,64
"NGEF",7,2,1,6,9,7,4,6,4,5,10,8
"ASPM",1707,1927,2517,1661,1613,2158,2793,1993,1677,1767,1817,2559
"CD84",0,0,0,0,0,0,0,0,0,0,0,0
"ELOVL1",4084,3606,3836,4169,3992,4094,4528,4032,3898,4144,4545,3679
"SPI1",2,3,0,6,3,3,6,3,0,0,3,2
"POLR1H",317,217,232,290,271,292,381,407,348,300,370,300
"MPPED2",0,0,0,0,0,0,0,0,0,0,0,0
"CLDN18",0,0,0,0,0,0,0,0,0,0,0,0
"ZBTB11",639,639,657,755,725,759,889,572,592,592,554,622
"ATXN3",343,349,392,327,340,347,460,443,383,435,411,388
"GOLGA5",1198,1161,1325,1657,1599,1786,1458,1246,1148,1365,1495,1341
"FGFR2",0,0,1,0,0,2,0,0,1,0,0,1
"LRRC40",678,680,651,790,683,674,935,680,734,814,816,815
"ISOC1",302,265,296,262,269,315,695,650,634,663,704,637
"EML1",748,658,819,633,584,786,961,843,817,764,711,794
"TRMT11",138,157,114,191,213,169,189,196,182,188,212,184
"THUMPD1",964,872,996,957,942,999,1103,962,930,1013,1005,1020
"MSANTD3",2352,1992,1973,2642,2302,2259,2567,2281,2188,2429,2772,2388
"KIF26A",245,242,253,254,269,389,312,329,290,260,274,314
"ATG2B",735,644,742,1003,877,1144,855,557,595,612,565,707
"ARFGEF1",1978,1829,2144,2028,1903,2272,2464,1772,1757,1866,1709,2023
"ACSM2B",0,0,0,0,0,1,0,0,0,0,0,1
"ZFAT",319,268,320,350,341,315,341,253,297,300,299,297
"MTFR1",577,589,632,928,951,1181,798,792,629,755,765,812
"STAG3",14,5,10,14,6,16,16,19,11,20,8,10
"FECH",566,564,636,612,705,797,727,663,620,619,669,672
"MYO9A",565,545,708,591,636,792,744,492,515,514,493,612
"DDX3Y",1629,1539,1741,1835,1888,2230,4231,3357,3391,3441,3194,3490
"PFKP",14458,12856,14482,13322,12763,14953,19433,17437,16461,16646,16539,16597
"IDI1",3285,3399,3808,3936,4034,4667,3961,4317,3530,3724,3877,3845
"SP100",10016,9036,9080,9610,8799,7697,10396,6532,6686,9097,10094,7077
"KLF6",7805,7131,6680,7211,6112,5864,9220,7410,7590,7471,7793,6908
"PLPP1",264,252,261,543,584,624,409,324,326,334,372,337
"NEO1",1,5,4,5,5,2,6,7,6,1,6,4
"TRAM1",6013,5752,5919,7916,7654,8414,7282,5142,5308,6681,6896,6423
"PHKA1",244,223,270,288,281,261,307,209,219,282,258,256
"TNFRSF1A",4516,4090,4287,4122,3851,4010,5884,4858,4854,5019,5548,4339
"CACNB1",200,191,194,189,164,180,177,190,130,193,143,140
"EVI5",457,422,474,450,443,531,565,444,435,450,451,508
"STOML1",404,349,282,364,301,308,432,411,353,372,430,359
"PKM",46882,40540,43794,47054,44194,46862,55151,49336,46804,48687,50561,42639
"DHX29",1608,1578,1472,2027,1831,1865,1617,1247,1136,1402,1448,1368
"DNTTIP2",2215,1977,1796,2339,2127,1974,2314,1795,1735,1996,2169,1882
"METTL22",430,428,397,427,410,401,447,481,408,415,422,353
"TP53BP1",1411,1323,1629,1536,1489,1803,1884,1608,1284,1339,1196,1373
"TRO",26,22,42,17,24,32,40,54,42,30,38,45
"RRP15",638,510,516,736,576,634,813,637,678,712,805,689
"RHOA",16579,15220,16238,16996,15961,17922,20238,20397,19050,19090,20276,18468
"DHX8",1602,1493,1661,1690,1587,1663,2083,1529,1554,1750,1662,1558
"PRKCZ",4,1,1,12,12,13,1,2,1,4,0,1
"ZFY",330,354,356,423,352,377,405,303,284,359,305,356
"IARS2",2404,2294,2633,2497,2457,2926,3403,3084,2895,2889,2999,3070
"SYT1",373,389,426,346,330,385,306,282,242,298,278,318
"NAV3",1890,1651,1559,2984,2376,2072,1468,743,865,1116,1064,906
"IDH3G",740,643,745,729,795,931,903,993,723,812,810,846
"ROGDI",155,138,183,164,164,175,195,222,207,186,199,195
"PDZD4",5,1,1,3,5,4,1,2,2,3,3,1
"ATP2B3",6,9,13,6,2,5,8,8,6,7,5,5
"ROCK1",2008,1934,2409,2021,2010,2441,2739,2200,1944,1996,1867,2305
"CBFB",1341,1264,1277,1723,1600,1900,1346,1101,1063,1047,1123,1135
"PDK3",96,103,103,132,147,161,145,144,121,105,109,124
"HYAL2",7657,6391,6989,8125,7315,7731,9211,7631,7228,7659,8770,7385
"HDAC4",282,247,245,299,306,317,263,187,200,222,203,220
"RASSF1",1420,1231,1129,1544,1303,1255,1595,1420,1494,1506,1606,1200
"FGFR3",36,37,16,41,26,8,26,16,22,30,23,23
"IFI35",2769,2046,2074,2239,2280,1600,2689,1462,1655,2475,3161,1102
"HEATR6",339,323,339,389,381,359,446,283,288,330,309,303
"COASY",1797,1532,1577,1700,1581,1608,1874,1809,1651,1749,1822,1468
"PLEKHH3",316,299,354,367,439,465,292,355,280,266,260,259
"MEF2A",924,912,1023,1716,1721,2065,1099,815,684,927,856,956
"OTUD5",1648,1580,1676,1624,1575,1814,1870,1807,1609,1683,1835,1633
"TFE3",2688,2548,2305,2694,2330,2237,2627,2051,2272,2527,2468,1975
"TBC1D25",514,471,479,548,518,588,678,614,564,553,541,545
"ACSL4",3250,3206,3236,4167,4064,4264,4217,3217,3317,3388,3237,3554
"INPP5A",863,726,809,1223,1273,1475,917,814,851,849,813,836
"GPKOW",786,699,725,788,746,742,947,901,887,899,979,703
"GRIPAP1",1489,1353,1393,1485,1394,1498,1753,1550,1286,1432,1408,1222
"FTSJ1",1322,1057,1160,1542,1519,1612,1502,1374,1209,1390,1354,1223
"PRR11",1504,1613,1995,1606,1549,2192,2892,3120,2502,2587,2652,3012
"REEP1",4,4,4,5,1,3,3,5,5,1,4,1
"ATP11A",3174,2999,3772,3315,3413,4197,5406,3401,3339,3162,2890,3717
"POLR1A",3072,2911,2883,2981,2579,2697,3350,2020,1978,2319,2002,2275
"LAPTM4A",4839,4347,4449,4942,4995,5472,6275,5965,5343,5796,6588,5937
"TTC7A",840,784,739,868,822,793,932,834,885,837,828,694
"IP6K2",1508,1348,1412,1586,1510,1507,1698,1682,1438,1622,1720,1439
"SRBD1",395,443,442,437,413,395,480,383,422,396,436,390
"KIF2A",1788,1750,1917,1757,1587,1801,2174,1940,1722,1953,1919,2082
"RASGRP2",25,24,24,17,17,13,22,28,21,18,17,8
"PSME4",4549,4180,4471,4617,4454,5036,5273,4157,3967,3989,3834,4163
"IFT80",227,230,257,280,211,299,307,286,271,295,267,292
"SIRT2",1201,1105,1212,1330,1306,1353,1423,1400,1181,1257,1257,1192
"ERLEC1",1286,1059,1194,2049,2047,2252,1778,1524,1482,1538,1780,1547
"PPP2R5B",673,693,714,736,749,801,1008,869,876,842,907,760
"PYGM",324,258,215,243,242,152,214,141,156,203,199,114
"PAGE1",0,0,0,0,0,0,0,0,0,0,0,0
"PITX1",4,3,1,0,2,0,2,1,0,1,0,2
"TRPC7",0,0,0,0,0,0,0,0,0,0,0,0
"MAST4",2591,2354,2878,2822,2693,3591,2331,1777,1608,1609,1562,1867
"ADGRF5",975,1031,1261,774,750,1098,1123,960,763,797,796,1020
"SDK2",0,0,0,1,1,0,0,0,0,2,2,0
"ADAM7",0,0,0,0,0,0,0,0,0,0,0,0
"NUP133",1419,1374,1292,1364,1293,1463,2001,1520,1621,1624,1547,1578
"NUCKS1",5870,5487,6636,6487,6294,7810,8662,8275,7261,7709,7892,8629
"VPS35",3619,3488,3837,3876,3621,4013,4457,3793,3618,3824,3855,3825
"DNAJA2",2127,1918,1890,2212,2122,2118,2692,2141,2140,2372,2527,2197
"BCL3",815,816,801,914,929,872,785,765,587,653,603,580
"KCNAB2",54,60,62,51,40,69,116,91,80,83,89,97
"ABCC9",8,11,4,20,8,4,6,1,1,7,7,4
"GAL",294,248,205,315,233,251,246,230,275,223,324,221
"CLEC2D",15,9,16,16,15,5,9,7,12,12,13,12
"FUNDC1",218,191,217,236,223,236,295,292,260,272,266,238
"MAOB",0,0,0,0,0,0,0,0,0,0,0,0
"RORA",316,339,399,415,369,501,319,301,300,265,307,317
"DRD4",10,9,6,9,5,2,6,2,7,1,5,2
"TGFBR3",261,251,274,181,175,161,318,225,232,278,239,267
"PLA2G10",0,0,0,0,0,0,0,1,0,0,1,0
"HES2",479,412,431,327,314,334,418,360,410,364,399,330
"ATP1B3",4721,4317,4680,5934,6017,6796,5704,5470,4995,5127,5570,5070
"NEDD4",1374,1418,1353,1645,1473,1621,1454,1115,1038,1183,1185,1271
"PIGB",212,233,244,249,261,296,264,221,213,235,256,227
"MAPK6",2222,2177,2223,2805,2510,2783,3194,2228,2456,2457,2601,2589
"GNB5",375,378,372,369,386,397,530,473,450,442,503,458
"RAB27A",732,737,917,847,917,1041,965,993,762,881,887,1006
"HDHD5",768,611,732,739,666,695,1113,1129,1115,1018,1199,952
"UFD1",2977,2694,2816,2978,2825,3008,3444,3529,2881,3217,3428,2924
"LRP6",835,796,971,942,997,1257,1112,757,711,785,659,935
"GUCY2C",2,1,1,1,1,1,1,0,0,1,3,0
"SCT",0,0,0,0,0,0,1,0,0,0,0,0
"PHRF1",3416,3108,3023,3352,3071,3235,3959,3108,3008,3291,3165,2965
"ELP1",1414,1384,1422,1647,1579,1684,1713,1491,1527,1485,1321,1414
"NUCB2",2999,2745,3081,4728,4809,5831,3703,3432,3152,3397,3711,3134
"PFN2",1621,1494,1752,1799,1653,1998,2378,2057,1873,1965,2158,2243
"PTPN3",0,0,0,0,0,0,0,0,1,0,0,1
"SPTB",4,4,15,2,6,3,9,14,5,9,7,7
"DAPP1",0,0,0,0,0,2,0,0,0,0,0,0
"FGF10",0,0,0,0,0,0,0,0,0,1,1,0
"SLC44A1",1357,1328,1521,1456,1552,1793,1850,1538,1398,1517,1478,1713
"TMEM260",517,525,517,485,507,487,576,459,428,481,494,523
"SMG6",1948,1922,2213,1840,1659,1857,2113,1822,1753,1828,1740,1792
"EXOC5",2199,2389,2717,2381,2248,2823,3016,2485,2435,2582,2461,2911
"CLTCL1",152,153,133,132,145,131,182,133,157,144,156,146
"FGF22",1,2,0,0,0,0,0,1,2,2,0,0
"FSTL3",671,557,400,835,657,449,579,419,542,520,595,370
"DGCR2",2397,2121,2270,2261,2159,2234,2138,1820,1785,1800,1837,1738
"RNF126",1542,1356,1410,1663,1572,1679,2015,1730,1792,1766,1921,1662
"MNT",509,477,507,641,634,688,569,523,452,465,456,469
"ZXDC",466,476,520,525,514,615,510,415,438,446,384,418
"JMJD6",1227,1157,951,1350,1203,1176,1304,1186,1240,1268,1370,1015
"POLB",285,261,316,380,347,393,351,370,324,378,390,373
"ST6GALNAC1",9,20,21,20,17,18,26,26,21,13,24,30
"WIPI1",837,799,1070,1239,1418,1876,1112,1164,866,971,1053,1006
"FRMPD1",0,0,0,0,0,0,0,0,0,0,0,0
"GBA2",1853,1685,1822,1294,1201,1244,2211,2186,1798,1853,1438,1553
"NDST1",6526,6309,7925,7209,6821,8522,8820,6395,6952,6542,6343,7193
"ASNS",14,17,17,37,34,48,16,21,16,19,17,15
"AP3M2",442,415,444,558,505,620,565,508,444,515,487,492
"CNGB1",0,0,0,2,0,0,1,0,0,0,0,0
"ST6GALNAC2",2,11,10,9,3,2,6,16,1,6,9,6
"CHAT",0,0,0,0,0,0,0,0,0,0,0,0
"PABPC1",33816,33045,38455,37025,36701,43219,44765,46043,39678,41457,40730,43974
"TESK2",33,34,45,30,36,34,48,50,45,41,53,45
"CFAP20",855,813,756,942,829,930,1079,973,918,1024,1106,946
"CSNK2A2",2280,2159,2415,2469,2418,2700,2950,2883,2503,2574,2825,2708
"PTPN21",638,636,638,625,564,606,783,602,597,625,607,687
"EIF2B3",783,650,701,851,772,908,899,1076,974,923,980,829
"CAMK2A",0,0,0,1,0,0,0,0,0,0,0,0
"TCOF1",1956,1759,1713,1889,1672,1744,2520,2041,1894,1985,2192,1945
"CDC42",5313,4928,5317,5409,5186,6148,6965,6608,6330,6541,6868,6824
"OSBPL3",1600,1688,1811,2119,2176,2417,2172,1779,1764,1768,1660,1818
"EPHA8",2,0,0,2,2,0,1,0,0,0,0,0
"SLC12A3",0,0,0,0,0,0,1,0,0,0,0,0
"RAD18",558,553,467,646,513,540,572,372,417,482,540,469
"ATP2B1",729,736,915,1390,1514,1903,1069,970,809,880,780,957
"TRPM5",0,0,0,0,0,0,0,2,0,0,0,0
"NCK2",1010,922,1071,965,907,1172,1304,1264,1204,1143,1261,1328
"MAP4K4",14265,13556,14839,15588,14683,16055,16106,12592,12333,13306,13091,13381
"MGAT4A",1335,1385,1663,1348,1337,1579,2116,1963,1690,1878,1824,2141
"RPL31",8270,6958,7521,8470,8146,9511,10031,13982,10348,9958,12376,11156
"WDR1",11945,10728,11186,11808,10903,11805,20563,17815,17516,18479,20037,17648
"SNX13",866,844,981,983,921,1060,1072,814,718,892,838,1027
"MS4A12",0,0,0,0,0,0,0,0,0,0,0,0
"ARHGAP10",1113,1077,1148,1694,1628,1831,1402,1102,1114,1224,1303,1171
"RPS6KA2",3327,3352,4504,3392,3896,5344,3981,3964,3445,3228,3121,4104
"ING3",571,581,548,701,616,637,779,614,575,715,722,699
"VASH1",1352,1454,1954,1423,1681,2227,2026,2177,1856,1815,1668,1926
"LMCD1",156,187,216,188,227,269,222,267,209,205,234,203
"BUD23",2007,1744,1603,2030,1883,1683,2018,2056,1884,1967,2177,1505
"SEL1L",2265,2350,2790,6449,7329,10171,3773,3015,2840,2964,2791,3455
"TRIP13",1423,1370,1278,1600,1461,1477,1930,1616,1767,1722,2021,1677
"ATP6AP1",5444,5121,5640,5646,5542,6124,6587,6050,5467,5923,6159,5293
"TCF3",4586,4321,4663,4635,4441,4983,5747,5074,4898,5077,5311,5204
"TRIB2",353,374,424,579,596,666,482,485,419,403,425,481
"DAZAP1",4663,3933,4361,4487,4422,4711,5573,5203,4726,5014,5095,4786
"MBD3",2996,2459,2963,2998,2871,3412,4048,4329,3868,3687,4055,3351
"PRLH",0,0,0,0,0,0,0,0,0,0,0,0
"HLTF",420,459,457,449,451,503,539,397,368,379,389,407
"FAM50A",2930,2421,2551,2874,2738,2870,3224,3781,3021,2912,3463,2787
"FAM3A",599,477,526,608,565,622,645,695,604,539,605,562
"CPSF1",2684,2514,2686,2560,2442,2788,3332,3342,2910,3033,2709,2671
"MYO3B",1,1,0,2,0,0,0,1,1,0,4,0
"CYBRD1",627,679,766,814,903,965,600,535,448,459,502,543
"CDH19",1,0,0,0,0,0,0,1,0,0,0,0
"PDCD2",1371,1212,1384,1444,1308,1413,1842,1987,1802,1740,1869,1708
"SLC6A15",22,24,29,21,29,26,41,22,26,30,28,30
"RDH11",2035,1952,2141,1958,1926,2136,2270,2315,1890,2048,2010,2006
"PRKACA",2277,2171,2509,2532,2473,3041,2970,2566,2389,2685,2570,2692
"ADGRL1",99,134,135,113,106,108,164,149,104,129,126,102
"SPP2",0,0,0,0,0,0,0,0,0,0,0,0
"ACTN1",16595,15264,16959,18678,18561,21631,20076,16740,15137,16415,16078,16692
"ZFYVE26",2492,2318,2350,2367,2047,2128,2272,1291,1412,1569,1643,1407
"RPS6KA6",21,24,27,46,42,57,37,24,21,26,18,30
"EPN2",1228,1230,1350,1302,1299,1258,1515,1361,1236,1328,1266,1349
"PTPN18",401,363,430,368,355,446,618,723,479,560,560,601
"LIMS2",583,533,552,437,422,461,759,794,663,650,604,526
"ASIC4",2,1,0,0,3,0,2,4,1,2,1,1
"SPEG",2,2,3,4,1,4,6,6,2,1,1,3
"LNX1",32,21,26,17,12,15,24,28,19,23,19,30
"ALDH3A2",1068,966,1137,1007,1011,1148,1249,1111,1103,1067,1077,1068
"TFRC",2622,2427,2511,3392,3057,3345,3125,2423,2543,2514,2328,2915
"SREBF1",2277,2243,2636,2310,2639,2939,3127,3155,2531,2649,2270,2200
"TRPC5",0,0,0,0,0,0,0,0,0,0,0,2
"AFF4",4060,4026,4251,4853,4360,5173,4979,2964,3050,3322,3021,3642
"UBE2D1",552,560,499,640,555,617,681,591,541,658,745,654
"PALS1",865,868,952,1018,907,1096,811,654,609,672,655,766
"RHOBTB1",588,584,682,1066,1195,1512,662,669,530,597,576,678
"SMC1A",2804,2707,3059,3016,2707,3088,3934,2798,2813,2884,2583,3065
"HSD17B10",1470,1253,1274,1520,1399,1512,1893,2280,1999,1852,2123,1569
"MARK2",1659,1533,1673,1888,1816,1819,2083,1693,1683,1796,1765,1522
"HMMR",1113,1166,1207,1149,1078,1200,1717,1355,1442,1660,1532,1798
"CHFR",1434,1334,1419,1338,1409,1326,1829,1599,1437,1634,1583,1414
"TRHDE",0,0,0,0,0,0,0,0,0,0,0,0
"P4HA2",1126,927,1054,1098,1101,1032,1387,1191,1135,1075,1153,960
"FCGR2B",0,0,0,0,0,0,0,0,0,0,0,0
"NFATC3",681,652,746,632,643,619,815,662,618,639,643,648
"TRNT1",468,425,415,551,511,536,589,547,523,504,578,491
"ACADVL",5438,4990,5324,5570,5344,5385,6219,6325,5429,5781,5317,4807
"STK10",1812,1572,1704,1786,1639,1723,1690,1332,1294,1288,1380,1292
"FBXW11",1286,1265,1440,1626,1553,1943,1610,1264,1387,1445,1381,1519
"ACAP1",6,0,1,3,3,1,1,2,4,4,4,0
"CRMP1",4,4,0,3,4,1,0,4,0,1,3,2
"EVC",1353,1421,1481,1523,1336,1309,1611,848,1029,1066,909,1059
"DERL2",1041,888,983,1652,1607,1910,1211,1101,1040,1074,1231,1027
"SIDT1",2,0,4,1,2,1,6,3,2,2,7,0
"NDE1",785,756,919,663,674,815,1043,971,912,932,953,1040
"IRAG1",38,28,49,24,32,40,51,52,32,42,42,38
"TMEM38A",79,63,82,74,85,64,70,64,53,78,77,80
"AP1M1",2944,2608,2731,2879,2542,2795,3681,3100,3020,3391,3443,2846
"PVR",6022,5302,5265,7640,6945,7367,7831,5927,6493,6696,7091,6174
"XRCC1",755,642,768,858,785,932,1015,932,870,975,926,881
"SCARB1",2702,2449,2858,2694,2448,2822,2920,2529,2387,2492,2505,2286
"CYP2W1",2,1,5,4,0,1,2,0,1,2,3,0
"MCM2",1694,1560,1493,1652,1440,1341,2447,1962,2134,2243,2206,1950
"MOV10L1",527,503,566,338,393,401,673,815,607,635,537,596
"PANX2",201,170,202,228,206,240,191,189,198,179,171,171
"SELENOO",960,830,802,858,792,797,986,943,888,915,884,737
"TP63",2,2,0,2,1,1,2,1,1,0,1,1
"ALPK1",110,108,138,88,69,80,108,95,80,96,95,102
"LLGL2",54,67,71,71,53,81,73,92,71,54,52,69
"PDE8A",1018,882,1086,1286,1261,1353,1282,1008,1003,1000,1025,1011
"CLCN4",539,502,474,555,409,421,546,337,428,435,443,455
"NLE1",695,603,630,722,644,666,832,711,695,674,755,637
"SDHA",1189,1173,1179,1183,1181,1328,1499,1586,1356,1356,1463,1223
"SMARCE1",582,597,664,611,595,611,727,678,586,659,667,724
"FNDC8",0,0,0,1,0,1,1,0,0,1,0,0
"GSDMB",116,123,102,67,79,72,113,123,88,109,74,60
"KDM5A",2108,1957,2056,2361,2192,2319,2514,1701,1757,1790,1829,1832
"ADAM11",6,10,11,8,14,7,15,7,8,12,14,9
"PPP2R3A",524,508,638,587,670,795,703,654,553,547,580,729
"FERMT2",2836,2785,2982,3392,3081,3511,3761,3084,3053,3123,3308,3290
"ABCB11",11,12,14,13,19,11,21,10,11,18,14,13
"DHRS9",25,12,10,27,26,24,25,17,25,17,23,14
"CD5L",0,0,0,0,0,0,0,0,0,0,1,0
"PTGS2",1189,1092,722,2832,2574,2553,1362,686,699,1177,1284,802
"IGF2BP2",3490,3318,3558,3245,3202,3394,4676,3642,3510,3785,3782,3673
"MAP3K13",224,196,182,280,279,308,242,253,213,237,257,272
"ST6GAL1",1177,1084,1419,1273,1361,1749,1911,1547,1344,1505,1509,1675
"TBX21",0,0,0,1,1,0,0,0,0,0,1,1
"FRY",1409,1294,1670,1586,1677,1986,1658,1846,1549,1487,1537,1549
"PICALM",6589,6790,6720,9754,9122,10409,7808,5829,5775,6507,7112,7008
"NSF",896,808,881,896,894,994,1028,790,760,860,903,894
"GLI2",11,18,11,12,8,6,29,22,21,21,12,19
"CLASP1",1738,1740,2027,1719,1619,1917,2035,1655,1461,1508,1405,1697
"MRPS34",1345,1111,1230,1396,1249,1311,1713,1918,1634,1537,1954,1507
"NOTCH3",14,22,14,9,11,19,13,8,7,8,11,5
"CLNS1A",1837,1676,1820,1840,1807,2001,2332,2519,2369,2326,2547,2344
"PPP2R2C",0,1,2,1,0,0,6,4,3,1,5,5
"TEAD2",1503,1433,1802,1070,1098,1408,1831,1988,1769,1644,1684,1767
"EED",654,604,616,694,609,644,803,763,757,781,874,704
"CDHR2",0,0,1,0,2,0,0,0,0,0,0,0
"SNCB",2,5,6,2,6,7,6,20,12,10,7,9
"TSG101",1445,1262,1376,1861,1693,1925,1698,1608,1385,1586,1853,1532
"NCBP3",1323,1225,1315,1274,1176,1294,1509,1324,1324,1316,1318,1348
"ATP2A3",18,10,18,23,48,25,30,26,19,19,13,18
"CA12",27,21,27,22,28,30,14,12,14,13,13,17
"MGLL",5563,4821,5015,6248,5484,5762,6136,4588,5055,5335,5615,4869
"NTN4",5040,5089,6690,4620,4895,7302,8461,8523,7400,6963,7173,9101
"BCS1L",821,782,754,855,794,763,1004,1024,861,899,882,782
"NUAK1",1052,1036,1298,1100,1064,1347,1419,1144,1140,1105,1070,1210
"DPP8",1020,1040,1077,1161,1081,1239,1080,973,871,915,832,917
"SLC24A1",226,216,264,219,166,202,308,224,248,266,229,280
"ZNF532",1668,1604,1897,1789,1767,2145,1875,1363,1292,1470,1288,1589
"SCARF1",2644,2395,2525,2427,2365,2420,3190,2882,2695,2743,2671,2391
"LMAN1",4868,4807,5294,7011,6731,7592,6110,4323,4432,4927,4963,5125
"HACD3",2457,2381,2624,2626,2243,2643,3137,2650,2607,2911,2785,3124
"IPCEF1",4,4,2,2,4,6,1,1,0,1,3,2
"ZZEF1",3849,3361,3650,3918,3659,3591,4975,3086,3534,3644,3181,3294
"NOX3",0,0,1,0,1,0,0,0,0,0,0,2
"ENO1",50219,43467,46495,51184,46395,48686,62040,55863,55140,57149,60234,50558
"SLC12A1",0,1,0,0,0,0,0,0,0,0,1,0
"MYDGF",6487,5195,5363,7083,6826,7367,7527,8079,7254,7158,8580,6153
"ANO8",217,152,200,182,202,212,212,237,162,181,122,181
"TUBE1",203,212,228,251,286,298,225,220,192,196,186,208
"ARHGEF10L",198,191,216,181,203,214,227,202,189,209,198,154
"TXK",22,24,33,23,14,15,39,40,32,36,37,44
"WSCD2",0,0,0,0,0,0,0,2,0,0,0,0
"KCNQ2",0,1,0,0,0,0,0,0,0,0,0,0
"TACR2",0,0,2,0,2,2,0,1,0,1,2,2
"ACTR6",317,306,333,330,313,400,382,386,355,361,405,354
"TIPIN",217,198,169,254,230,228,334,271,286,313,297,224
"SRI",1879,1612,1711,1909,1826,2024,2325,2505,2112,2124,2461,2157
"EIF4G3",2086,2024,2384,2260,2213,2469,2635,1962,1734,1979,1896,2055
"NUP37",539,487,554,615,610,600,772,707,643,670,729,648
"SEMA3A",371,344,399,632,654,656,683,372,442,444,482,459
"GTSE1",1440,1264,1637,1297,1329,1669,2073,1903,1728,1854,1886,1910
"SEMA3C",8,9,13,10,11,10,10,8,11,9,11,12
"TTC38",950,819,858,827,801,786,931,756,747,888,894,738
"ACAT1",2453,2046,2275,2463,2355,2534,2764,2559,2459,2424,2782,2379
"GRAMD4",293,288,312,329,343,379,430,384,344,356,326,336
"CELSR1",230,238,270,262,270,403,339,268,242,258,191,271
"WNT8B",0,0,0,0,0,0,0,0,0,0,0,0
"ZNF638",2793,2620,2900,2653,2623,2819,3469,2886,2504,2673,2740,2887
"SLC25A40",233,236,218,258,232,271,335,255,222,278,250,299
"TIMM21",512,458,520,587,515,566,626,658,566,630,650,636
"ADD2",103,87,108,121,162,159,119,85,96,99,83,91
"FGF4",0,0,0,0,0,0,0,0,0,0,0,0
"RASAL2",917,914,1002,703,651,582,1107,810,753,852,708,877
"VPS9D1",620,574,485,614,516,475,543,504,446,548,479,382
"ZNF37A",668,713,829,789,719,795,892,636,606,668,614,865
"MARK3",2198,2058,2052,2288,2172,2248,2521,2185,2106,2266,2105,2047
"SLC25A3",11562,10204,11665,11594,11040,12647,14576,16698,15051,14177,14396,13907
"FNDC3B",5099,4537,5254,6790,6900,8603,6855,4932,4300,4700,4593,5339
"FOSL2",4293,4149,4309,4800,4656,5653,5631,4169,4481,4663,4657,4418
"CACNG5",0,1,1,0,0,0,0,0,0,0,0,2
"CACNG4",0,0,0,0,0,0,0,0,0,0,0,0
"FRYL",2116,1978,2387,2439,2524,2897,2395,1691,1565,1572,1441,1889
"TMEM131",1542,1477,1684,1569,1527,1713,1677,1166,1011,1244,1052,1303
"FSCN1",9454,8706,9850,9349,8622,10325,13331,12652,11617,11486,11962,11651
"ACTB",99914,87465,89105,93371,87233,93829,122485,117042,107869,110021,115992,101315
"MOCOS",87,67,75,63,76,75,185,99,102,116,138,101
"PLD1",1051,1100,1260,835,972,1158,1456,1308,970,1111,935,1212
"ATP12A",0,0,0,1,0,0,0,0,0,0,0,0
"WDR62",989,874,817,864,809,748,1064,958,965,1065,897,797
"DLG1",1530,1668,2063,1628,1655,2132,2390,1899,1782,1874,1724,2270
"RAB7A",7553,7028,6998,8744,8021,8257,9943,7754,7907,9079,10079,8405
"BCAP29",174,157,189,244,218,265,197,168,167,161,188,208
"SEC31B",89,106,124,49,58,71,106,108,91,100,55,78
"SART3",2311,2162,2084,2295,2095,1929,2594,1966,2062,2326,2239,1857
"ARHGAP15",0,0,0,0,0,0,1,1,0,0,0,0
"TUBA3D",0,0,0,0,0,0,0,0,0,0,0,0
"PAX2",0,0,0,0,0,0,0,0,0,0,0,0
"EXOSC7",858,723,720,890,811,784,962,1075,976,962,1010,848
"KIFAP3",535,493,531,460,504,585,638,583,514,579,558,631
"MKRN2",1277,1242,1143,1431,1314,1356,1575,1302,1376,1453,1469,1411
"MCM6",1025,866,966,1041,869,948,1519,1216,1250,1321,1355,1298
"REXO2",3416,2934,3322,3759,3652,4173,4505,4934,4328,4207,4647,4044
"RBM7",914,883,898,1052,975,1050,1163,1097,857,1127,1277,1153
"RBMS2",1553,1420,1499,1371,1300,1429,1926,1446,1334,1576,1574,1468
"BAZ2A",4061,3964,4276,3761,3630,3729,4681,3410,3080,3441,3066,3332
"PTPN23",5569,6110,5752,4410,4972,4081,5443,5612,3764,4987,2886,3651
"MLH1",1302,1141,1187,1365,1252,1323,1643,1357,1448,1558,1557,1372
"UNG",605,514,557,587,493,531,835,744,769,843,843,826
"FMO4",12,7,8,12,9,14,9,9,10,8,9,10
"KLHL20",572,583,610,640,559,756,640,507,517,564,518,579
"RGS11",40,58,72,45,47,50,66,87,55,62,45,51
"SLC46A1",97,70,136,116,103,122,110,110,99,101,80,130
"PLXNA2",8064,6993,8604,9431,9746,12161,9950,6770,6922,6422,5891,7224
"SPAG5",1678,1519,1819,1782,1604,1849,2093,2058,1816,1853,1891,1927
"ANKRD13A",1183,1184,1346,1180,1087,1149,1407,1060,1064,1206,1134,1191
"TPD52",359,340,502,337,389,460,313,339,285,271,287,337
"ACACB",85,91,104,54,48,80,104,96,95,114,70,84
"TRAF4",1606,1397,1513,1966,2118,2245,1607,1915,1640,1613,1723,1412
"PAG1",8,9,8,6,4,8,3,1,9,8,2,4
"GPATCH1",291,283,292,304,277,232,327,282,274,305,283,248
"ICAM3",146,118,115,160,148,129,141,125,118,132,156,99
"NT5C2",2194,2219,2313,2509,2447,2728,2286,1862,1712,2101,1941,1953
"MCAM",57039,52350,59463,65161,66107,79180,65671,53478,51852,52537,55275,54312
"GPC4",0,0,0,0,0,0,0,0,0,0,0,0
"MBNL3",51,64,87,80,62,88,99,73,58,52,64,91
"CAMSAP3",12,12,18,8,10,11,10,13,7,6,10,19
"RAP1GAP",4,8,5,12,8,3,7,7,3,7,11,4
"XAB2",1680,1506,1540,1677,1631,1646,2099,2026,1705,1859,1907,1581
"ARHGEF1",2023,1937,1906,1850,1864,1872,2579,2622,2311,2323,2250,2013
"STXBP2",1369,1246,1264,1136,1169,1200,1534,1754,1310,1366,1311,1134
"MAP2K7",1078,1080,1050,1011,1012,1145,1481,1395,1264,1440,1338,1305
"NMRK2",0,0,0,0,0,0,0,0,0,0,0,0
"DGKD",619,646,590,1108,1113,1127,694,568,655,601,618,544
"CTTNBP2",10,6,4,3,9,7,11,7,7,6,9,8
"ACTL6B",0,0,0,0,0,0,0,0,0,1,0,0
"RARB",464,377,445,376,385,459,608,465,450,571,515,524
"TOP2B",3388,3526,3925,3594,3502,4032,4465,3787,3478,3433,3035,3844
"TM9SF3",5156,4837,5144,5584,5250,5960,6476,5258,5318,5354,5430,5608
"NFKB2",2558,1960,1415,3475,2809,2482,1876,1380,1459,1726,2078,1136
"UBE2T",327,304,315,435,400,497,488,555,420,474,574,490
"PPP1R12B",341,328,362,375,372,352,355,233,255,264,240,296
"DNAJC10",4692,4676,5299,6207,6248,7092,6114,5140,4995,5062,5154,5327
"GTF3C1",3419,3002,3328,3160,3030,3317,4126,3193,2862,3133,2935,2881
"IL4R",2772,2189,2090,2944,2769,2859,2962,2342,2536,2475,2632,2213
"USP33",1019,1024,1130,974,990,1075,1349,1152,1002,1126,1128,1333
"PAK3",3,6,3,6,3,2,2,2,3,0,4,2
"CAPN6",0,0,0,0,0,0,0,0,0,0,0,0
"DCX",0,0,0,0,0,0,0,0,0,0,0,0
"SNRPA",1878,1620,1776,2010,1954,2231,2316,2358,2174,2282,2398,2234
"SPAG6",0,0,2,1,1,2,2,0,0,1,1,1
"EXOSC5",383,338,308,379,339,360,509,531,511,487,535,398
"DYNC1I2",2873,2720,3236,2944,3011,3405,3831,3924,3432,3378,3455,3556
"APBB1IP",0,0,0,0,0,0,0,0,0,0,0,0
"LRCH4",754,773,810,805,840,924,844,717,629,768,612,602
"FAM76B",516,497,565,594,610,601,634,532,459,551,531,582
"SIRT6",715,666,558,760,701,673,726,749,708,664,785,655
"TYR",0,0,0,0,0,0,0,0,0,0,0,0
"POLD3",752,621,639,750,689,720,899,645,621,770,754,721
"ACTN2",857,792,397,936,631,212,420,138,253,482,611,153
"CAPZB",6536,5622,6340,6634,6396,7162,7760,7704,6955,7075,7726,6716
"GPR137B",145,135,137,162,177,191,228,204,173,139,233,210
"NAALAD2",18,30,24,26,25,18,23,20,15,24,21,22
"JADE1",1013,934,1052,1313,1303,1601,1479,1136,1084,1108,1193,1089
"SLC25A43",161,147,152,184,147,198,122,87,74,81,75,111
"UBE2A",2149,1993,2016,2291,2043,2219,2460,2229,2234,2220,2498,2153
"FGFR1",3723,3644,4283,3865,3993,4624,4760,4138,3824,3817,3816,3966
"FKBP6",0,0,0,0,1,0,0,1,0,0,0,0
"SMC1B",1,1,0,0,1,2,0,2,1,2,1,1
"FBLN1",12,7,5,5,4,6,5,6,7,4,10,7
"ITGA8",1,1,5,0,2,0,1,3,2,4,5,2
"CST7",0,0,0,0,0,0,0,0,0,0,0,0
"MAP2",393,387,472,565,601,685,497,234,232,304,324,334
"PIAS2",356,370,424,497,467,535,437,395,379,401,406,427
"AMPH",16,7,10,16,10,18,6,16,14,10,10,9
"ARAF",1520,1382,1489,1554,1482,1755,1790,1642,1455,1627,1604,1489
"MCCC1",561,483,572,516,564,597,599,521,507,587,560,545
"LAMP3",123,116,96,114,96,107,151,60,49,96,123,68
"FAP",41,37,16,46,23,21,26,13,11,14,24,12
"NEBL",31,32,25,36,38,36,31,26,16,22,23,26
"ACER3",980,945,887,953,833,810,978,762,744,825,842,860
"UBE2K",2421,2281,2478,2644,2586,2936,3099,2762,2540,2670,2897,2887
"PIK3C3",1090,973,996,1162,1033,1112,1186,1045,957,1112,1140,1029
"N4BP2",271,240,245,455,475,622,347,211,233,225,231,302
"TIGAR",371,357,367,365,365,357,396,335,329,373,389,334
"TULP3",814,715,889,952,1000,1267,1044,914,827,912,905,977
"SYNJ2",4803,4451,4951,5040,4493,4815,5333,3986,3879,4018,3973,4116
"ADCY2",0,0,0,0,0,0,0,1,0,0,0,0
"PPP2R5C",1510,1376,1559,1501,1499,1708,1887,1778,1652,1718,1757,1822
"RBFOX1",0,0,0,0,0,0,0,0,0,0,0,0
"GNB1",12817,11725,12601,13846,13508,15301,16587,14358,13839,14458,14900,14293
"HOXA9",1825,1646,1847,1554,1596,1708,2308,2387,2178,2287,2178,2124
"EDN1",9857,9190,10939,6519,6226,6829,14560,14885,12731,13056,13321,13261
"MLLT10",885,911,924,1049,999,1102,1048,803,671,828,757,801
"ZCWPW1",49,33,55,44,47,37,44,45,57,47,58,52
"ADCYAP1R1",1,0,0,0,2,0,0,0,0,0,0,1
"FGF20",1,1,0,0,0,1,0,1,1,2,0,3
"P2RY10",0,0,0,0,0,0,0,0,0,0,0,0
"ITM2A",42,45,51,54,47,61,56,66,73,48,55,58
"NRDC",4920,4660,5179,4979,4789,5037,6387,4937,4998,5384,5404,5047
"VDAC3",2393,2181,2405,2341,2315,2502,3211,3297,3185,3107,3173,2953
"PCM1",3190,3168,3687,3241,3141,3619,4055,3164,2802,3160,2935,3364
"TNRC6C",481,444,489,423,340,384,397,288,260,263,294,271
"CBFA2T2",449,447,514,341,345,356,543,468,406,382,371,376
"BRINP1",0,0,0,1,1,0,0,0,0,1,0,1
"ITCH",1931,2001,1957,2481,2330,2550,2094,1572,1711,1805,1821,1890
"PKD2L2",3,1,1,1,0,0,1,1,1,0,0,2
"TP53INP2",691,792,964,1081,1113,1512,965,1028,822,872,840,960
"SDF4",9355,8474,9265,10140,9875,10916,11792,11195,10904,10521,11659,9847
"MYH7B",7,5,8,3,1,3,4,1,0,2,8,2
"BPIFB2",0,0,0,0,0,0,0,0,0,0,0,0
"TP73",0,1,1,1,1,0,0,0,0,0,2,1
"TOLLIP",2724,2530,2603,2925,2674,2918,3452,3035,3102,3012,3253,2765
"UBE2D4",435,367,389,450,378,469,405,384,337,369,416,333
"CLUL1",0,0,0,0,0,1,0,0,1,0,0,0
"RUNX1T1",676,747,823,521,471,597,843,739,607,696,632,847
"CDH17",0,0,1,0,0,0,0,0,0,0,0,0
"THOC1",843,732,731,765,706,744,986,970,838,910,1059,904
"FKBP7",169,190,223,223,240,279,305,329,258,300,341,292
"OSBPL6",264,265,306,326,362,401,373,284,272,351,292,292
"SLC1A3",26,20,14,37,21,4,9,1,3,13,15,2
"XRCC5",10650,9569,10604,11231,10523,11732,13449,13025,11195,12013,12322,12331
"LXN",1220,1214,1501,1419,1492,2002,1526,1898,1392,1455,1709,1858
"SP140",18,29,9,24,10,7,7,0,8,6,8,5
"MKNK1",561,576,615,502,527,521,548,532,492,551,505,462
"TNS1",1310,1283,1370,1567,1397,1414,1305,843,794,896,774,866
"REXO1",1543,1539,1440,1616,1477,1438,2066,1608,1785,1770,1753,1638
"SAR1A",2370,2217,2316,2890,2711,3067,2752,2336,2319,2367,2574,2264
"CDC14A",209,229,207,363,338,393,254,172,168,219,194,206
"RAPGEF3",1417,1232,1354,916,915,989,1464,1533,1168,1334,1134,1052
"CEACAM1",378,376,329,322,295,233,361,167,154,265,263,183
"SENP1",454,440,451,493,452,406,486,334,364,415,399,441
"DUSP13B",0,0,0,0,0,0,0,0,0,0,0,1
"CIC",3703,3825,3869,3981,3905,4182,3629,3094,2751,3229,2442,2733
"LIPE",255,189,243,174,203,250,255,228,179,223,236,188
"FDFT1",4959,4861,6182,3924,3978,4762,6423,7499,5762,6014,6040,6100
"PAFAH1B3",521,435,481,465,499,526,698,883,713,650,716,648
"OPHN1",242,205,288,200,197,263,276,202,190,195,206,236
"AFM",0,0,0,0,0,0,0,0,0,0,0,0
"KIF22",1545,1346,1607,1319,1268,1465,2470,2584,2379,2280,2398,2163
"SCGN",0,0,0,0,0,0,0,0,0,0,0,0
"CARMIL1",141,152,202,74,89,140,189,163,140,150,137,182
"PGM1",315,310,370,368,321,371,590,541,435,472,534,504
"DDX1",4360,3824,4066,4682,4371,4820,6004,5500,5381,5271,5540,5115
"DNM2",5607,5169,5802,5992,5886,6375,6186,5245,4960,5302,5617,5185
"EPB41L2",2030,2054,2313,2038,1965,2383,2752,2212,2076,2270,2020,2467
"RIMS1",52,70,80,72,60,59,112,68,65,96,66,75
"MOXD1",2,3,2,1,6,4,1,3,0,2,1,2
"STX7",1339,1342,1462,1406,1430,1610,1426,1338,1122,1218,1296,1344
"RABL2B",225,267,255,196,214,254,305,283,235,244,227,283
"KEAP1",2744,2309,2524,2675,2401,2762,3391,3153,2954,2877,3450,2784
"DDX43",57,56,59,58,53,55,51,43,52,49,51,52
"PTPRH",54,59,54,91,91,65,58,52,48,55,58,46
"DCT",0,0,0,0,0,0,0,0,0,0,0,0
"SLC35C2",752,623,712,743,684,817,890,809,730,802,762,670
"CRYBG3",644,632,798,751,704,769,845,505,468,509,494,669
"EPHA6",1,0,3,0,1,0,2,3,0,1,4,1
"SCTR",0,0,0,0,0,0,0,0,0,0,0,0
"RFX3",231,200,224,219,231,207,198,174,162,186,157,180
"RIF1",1373,1345,1482,1496,1376,1521,1611,1004,1041,1051,1102,1279
"RAB21",1130,1155,1058,1502,1411,1506,1309,1009,1065,1223,1295,1057
"SLC4A4",0,1,0,2,3,1,0,0,1,0,1,1
"SMARCA2",1819,1642,1993,2400,2408,2848,2205,1655,1547,1620,1622,1758
"RDH8",0,0,0,0,0,0,0,0,0,0,0,0
"SESN1",668,673,794,622,588,633,868,847,774,881,845,882
"MID2",748,712,978,613,610,855,1135,1070,913,940,832,1144
"DNAAF6",0,0,0,0,0,0,0,0,0,0,0,0
"COL5A3",4,0,0,1,0,1,1,1,3,0,0,0
"SRCAP",307,335,309,348,303,304,426,215,238,227,203,259
"PUM3",1331,1345,1295,1593,1530,1486,1850,1596,1454,1550,1722,1545
"CPB2",0,0,1,0,0,0,1,0,0,0,0,1
"CHRNA3",0,0,0,0,1,0,1,0,1,0,1,1
"KCNN2",8,13,0,15,15,14,1,1,2,4,5,0
"CNOT4",569,570,592,612,600,567,606,403,397,462,515,448
"PSEN1",1738,1707,1826,1816,1716,1871,2180,1712,1653,1892,1943,1736
"CPOX",495,489,473,504,534,515,713,663,673,662,580,537
"CLDND1",1033,957,1070,1396,1275,1550,1559,1363,1236,1381,1499,1500
"MOK",105,100,113,131,99,106,114,119,94,80,79,91
"HSP90AA1",28654,25314,26408,29713,26463,26728,40836,36550,35668,37565,39439,33852
"RBL1",451,457,432,475,452,462,587,399,440,485,450,496
"DLGAP4",2430,2326,2745,2235,2188,2573,2996,2808,2176,2506,2334,2525
"IGSF9B",3,5,1,3,3,5,4,10,0,4,3,5
"CFHR2",0,0,0,0,0,0,0,0,0,0,0,0
"NDC80",942,877,958,876,795,881,1491,1463,1297,1354,1494,1422
"AP4E1",377,429,437,509,454,481,488,282,332,355,381,306
"RSBN1",270,313,264,289,288,329,287,237,231,264,262,246
"MAGI3",359,358,419,350,265,334,417,291,303,325,300,357
"CXCL2",188,125,77,208,153,195,140,123,111,100,152,77
"AFP",0,0,0,0,0,0,0,0,0,0,0,0
"COL4A4",2,0,1,0,0,0,0,0,3,1,1,0
"TCF7",22,22,18,16,15,25,19,24,19,16,27,31
"OSTM1",1004,976,897,1141,1096,1148,1278,1046,940,1146,1151,1033
"CDH7",1,0,0,0,0,0,2,0,0,0,0,0
"IMPG2",23,20,25,16,14,12,5,5,10,5,6,7
"PCNP",2621,2477,2581,2814,2757,3037,3250,2960,2945,3006,3171,3258
"EXD2",439,361,494,459,421,499,602,401,434,456,486,474
"ARG2",380,326,342,510,565,719,518,557,485,444,531,459
"MEF2C",872,856,850,2559,2997,3906,1229,800,764,914,900,961
"PTPRC",1,0,0,0,0,0,0,0,0,0,2,0
"CACNA1S",0,0,0,1,0,0,0,0,0,0,0,0
"PKP1",2,0,0,0,1,1,0,0,0,0,1,2
"UBA5",971,899,1043,1164,1230,1391,1401,1368,1250,1268,1223,1214
"STK17B",385,370,373,454,427,456,472,375,385,403,400,415
"CDC14B",48,39,60,109,96,85,76,43,53,41,47,44
"ZNF510",229,238,270,277,255,200,328,230,234,229,251,269
"LRP2",23,9,10,8,22,5,27,9,5,7,9,5
"ZNF506",49,58,36,78,72,74,68,43,46,43,64,51
"JMJD4",557,382,414,557,519,567,583,555,550,549,543,480
"DUSP12",613,561,543,624,638,590,709,692,704,728,826,607
"AACS",935,876,1037,968,907,1056,997,1016,818,859,857,819
"DELE1",1322,1213,1509,1354,1284,1505,1669,1620,1380,1488,1440,1524
"SLC13A1",0,0,0,0,0,0,0,0,0,0,0,0
"CADPS2",772,695,827,894,816,905,993,718,720,796,795,780
"IFT25",385,277,345,315,316,328,418,473,434,376,466,379
"PHLPP1",181,194,236,217,245,274,241,207,156,182,178,187
"ATP8B1",3144,3404,4173,5736,6060,7759,3013,2579,2443,2616,2453,3150
"IL12RB2",0,0,1,1,0,1,0,0,0,0,0,0
"SMARCD3",108,119,143,104,106,115,95,125,83,103,86,101
"WDR70",679,505,565,555,560,571,796,742,700,708,792,691
"FYB1",6,4,6,4,3,3,1,2,3,2,7,3
"MPP4",288,256,288,255,216,267,282,333,280,308,279,320
"STRADB",327,339,354,387,387,447,433,436,460,419,447,438
"BZW1",5553,4950,5014,6652,6308,6664,7346,6060,6612,6683,6728,6913
"PGR",0,0,0,0,0,0,0,0,1,0,0,0
"C1QTNF3",6,3,7,2,3,3,2,2,14,1,2,5
"ME2",1632,1476,1519,1718,1629,1692,1881,1422,1409,1730,1640,1593
"C5orf22",702,608,715,662,633,688,641,557,460,564,596,633
"CCNT2",853,931,931,987,815,914,1070,724,771,878,817,889
"FAM135A",238,267,274,266,292,303,338,204,226,236,258,279
"COL19A1",0,0,0,0,0,0,0,0,0,0,0,0
"EPB41L3",3047,2741,2814,3041,2670,2821,4199,2790,3061,3112,3111,2961
"COBLL1",999,957,1130,1169,1159,1357,1431,1029,957,1061,1051,1192
"DLG3",42,41,45,39,40,49,64,48,54,33,42,49
"KCNK2",0,2,3,0,0,2,1,2,2,2,3,1
"SERTAD4",68,58,71,47,46,40,83,79,69,77,65,87
"TRAF5",282,303,373,161,166,199,350,383,283,284,241,287
"MRPL22",1592,1501,1673,1608,1474,1594,2061,2128,1747,1956,2413,2041
"GEMIN5",1286,1081,1095,1227,1020,1026,1554,1079,1155,1278,1216,1083
"OPRK1",0,0,1,0,0,0,0,0,0,0,1,0
"NFE2L1",13417,12649,14014,14485,13683,14950,14697,11690,11518,12469,12587,11704
"SEMA5B",1,0,0,0,0,0,0,1,0,0,0,0
"GSK3B",1048,922,1116,1044,1028,1219,1333,1112,1045,1060,1044,1108
"ITGB5",5454,5238,5974,5354,5203,6013,6995,6170,6253,6079,6344,5935
"ERC1",1455,1483,1594,1591,1432,1689,1837,1137,1171,1228,1107,1391
"XPO1",5594,5901,6566,5643,5283,6004,7110,5839,5515,5952,5514,6464
"RNF13",785,721,716,832,851,918,977,784,762,856,1009,823
"TRPM3",6,4,4,4,3,4,3,1,4,9,6,3
"PALB2",495,476,461,549,454,406,563,380,389,493,480,415
"DOP1A",364,336,370,362,329,358,443,321,292,310,308,374
"LYRM2",935,917,1002,1023,907,1107,1265,1249,1066,1121,1199,1097
"BCKDHB",246,250,330,292,284,352,352,327,268,269,309,355
"KAT6A",1285,1210,1251,1282,1175,1292,1466,897,952,1067,959,1206
"TUT7",959,967,909,1101,989,1048,1084,700,778,773,814,802
"ULK2",337,361,395,323,322,419,458,354,344,416,414,385
"GRHL2",0,0,1,0,0,0,0,1,0,0,0,0
"TNPO1",13457,12866,14043,18363,17697,21219,17760,12323,13082,13699,13511,15542
"PLOD1",8626,7702,9114,9120,9008,10900,10630,9463,8792,8948,9701,9332
"P2RX5",4,4,2,3,2,4,3,3,4,1,1,4
"ITGAE",210,229,207,189,231,247,199,318,251,204,230,250
"DIS3",1962,1858,1896,2258,2130,2168,2465,1878,1886,2065,1993,2079
"PIBF1",473,398,432,471,457,462,537,421,436,419,472,484
"TDRD3",267,272,278,230,216,264,337,304,243,313,317,283
"NUFIP1",307,304,250,345,292,312,395,300,311,335,401,315
"PDS5B",1100,970,1120,1109,988,1004,1392,1014,996,1112,1052,1152
"OXCT1",1236,1129,1287,1464,1416,1725,1677,1553,1481,1511,1546,1728
"RRAGB",404,391,396,312,269,253,380,446,308,363,352,357
"EPYC",0,1,0,1,1,0,2,2,2,1,0,2
"CYLD",1420,1260,946,1737,1536,1359,1139,788,823,1097,1111,713
"SLC27A5",22,16,29,30,32,32,52,48,29,32,43,40
"ZNF324",380,295,267,403,283,299,363,307,306,352,399,269
"ZNF671",98,120,109,85,81,82,85,92,86,103,91,60
"ZNF416",147,121,124,163,146,127,135,129,114,132,164,113
"ZNF586",213,203,216,195,196,223,243,227,183,212,220,219
"ZNF446",173,152,184,161,169,196,210,254,217,213,209,199
"ZNF264",238,231,210,277,236,231,282,218,202,214,213,221
"RPS5",13772,11799,12677,14970,14040,16769,15907,21791,16980,15898,19135,16689
"FAT1",786,595,688,716,648,842,784,414,441,398,404,505
"YTHDC1",1829,1755,1727,1742,1594,1584,2014,1745,1659,1819,1805,1675
"CHMP2B",837,829,817,952,978,1045,1002,876,871,976,1071,1023
"SMAP2",299,254,284,371,308,340,341,284,290,277,303,288
"PPIE",1067,929,973,1093,1012,1020,1317,1209,1190,1151,1322,1074
"ZMPSTE24",1168,1164,1118,1277,1251,1337,1692,1399,1381,1507,1602,1551
"STARD7",3695,3250,3610,4416,4251,4782,4509,3939,3828,4084,4332,3800
"NOA1",689,653,781,705,648,734,935,906,890,848,889,879
"REST",881,851,905,820,772,865,1081,688,718,771,844,795
"HAL",5,9,4,4,7,6,3,3,4,7,8,6
"SSH1",1820,1911,2087,3802,3747,4268,2330,1452,1467,1734,1544,1710
"GSTP1",11091,9153,10678,10946,10412,12186,13882,16282,13859,13239,15119,12835
"APLP2",54832,50786,57492,56145,56610,64224,66677,59678,58768,58591,59309,57896
"FAM234B",233,211,223,227,238,264,294,217,235,242,244,239
"SLCO1A2",1,0,1,0,0,0,0,2,1,0,0,0
"WBP11",3103,2920,2978,3398,3014,3157,3958,2749,2953,3395,3409,3129
"EIF3I",5390,4613,4643,6149,5355,5551,6134,6070,5358,5785,6860,5325
"NKAIN1",20,8,4,12,5,8,9,5,2,9,14,3
"COL16A1",39,32,30,27,29,25,26,30,28,19,16,15
"TXLNA",2648,2453,2769,2781,2836,2975,3225,2686,2435,2746,2467,2425
"APOB",9,11,13,3,3,12,8,4,6,5,1,3
"NCOA1",566,538,659,568,533,659,733,553,429,499,530,539
"AGBL5",639,568,701,663,657,816,808,785,682,704,750,782
"EFR3B",47,62,84,122,152,177,68,75,46,57,46,59
"KIF3C",806,782,907,757,694,887,912,753,717,730,752,795
"RAB10",3469,3166,3322,3811,3638,3798,4394,3470,3692,3970,4064,3806
"GCKR",66,51,42,47,49,29,64,42,40,50,62,33
"HADHA",6087,5514,5773,6065,5711,5924,6368,6295,5643,5992,5689,5257
"MAPRE3",65,49,61,66,44,83,75,59,59,66,62,66
"CAD",4028,3648,3635,3915,3561,3451,4616,3650,3548,3677,3320,3090
"CD59",29473,26179,28167,29108,26641,28502,37597,34535,33013,32709,36248,32524
"CD82",1564,1230,1521,1333,1382,1510,1470,1374,1173,1225,1399,1063
"BCORL1",262,311,326,186,190,220,348,319,281,233,235,292
"ATRX",1434,1510,1878,1299,1329,1602,1968,1529,1282,1353,1105,1600
"AK6",380,361,367,412,365,459,490,606,451,422,530,462
"FCN1",0,0,0,0,0,0,0,0,0,0,0,0
"MYNN",450,397,445,525,467,427,567,388,360,439,525,408
"MECOM",2032,1894,2179,2125,2071,2566,2451,1912,1697,1928,1741,1946
"SCAMP1",697,765,817,754,834,977,1237,899,870,929,960,1045
"PREP",1029,898,1074,1009,1008,1078,1486,1235,1162,1219,1226,1234
"HACE1",292,252,289,282,262,312,350,304,280,315,316,344
"SEH1L",490,479,462,618,539,602,682,616,603,586,648,594
"WDR47",740,724,648,805,750,766,756,510,537,605,613,600
"WDFY1",1641,1612,1699,1992,1960,2115,2311,1892,1815,1874,2027,1976
"OVGP1",66,58,44,59,43,29,66,40,34,50,45,32
"SLC25A24",1625,1751,1896,1869,1820,2222,2620,2331,2260,2222,2345,2520
"MAP3K4",505,501,575,548,512,588,744,557,579,598,543,571
"PILRA",6,8,7,6,4,1,2,7,6,8,11,1
"IGSF9",1,0,0,0,0,0,0,3,1,1,1,0
"ABCB1",32,47,55,52,67,70,50,49,62,50,44,41
"ZNF213",557,520,519,556,512,535,545,453,504,525,498,465
"AKR1B1",2565,2189,2562,2747,2626,2949,2802,2932,2674,2562,2801,2557
"CPNE3",1232,1245,1269,1283,1202,1445,1518,1115,1179,1237,1183,1443
"RRN3",1662,1644,1381,1916,1587,1503,1975,1344,1495,1800,1729,1400
"CTTN",10900,10040,10646,10581,10292,11494,12980,11969,10707,10913,10377,9849
"WNT11",2,0,0,1,1,1,2,0,0,2,0,0
"MTIF2",717,698,678,781,747,708,874,716,728,814,902,779
"DDHD2",1242,1239,1464,1414,1284,1463,1339,1180,1080,1153,1080,1231
"TTC39A",31,44,29,32,40,29,33,28,18,20,36,17
"EPS15",1260,1239,1340,1195,1137,1290,1627,1233,1084,1251,1224,1324
"ORC1",426,347,339,469,407,356,527,321,408,479,469,374
"MGST2",620,583,666,704,652,777,725,816,647,649,756,673
"CHERP",1700,1623,1572,1633,1433,1476,2168,1791,1612,1904,1749,1599
"ATG16L1",809,710,817,885,855,842,918,684,765,728,752,698
"USP40",1370,1269,1485,1368,1281,1560,1679,1514,1489,1391,1354,1479
"POMGNT1",852,734,913,833,825,980,1093,1085,877,935,917,932
"RAD54L",394,352,309,336,334,291,443,364,369,410,412,324
"MAST2",2048,1916,1875,2346,2042,2166,2288,1612,1661,1871,1818,1806
"DNAJA1",11166,9650,10057,11502,10598,10613,13956,11999,11570,12661,14969,11936
"B4GALT1",1684,1552,1739,2479,2581,3012,2746,2013,2148,2361,2283,2222
"CHMP5",2679,2372,2476,2909,2781,2509,3146,2547,2553,2974,3581,2242
"NFX1",1358,1288,1206,1524,1330,1281,1344,1070,1062,1168,1155,1041
"AQP6",0,0,0,0,0,0,0,1,0,0,0,0
"DIMT1",732,689,742,831,779,834,937,800,803,877,955,947
"IPO11",1517,1484,1641,1752,1572,2028,1897,1752,1680,1667,1775,1811
"FOLH1",9,6,9,4,3,9,13,10,10,9,9,12
"EIF2AK1",2125,2060,2398,2348,2346,2539,2839,2367,2404,2511,2450,2426
"NME8",0,0,0,0,0,0,0,0,0,0,0,0
"EPDR1",3,4,3,2,2,4,0,2,1,0,0,0
"SNX10",16,15,13,6,14,9,8,10,13,14,24,14
"SEPHS1",1431,1245,1433,1362,1401,1602,1679,1778,1543,1573,1701,1714
"MRPL28",1817,1504,1724,1773,1698,1877,2278,2629,2291,2135,2396,1940
"HBQ1",1,5,1,1,1,5,2,6,4,1,2,3
"ITPKC",1043,942,812,944,842,840,1224,955,1016,985,1120,812
"CEACAM6",0,0,0,0,0,0,0,1,0,0,0,0
"FAT2",9,7,6,15,18,5,13,2,6,4,8,4
"RBM22",1561,1335,1412,1538,1326,1354,1806,1638,1477,1756,1777,1530
"TMED2",6432,5976,6178,8868,8339,9194,7706,5997,6295,7052,7466,6677
"ERO1B",54,66,66,341,368,492,88,75,71,94,83,104
"ZFAND6",1257,1097,1248,1241,1269,1530,1518,1445,1334,1494,1543,1615
"HSD17B2",9,12,14,21,21,31,63,49,45,54,56,45
"TXLNG",382,323,371,449,346,325,503,370,363,460,446,413
"PPEF1",1,0,1,0,0,0,0,1,0,0,0,0
"LAT2",160,152,118,111,115,91,103,97,83,122,99,63
"HUWE1",7895,6911,7975,8217,7414,9145,9452,5546,5606,5545,5026,6582
"ZW10",1175,1056,1158,1393,1274,1358,1483,1241,1213,1329,1403,1250
"ALG9",167,147,164,172,170,162,197,152,129,131,150,164
"MYBPC2",0,0,0,0,0,0,0,0,0,0,0,0
"NOX4",925,746,1033,856,969,1220,1417,1499,1240,1212,1328,1389
"ACOX3",560,493,594,533,494,574,641,682,571,599,553,497
"MTMR2",3164,3000,3299,3629,3359,3878,4048,3491,3288,3538,3508,3716
"PPP1R15A",11693,9572,6015,13394,9590,5484,7326,4338,6555,8399,10142,4484
"HSD17B14",162,180,203,148,151,217,177,303,208,189,192,206
"TRIP6",3774,3139,3162,3525,3002,3092,3889,3963,3697,3695,4079,3162
"ACHE",36,35,16,45,28,24,32,15,22,24,24,10
"FTL",50032,40363,42952,45181,43846,45415,45481,45383,44801,44313,51078,40461
"SRRT",4740,4452,4460,5046,4460,4352,5548,5405,4592,5259,5252,4558
"BAX",4624,3889,4347,4425,4210,4681,5728,6332,5500,5460,6195,5140
"NLK",531,508,546,715,752,839,755,669,652,745,791,812
"PIGS",2243,2008,2255,2275,2256,2482,2202,1778,1882,1918,1938,1775
"ADAMTS2",0,0,0,0,0,0,0,0,0,0,0,0
"TMPRSS11E",0,1,0,0,0,0,0,0,0,0,0,0
"ATXN7L3",2972,2637,3065,3063,2920,3303,3810,3461,3299,3496,3334,3235
"PGS1",863,824,913,698,705,737,1097,1077,886,900,929,912
"PSMC5",4276,3633,3975,4406,4101,4481,5462,5663,4730,5122,5454,4808
"UIMC1",1516,1296,1517,1329,1214,1470,1839,1852,1781,1812,1764,1616
"CETP",39,28,40,14,25,23,46,39,17,30,32,23
"MMP2",11203,10741,13697,10601,11062,14505,13476,13875,11521,11781,11277,13173
"MT3",1,1,0,1,0,0,0,0,0,0,0,1
"LPCAT2",2516,2522,3289,2148,2254,3053,2833,2811,2334,2464,2283,2940
"GNAO1",0,0,0,0,0,1,1,5,0,1,1,1
"OGFOD1",1788,1651,1582,2000,1807,1756,2154,1538,1702,1800,1785,1527
"SH3BP2",1793,1725,1849,1447,1482,1514,1994,1790,1613,1632,1367,1450
"NOP14",3018,2676,2481,3134,2813,2619,3530,2732,2822,3150,3198,2652
"ADD1",7078,6691,7917,6720,6657,7686,8989,8087,7369,7530,7249,7435
"L2HGDH",138,146,140,158,155,122,174,120,129,133,128,148
"TXNDC16",120,120,130,132,108,162,163,97,131,107,106,119
"RTRAF",2609,2309,2538,3012,2804,3172,3169,3477,2759,2969,3329,3053
"NID2",505,623,787,983,1177,1481,626,637,450,472,474,642
"GMCL1",407,423,466,500,486,604,693,625,601,568,613,708
"SF3B2",10777,9552,9671,11288,10624,10944,13157,10931,10732,11025,11136,9304
"KLHL42",808,802,769,721,665,691,1297,1047,984,951,973,1091
"GNAS",22456,20804,23303,24192,23131,26795,26943,25867,23427,24656,25967,25086
"DNM1L",2562,2454,2742,2781,2540,2994,3573,2674,2713,2902,2901,2983
"PTHLH",131,119,107,189,126,132,147,114,119,139,161,106
"PHACTR3",1,0,0,0,0,0,0,0,0,0,0,0
"ERGIC2",892,868,894,1155,1130,1262,1106,927,917,1015,1149,1109
"TFAP2C",0,0,0,0,0,0,0,1,0,0,0,0
"AURKA",1279,1287,1446,1353,1293,1602,1981,1929,1747,1873,1883,1957
"CASS4",7,10,7,3,6,0,0,0,1,6,3,1
"PIR",2053,1814,2274,1815,1930,2496,2624,3294,2640,2457,2756,2803
"AAMDC",620,463,504,533,455,557,584,921,636,583,712,573
"RFX2",304,232,257,210,178,224,363,304,242,287,299,302
"METTL2A",496,461,456,558,555,480,520,524,493,499,565,506
"SULT2B1",1,0,1,0,2,1,2,2,3,2,0,2
"ALG6",202,239,251,210,215,206,325,269,249,244,335,281
"CNOT3",1504,1431,1545,2001,2023,2541,1597,1646,1292,1537,1432,1518
"GP6",11,6,9,13,15,7,9,15,11,11,6,9
"PTPN4",408,429,423,291,293,362,473,413,389,418,395,471
"DDX18",1462,1265,1229,1881,1671,1669,2457,1822,1923,2049,2171,1886
"KHSRP",7812,7088,7610,8267,7519,8231,9244,7410,6927,7912,8072,7690
"GNA11",3028,2629,2732,3172,2949,3131,3682,3098,3302,3289,3552,2976
"ASAP3",283,264,328,187,194,232,325,415,274,302,254,281
"EDEM2",1799,1544,1595,1952,1856,1956,2199,1959,1870,1853,2127,1695
"DNMT3B",114,116,114,88,95,98,278,206,195,222,221,227
"REM1",1,1,0,3,4,0,0,1,0,0,0,3
"TPX2",4088,4020,4467,3982,3751,4001,5827,5134,4917,5070,5081,5160
"PDRG1",1042,873,826,1076,972,851,1014,997,961,964,1129,902
"EPB41L1",148,150,216,92,106,147,277,233,204,194,236,223
"SLC15A1",0,0,0,1,0,0,0,0,1,1,1,0
"DOCK9",4833,4646,5542,3916,3979,4762,6436,4886,4533,4613,3896,5252
"ANKRD10",530,542,543,503,500,441,655,693,544,561,542,565
"TGDS",229,199,212,317,287,289,281,207,241,270,295,237
"DOCK3",23,14,20,12,14,13,21,15,11,11,16,16
"C3orf18",18,16,22,19,20,14,22,19,25,27,15,19
"COQ9",1218,1047,1132,1244,1163,1196,1267,1274,1178,1124,1260,1085
"TMEM40",1,0,0,1,1,0,2,2,0,1,5,1
"KIF9",170,144,162,147,164,240,230,249,181,184,219,223
"ARHGAP28",210,240,370,99,137,178,342,389,241,265,229,362
"CRLS1",295,219,211,307,302,346,369,311,376,355,379,288
"DEFB127",0,0,0,0,0,0,0,0,0,0,0,0
"PPP1R13B",801,776,827,825,670,749,820,738,635,688,656,659
"ATRN",1841,1751,2213,2065,1972,2473,2301,1827,1658,1663,1618,2015
"SMOX",370,332,362,467,423,416,375,392,338,378,408,367
"SIGLEC1",2,0,0,0,0,1,0,0,0,0,0,0
"FKBP1A",16927,15150,16550,17802,17472,20047,19010,17562,16242,17201,18707,16887
"NSFL1C",2993,2437,2603,2921,2709,2726,3615,3004,3062,3187,3594,2891
"SLC4A11",317,322,340,225,240,270,464,437,349,316,310,299
"DNAAF9",1092,1062,1284,1200,1180,1358,1287,1111,1093,1105,994,1142
"ZNF343",297,255,281,290,250,248,386,317,270,310,314,275
"EBF4",5,5,7,4,8,10,3,12,12,9,7,3
"CPXM1",24,25,20,16,16,20,37,36,30,29,26,28
"MAVS",2533,2595,3015,2189,2199,2881,3043,2943,2288,2385,2055,2597
"LZTS3",144,109,120,98,102,107,168,169,169,149,153,126
"F11",0,0,0,0,0,0,1,0,0,0,0,0
"XRN2",3298,3085,3428,3471,3393,3656,4401,3716,3504,3848,3869,3830
"KIZ",85,76,80,88,76,78,107,100,96,93,107,100
"DYNLL1",4928,4312,4731,5198,5072,5517,5725,6582,5336,5651,6568,5780
"TESC",0,3,5,7,11,18,6,2,5,6,13,12
"SNX5",3751,3467,3429,4042,3766,3773,4351,4168,3895,4164,4434,4002
"RPL6",11513,9742,10664,12069,11256,12576,13899,16822,13354,13879,15554,14692
"SIRPG",0,0,1,0,0,0,0,0,1,1,0,0
"MAPKAPK5",828,796,809,947,896,873,1071,1005,1010,997,983,853
"P2RX7",55,37,50,35,24,34,67,53,34,39,52,41
"ESF1",1002,840,783,1035,978,835,1129,888,904,1005,1090,846
"RBBP9",401,426,465,407,412,491,412,370,299,378,299,437
"ANAPC5",3055,2888,3209,3204,3059,3380,3941,3691,3181,3419,3492,3304
"SLC23A2",707,748,881,746,774,979,910,783,625,687,640,839
"SLC8B1",1273,1189,1070,1171,1113,1082,1444,1183,1171,1228,1170,1009
"TMEM230",1312,1213,1387,1498,1305,1701,1583,1548,1394,1524,1662,1576
"DZANK1",59,57,58,60,50,42,52,51,50,46,54,57
"KDM2B",791,726,872,742,681,745,1172,949,944,979,887,920
"CFAP61",0,0,1,1,1,1,0,0,1,0,1,0
"LHX5",0,0,1,0,0,0,0,0,0,0,0,0
"TASP1",175,150,164,201,177,201,176,168,176,190,196,151
"OAS1",9435,8246,7497,8475,7838,5239,9157,3745,4571,7752,10000,3756
"GCN1",5718,5113,5372,5609,5107,4965,6302,4444,4976,4734,4295,4176
"RPLP0",27826,23981,27850,30172,29277,35490,30999,42168,33725,31405,37883,35394
"PXN",10524,9745,10899,8384,7970,8641,11792,10288,9748,9666,9087,9152
"SIRT4",15,19,12,15,21,13,20,21,23,17,18,22
"RPH3A",0,0,0,0,0,0,1,0,0,0,0,1
"KIF16B",138,107,138,179,156,200,149,101,123,126,143,132
"TRMT6",515,475,406,593,534,479,671,539,533,605,619,529
"CHGB",6,7,4,8,3,3,3,1,1,2,5,6
"PEBP1",3891,3346,3815,4162,3760,4208,4854,5436,4682,4672,5303,4823
"TBX5",0,0,0,0,0,0,0,0,0,0,0,0
"BRAP",1050,949,984,1128,1089,953,1083,847,912,948,1048,834
"ERP29",3136,2495,2876,2919,3038,3449,3680,3917,3328,3393,3864,3209
"NOS1",0,0,1,1,0,0,0,0,0,0,1,0
"FUS",10531,8927,9057,9212,8798,8487,11088,12244,9858,10214,9817,9175
"IGBP1",915,860,979,910,942,987,1091,1198,971,1078,1222,1045
"FXYD5",3764,3212,3307,4250,3799,4069,4618,3889,3307,3994,4582,3580
"ZNF302",436,431,477,398,386,378,511,497,419,459,453,449
"GRAMD1A",1856,1882,2211,2022,2033,2523,2321,2491,2044,2103,2060,2200
"FXYD3",0,0,0,0,0,0,2,0,0,0,0,0
"HEPH",13,13,8,13,7,15,18,13,3,7,7,15
"CDIP1",973,889,939,963,892,961,1147,1234,1135,1065,1189,981
"CMTM1",34,16,43,30,26,28,57,34,46,43,51,53
"KCNH4",2,4,4,3,3,4,8,4,0,8,6,6
"GANAB",18859,17409,20325,18526,18839,21639,23845,20353,18875,19666,19036,19530
"GMIP",666,575,609,562,536,548,657,620,479,532,552,548
"RBM41",240,242,282,239,247,284,344,299,261,263,264,305
"BIRC5",1967,1687,1961,1846,1732,2060,1327,1508,1335,1262,1392,1353
"LAG3",47,44,66,26,23,20,36,52,37,39,29,19
"MLF2",3817,3314,3761,4106,3932,4650,4478,4543,3948,4152,4778,4119
"OTUB2",87,82,85,59,82,93,81,71,73,66,85,79
"DDX24",4483,3991,4008,4622,4208,3981,5157,3677,3824,4491,4512,3550
"ZBTB25",97,103,99,102,113,99,123,108,81,101,105,104
"NECAP1",698,648,609,964,881,791,815,555,596,825,736,593
"ARHGAP4",347,361,472,304,292,351,406,460,393,373,328,336
"ANKRD24",28,29,15,21,23,17,31,19,27,39,22,20
"DHX32",597,528,658,565,520,621,806,725,670,660,692,722
"RCOR1",1411,1421,1583,1581,1411,1797,1431,1210,1108,1195,1128,1380
"GPATCH2L",788,801,827,816,755,912,1058,794,768,798,763,842
"LTBP4",675,599,699,695,773,835,778,685,598,655,574,603
"BLVRB",1034,867,885,1097,971,981,1116,1059,1021,931,1135,898
"SLC9A1",3060,2986,2952,2739,2543,2468,3106,2397,2180,2457,2364,2157
"SPTLC1",1999,1928,1870,2168,2199,2182,2299,1862,1872,2107,2224,1902
"PAPOLA",4309,4328,4811,5070,4693,5586,5428,4647,4291,4816,4986,5479
"CCNK",2305,2098,2151,2541,2290,2387,2692,1990,1928,2302,2229,2083
"PCBP4",523,550,600,534,565,631,686,784,568,615,598,630
"RGS1",0,0,0,0,0,0,0,1,0,0,0,0
"YPEL3",376,363,441,238,233,329,431,647,431,446,371,443
"MRPS33",452,322,315,412,373,366,445,564,476,462,565,404
"NDUFB2",1481,1187,1299,1420,1410,1568,1590,2208,1663,1586,1783,1510
"NUDC",5006,4237,4238,5053,4416,4522,5968,5802,5478,5590,6032,4750
"MAEA",1872,1801,1943,1954,1778,2050,2363,2476,2259,2243,2264,2156
"ICAM1",3700,2916,1993,5098,4269,3860,3010,1587,2045,2563,2981,1687
"STRN4",4294,3980,4355,4733,4273,4899,5116,4447,4248,4551,4749,4101
"IRAK3",138,113,144,118,146,129,175,95,121,123,124,128
"LYZ",0,0,0,0,0,0,1,2,0,0,0,0
"SI",0,0,0,0,0,0,0,0,1,0,0,0
"MUL1",1269,1082,1026,1313,1108,1061,1370,1044,1163,1210,1301,1012
"TFAP4",152,125,115,162,118,131,217,172,166,172,220,150
"PDCD7",586,519,544,617,592,576,708,686,635,652,674,613
"SPG21",1240,1173,1325,1197,1208,1409,1941,1766,1681,1658,1664,1664
"FETUB",0,0,0,0,0,0,0,0,0,0,0,0
"DNAJB11",2235,2038,2008,4351,4594,5504,2937,2526,2428,2760,2848,2278
"P3H2",189,179,194,532,538,690,317,253,272,279,271,249
"THPO",0,0,0,0,0,0,2,0,0,0,0,0
"CHRD",7,13,9,4,5,12,6,14,10,9,7,4
"FLT3LG",53,33,40,39,48,41,54,35,44,46,49,39
"RAB11FIP3",2157,2007,2137,2391,2208,2516,2632,2322,2287,2297,2344,2116
"GNPTG",1353,1136,1175,1248,1199,1276,1533,1632,1439,1435,1638,1303
"ZNF268",444,421,457,517,482,520,539,473,502,517,541,475
"GOLGA3",2739,2547,2764,3053,3106,3395,3193,2539,2345,2559,2326,2308
"PABPC4",5242,4573,4977,5291,4933,5633,6217,6327,5798,5849,5783,6184
"CD209",0,0,0,0,0,0,0,0,0,0,0,0
"CERS4",42,32,27,36,35,43,38,31,24,30,24,33
"MCOLN1",869,845,788,1011,820,676,898,764,733,839,847,607
"USP48",3591,3448,3784,3595,3482,4013,4603,4299,3836,3747,3614,3877
"EFNB1",1756,1758,1857,1787,1625,1688,1685,1457,1587,1567,1668,1544
"PDPR",1502,1402,1476,1460,1301,1441,1727,1294,1219,1282,1112,1244
"AARS1",4720,4183,4479,5994,6332,7226,5376,4804,4334,4641,4529,3983
"GLG1",6973,6435,7260,6569,6693,7697,8709,7318,6555,6786,6390,6723
"KIF4A",1354,1205,1260,1258,1144,1310,1921,1784,1708,1675,1610,1730
"TNRC6A",2082,2026,2384,2168,2050,2273,2550,1931,1641,1890,1655,1926
"PLEKHG2",901,963,1065,815,867,1046,1075,1068,739,783,631,819
"DLL3",8,8,10,13,10,10,15,23,17,9,24,9
"NAT14",295,228,320,313,344,382,393,580,381,377,368,369
"PITPNM2",902,880,838,886,847,833,928,690,684,719,587,688
"EXOC1",1334,1285,1266,1278,1246,1389,1476,1301,1065,1352,1289,1324
"RBM27",452,367,437,458,435,415,473,349,362,444,453,423
"POU4F3",0,5,0,2,4,3,2,0,0,2,0,2
"OSBPL8",1133,1177,1221,1355,1322,1498,1525,1011,1176,1162,1044,1451
"DTX2",251,238,209,225,191,199,284,272,264,256,303,271
"NLRC4",0,0,0,1,1,0,0,0,0,1,0,0
"PUS7",940,915,982,933,779,884,1038,765,759,864,815,794
"LAMB4",18,24,11,23,12,10,13,6,12,10,11,7
"NRCAM",5140,4728,4814,7453,7258,8185,5880,3237,3617,4158,3900,3916
"LAMB1",31292,29643,32789,30005,31120,34297,34951,29358,25030,26944,24475,26522
"SLC26A4",9,8,12,19,23,38,10,13,13,6,8,7
"SLC26A3",0,1,0,0,0,0,0,1,1,0,0,0
"DLD",1886,1686,1842,2067,2126,2483,2448,2253,2072,2174,2304,2289
"WDR7",356,343,389,381,380,436,440,274,323,306,302,318
"TXNL1",2007,1831,1773,2161,1980,2095,2342,2193,1954,2233,2632,2220
"IL5RA",0,0,0,0,0,0,0,0,0,0,0,1
"ABCC6",1,0,1,3,0,0,1,0,1,0,0,0
"CMTM6",1978,2055,2238,2369,2327,2681,2914,2662,2512,2601,2627,2703
"ITGA6",9208,9601,11533,13424,13919,17498,12633,10133,9594,9543,9132,11313
"RAPGEF4",232,185,261,336,415,555,268,268,204,246,259,260
"MAP3K20",974,1010,1148,1071,1103,1256,1518,1281,1297,1227,1147,1472
"SMPX",0,0,0,1,0,0,0,0,0,0,0,0
"FH",1728,1611,1642,2395,2215,2313,2346,2273,2102,2178,2327,2126
"SEL1L3",2217,2196,2776,2906,3157,3933,2892,2494,2367,2508,2448,2798
"TF",2,1,2,1,0,1,1,5,1,2,1,2
"CDV3",9982,9245,9810,12652,12179,13111,12419,9955,10026,10589,11086,10367
"MYO15A",9,8,10,5,6,2,8,2,4,9,5,3
"ALKBH5",1261,1128,1126,1361,1364,1416,1612,1292,1348,1424,1652,1369
"APOH",0,0,0,0,0,0,0,1,0,0,0,0
"NLRP1",1874,1823,1954,1376,1364,1414,2224,1959,1635,1754,1524,1503
"PITPNM3",142,169,158,188,167,192,252,190,182,180,176,166
"SPAG7",1405,1204,1311,1359,1352,1441,1894,2127,1876,1738,2039,1783
"ORC6",649,523,498,632,559,549,767,649,657,748,879,697
"ZFHX4",36,30,36,44,35,37,46,18,25,36,36,36
"SLC17A6",0,0,0,0,0,0,0,0,0,0,0,0
"CPA1",0,0,0,0,0,0,0,0,0,0,0,0
"ZC3HC1",813,720,727,796,745,697,986,873,931,944,981,785
"ESR1",0,4,2,1,0,0,1,2,0,2,0,0
"RGS17",81,69,68,64,69,55,96,59,83,94,74,95
"ANGPT2",912,718,785,1596,1544,1940,2051,1355,1520,1397,1647,1630
"TMEM101",704,606,617,714,650,729,772,823,814,708,827,646
"CD200",78,74,109,316,374,598,121,126,96,111,138,117
"CCDC80",1186,1225,1810,1694,2036,3019,1475,1744,1325,1326,1295,1501
"CMA1",0,0,0,0,0,0,0,0,0,0,0,0
"PSME1",4572,3922,4053,4511,4204,4383,5373,5303,4561,5025,5850,4112
"PPP2R3C",1003,849,912,970,963,958,1022,1013,943,969,1103,1001
"HAUS4",331,299,357,336,312,358,423,549,439,470,454,441
"JPH4",2,0,2,2,1,0,1,3,2,2,0,0
"MYH7",1,0,0,1,1,0,1,0,0,0,0,0
"CEBPE",0,0,0,0,0,0,0,0,0,0,0,0
"SLC7A8",41,46,58,37,53,58,48,48,43,53,38,44
"OSGEP",665,620,615,735,718,714,741,801,747,713,738,575
"SLC22A17",9,8,10,15,12,12,14,17,8,7,14,11
"RNF31",225,244,228,143,190,147,235,201,175,180,149,129
"SCFD1",1467,1388,1373,1690,1561,1503,1474,1249,1240,1328,1473,1291
"G2E3",563,630,635,594,534,657,812,671,692,777,752,834
"HECTD1",3988,3720,4392,4315,4045,4585,5198,3590,3607,3557,3229,4056
"HNRNPC",11790,10099,10984,12206,11508,12396,14648,14768,14429,13803,14435,13329
"RPGRIP1",0,0,0,0,0,1,0,0,0,0,0,2
"SUPT16H",4395,4070,4429,4344,4065,4267,5284,4098,4175,4258,4268,4247
"TOX4",1934,1866,1971,2219,2063,2109,2279,1858,1817,2047,2157,1799
"GEMIN2",212,160,209,221,195,230,325,334,319,305,308,294
"TGM1",106,119,122,110,93,93,142,128,108,116,102,120
"TINF2",1143,919,1056,1259,1131,1195,1323,1215,1119,1177,1368,1181
"DAZL",0,0,0,0,0,0,0,0,0,0,0,0
"TBL1Y",0,0,0,0,0,0,0,0,0,0,0,0
"SEMA6A",15,19,27,7,5,9,19,24,13,13,19,18
"TRPM7",1418,1461,1600,1825,1571,1718,1808,1286,1317,1379,1353,1486
"TYRO3",339,316,333,338,331,345,415,335,428,373,385,337
"WDR76",222,225,187,251,219,161,375,253,289,320,317,302
"CAPN3",16,26,19,13,11,10,14,12,10,9,11,11
"SNAP23",3473,3484,3990,3813,3735,4535,4273,3874,3564,3870,3977,4041
"TBX15",2,0,1,0,1,0,0,1,0,0,3,0
"PHGDH",254,223,274,325,385,550,333,474,368,343,343,385
"COL9A3",34,26,33,26,30,28,22,33,25,26,10,12
"EZR",5638,5407,5211,5402,4758,5051,7170,5893,5558,5777,6084,5274
"MYL6",32881,27229,28696,32793,30452,31921,36762,51571,41038,36497,43104,32952
"AGO1",787,744,872,774,772,912,1149,826,839,839,786,973
"TEKT2",2,4,3,2,6,1,2,2,1,0,4,2
"CLSPN",777,700,646,743,621,617,921,570,595,672,648,566
"RFFL",333,273,261,280,254,205,388,264,270,319,325,256
"UNC13D",156,160,175,113,173,140,193,199,138,160,119,141
"MFSD11",439,407,429,441,449,402,572,444,510,465,554,434
"DPYSL2",1535,1453,1747,1146,1059,1376,2318,2272,1937,1768,1766,1814
"TGFB2",202,202,237,257,283,397,689,532,547,455,481,550
"GPATCH2",274,294,289,364,302,323,374,295,255,324,305,300
"NUP50",1725,1746,1834,1913,1673,1909,2570,1952,2059,1966,2169,2289
"CDC45",650,531,586,696,695,734,928,916,789,818,880,796
"COMT",3883,3353,3773,3573,3568,3854,4744,4838,4444,4323,5007,3794
"ADA2",264,244,336,233,224,310,315,259,197,264,254,257
"ECHDC1",783,709,828,847,721,846,951,915,873,874,943,941
"LRRFIP2",3408,3087,3142,3914,3480,3588,3989,3334,3518,3612,3722,3161
"SEC22C",1466,1523,1608,1587,1623,1813,1829,1505,1627,1601,1528,1575
"XYLB",82,91,98,103,77,87,110,75,67,88,79,70
"HDAC6",755,787,852,764,715,803,988,937,759,868,734,817
"OR1I1",0,0,0,0,0,0,0,1,0,0,0,0
"GABRP",9,12,16,6,8,8,7,8,8,10,11,15
"KRT31",0,0,0,0,0,0,0,0,0,0,0,0
"CDC6",1149,979,891,1886,1909,1839,1193,828,984,1021,1117,889
"UPRT",200,203,185,216,196,269,261,209,202,236,228,239
"CDC23",1083,1088,1080,1144,1078,1168,1235,1048,926,1028,1027,1054
"AAAS",901,842,941,873,900,1022,1293,1331,1156,1153,1133,1097
"CBX5",1275,1179,1430,1222,1110,1486,1608,1483,1261,1225,1236,1431
"FMO2",0,1,0,0,0,0,0,0,0,0,0,0
"SUCO",1545,1583,1600,2170,2108,2338,1983,1448,1339,1553,1550,1722
"MSH2",887,830,840,1177,1135,1394,1382,996,1095,1207,1185,1199
"MAP3K1",322,286,336,327,279,323,422,257,261,259,281,284
"DHPS",286,268,290,238,228,271,378,454,307,321,311,273
"HOOK2",259,264,276,183,202,218,303,326,231,257,260,206
"NXPE1",0,0,0,0,0,0,0,0,0,0,0,0
"ARCN1",7564,7567,8554,9665,9483,11042,10244,7645,7420,8423,8055,8555
"EPB41L4B",4,9,10,6,9,9,4,7,5,7,3,4
"TMEM38B",170,167,142,222,172,174,205,173,183,178,216,191
"PSMD5",1384,1328,1303,1477,1338,1454,1551,1205,1229,1410,1346,1419
"PTGS1",3466,3637,4524,3155,3332,3809,5873,5027,4352,4570,4603,4143
"NUP188",3158,3118,3096,3378,3195,3320,3630,2649,2581,2916,2490,2670
"CRAT",1025,919,1111,1037,981,1177,1236,1293,1080,1126,1062,1104
"SH2D3C",2224,2038,2243,1838,1832,2142,2447,2314,2002,2082,2129,2160
"NANS",1697,1471,1530,2359,2211,2527,1912,2220,1875,1894,2325,1707
"TBC1D2",479,456,408,491,415,362,666,384,477,497,498,365
"WHRN",73,72,69,83,74,86,117,76,62,82,84,62
"PDE6C",0,0,0,0,0,0,1,0,0,0,0,0
"CWF19L1",596,539,547,590,544,588,690,729,600,650,727,586
"SEMA4G",47,46,51,33,43,41,36,56,38,38,37,45
"BTAF1",1299,1310,1453,1487,1516,1518,1554,1059,933,1165,922,1104
"IKZF5",513,510,466,553,512,469,547,394,373,487,498,422
"BLNK",1,0,0,0,2,0,2,0,0,0,0,0
"TLL2",13,9,11,26,15,9,16,3,12,14,16,6
"CYP26A1",21,10,16,8,14,8,10,7,10,9,3,6
"TDRD1",3,3,2,1,3,2,1,1,2,2,2,1
"SORBS1",116,132,156,268,335,392,235,187,178,160,150,183
"CRTAC1",97,73,77,89,83,76,110,137,101,107,80,124
"BAMBI",272,242,173,286,194,151,237,156,196,261,273,150
"IL11",23,18,10,38,30,7,24,9,11,18,35,12
"MYO3A",0,0,0,0,0,0,0,0,0,0,0,0
"WAC",3696,3514,3424,4132,3593,3779,3731,2892,2742,3328,3236,3312
"CREM",617,558,507,1180,1178,1510,911,750,819,746,915,742
"NUBP2",1316,998,1076,1251,1179,1367,1472,1691,1638,1515,1589,1260
"TPSD1",0,0,0,0,0,0,0,0,0,0,0,0
"SMIM24",0,0,2,0,0,0,2,1,2,0,0,0
"HIVEP1",1163,1015,1101,1015,854,888,1321,840,771,786,753,873
"TREM2",0,0,0,0,0,0,0,0,0,0,0,0
"KCNK16",0,0,0,0,0,0,0,0,0,0,0,0
"CRISP3",0,0,0,0,0,0,0,0,0,0,0,0
"FKBP5",2635,2318,2503,2985,2907,3084,3462,2411,2462,2791,2793,2702
"SRPK1",1590,1417,1580,1638,1494,1714,2105,1678,1633,1768,1687,1763
"BRPF3",2020,1870,1979,2438,2194,2511,2219,1496,1630,1783,1707,1646
"MRPS18A",709,613,626,726,669,725,876,899,736,794,980,754
"PGC",0,0,0,0,0,0,0,0,0,0,0,0
"TMEM14A",205,192,182,203,184,228,143,138,143,125,126,146
"EFHC1",338,278,311,290,291,336,293,383,256,249,241,280
"NCR2",0,0,0,0,0,0,0,0,0,0,0,0
"HSP90AB1",41925,37025,39761,41023,38261,39365,54123,48004,45581,48252,47827,40984
"MLN",0,0,0,0,0,0,0,0,0,0,0,0
"CDC5L",1733,1552,1703,1768,1727,1751,2277,1777,1693,2009,2026,1914
"ITPR3",10369,9967,9773,10982,9327,8195,10068,6220,6540,7408,6994,6054
"ZNF184",147,158,147,146,142,183,227,160,165,172,150,204
"DSP",48,51,21,41,29,16,20,6,7,16,16,7
"SIRT1",655,625,519,702,660,657,790,541,597,750,659,635
"HNRNPH3",4514,3918,4177,4243,4112,4235,5864,5919,5067,5407,5339,5233
"IFT74",268,282,278,263,273,297,337,344,247,323,331,322
"JAK2",502,563,520,490,519,475,596,400,404,416,487,433
"IL12RB1",5,5,1,6,4,2,4,3,3,8,6,4
"ABL1",4197,3718,3826,3980,3651,3826,5263,3414,3907,3989,3855,3919
"ACOT7",2148,1876,1868,2279,1993,2103,2379,2138,1981,2225,2455,1899
"SH3GLB1",5234,5098,5523,5694,5416,6389,6408,5785,5310,5724,6124,6192
"CDC7",161,147,154,156,131,160,282,235,210,258,251,263
"SYDE2",27,22,43,18,35,43,60,39,33,40,46,43
"PCSK5",220,209,257,222,237,250,281,256,202,236,192,249
"SCD",12061,13773,19039,10058,10755,13489,16207,15731,12601,13294,12545,14239
"TMED1",742,614,671,712,719,796,1022,1049,912,866,1021,824
"ABLIM1",2881,3058,4276,2997,3258,4763,4043,3706,3022,3136,2792,3954
"ERMP1",629,598,733,672,682,857,742,619,629,572,586,703
"RAB18",2047,2008,2281,2553,2652,2987,2103,1862,1662,1721,2040,1927
"NRP1",8404,7885,9356,9605,10080,11727,10620,8195,7424,8026,7755,8382
"PRTFDC1",189,202,260,189,200,230,249,241,198,238,265,261
"PALMD",3796,3565,4191,3519,3591,4337,5638,4938,4214,4755,4825,4876
"TSPAN15",482,398,527,239,225,321,556,696,500,494,523,528
"MACROH2A2",0,0,0,0,1,1,0,0,1,0,1,0
"WASHC2A",1636,1602,1498,1569,1468,1261,1716,1341,1250,1477,1389,1253
"MAST3",120,115,138,86,91,74,136,120,96,108,99,105
"MZF1",360,370,349,240,275,289,377,463,245,353,255,264
"OCEL1",74,78,84,69,79,81,113,141,99,96,105,85
"MYO9B",5310,4962,5227,5392,5069,5485,6739,4853,4673,4985,4825,4722
"KCNK6",384,418,564,658,685,851,569,695,493,537,531,527
"CATSPERG",13,6,9,16,8,1,11,10,7,4,7,8
"PSMD8",4640,3849,3914,5141,4542,4622,4967,4432,4324,4664,5401,4430
"FBXL19",1629,1528,1706,1515,1560,1798,2238,2281,2084,2005,1991,2003
"STX1B",16,23,10,17,13,5,13,12,9,13,15,4
"HSD3B7",70,70,61,57,65,58,69,76,43,59,50,43
"SETD1A",1371,1343,1319,1355,1263,1396,1613,1346,1249,1318,1172,1291
"BCL7C",836,755,889,853,810,930,1058,1406,1088,1021,1174,1070
"MAGEB2",0,0,0,0,2,0,0,0,0,0,0,0
"EFNA2",7,8,1,11,5,2,9,5,4,8,2,3
"CIRBP",3471,2979,3177,3059,3026,2908,4634,5520,4124,4316,4279,3841
"ATP5F1D",2328,1786,2160,2265,2124,2426,2886,3630,2957,2798,3073,2447
"CBARP",643,570,475,772,684,520,656,518,519,602,593,449
"PCDH11X",0,0,0,0,1,0,2,0,0,0,0,0
"AMELY",0,0,0,0,0,0,0,0,0,0,0,0
"IGFALS",1,1,3,3,0,0,0,2,2,0,0,1
"HNRNPM",11451,9475,10313,10827,10622,11528,14845,16502,14012,13481,14280,12889
"MARCHF2",831,822,945,830,898,1094,994,1114,885,905,1071,971
"NDUFB7",1599,1318,1493,1590,1588,1738,1915,2490,2235,1846,2242,1785
"TECR",959,879,1103,931,975,1149,1278,1367,1186,1224,1370,1254
"TIMM13",1864,1517,1642,1974,1747,2020,2391,3017,2589,2175,2755,2109
"CDC34",2699,2252,2568,2621,2581,2799,3323,3850,3285,3237,3561,3019
"MTAP",826,760,787,1017,906,907,1335,1067,1091,1111,1213,1091
"MISP",0,3,3,1,2,2,1,1,0,5,2,1
"CEP170B",3385,3102,3163,3359,3063,3166,3531,2888,2920,2938,2567,2643
"POLR2E",5144,4624,5342,5468,4948,5573,6213,6306,5329,5662,6469,5580
"POLRMT",1297,1104,1189,1238,1154,1154,1741,1596,1530,1452,1464,1258
"HCN2",61,53,40,36,43,57,48,52,42,47,49,39
"CDHR5",0,0,0,0,2,0,0,0,0,0,0,0
"IZUMO4",6,10,11,9,9,9,8,11,6,9,11,9
"RASSF7",416,320,409,339,317,351,522,668,515,483,543,474
"GADD45B",3116,2499,1792,2890,2140,1543,2836,2792,2739,2997,3792,2109
"PALM",100,107,149,131,114,163,130,143,102,113,119,108
"MADCAM1",8,12,6,10,9,7,17,11,12,8,17,12
"MKNK2",2417,2341,2615,2011,2009,2306,3114,2790,2714,2663,2670,2690
"ARVCF",2211,2269,2555,1525,1541,1711,2612,3496,2597,2581,2238,2468
"TRMT2A",447,391,447,454,448,574,610,673,552,524,451,539
"RANBP1",3222,2685,2701,3223,2902,3029,4237,4447,4103,3954,4554,3777
"ZDHHC8",1683,1701,1777,1555,1581,1722,1908,1984,1674,1713,1368,1553
"KLHL22",432,375,406,428,412,460,459,514,410,466,461,436
"MED15",4061,3527,3563,3728,3315,3282,3744,3173,2813,3297,3227,2836
"SERPIND1",567,394,377,792,543,409,350,190,272,338,384,229
"SNAP29",1074,1020,959,1164,1053,1146,1271,1035,1047,1168,1193,1002
"CRKL",1739,1634,1621,1779,1586,1717,2162,1638,1751,1864,1741,1686
"LZTR1",617,532,596,549,543,488,782,713,580,594,594,526
"MMP11",57,46,62,51,67,71,74,71,68,50,54,61
"CECR2",26,28,36,27,24,29,48,38,26,22,39,29
"SMARCB1",2077,1833,2162,2306,2322,2533,2922,2904,2672,2647,2820,2560
"P2RX6",2,1,2,7,1,1,2,2,1,0,4,5
"DERL3",16,19,16,234,328,405,28,18,19,49,26,59
"SLC7A4",0,0,0,0,0,0,0,0,0,0,0,0
"BCL2L13",2778,2553,2511,2847,2588,2247,2812,2187,2304,2609,2860,2062
"DDTL",2,0,1,1,1,2,1,0,0,0,3,0
"DDT",26,22,28,24,24,22,15,37,33,33,38,36
"GSTT2",1,1,1,1,3,2,0,3,0,1,4,3
"OSM",0,4,0,1,0,0,0,3,1,0,2,0
"CABIN1",1775,1723,1901,1846,1802,1965,2235,1773,1736,1711,1715,1703
"TBC1D10A",262,258,252,275,261,260,286,276,250,257,265,228
"SUSD2",20,22,21,22,16,14,7,7,9,5,8,10
"SF3A1",3340,3049,3211,3649,3289,3304,4075,3309,3175,3509,3299,3136
"GGT5",628,586,582,547,533,505,762,816,600,655,692,562
"RNF215",308,320,370,290,332,370,510,603,422,412,404,440
"SEC14L2",423,327,384,513,534,568,638,499,455,491,475,424
"SEC14L3",0,0,0,0,0,0,0,0,0,0,0,0
"SPECC1L",1134,1000,1125,1061,1032,1256,1280,1116,1048,1077,1109,1038
"PPIL2",628,612,712,601,564,762,1003,938,728,840,693,784
"UPB1",0,1,3,6,2,3,0,2,0,3,0,1
"YPEL1",140,143,175,68,84,134,163,232,146,171,146,238
"SNRPD3",914,839,917,960,876,1028,1127,1173,1016,1012,1131,1066
"PES1",4918,4069,4115,4993,4625,4435,5763,5274,5101,5368,5775,4451
"MAPK1",4338,4145,4617,4459,4297,4783,5524,4392,4307,4376,4624,4877
"GGT1",4,4,2,2,6,5,6,4,4,9,2,3
"PRODH",0,0,0,0,1,0,0,0,0,0,0,0
"PPM1F",6058,5449,6685,5574,5518,6491,9083,8286,8302,7508,7564,7419
"SLC35E4",829,725,782,950,788,737,1069,900,990,827,971,778
"TOP3B",797,722,751,732,722,750,896,821,833,798,846,709
"CRYBB3",19,21,13,17,10,7,8,5,11,8,4,5
"CYTH4",3,12,3,12,7,0,4,1,2,5,4,3
"ESS2",880,804,786,978,812,871,1046,894,935,936,1019,821
"MFNG",5944,4995,5632,5179,4862,5583,6413,6572,6228,5999,6602,5898
"CARD10",1290,1267,1549,1040,975,1116,1713,1662,1498,1412,1379,1340
"SLC25A1",1892,1752,2214,1739,1753,2086,2302,2935,2323,2305,2400,2229
"GRK3",21,19,22,18,28,36,32,15,27,21,24,19
"PLA2G3",3,4,8,2,8,8,4,6,3,1,5,10
"LGALS2",0,0,0,0,0,0,0,1,0,0,0,0
"GGA1",1335,1224,1264,1256,1230,1258,1436,1478,1254,1363,1406,1146
"HIRA",915,820,784,956,793,842,856,718,644,801,986,741
"SH3BP1",34,18,19,22,16,19,22,19,10,21,10,11
"SEZ6L",2,0,3,2,2,1,1,0,1,0,1,0
"LGALS1",23466,19509,21840,23356,22491,26226,25737,33600,27289,25283,29873,26383
"HPS4",904,791,848,808,663,716,1071,900,828,897,888,867
"PIK3IP1",202,185,209,125,129,126,150,176,123,144,143,105
"SRRD",813,719,722,845,709,794,1014,960,870,948,972,816
"PATZ1",571,510,552,513,444,539,774,642,676,686,708,666
"TRIOBP",4587,4354,4761,4673,4263,4904,5905,5332,4924,5130,5293,4969
"TFIP11",1578,1418,1354,1731,1517,1539,1893,1561,1431,1684,1675,1334
"GCAT",443,345,432,457,459,536,467,573,434,421,500,479
"GGTLC2",0,0,0,0,0,0,0,0,0,0,0,0
"CRYBB1",0,0,0,0,0,0,0,1,0,0,0,0
"ANKRD54",772,633,791,866,778,806,937,857,869,876,921,798
"EIF3L",3639,3553,4080,4005,3778,4681,4435,4299,3920,4108,4116,4636
"SNU13",2303,1877,1966,2610,2310,2394,2799,2702,2369,2586,3158,2473
"MICALL1",2134,1961,2108,2109,1918,2008,2730,2173,2258,2300,2317,2171
"POLR2F",1140,937,933,1208,1097,1163,1422,1729,1492,1362,1587,1343
"SOX10",1,0,0,0,0,0,0,0,0,0,0,0
"CCDC134",147,145,135,173,160,160,154,119,136,150,130,117
"DEPDC5",384,334,393,355,376,365,440,379,347,357,397,344
"PICK1",288,263,335,334,320,339,412,446,402,378,397,355
"TTC28",626,707,929,695,670,834,839,557,459,490,455,624
"SLC16A8",1,1,0,1,1,1,0,5,1,1,2,1
"CENPM",315,244,278,292,285,290,355,483,447,384,408,392
"SEPTIN3",1,0,1,0,1,1,2,0,2,2,0,2
"SLC5A1",0,0,0,0,0,0,0,0,0,0,0,0
"SLC5A4",5,11,9,7,7,12,7,15,6,6,4,6
"KDELR3",458,475,552,732,666,754,568,458,480,512,538,570
"CYP2D6",4,7,2,3,3,1,2,3,2,0,1,0
"DDX17",6405,6459,7650,5258,5809,6147,8922,7492,6527,7268,5909,7080
"DMC1",6,3,2,12,6,6,6,8,8,9,10,7
"TCF20",1117,1050,1297,945,875,927,1378,958,971,1019,979,1045
"HSCB",348,307,320,399,357,382,360,424,390,356,412,368
"CBY1",535,462,521,625,574,592,624,797,685,634,699,624
"TOMM22",1657,1411,1494,1787,1535,1829,2094,2386,2121,2003,2360,2129
"RSPH14",0,0,0,0,0,0,1,0,2,0,0,0
"XBP1",3574,2973,3163,4821,4493,4855,4339,3792,4093,4021,4482,3325
"RTCB",2719,2370,2636,2904,2636,2821,3889,3719,3650,3567,3827,3280
"JOSD1",2788,2667,2900,4592,4305,4720,3681,2856,2825,3172,3344,3121
"FBXO7",2130,1994,2229,2174,2066,2380,2590,2418,2272,2399,2517,2265
"GTPBP1",2515,2438,2305,2779,2761,2535,2438,1555,1666,2095,2113,1425
"POLDIP3",2728,2453,2754,2650,2564,2626,3246,2799,2853,2952,2987,2733
"RAB36",55,44,51,89,88,90,60,48,41,63,44,50
"TIMP3",6,10,5,9,4,6,12,12,8,3,7,11
"PPP6R2",1936,1735,1917,1787,1847,1964,2251,2208,1954,1974,2131,1840
"SBF1",3292,2978,3299,3514,3343,3799,4451,3609,3805,3752,3714,3586
"SUN2",3368,3271,3946,3385,3341,4215,5158,5644,5019,4926,4901,5004
"CYB5R3",7160,6407,7643,7804,7538,8849,8257,7345,6893,7305,7905,7133
"DNAL4",223,215,236,242,222,274,282,302,260,288,315,289
"C22orf31",0,0,0,0,0,0,0,0,0,0,0,0
"MIOX",0,0,0,0,0,0,0,0,0,1,0,0
"LMF2",2453,2195,2189,2296,2129,2142,2775,2394,2382,2425,2394,2015
"RHBDD3",1044,873,813,959,845,876,916,1010,892,890,1035,753
"PACSIN2",2350,2192,2282,3147,3197,3762,2864,2414,2324,2501,2424,2458
"TTLL1",140,124,171,125,138,146,155,175,183,165,179,172
"RASL10A",5,10,5,8,8,6,12,8,14,8,1,5
"AP1B1",4894,4399,5125,4409,4448,4964,5834,5170,4389,4817,5068,4721
"HMGXB4",620,555,604,788,703,766,802,657,671,730,768,727
"TOM1",1306,1125,1238,1388,1265,1349,1380,1487,1305,1351,1426,1249
"NEFH",256,242,216,249,222,221,323,219,191,241,272,199
"CHKB",114,141,133,99,113,87,167,213,164,171,98,106
"BIK",1,2,2,7,0,3,4,2,1,3,0,0
"HMOX1",36653,25652,23828,31487,25157,24260,21730,13558,19743,21066,24841,17744
"MCAT",401,335,367,424,446,433,526,471,469,450,528,414
"THOC5",1005,929,1044,961,990,1119,1375,1384,1260,1302,1302,1155
"MCM5",2103,1727,1909,2018,1748,1916,2713,2239,2314,2443,2468,2212
"APOBEC3H",1,1,3,0,0,1,4,0,0,4,2,1
"ARSA",372,348,441,288,332,360,558,609,432,427,460,372
"TSPO",4688,3928,4343,4714,4598,5276,5601,6702,5479,5285,6315,4795
"RASD2",1,0,1,1,0,0,3,0,1,0,3,0
"TTLL12",2056,1755,1788,2690,2363,2476,2263,1677,1908,1842,1996,1793
"CBX7",110,93,102,64,97,134,125,118,94,108,94,104
"PDGFB",4103,3952,4882,4755,4809,5741,5909,6371,5321,5124,5149,5404
"ACR",39,43,25,25,37,19,33,36,23,26,32,28
"CABP7",0,0,0,1,0,1,1,1,0,1,1,0
"RPL3",31809,28493,33098,33867,32986,39789,40526,48717,42101,39975,45050,42495
"ZMAT5",348,290,353,368,351,377,473,472,437,410,473,395
"RBFOX2",3469,3463,4166,3488,3641,4444,5641,4424,4254,4534,4384,5068
"SYNGR1",18,19,14,21,15,21,37,32,9,19,19,19
"TAB1",825,794,762,748,703,767,896,851,810,870,967,823
"ASCC2",1988,1766,1761,2259,2039,1928,2375,1874,1729,2004,2107,1796
"MTMR3",1325,1246,1331,1199,1090,1163,1497,1109,1155,1156,1173,1069
"MIEF1",1288,1244,1174,1453,1290,1328,1909,1324,1544,1542,1559,1330
"APOL4",14,16,28,7,12,15,17,27,19,27,14,25
"PNPLA5",0,0,0,0,0,0,0,0,0,0,0,0
"APOL1",4747,4143,4335,3942,4076,3268,5345,3048,2930,4043,4929,2351
"PNPLA3",24,32,44,20,14,23,23,30,27,28,25,33
"MYH9",53839,50796,51899,45133,44657,50661,65404,55926,45374,47849,42151,46893
"CACNA1I",1,5,0,2,4,1,2,0,2,2,2,0
"SAMM50",1124,1023,1176,1210,1214,1264,1398,1580,1376,1334,1314,1314
"TXN2",1758,1356,1655,1872,1790,2014,2302,2624,2219,2102,2477,1984
"FOXRED2",754,728,847,689,704,871,843,668,666,684,672,800
"GRAP2",0,0,1,0,1,0,1,0,0,2,0,0
"EIF3D",6655,6003,6017,7076,6218,6528,7671,6791,6524,7045,7858,6396
"TNRC6B",763,784,824,811,728,863,783,514,455,576,541,600
"SGSM3",301,250,267,247,323,261,347,427,249,264,230,230
"IFT27",376,320,384,278,348,322,497,570,465,433,374,386
"PVALB",0,0,0,0,0,0,0,0,0,0,0,0
"KIAA0930",1927,1729,1874,1706,1686,1851,2341,2156,2079,1882,2070,1902
"NCF4",4,0,2,4,2,4,2,4,0,2,1,0
"CSF2RB",1268,1305,1547,1986,2004,2616,2265,1717,1567,1626,1727,1675
"SLC25A17",470,453,467,518,460,508,630,607,583,671,687,626
"UPK3A",0,0,0,1,0,0,0,0,0,0,0,0
"FAM118A",304,281,333,253,255,269,401,401,358,321,352,322
"KCTD17",1033,882,1058,986,960,1100,1406,1377,1239,1155,1236,1133
"ST13",5099,4461,5040,5180,4921,5624,6476,6268,5675,5981,6344,5954
"IL2RB",8,4,4,4,0,7,10,1,4,3,4,1
"RBX1",1465,1375,1352,1544,1357,1599,1888,2321,2030,1776,2051,1768
"EP300",2455,2318,2473,2505,2139,2501,2508,1596,1273,1628,1523,1828
"L3MBTL2",2245,1982,2007,2262,2048,1921,2700,2209,2345,2310,2405,1861
"CHADL",20,11,20,10,14,9,15,25,16,14,15,15
"RANGAP1",8347,7156,7944,7310,6898,7552,10417,11233,10028,9898,10145,8518
"ZC3H7B",8634,8230,8815,8244,7320,7769,10788,8778,8700,9022,8988,8154
"PHF5A",783,703,663,873,854,762,967,904,966,948,1036,917
"ACO2",2908,2654,2860,3233,2988,3222,3287,3057,2612,3048,3076,2823
"POLR3H",1285,1094,1220,1218,1206,1257,1913,1655,1710,1614,1634,1472
"TRMU",1191,1041,1051,1118,1009,1021,1364,1430,1322,1380,1276,1150
"PMM1",246,199,233,194,195,185,297,349,275,257,245,195
"DESI1",2398,2043,1984,2525,2298,2382,2482,1972,1908,2194,2270,1949
"CERK",2610,2363,2752,2704,2715,3635,3661,3722,3332,3010,3073,3849
"BRD1",1138,1073,1054,1165,1133,1107,1331,1146,1117,1124,1140,1133
"ZBED4",795,700,693,766,764,840,1224,917,1014,1022,958,1114
"MLC1",0,0,0,0,1,0,2,2,0,1,0,0
"HDAC10",505,512,518,348,331,300,541,691,448,493,346,311
"KCNK10",0,0,0,2,0,0,0,0,0,0,0,0
"ABHD4",1360,1469,1684,1957,1950,2431,1405,1332,1142,1285,1214,1285
"KHNYN",2216,2122,2263,1680,1509,1710,3278,2747,2662,2655,2578,2445
"FKBP3",1771,1528,1725,1736,1656,1772,1997,2492,1954,2020,2342,2046
"SDR39U1",231,237,227,196,233,239,323,423,276,275,231,272
"CTSG",0,0,0,0,0,0,0,0,0,0,0,0
"GZMH",0,0,0,0,0,0,0,0,0,0,0,0
"GZMB",0,0,0,0,0,0,0,0,0,0,0,0
"RBM23",1462,1434,1573,1674,1720,2057,2045,2012,1788,1763,2025,1815
"PRMT5",2418,2102,2159,2575,2493,2657,3097,2408,2732,2708,2860,2431
"COCH",2,1,13,12,6,6,7,7,4,7,7,5
"AP4S1",240,215,248,205,237,268,262,269,201,243,278,240
"POLE2",161,156,146,162,135,175,227,166,174,183,249,219
"VCPKMT",207,172,169,203,189,167,205,215,177,249,203,158
"SOS2",658,712,787,742,720,868,972,788,713,756,743,853
"CDKL1",231,211,251,207,193,187,228,187,155,160,256,196
"NIN",2333,2313,2817,2355,2372,3052,3230,2539,2286,2126,2033,2754
"PYGL",1048,927,1048,1003,960,1088,1481,1287,1194,1257,1265,1228
"TRIM9",2,0,0,3,0,0,0,1,0,0,0,0
"PSMC6",1861,1705,1694,2045,1890,1843,2452,2360,2221,2332,2562,2060
"GNPNAT1",1511,1370,1473,2097,1994,2248,1986,1640,1681,1760,1865,1845
"DDHD1",367,311,399,395,352,451,497,379,339,370,372,459
"CDKN3",500,426,537,481,518,582,730,799,681,687,788,776
"CNIH1",1847,1715,1801,2121,2063,2261,2347,2206,2057,2235,2397,2333
"CGRRF1",280,289,264,324,315,278,309,282,273,314,340,267
"ATP6V1D",1803,1669,1491,2095,1849,1713,1957,1971,1925,2030,2334,1874
"CCDC198",0,0,0,0,0,0,0,0,0,0,0,0
"PLEK2",75,74,69,68,56,46,112,57,98,71,76,71
"PIGH",182,133,147,211,164,179,262,186,211,188,227,197
"LRRC74A",0,0,0,0,0,0,0,0,0,0,0,0
"PSMA3",3674,3301,3253,3926,3776,3709,4347,4637,4085,4369,4977,3798
"VTI1B",1915,1828,2174,2015,1992,2485,2515,2581,2310,2328,2497,2569
"TIMM9",481,354,365,470,423,435,502,487,440,471,549,487
"GSTZ1",231,158,224,170,185,202,268,400,267,259,323,277
"KIAA0586",785,670,753,815,657,675,885,648,605,644,645,616
"TMED8",478,465,485,543,486,591,429,297,311,333,285,356
"SAMD15",15,12,24,23,13,14,26,29,15,19,12,21
"AHSA1",3292,2828,3002,3608,3184,3367,4096,3618,3585,3848,4118,3281
"DAAM1",649,514,516,660,563,574,776,535,530,579,541,551
"ISM2",2,2,0,0,2,0,1,0,0,0,0,0
"SPTLC2",2684,2750,3209,2494,2619,2863,4190,3058,2951,3014,3322,3266
"RIN3",468,422,562,416,370,471,641,506,458,498,398,465
"LGMN",4185,3454,3472,4027,3808,3344,4842,3353,3391,4020,4705,2922
"ALKBH1",423,339,339,487,380,394,441,352,349,390,455,404
"SNW1",2824,2513,2625,2973,2800,2712,3298,3040,2953,3175,3333,2935
"CHGA",1,0,0,0,4,1,0,0,0,0,0,0
"ITPK1",1251,1138,1443,1411,1367,1665,1573,1583,1410,1456,1483,1483
"DHRS7",786,624,661,788,793,787,865,865,846,787,922,726
"PPM1A",660,644,666,602,595,735,950,834,790,837,856,885
"SIX4",126,146,138,161,167,188,116,66,72,79,75,100
"GALNT16",8,5,4,4,12,6,8,6,6,10,4,10
"ASB2",0,1,0,0,0,0,0,0,0,0,0,0
"CEP128",313,308,307,321,291,377,315,202,198,216,206,259
"ERH",2762,2422,2470,2768,2660,3006,3464,3627,3203,3404,3955,3614
"HIF1A",4911,4755,5504,6853,7172,8683,6344,4783,4487,5157,5023,5630
"SUSD6",843,754,806,1010,1052,1185,950,724,706,812,767,726
"SRSF5",4014,3999,3934,3342,3445,3264,4615,5331,4506,4450,3781,3863
"SLC10A1",0,0,0,0,0,0,0,0,0,0,0,0
"EIF5",10802,10326,10138,12189,10998,10809,12914,11490,10868,11907,12711,11363
"SERPINA4",0,0,0,0,0,0,0,0,0,0,0,0
"SLC8A3",2,3,0,4,2,0,3,1,0,1,1,0
"DICER1",1078,1054,1192,1050,970,1180,1175,765,791,723,705,923
"ZFYVE21",1191,1092,1189,1026,959,1028,1508,1566,1412,1364,1444,1360
"MTHFD1",2505,2216,2321,2495,2241,2266,3135,2230,2253,2620,2520,2450
"TCL1A",0,0,0,0,0,0,0,0,0,0,0,0
"ZC3H14",1421,1367,1418,1383,1324,1399,1815,1418,1426,1561,1552,1553
"TELO2",939,857,878,995,856,927,1192,1248,1065,1132,1005,961
"PCNX1",1172,1195,1319,999,1038,1289,1356,1017,910,1008,981,1108
"BDKRB1",0,1,0,0,1,0,0,0,0,0,0,0
"GSKIP",516,486,505,567,574,647,648,586,560,591,611,654
"VRK1",657,585,661,646,655,665,982,852,900,940,987,828
"PSMC1",1679,1481,1491,1789,1534,1606,1981,1847,1691,1816,2072,1663
"PAPLN",97,104,102,99,106,106,92,96,71,93,76,72
"RPS6KA5",105,104,148,61,58,71,102,115,76,86,65,81
"PPP4R3A",2604,2470,2522,2640,2468,2615,3249,2495,2499,2800,2690,2600
"C14orf93",136,110,115,112,117,126,121,133,132,142,146,135
"PSMB5",4577,4080,4300,4920,4620,4782,5684,6448,5694,5360,6033,4866
"YY1",3387,3119,3403,3460,3281,3454,4155,3600,3575,3633,3874,3624
"ACIN1",7571,6819,7152,6672,6033,6220,8366,7468,6578,7473,7456,6860
"CCNB1IP1",509,492,474,599,528,583,635,615,530,604,632,618
"TRIP11",1418,1376,1559,1532,1455,1577,1610,1171,1110,1232,1218,1303
"APEX1",4038,3439,3850,4222,4015,4862,4770,5258,4514,4611,5253,4755
"PABPN1",1316,1267,1340,1232,1187,1348,1662,1826,1598,1529,1539,1381
"EFS",0,0,0,0,0,0,0,0,0,0,0,0
"ARHGAP5",994,1068,1265,1285,1211,1479,1269,803,805,899,919,1091
"CINP",743,609,649,784,729,763,904,872,788,792,963,773
"DHRS2",359,294,145,498,238,102,152,72,111,164,255,67
"SRP54",1894,1798,1833,2258,2251,2377,2311,1890,1763,1999,2156,2005
"CPNE6",0,0,0,0,0,0,0,0,0,0,0,0
"CHD8",2972,2892,3110,2961,2699,2954,3720,2753,2553,2719,2760,2730
"PCK2",305,334,372,425,465,553,416,411,386,374,424,378
"PRORP",155,146,146,152,107,127,184,161,128,125,119,136
"DCAF11",822,846,1009,910,916,1202,1092,1091,960,942,1047,1000
"PSMA6",1097,929,963,1036,1034,1082,1213,1059,939,1216,1400,1105
"NFKBIA",1405,1216,977,1675,1409,1249,1297,1087,1063,1232,1617,895
"EMC9",412,335,339,469,407,394,405,479,404,386,465,353
"PSME2",4340,3533,3666,4031,3830,3510,4886,4167,3809,4416,5013,3151
"BRMS1L",281,274,290,331,329,353,382,350,300,338,389,376
"REC8",269,272,250,182,157,144,205,245,223,221,188,137
"TM9SF1",418,425,442,568,554,628,554,453,435,476,523,500
"SEC23A",3586,3559,4092,4657,4671,5509,4247,3382,3243,3557,3544,3823
"GMPR2",1168,1069,1215,1122,1168,1246,1550,1742,1477,1399,1558,1488
"PNN",5505,4993,4845,5364,4839,4463,6156,5165,4888,5465,5190,4841
"RABGGTA",495,438,534,487,552,572,680,723,592,652,580,538
"NFATC4",1064,977,1285,638,743,833,1426,1753,1258,1189,1030,1173
"PLTP",1560,1487,1801,1593,1745,2258,1713,1825,1412,1396,1431,1472
"PCIF1",743,699,743,711,737,792,1022,917,895,928,936,879
"GSS",1232,1000,1146,1205,1131,1188,1422,1311,1294,1219,1323,1199
"MMP9",1,1,1,1,2,0,0,0,0,0,0,2
"VSX1",0,0,0,0,0,0,0,1,0,0,0,0
"TRPC4AP",4418,3898,4465,4286,4123,4439,5252,4818,4451,4424,4482,4171
"PYGB",3580,3227,3411,3578,3316,3724,4448,4124,3856,3892,4038,3502
"ABHD12",1524,1346,1324,1560,1518,1631,1647,1550,1454,1517,1711,1398
"PROCR",10055,8479,9781,10115,9457,10061,11682,9747,9069,9998,11722,9590
"GINS1",527,463,388,532,431,423,687,545,590,650,626,623
"NINL",549,538,662,419,469,464,738,717,651,614,546,559
"CD40",339,361,423,258,341,395,361,341,255,282,314,290
"UQCC1",1192,1131,1046,1211,1066,1042,1244,1023,1069,1168,1213,907
"ZMYND8",3156,3119,3716,2799,2653,3036,4007,3627,3045,3366,3175,3444
"SGK2",7,1,2,2,3,1,2,2,2,1,0,2
"IFT52",616,609,647,666,631,792,771,804,700,721,819,761
"MYBL2",3218,2931,3126,3340,2968,3312,3405,3138,3269,3183,3562,3156
"R3HDML",0,0,0,0,0,0,0,0,0,0,0,0
"HNF4A",0,0,0,0,0,0,0,0,0,1,0,1
"NDRG3",715,691,758,712,648,819,1002,903,781,883,878,925
"SLA2",1,0,0,0,1,1,0,0,0,2,0,0
"RAB5IF",1494,1282,1292,1645,1494,1533,1551,1495,1534,1521,1701,1372
"NFATC2",359,321,435,434,499,620,603,447,354,345,289,457
"RIMS4",0,1,2,0,0,0,0,1,0,0,0,0
"PABPC1L",129,157,132,66,85,54,119,121,68,97,67,76
"STK4",939,909,1004,902,823,869,1172,901,811,883,839,858
"SALL4",13,9,11,5,10,9,13,16,3,11,4,2
"ADNP",1636,1590,1888,1693,1477,1734,2102,1609,1451,1657,1376,1642
"PFDN4",489,462,456,565,601,648,679,905,764,733,812,740
"DOK5",249,238,241,842,884,988,393,360,334,386,405,363
"CSTF1",698,667,642,728,656,682,869,773,721,804,807,718
"BMP7",0,0,0,0,0,0,0,0,0,0,0,0
"RAE1",1237,989,1007,1173,1096,1016,1324,1212,1139,1262,1395,1132
"TPD52L2",4856,4223,4668,5247,4899,5270,5352,5227,4890,5103,5345,4791
"DNAJC5",4557,4201,4159,4887,4485,4890,4981,3984,4315,4328,4378,3936
"NELFCD",1869,1694,1666,1783,1715,1810,2303,2241,1967,2126,2104,1927
"CTSZ",6504,5615,6440,6174,6085,6884,7549,7537,7057,6725,7109,6310
"PRPF6",3343,2886,3148,3304,3250,3346,4202,4270,3792,3721,4052,3418
"TUBB1",0,1,0,0,1,0,3,1,1,4,0,0
"PRELID3B",1170,1059,1162,1392,1419,1568,1657,1599,1431,1572,1745,1507
"HRH3",0,0,0,0,0,0,0,0,0,1,0,0
"MTG2",670,592,558,610,587,578,697,659,609,670,673,543
"PSMA7",7659,6339,6637,7965,7392,8032,9149,10392,9312,8749,10144,8314
"SLCO4A1",146,108,95,215,153,124,141,78,93,133,152,87
"NTSR1",210,161,192,167,172,116,231,137,164,138,161,148
"MRGBP",743,684,752,820,753,838,1076,1108,1035,987,1158,1001
"TCFL5",393,355,411,379,367,435,499,475,454,447,435,492
"DIDO1",2056,2021,2303,2054,1831,2124,2550,1900,1716,1864,1780,2014
"GID8",1541,1394,1539,1650,1572,1715,2012,2048,1831,1813,1886,1753
"SLC17A9",1080,981,991,1715,1781,1768,1250,1004,951,1043,934,841
"BIRC7",0,0,0,0,0,0,0,0,0,0,0,0
"NKAIN4",0,1,0,2,2,1,1,0,0,0,0,1
"ARFGAP1",3221,2867,2968,3513,3525,3578,3818,3979,3375,3446,3264,2967
"AVP",0,0,0,0,0,0,0,0,0,0,0,0
"COL20A1",3,4,1,4,3,2,1,2,1,1,0,1
"CHRNA4",0,0,0,0,0,0,0,0,0,0,0,0
"EEF1A2",154,121,152,127,132,145,199,196,169,170,167,157
"PTK6",0,2,2,0,0,3,0,1,1,0,2,0
"GMEB2",1005,889,935,1001,952,916,1069,834,887,938,949,822
"ADISSP",1274,1078,1305,1336,1234,1491,1524,1783,1609,1400,1642,1442
"SPEF1",4,1,2,0,2,1,2,0,0,1,0,2
"CDC25B",3422,3469,3971,2869,2847,3196,4619,4557,4041,4135,3878,3950
"ISM1",2,3,3,6,3,3,2,0,1,0,1,3
"RNF24",352,302,290,418,331,415,454,328,376,362,367,327
"ARFRP1",668,672,723,745,718,779,993,1197,933,861,1044,789
"NDUFAF5",205,207,212,238,250,253,302,286,237,289,257,246
"SEL1L2",0,0,0,0,1,0,0,0,0,0,0,0
"TRIB3",972,809,929,1353,1328,1716,1215,979,1164,998,1125,956
"RASSF2",700,776,1168,636,714,1139,1002,1140,828,816,736,1078
"CSNK2A1",2788,2695,3087,3025,2887,3082,3422,2920,2683,2894,3089,3098
"SLC52A3",2,0,3,0,1,1,1,0,1,0,2,0
"ANGPT4",0,0,0,1,0,0,0,0,0,0,0,0
"RSPO4",0,0,0,0,0,0,0,1,0,0,0,0
"CDS2",1315,1169,1413,1266,1288,1463,1442,1248,1175,1221,1110,1263
"PROKR2",0,0,0,0,0,0,0,0,0,0,0,0
"HM13",4752,3969,4190,5953,5382,5749,5109,4120,4057,4528,5171,3897
"SNPH",332,337,330,368,377,378,507,346,353,355,377,331
"MYLK2",98,84,101,72,65,67,117,145,117,101,128,129
"SIRPB1",21,26,47,27,24,27,40,28,28,25,34,30
"SEC23B",1951,1846,1634,3274,2996,3096,2163,1427,1617,2001,1884,1554
"FERMT1",83,108,105,115,96,103,120,65,86,93,96,97
"HAO1",0,0,0,0,0,0,0,0,0,1,0,0
"PDYN",0,0,0,0,0,0,0,0,0,0,0,0
"CCM2L",204,230,302,142,159,160,292,295,249,225,252,243
"PLCB4",62,51,78,62,46,42,46,35,43,46,41,44
"MYL9",854,809,917,949,853,976,1118,1322,1066,1083,1132,1023
"HCK",0,0,0,0,0,0,0,0,0,0,0,0
"TM9SF4",2300,2096,2275,2202,2062,2208,2778,2116,2089,2290,2274,2008
"TLDC2",0,0,2,0,0,1,0,0,1,1,2,1
"CRNKL1",839,800,794,825,804,882,989,870,805,924,921,858
"POFUT1",2929,2696,2974,3201,2930,3295,3480,2593,2871,2951,2864,2785
"SAMHD1",9846,8688,8888,8807,8706,6769,10941,5219,6109,8672,9584,5129
"PAK5",0,0,0,0,0,0,0,0,0,0,0,0
"KIF3B",1688,1579,1738,1948,1811,2044,2293,1916,1888,1935,1888,1963
"MROH8",56,43,38,36,36,37,34,40,44,30,40,36
"NOP56",5466,4627,4100,5363,4753,4288,6383,5583,5297,5634,5908,4853
"MANBAL",754,640,748,831,777,900,843,731,725,786,841,733
"IDH3B",1855,1673,1825,1938,1751,1964,2259,2535,2138,2252,2319,1905
"MAPRE1",4323,4018,4273,4830,4577,5241,5933,5323,5334,5402,5453,5342
"JAG1",1313,1343,1270,1312,1232,1156,2385,1706,1735,1922,1787,1655
"CDK5RAP1",740,676,664,761,655,664,918,794,743,886,868,666
"SNTA1",114,107,112,153,93,132,93,132,105,92,106,105
"OXT",0,0,1,0,0,0,0,0,0,0,0,0
"TTI1",634,579,580,607,546,632,769,541,492,546,594,552
"E2F1",382,298,311,359,324,382,585,552,552,562,630,516
"RPRD1B",645,644,642,820,653,720,813,575,525,679,699,549
"PXMP4",104,94,125,92,96,103,142,139,95,93,87,83
"CHMP4B",4578,4099,4541,4483,4222,4787,5696,6125,5187,5364,5955,5158
"BPI",0,0,0,0,0,0,0,0,0,0,0,0
"CST9L",0,0,0,0,0,0,2,0,0,0,0,1
"SLC32A1",0,0,0,0,0,0,0,0,1,1,0,0
"CST3",5551,4416,4868,5273,5095,5068,6671,6305,5903,5750,7119,4873
"ASIP",0,0,0,0,0,0,0,0,0,0,0,0
"CST4",0,2,0,1,1,0,3,3,0,2,3,0
"ACTR5",323,261,308,290,257,277,358,390,309,316,318,314
"WFDC2",0,0,0,0,0,0,0,0,2,0,1,1
"AHCY",3455,3135,3528,3596,3313,3911,4258,4334,4068,4069,4227,4121
"PPP1R16B",2707,2952,4401,3539,4274,6434,3409,3229,2676,2901,2709,3298
"SPINT3",0,0,0,0,0,0,0,0,0,0,0,0
"FAM83D",1429,1393,1521,1441,1227,1534,1865,1720,1666,1628,1761,1682
"EPPIN",0,0,0,0,0,0,0,0,0,0,0,0
"DHX35",387,361,406,450,409,429,465,420,387,380,389,380
"DNTTIP1",883,771,798,998,920,954,1037,1086,895,993,1226,899
"MAP1LC3A",188,152,161,186,199,215,200,253,194,171,226,209
"SYNDIG1",0,0,0,0,0,0,0,0,0,0,0,0
"PIGU",413,345,367,444,388,405,496,449,415,445,530,429
"TNNC2",0,0,0,2,3,1,3,6,2,3,1,4
"ACOT8",351,309,319,303,298,311,434,438,391,379,429,310
"APMAP",3616,3173,3793,3602,3504,4093,4317,4519,4333,4131,4234,4251
"CELF4",0,0,1,0,0,0,1,0,1,0,0,0
"ZNF516",261,195,275,195,230,244,266,186,202,206,156,258
"CDH20",1,1,0,0,1,0,1,1,0,0,0,1
"ADNP2",818,740,779,891,753,755,925,605,660,752,720,708
"RBFA",653,580,569,614,648,665,840,814,724,730,807,691
"USP14",3261,3114,3416,3683,3409,3719,4404,3683,3375,3816,3826,3836
"VAPA",3517,3235,3329,4097,3766,4311,4502,4405,3948,3993,4623,4132
"METTL4",185,174,176,183,173,241,234,215,179,210,208,218
"LPIN2",1385,1357,1235,1623,1335,1301,1484,985,1137,1163,1166,1160
"SMCHD1",2211,2232,2406,2473,2326,2497,2665,1735,1852,1857,1915,2050
"MYOM1",7,8,6,3,3,6,4,1,1,5,0,4
"MYL12A",11530,10200,9771,11950,10474,10276,12112,11478,9839,11870,14037,10611
"CEP76",275,291,225,312,230,277,373,278,313,290,320,297
"ST8SIA5",4,2,0,0,8,1,0,2,2,1,2,3
"CEP192",986,921,1074,1048,981,1082,1377,1022,1063,1084,998,1222
"RNMT",1232,1092,1053,1101,968,868,1216,849,875,938,1033,922
"SMAD7",156,141,111,135,95,78,150,90,102,140,122,97
"LIPG",2143,1956,2148,1324,1180,1088,2080,1629,1511,1588,1449,1416
"LAMA1",8,4,7,25,23,15,21,5,14,4,14,8
"RNF125",23,31,32,13,22,27,38,37,19,15,15,29
"ANKRD12",895,939,1023,1077,1046,1199,1095,904,754,817,826,855
"NOL4",0,0,0,0,1,1,0,0,0,0,0,0
"POLI",252,291,278,217,217,198,334,306,239,268,284,282
"MIB1",1337,1335,1651,1405,1302,1645,1934,1466,1410,1326,1144,1673
"RBBP8",388,351,347,435,401,440,590,460,497,489,510,467
"RIOK3",2857,2751,2519,2920,2613,2238,2960,2267,2406,2695,2738,2155
"CSTF2",721,705,691,852,776,697,1003,767,812,841,913,811
"H2BW2",1,0,0,0,0,0,0,0,0,0,0,0
"MXRA5",1,0,0,0,0,0,0,0,0,0,0,0
"VSIG1",55,53,48,47,46,64,61,38,42,46,65,45
"PSMD10",1966,1765,1780,1963,1977,2170,2458,2387,2265,2235,2527,2255
"ATG4A",898,844,952,1049,1090,1213,1499,1277,1249,1272,1405,1291
"STS",259,273,294,268,235,272,500,384,338,376,411,382
"TBL1X",721,722,769,786,723,960,1020,802,822,795,753,838
"GPR143",390,299,275,337,319,355,354,301,285,335,374,265
"PGRMC1",1741,1530,1694,1822,1750,1859,2136,1907,1742,2076,2274,1925
"POLA1",543,490,454,547,457,507,674,488,500,505,516,511
"MID1",657,675,745,874,873,1211,1133,814,734,753,747,850
"NKAP",537,427,481,559,507,591,667,641,599,557,678,573
"RHOXF1",0,0,0,0,0,0,0,1,0,0,0,0
"NXT2",107,130,156,204,192,188,191,154,153,173,173,189
"GUCY2F",3,3,1,5,0,1,2,3,2,1,3,3
"ATP1B4",0,0,0,0,0,0,0,0,0,0,0,0
"MCTS2",0,0,0,0,0,0,0,0,0,0,0,0
"ALG13",389,468,399,480,519,594,581,593,489,562,515,523
"PRPS2",446,354,400,487,421,464,682,556,592,607,601,551
"TLR8",0,0,0,0,0,0,0,0,0,0,0,0
"MOSPD1",588,601,565,1044,967,1126,568,488,488,581,587,556
"AMMECR1",338,347,353,357,382,395,287,224,233,244,229,265
"CHRDL1",0,0,0,0,0,0,0,0,0,0,0,0
"WDR13",1367,1070,1246,1308,1265,1481,1519,1883,1510,1478,1631,1388
"SUV39H1",507,444,539,524,512,502,726,662,686,690,680,626
"PAGE4",0,0,0,0,0,0,0,0,0,0,0,1
"SRPX",5989,5227,6141,6061,6060,6946,7471,7011,6446,6790,7266,6906
"GLRA2",0,0,0,0,0,0,0,0,0,0,0,0
"XIAP",898,884,906,999,1038,1185,1112,990,836,897,846,1013
"STAG2",2194,2196,2496,2297,2213,2546,3594,2591,2715,2841,2656,3257
"ATP11C",1093,1202,1333,1634,1849,2294,1487,1043,1080,1147,1067,1354
"MCF2",1,2,2,1,1,0,1,0,1,0,1,0
"F9",0,0,0,0,0,0,0,0,0,0,0,0
"ABCD1",567,506,597,439,470,459,610,474,418,449,438,395
"CCDC22",459,403,461,439,422,450,535,521,473,483,547,455
"CACNA1F",0,0,0,0,0,0,1,0,0,0,0,0
"SYP",19,13,18,11,13,7,13,31,11,16,10,9
"PLP2",2695,2367,2535,2910,2588,2608,2890,2755,2675,2630,3159,2675
"BMX",2660,2539,3512,2911,3199,4434,4271,4527,3574,3601,3806,4396
"LUZP4",0,0,0,0,0,0,0,0,0,0,0,0
"PLS3",12007,11048,12603,15468,14709,16700,20113,17287,16983,18091,18199,17390
"NAA10",1187,1076,1188,1187,1065,1299,1422,1727,1405,1386,1495,1267
"RENBP",152,147,108,113,95,108,108,105,102,106,82,66
"ELF4",2143,2121,2289,1804,1852,1893,2568,1964,1925,2043,1959,1956
"SMARCA1",828,832,1063,953,936,1109,1075,1063,874,951,888,976
"MTMR8",3,0,3,1,0,1,0,0,2,1,0,0
"ASB9",55,61,54,71,68,63,68,46,51,48,68,52
"ZC3H12B",0,0,0,0,0,0,0,0,0,0,0,0
"RBBP7",2828,2571,2818,2768,2771,3195,3781,3480,3389,3363,3558,3502
"PPP1R2C",1,0,0,0,0,0,0,0,0,0,0,0
"KCND1",45,56,69,45,30,32,41,39,29,36,15,26
"OPN1LW",0,0,0,0,0,0,0,0,0,0,0,0
"SLC25A14",136,121,125,132,138,146,184,214,179,156,195,158
"FMR1",1147,1141,1152,1118,1012,1020,1341,1033,1067,1218,1123,1004
"PIM2",183,177,198,341,354,529,224,215,185,193,227,169
"SCML2",36,35,46,60,49,68,83,54,68,84,60,97
"SLC35A2",941,767,869,1051,1010,1015,1185,1007,984,1026,1132,835
"PQBP1",1649,1423,1546,1686,1633,1674,1929,2198,1885,1901,2170,1755
"RS1",0,0,0,0,0,0,0,0,0,0,0,0
"PCSK1N",4,0,1,2,0,1,6,6,3,1,1,4
"EMD",1212,1127,1278,1408,1245,1550,1502,1592,1336,1330,1498,1453
"TAFAZZIN",472,450,529,500,446,493,585,630,513,468,528,520
"RAB40AL",2,2,0,1,2,2,1,1,3,1,0,0
"PGK1",9030,7830,8874,10129,9420,10519,10693,10302,9364,9998,10420,9474
"GATA1",0,0,0,0,0,0,0,0,0,0,0,0
"MAGT1",2816,2704,2783,4387,4737,5536,3338,2721,2776,2967,2979,3005
"SMS",2703,2564,2858,2717,2648,2912,3550,3847,3362,3592,3880,3676
"PHEX",147,131,143,139,145,158,113,120,116,118,156,142
"UBL4A",818,712,746,807,740,777,1075,940,1037,942,1027,900
"CD99L2",1322,1315,1563,1425,1563,1879,1758,1859,1755,1689,1681,1647
"EEA1",1256,1424,1672,1422,1285,1595,1613,1164,1082,1221,1113,1439
"GPR50",1,0,0,1,1,0,0,0,0,0,0,0
"RP2",1272,1376,1346,1612,1540,1720,1522,1178,1184,1427,1356,1426
"JADE3",646,663,690,626,585,592,695,538,540,620,548,608
"CDK16",2695,2487,2861,2785,2559,3043,3212,3065,2832,3000,2972,2758
"USP11",1003,955,917,1144,1124,1101,1247,1131,975,1116,1069,929
"PCYT1B",6,1,5,2,0,1,2,2,1,8,2,5
"BRS3",0,0,0,1,1,0,0,0,0,0,0,0
"HTATSF1",1905,1641,1769,1850,1775,1898,2492,2414,2414,2324,2337,2085
"VGLL1",0,0,0,0,0,0,0,0,0,0,0,0
"CD40LG",0,0,0,0,0,0,0,0,0,0,0,0
"TIMP1",3406,2599,2810,3213,2876,2719,3936,3403,3105,3302,3850,2619
"KLHL4",919,970,1096,1117,1151,1322,1257,1057,1028,1081,1061,1280
"GABRE",821,827,792,711,752,530,837,791,561,674,377,485
"FGD1",470,472,558,469,461,584,550,505,453,450,409,486
"PIN4",306,269,301,295,298,308,396,503,405,369,485,387
"PORCN",124,132,136,117,120,125,149,136,120,136,154,111
"ITIH6",0,0,0,0,0,0,0,0,0,0,0,0
"MAGED2",4272,3830,4937,4069,4155,5280,5807,6041,5020,5203,5403,5080
"RBM3",6456,6117,5910,6927,6426,7417,7014,8018,6575,7098,7582,7135
"KLF8",40,52,68,40,37,32,33,30,21,31,21,35
"SRPX2",1464,1346,1449,1327,1298,1454,1907,1536,1345,1479,1500,1497
"SYTL4",512,514,537,499,476,545,734,658,603,576,556,559
"ZDHHC15",0,0,0,0,0,0,0,0,0,0,0,0
"CENPI",507,466,566,467,447,499,673,565,551,589,558,610
"DRP2",144,108,125,118,92,99,150,102,114,109,89,98
"TAF7L",13,23,27,13,22,27,21,20,23,19,24,21
"PBDC1",962,738,805,971,906,873,1160,1327,1182,1058,1257,1005
"GLA",965,831,778,1016,919,903,1106,1011,960,1008,1167,842
"ARMCX3",1863,1763,2033,2555,2674,3033,2450,2284,2104,2078,2116,2074
"BEX4",369,318,391,424,410,469,563,511,461,455,505,497
"RUBCNL",0,0,0,0,1,0,0,0,1,0,0,0
"NALCN",200,190,209,189,184,218,259,234,199,200,207,271
"FGF14",2,1,1,2,3,1,1,1,1,1,1,1
"HTR2A",0,0,0,0,0,0,0,0,0,0,0,0
"NDFIP2",357,353,373,459,404,484,540,439,487,498,475,474
"TNFSF13B",42,44,30,33,29,25,44,15,20,31,45,18
"FNDC3A",2641,2756,2689,4262,4241,4763,1666,1021,1063,1366,1250,1264
"MLNR",1,1,0,3,1,0,0,0,0,1,2,0
"CDADC1",139,119,135,161,154,143,155,143,170,142,142,146
"CAB39L",195,178,193,230,224,205,133,115,106,146,154,134
"KLF5",166,141,109,223,204,160,228,138,160,192,223,158
"STK24",3016,2760,3046,2861,2944,3178,3693,3191,3216,3345,3372,3144
"ACP5",35,31,40,27,29,36,89,75,37,73,73,58
"DNAJC3",3059,2939,3184,6621,7434,9193,3689,2794,2944,3115,3073,3311
"UGGT2",520,512,583,714,669,704,740,586,552,579,609,688
"ARHGEF7",2541,2496,2757,2497,2327,2792,3352,2760,2541,2662,2441,2680
"FGF9",0,1,0,1,0,0,1,0,0,0,1,0
"SGCG",0,0,0,0,0,1,0,1,0,1,1,0
"PARP4",4092,3923,4319,3493,3247,3195,4485,2928,2816,3454,3247,3268
"SUPT20H",1467,1434,1438,1615,1546,1509,1633,1324,1109,1446,1342,1317
"MRPS31",382,351,293,349,337,267,477,370,354,362,451,383
"SLC25A15",334,339,354,380,344,370,475,374,425,376,358,418
"KPNA3",2992,2791,3095,3061,2814,3144,3547,2679,2589,3021,2950,3207
"FLT1",2014,1739,1839,3960,3754,4043,1956,1097,1073,1215,1248,1230
"RGCC",952,824,1088,1059,1252,2007,1301,1828,1398,1207,1569,1472
"VWA8",273,277,273,303,313,300,295,222,224,256,253,272
"DGKH",590,596,689,588,570,765,835,580,549,490,511,631
"KATNAL1",455,472,529,430,434,524,577,559,551,508,498,619
"INTS6",1072,1040,912,1248,1045,927,938,707,646,800,795,765
"ACOD1",2,1,0,0,1,0,2,1,2,0,1,0
"DHRS12",52,49,68,56,49,76,66,65,54,60,70,54
"MEDAG",58,40,52,50,53,83,97,104,80,80,84,81
"TSC22D1",2757,2338,2529,3095,2934,2838,2496,2004,2039,2274,2402,1969
"CLN5",483,454,455,517,496,518,530,484,419,442,505,413
"OLFM4",0,1,0,0,0,1,0,0,0,1,0,0
"MSLN",0,0,0,0,0,0,0,0,0,0,0,0
"MGRN1",1805,1719,1799,1796,1784,2053,1936,1633,1452,1611,1472,1429
"ZNF629",920,845,874,910,916,866,1195,842,834,985,960,866
"TRADD",654,544,587,568,579,575,708,824,748,684,788,605
"HSF4",22,14,17,8,14,18,17,32,17,23,14,21
"CORO1A",33,21,22,69,91,133,41,48,45,37,41,41
"MAPK3",2240,2102,2631,2168,2164,2452,2786,2829,2276,2354,2760,2452
"GDPD3",179,179,193,110,110,106,160,244,149,174,123,142
"ELMO3",252,188,199,211,220,190,232,287,220,232,228,181
"MT4",0,0,0,0,0,0,0,0,0,0,0,0
"PHKB",1530,1509,1672,1493,1490,1594,1826,1747,1511,1565,1493,1697
"LYRM1",665,619,787,756,781,1027,1012,1243,899,936,1135,1135
"NUTF2",3044,2546,2857,3083,2799,3264,3398,3723,2975,3293,3949,3482
"NUP93",1947,1685,1881,1926,1633,1797,2331,2146,2085,2070,2018,1841
"CENPT",1001,949,951,942,857,911,1237,1410,1198,1122,1116,1012
"TSNAXIP1",33,17,26,21,15,20,32,31,19,29,29,17
"NFAT5",841,840,1001,730,688,721,960,565,529,638,494,724
"LONP2",1012,992,1154,1038,953,1076,1338,1048,898,1058,957,1021
"N4BP1",1325,1379,1268,1370,1288,1180,1520,985,881,1151,1218,977
"CBLN1",0,0,0,0,1,1,0,1,0,0,0,0
"ARL2BP",2398,2213,2546,2592,2478,2820,2938,2916,2466,2736,2886,2822
"PLLP",77,46,84,31,25,33,47,79,55,47,68,46
"ZNF423",21,17,33,13,16,32,23,28,18,20,22,25
"CCL22",0,0,0,0,0,0,0,0,0,0,0,0
"DHODH",186,175,167,169,174,159,274,183,202,248,232,192
"CCL17",0,0,1,0,0,0,0,0,0,2,0,0
"CTCF",1427,1313,1491,1386,1405,1582,1972,1686,1605,1776,1553,1815
"ACD",425,365,394,442,404,489,588,555,491,493,522,483
"POLR2C",1359,1242,1232,1699,1523,1555,1695,1469,1458,1669,1727,1488
"PARD6A",81,57,72,127,115,133,104,117,99,98,119,106
"ZNF821",138,119,103,115,102,113,140,161,141,135,149,144
"MMP15",436,378,506,412,443,546,528,450,446,401,372,417
"USB1",1468,1325,1449,1520,1338,1486,1689,1421,1388,1445,1441,1417
"CYB5B",3710,3534,4134,3483,3555,3878,4504,4394,4203,4073,4342,4132
"CFAP263",68,85,81,98,64,79,55,68,60,51,59,45
"PRSS54",1,0,0,3,0,0,2,0,0,0,0,0
"NME3",361,291,365,400,393,454,476,658,472,417,471,424
"NDRG4",4028,4154,4709,3299,3298,3683,3938,3594,3140,3344,3174,3038
"PSMD7",3998,3521,3713,4119,3882,3882,3835,3704,3246,3572,3843,3086
"SETD6",316,354,345,234,211,217,471,455,378,366,304,296
"SLC38A7",1638,1612,1461,1828,1569,1533,1492,1284,1114,1319,1230,1115
"VAC14",1839,1733,1730,1818,1659,1669,1913,1450,1552,1677,1606,1395
"HAS3",36,51,39,33,24,29,77,47,62,57,52,59
"TANGO6",300,252,259,282,265,283,322,239,246,259,296,275
"COG4",2202,2068,2086,2011,2114,2005,2653,2406,2080,2281,2247,1967
"SMPD3",4,3,1,3,4,0,2,1,0,0,2,1
"SLC7A6OS",992,865,859,893,845,744,987,830,828,949,946,823
"SLC7A6",1856,1727,1805,2016,2021,2097,1924,1588,1486,1525,1439,1482
"PLA2G15",799,704,777,878,788,952,1039,917,862,884,968,775
"ESRP2",17,13,7,13,5,9,15,14,14,7,8,7
"FA2H",1,1,0,2,1,0,0,0,0,0,1,0
"WDR59",860,885,957,796,793,811,986,988,835,942,864,854
"MON1B",2072,1999,2306,2933,3008,3768,2394,2139,1991,1965,1931,2041
"CMC2",736,636,662,766,724,795,925,1127,934,836,1033,943
"AXIN1",1152,998,1101,1011,928,1030,1440,1255,1366,1266,1341,1254
"HCFC1R1",329,293,317,359,322,328,434,599,432,443,468,403
"NPRL3",782,704,740,739,707,820,904,904,784,815,775,770
"MLYCD",193,197,204,174,167,200,242,214,197,210,244,183
"MPG",1230,1059,1180,1158,1162,1390,1575,2132,1640,1498,1607,1491
"NECAB2",8,11,6,10,5,7,8,9,3,5,5,6
"HSDL1",674,681,756,559,612,654,945,911,877,810,814,906
"TAF1C",1861,1801,1974,1478,1526,1582,2179,2587,1885,1974,1589,1633
"NAGPA",834,746,839,812,752,873,448,479,407,387,423,388
"WFDC1",0,0,1,0,1,0,0,0,0,1,0,0
"SEC14L5",0,0,0,2,2,0,2,0,1,0,0,1
"COTL1",7493,6236,6775,8399,7651,8465,7064,6351,6151,6334,7109,5940
"USP10",2317,2164,2109,2415,2203,2011,2905,2112,2248,2459,2603,2096
"CRISPLD2",11,9,9,10,19,10,10,3,5,5,8,7
"TSC2",2272,2077,2335,2076,2051,2234,2577,2397,2074,2132,1916,1983
"ZNF500",261,250,219,241,199,233,263,284,214,234,215,229
"NME4",2504,2182,2495,2532,2384,2816,2413,2702,2502,2316,2705,2425
"ABCC1",3714,3632,4079,3250,3359,3702,4908,4170,3528,3637,3180,3771
"NOMO3",60,50,57,59,60,56,60,62,47,44,45,42
"LMF1",302,295,330,343,289,355,353,332,272,335,353,308
"FOXF1",281,282,231,299,294,220,342,258,269,278,319,218
"CIAO3",649,644,676,728,640,732,912,963,870,880,971,760
"MTHFSD",351,316,347,366,338,325,398,401,313,357,372,314
"CLCN7",3177,3032,2885,2962,2675,2619,3097,2970,2644,2766,2726,2346
"HAGHL",81,46,82,53,47,55,91,102,72,68,68,73
"ANTKMT",133,123,142,134,146,169,218,343,233,211,224,200
"SLC7A5",1735,1691,1563,3144,2933,3412,2588,1538,2019,2122,2201,1635
"METRN",366,301,345,327,371,423,406,526,468,347,449,411
"FBXO31",955,965,1012,1155,1126,1176,1254,1081,1072,1038,1006,957
"STUB1",2167,1938,2226,2233,2198,2386,2599,3060,2709,2449,2824,2366
"RHBDL1",53,54,62,26,49,29,38,84,43,59,31,36
"NUBP1",466,432,416,484,480,521,672,581,550,608,681,562
"UBE2I",3423,2995,3420,3478,3310,3825,4140,4387,3774,3987,4521,4063
"ZP2",0,0,0,0,0,0,0,0,0,1,0,0
"MEFV",1,1,0,1,0,0,0,1,1,2,0,0
"CRYM",33,27,8,43,27,9,11,5,9,20,13,4
"EEF2K",810,813,900,789,848,909,1078,886,832,862,724,826
"CAPN15",3582,3168,3070,3321,3101,2795,3986,3092,3254,3341,3023,2843
"PIEZO1",12620,11855,12355,12208,11364,11719,14139,11149,10480,11161,10125,10375
"GSPT1",5262,4851,4801,5664,5030,5300,5864,4717,4864,5124,5342,4796
"ZNF174",181,170,179,171,161,176,204,195,206,205,209,202
"CLUAP1",319,324,351,323,330,350,375,377,322,338,374,342
"UBFD1",2056,1991,2204,2204,2030,2355,2634,1831,1944,2051,2295,2138
"PRSS33",0,0,0,0,0,0,0,0,0,0,0,0
"EARS2",415,418,416,530,475,506,505,428,464,438,470,432
"ELOB",1901,1587,1706,1826,1839,2042,2305,3549,2579,2268,2766,2244
"GGA2",2122,2016,2076,1943,1763,1917,2381,2040,1993,2195,1966,2029
"AQP8",2,0,0,0,0,0,0,0,1,0,0,0
"CPPED1",2043,1853,2060,1944,1881,2115,2817,2403,2177,2361,2435,2328
"USP31",693,656,772,775,776,957,786,632,599,620,608,705
"HMOX2",1564,1266,1297,1506,1263,1256,1752,1684,1565,1512,1810,1363
"DNAJA3",1761,1519,1530,1984,1691,1677,1952,1434,1587,1758,1906,1632
"BFAR",2232,1977,2195,2205,2008,2263,2712,2358,2337,2393,2647,2526
"SALL1",2,1,0,0,0,0,0,0,0,0,0,0
"TOX3",0,0,0,0,0,0,0,0,0,0,0,0
"RBL2",1010,1034,1251,939,913,1148,1293,1060,982,1105,910,1171
"QPRT",3,3,4,4,1,1,3,7,2,2,0,1
"XYLT1",63,44,58,36,61,64,64,51,47,67,44,58
"PYCARD",184,147,147,145,141,156,207,216,170,194,214,162
"RPGRIP1L",182,144,190,187,195,197,234,161,170,181,164,184
"MAZ",5180,4556,5381,5179,5135,5947,7560,8804,7640,7301,7668,7574
"STX4",1314,1123,1104,1430,1315,1370,1394,1463,1132,1286,1473,1211
"CDIPT",1716,1520,1617,1840,1639,1831,2167,2178,2052,1995,2178,1882
"BCKDK",1170,1042,1114,1152,1077,1263,1497,1390,1261,1260,1448,1250
"KAT8",557,472,513,446,486,480,636,638,556,540,535,569
"NOMO1",2606,2224,2613,2601,2586,2742,3136,2800,2626,2650,2588,2490
"IL21R",0,2,3,6,5,5,1,1,3,1,6,4
"SYT17",0,0,5,2,0,2,1,6,4,2,5,5
"TMC5",0,0,0,0,0,0,1,0,0,0,0,0
"CCP110",602,599,695,701,618,755,791,619,566,636,619,658
"VPS35L",1913,1769,1904,1875,1877,1960,2257,1743,1756,1856,1778,1712
"SLC6A2",0,0,0,0,0,0,0,0,0,0,0,0
"RNF40",4247,3762,4037,4556,4207,4327,4830,3799,4037,4126,4220,3551
"KNOP1",1013,829,942,967,887,935,1308,1246,1091,1042,1130,1117
"AQP9",1,0,0,0,1,0,1,0,1,0,0,0
"AAGAB",1154,1046,1097,1100,1067,1189,1508,1417,1394,1461,1533,1295
"IQCH",6,8,10,8,14,12,15,10,18,9,11,20
"LACTB",949,808,824,763,714,771,1094,1079,974,1043,1078,989
"CORO2B",96,91,128,104,107,138,146,136,141,114,146,142
"CSK",1911,1679,1954,1714,1747,1943,2521,2611,2217,2196,2332,2270
"HERC1",2451,2240,2690,2626,2603,3117,3196,2035,2040,1959,1915,2301
"TRIP4",812,702,754,799,825,862,915,839,776,833,960,821
"MTFMT",268,216,233,249,255,257,347,324,322,316,321,278
"RASL12",0,0,0,1,0,0,0,0,1,0,1,0
"AP3B2",19,19,4,20,13,4,7,1,9,10,15,2
"ACSBG1",15,21,15,18,12,1,16,1,1,14,18,7
"IGDCC4",2,0,0,1,0,3,5,2,1,4,6,0
"RAB11A",4087,3875,4284,4278,4203,4766,5530,5422,4543,5009,5488,5359
"CTSH",66,53,54,57,53,76,79,64,68,52,71,65
"TTC23",455,459,513,462,489,451,538,478,422,539,545,525
"CD276",3327,2928,3034,3948,3641,3979,4338,3256,3394,3369,3793,3100
"FAH",384,283,320,339,293,362,373,369,294,332,349,324
"CEMIP",14,8,17,105,126,156,29,17,10,19,23,18
"RPAP1",1310,1247,1189,1310,1102,1142,1525,1183,1281,1236,1181,1116
"HOMER2",6,2,12,7,3,5,4,6,4,1,9,9
"EHD4",7571,7230,7902,7901,8158,9067,9020,7318,6969,7344,7860,7355
"TMEM87A",1371,1302,1381,1576,1517,1583,1518,1371,1333,1347,1451,1224
"ZNF106",2423,2169,2521,2510,2256,2689,2907,1958,2044,2115,1944,2363
"CEP152",348,392,379,411,343,325,529,403,357,406,319,361
"ATP8B4",2,0,0,0,0,0,0,0,0,1,0,0
"OCA2",0,0,0,0,0,0,0,0,0,0,0,0
"DTWD1",255,228,262,271,251,281,248,224,194,212,257,240
"TGM5",0,0,0,0,0,0,0,0,0,0,0,0
"ENTREP2",0,1,0,0,0,0,1,1,0,0,0,1
"GABPB1",1130,1102,1242,1264,1144,1376,1425,1313,1311,1383,1470,1400
"TJP1",3120,3121,3660,2946,2953,3441,3625,2578,2274,2544,2472,2716
"BMF",200,207,283,236,251,329,244,288,236,237,243,325
"DMXL2",122,116,130,95,115,92,131,82,77,87,76,94
"SCG3",1,1,0,3,0,0,0,0,0,3,3,0
"DNAJC17",319,285,315,279,266,286,460,484,400,385,448,349
"EIF3J",3851,3481,3341,4297,3732,3764,3726,3216,2975,3214,3715,3257
"SPG11",975,975,984,941,889,886,1083,754,766,803,804,798
"RHOV",4,1,5,0,1,2,2,1,3,4,1,1
"VPS18",2003,1873,1872,2136,1999,1975,2222,1972,1961,1845,2089,1677
"OIP5",264,209,262,230,237,260,409,454,361,342,395,375
"SLC30A4",145,144,149,146,151,161,181,159,137,155,127,128
"BLOC1S6",1009,1030,1133,1293,1335,1658,1348,1452,1262,1281,1235,1473
"MYEF2",893,918,905,1004,923,1006,1051,995,874,985,908,999
"SGK3",116,132,122,166,173,210,111,132,130,144,122,145
"PDGFRL",232,180,211,198,168,188,406,345,304,333,410,276
"CSPP1",414,407,437,414,368,386,503,449,407,433,454,411
"ZDHHC2",1803,1683,1764,1817,1654,1826,2142,1669,1676,1834,1976,1932
"BRF2",390,360,326,416,409,366,434,391,331,347,417,285
"TRIM35",678,707,683,750,712,711,885,635,715,691,714,606
"ZFAND1",402,416,377,508,461,523,526,437,431,506,543,506
"RP1",10,6,3,7,2,4,6,5,3,5,5,0
"CA2",0,1,1,11,9,8,3,0,3,4,3,1
"FZD3",8,12,17,11,10,11,13,10,9,12,12,16
"INTS9",396,400,407,473,413,451,542,422,447,451,506,418
"RIPK2",974,880,979,1283,1305,1382,1127,980,930,1078,1081,989
"EYA1",0,0,0,0,0,0,1,0,0,1,0,0
"NBN",1468,1412,1443,1566,1453,1574,1898,1384,1350,1656,1621,1538
"TRPA1",0,0,0,0,0,0,0,0,0,0,0,0
"CPQ",395,397,475,441,455,481,498,433,409,428,460,437
"DECR1",1255,1000,1136,1090,1112,1231,1426,1410,1083,1223,1431,1219
"CALB1",0,0,0,0,0,0,0,0,0,0,0,0
"BPNT2",3055,3148,3345,3697,3561,4087,3963,3497,3400,3432,3540,3860
"SFRP1",181,171,158,203,184,170,262,159,156,199,204,181
"LAPTM4B",1839,1633,1823,1904,1938,2174,2131,2129,2017,2007,2209,2039
"UBE2W",385,407,395,494,504,528,467,458,413,447,481,477
"POP1",712,619,663,699,631,611,941,681,749,690,771,716
"NIPAL2",123,135,149,90,84,124,115,112,81,113,97,134
"IKBKB",1663,1662,1792,1872,1885,1863,2019,1815,1644,1784,1622,1539
"PLAT",5350,5354,5172,8776,8772,8277,7828,4909,5491,5741,6248,4861
"JPH1",29,30,34,86,94,128,26,33,32,32,37,34
"DKK4",0,0,0,0,0,0,0,0,0,0,0,0
"STK3",255,252,259,305,297,313,254,251,213,233,282,252
"GDAP1",122,116,103,116,97,103,143,106,119,124,135,117
"RAB2A",3072,2896,3091,3556,3343,3872,3995,3462,3424,3657,4060,3739
"EIF3E",5478,5108,5399,5887,5665,6343,6693,7288,6303,6726,7288,7152
"EMC2",772,715,734,875,891,901,889,826,754,762,894,770
"ESRP1",0,0,0,0,0,0,0,0,0,0,0,0
"CCN4",0,0,0,1,0,0,0,0,0,0,1,1
"NDRG1",2127,1926,1885,4935,5664,6914,3037,2463,2594,2483,2699,2480
"ZC2HC1A",121,140,159,104,151,142,158,152,106,148,132,142
"IL7",7,7,8,7,7,12,8,5,2,3,4,5
"STMN2",0,0,0,0,0,0,0,0,0,0,0,0
"ARMC1",907,844,986,974,965,1082,1178,1108,1048,1080,1231,1204
"TRPS1",70,48,74,73,64,49,54,38,43,31,32,40
"SPAG1",150,116,150,146,152,162,154,149,126,138,152,156
"CHRAC1",712,676,786,818,808,946,891,754,627,815,901,868
"NCALD",2,0,2,2,0,1,2,1,0,1,0,1
"SNX16",309,262,335,309,284,338,386,331,313,329,366,350
"GML",0,0,0,0,0,0,0,0,0,0,0,0
"UBR5",3510,3449,3768,3769,3654,4009,4177,2952,2906,2916,2808,3161
"GSDMD",1797,1491,1624,1363,1533,1503,2104,2214,1760,1898,2094,1456
"GFUS",1514,1318,1573,1518,1422,1737,1749,2060,1576,1627,1734,1658
"PYCR3",383,319,309,498,478,564,421,391,406,386,435,403
"EEF1D",9264,7717,8159,8894,8468,8813,10231,12620,10745,9978,11102,9311
"ANXA13",0,0,0,0,0,0,0,0,0,0,0,0
"SQLE",3329,3048,3716,3223,3197,3530,3780,3504,3340,3485,3588,3453
"SH2D4A",6,8,3,7,6,8,4,4,10,5,10,7
"INTS10",911,782,929,942,857,1019,1197,1137,1005,1105,1073,1056
"ERI1",901,907,1003,1181,1069,1091,1335,1073,1081,1146,1244,1259
"SLC39A14",1890,1717,1792,5899,6463,8502,2372,1704,1817,2080,1981,2150
"MTMR9",716,691,711,795,725,823,983,734,781,769,794,738
"LEPROTL1",576,554,597,757,757,829,847,716,676,685,754,742
"DCTN6",607,578,596,748,706,794,839,803,727,758,868,814
"R3HCC1",720,572,621,770,730,783,977,984,954,1005,1027,834
"GSR",1401,1204,1271,1574,1434,1513,1667,1418,1391,1542,1561,1436
"TNFRSF10A",882,831,790,899,811,795,1024,753,800,821,809,686
"UBXN8",205,210,208,239,196,220,288,239,259,270,246,255
"PPP2CB",3314,3055,3015,3842,3392,3529,3537,3287,3053,3333,3686,3355
"ERICH1",513,481,479,514,477,532,598,573,466,514,539,502
"NEFM",39,26,22,55,24,30,26,18,18,33,29,22
"TUSC3",292,243,303,291,304,276,352,327,348,307,356,313
"ARHGEF10",85,84,79,85,86,103,92,67,48,62,60,76
"KLHDC4",1030,885,940,1012,933,922,1259,1179,1032,1112,1133,938
"MCM4",2183,2028,1820,2280,1845,1775,2899,2092,2307,2501,2462,2299
"ADAM2",0,0,0,0,0,0,0,0,0,0,0,0
"KCTD9",804,827,947,910,896,1087,1267,1034,970,1054,1125,1219
"FGL1",1,0,0,0,0,0,0,0,1,0,0,0
"ASAH1",362,303,372,382,367,363,369,313,303,269,309,289
"BNIP3L",2012,2022,2284,1841,1902,2347,2745,2761,2340,2269,2458,2586
"MAN2B1",1706,1551,1700,1698,1747,1840,1942,1663,1573,1766,1702,1711
"KCNN4",3,1,2,2,1,4,1,4,2,2,6,1
"TULP2",3,2,1,0,2,2,5,2,2,6,1,3
"NUCB1",5938,5345,6056,6527,6817,8029,7676,6795,6213,6592,6832,6154
"DHDH",2,3,3,6,4,3,1,1,1,4,0,4
"GYS1",1517,1416,1589,1571,1376,1485,1680,1461,1433,1476,1489,1345
"MAP4K1",9,6,7,9,3,3,8,7,8,9,9,2
"CGB2",0,0,0,0,0,0,0,0,0,0,0,0
"ECH1",845,626,805,816,783,891,1016,1030,970,900,1010,877
"HNRNPL",6673,5902,6403,6767,6393,7379,9204,8714,8081,8029,8407,7915
"NFKBIB",1558,1302,1043,1884,1568,1436,1442,1365,1347,1415,1722,1152
"LHB",0,1,1,1,5,0,4,4,0,1,1,2
"CGB3",0,0,0,0,1,0,0,0,0,0,0,0
"TUBB4A",0,0,1,1,3,0,0,0,0,1,2,0
"SARS2",131,145,159,116,151,143,189,181,188,155,193,167
"KCNA7",0,0,1,0,0,0,0,0,0,0,0,0
"SNRNP70",6605,5981,5792,5403,5495,5149,7241,8406,6844,7251,6801,5965
"CLPTM1",3665,3289,3342,3717,3533,3705,4233,3361,3128,3685,3769,3219
"RELB",1045,882,617,1534,1289,1149,888,534,678,793,1038,453
"CLASRP",1123,1079,1028,1060,1039,956,1305,1480,1256,1263,1256,1127
"LIN7B",43,48,28,44,34,38,51,59,52,47,53,42
"PPP1R37",1288,1152,1198,1282,1191,1099,1257,1289,1299,1247,1364,1076
"FCGRT",1907,1639,1977,1864,1941,2055,2442,2634,2233,2203,2529,2012
"PIH1D1",1044,921,961,1013,964,1038,1400,1714,1418,1398,1458,1293
"CKM",1,0,0,1,0,0,0,0,0,0,1,0
"ARHGEF18",1545,1336,1459,1483,1361,1439,1857,1346,1418,1591,1563,1363
"PPP1R13L",1242,1161,1112,986,874,898,1442,1301,1188,1307,1227,1031
"PEX11G",22,12,18,16,14,25,23,42,16,26,25,28
"ERCC2",2189,1966,1949,2061,1925,2070,2594,2463,2259,2418,2406,2072
"DOT1L",2310,2110,2057,3277,2874,2846,2605,1929,2106,2314,2094,2009
"PLEKHJ1",890,833,908,831,813,911,1368,1749,1369,1206,1351,1292
"SLC17A7",2,1,1,4,1,2,3,1,2,1,3,2
"RNASEH2A",92,97,66,89,74,79,110,148,117,96,122,104
"KLC3",0,2,5,3,0,0,2,0,1,1,0,0
"CD37",0,0,0,0,0,1,1,0,0,0,0,0
"SF3A2",4241,3974,3954,3673,3685,3575,4935,4512,4059,4687,3906,3888
"AMH",1253,1305,1215,1038,1179,1075,1460,2297,1286,1573,852,1136
"DKKL1",1,5,10,6,1,2,1,4,2,3,3,6
"LYL1",2909,2284,2596,2043,1686,1918,2780,3114,2762,2624,2854,2598
"OAZ1",13148,11196,12795,13930,13267,15423,15542,18458,14841,14985,18499,15600
"TRMT1",1643,1391,1294,1531,1372,1315,1833,1844,1515,1663,1696,1344
"STX10",430,398,510,465,435,503,601,759,603,527,606,573
"RETN",0,0,0,0,0,0,0,0,0,0,0,0
"FCER2",0,0,0,0,0,0,0,0,0,1,0,0
"DMPK",1602,1526,1506,1328,1270,1166,1573,1764,1400,1498,1193,1045
"CLEC4M",17,18,22,10,10,12,44,52,51,31,59,37
"RSPH6A",0,0,1,0,1,1,0,0,1,0,1,0
"TBC1D17",784,808,870,750,766,845,949,1081,872,902,794,715
"IL4I1",306,283,193,361,352,339,352,182,181,258,313,152
"TLE6",9,8,6,6,4,10,13,18,14,7,11,8
"YJU2B",879,810,818,787,820,837,911,952,818,903,811,710
"PTOV1",1748,1614,2104,1512,1595,1966,2392,2931,2201,2178,2165,2196
"TLE5",6510,5930,6760,6381,6149,7010,7709,8490,6864,7087,8412,7197
"NOVA2",757,736,927,486,461,585,957,943,720,805,672,806
"SGTA",3344,2868,3054,3568,3391,3529,4048,3807,3701,3909,4146,3491
"LILRB1",0,0,0,0,0,0,0,0,0,0,2,0
"MED25",1606,1502,1619,1172,1282,1363,1768,1808,1428,1576,1474,1497
"LILRA1",0,0,0,0,0,0,0,0,0,0,0,0
"SNAPC2",1059,893,922,1223,1091,1065,1048,947,1006,956,1114,919
"C19orf53",1658,1378,1511,1751,1631,1798,1995,2252,2124,1901,2185,1888
"TIMM44",1641,1358,1265,1737,1566,1597,1637,1594,1432,1608,1741,1380
"CCDC61",94,95,86,86,82,92,140,171,117,115,125,98
"IL27RA",80,63,61,111,96,96,75,57,68,49,62,54
"ASF1B",982,751,819,989,827,910,1176,1112,1156,1234,1373,1092
"TNNT1",0,6,1,4,3,6,9,5,4,3,4,4
"VRK3",879,743,852,887,819,840,1074,966,961,1017,967,882
"FAM32A",2211,1935,2187,2275,1959,2158,3282,3062,2939,3064,3448,2901
"PPP6R1",3866,3535,3988,4328,4156,4766,4760,4049,4091,4148,4089,3907
"C19orf44",116,122,116,105,108,120,152,150,123,110,119,114
"MED26",323,280,230,353,275,223,296,242,231,291,340,217
"OLFM2",4,4,6,8,12,18,17,15,9,12,7,16
"RASAL3",46,45,48,27,22,40,45,60,36,64,34,40
"AKAP8",1749,1593,1512,1592,1581,1631,1902,1557,1481,1672,1720,1510
"EPHX3",7,9,7,10,6,10,1,1,2,1,0,0
"ILVBL",1390,1166,1417,1477,1515,1799,1713,1920,1752,1640,1850,1499
"ZNF419",132,105,115,133,118,121,127,127,111,115,91,94
"SYDE1",833,764,874,717,721,777,845,915,721,750,659,671
"CASP14",0,0,0,0,0,0,0,0,0,0,0,0
"SLC1A6",1,0,0,0,0,0,0,0,0,0,0,0
"AURKC",20,20,12,22,24,25,40,30,26,30,38,20
"POP4",795,713,722,858,748,835,993,950,928,921,999,846
"CCNE1",103,95,102,99,76,68,183,120,133,142,146,150
"URI1",692,619,739,724,633,727,996,999,878,898,968,926
"PDCD5",1501,1253,1258,1570,1449,1470,1666,1971,1577,1598,2017,1624
"ANKRD27",1127,1071,1065,1200,1108,1085,1417,1069,1104,1121,1210,1093
"RPS16",12270,10115,10651,12294,11785,13712,13968,20093,15252,13336,16727,13847
"TIMM50",1622,1330,1412,1695,1518,1531,1796,1785,1801,1761,2054,1602
"LGALS13",0,0,0,0,0,0,0,0,0,0,0,0
"FBL",3761,2841,3008,3400,3267,3577,4854,5787,5105,4805,5414,4383
"DYRK1B",615,589,735,442,449,651,592,718,512,538,564,590
"CLC",0,0,0,0,0,0,0,0,0,0,0,0
"CCNP",4,1,3,4,2,2,4,3,3,3,4,3
"GPI",6340,5369,5671,6240,5629,6069,7309,6037,5986,6144,6429,5514
"AKT2",1310,1278,1438,1223,1157,1284,1803,1743,1420,1504,1432,1410
"PLD3",3587,3231,3756,3686,3519,4181,4281,4316,3873,3872,4143,3873
"PRX",96,106,90,80,77,106,121,106,90,113,110,91
"PIAS4",1013,871,920,871,809,901,1312,1214,1113,1163,1241,1146
"NUMBL",1296,1091,1209,1272,1230,1300,1357,1152,1244,1182,1210,1044
"EBI3",23,24,10,23,12,10,10,9,13,6,18,8
"YJU2",563,531,527,661,586,575,800,764,660,721,843,621
"SHD",0,0,0,0,0,0,0,0,0,1,0,0
"TBCB",2189,1797,2092,2237,2026,2485,2620,3084,2563,2497,2959,2467
"FSD1",203,187,239,183,189,203,333,357,273,299,304,294
"POLR2I",472,417,431,464,458,501,640,807,639,580,713,561
"OVOL3",3,4,1,2,4,0,2,3,2,5,1,1
"CLIP3",173,212,236,162,139,218,291,292,174,241,209,235
"ZFR2",0,0,0,0,1,0,2,2,1,1,0,0
"SLC1A5",3615,3174,2962,4499,3929,3941,3968,3152,3233,3699,3721,2905
"PRKD2",3637,3537,3749,2997,3059,3249,3707,3333,2702,3152,3337,2912
"TJP3",0,0,0,0,0,0,0,2,0,0,0,0
"APLP1",67,47,57,57,50,67,87,90,63,55,75,63
"CACTIN",1677,1633,1541,1804,1553,1435,1896,1578,1573,1880,1805,1471
"CCDC9",881,823,683,921,824,858,824,741,756,813,804,601
"HNRNPUL1",7660,7280,8926,7965,7807,9554,10404,8993,8550,9001,8740,9675
"FZR1",1792,1622,1817,1728,1601,1839,2269,2158,1917,2103,2084,1979
"BBC3",1731,1433,1561,2017,1872,1898,1612,1641,1592,1732,1895,1390
"TGFB1",6287,5378,6835,6243,6607,8062,8110,7818,6586,6658,7120,6712
"DENND3",1923,1907,1907,2052,1921,1948,2583,1945,1880,1976,1853,1714
"DMAC2",1803,1579,1789,1872,1684,2004,2095,1912,2012,1904,1911,1799
"CEACAM4",0,0,0,0,0,0,0,0,0,0,0,0
"PLIN3",3165,2789,3277,3114,3043,3347,4356,4232,3988,3894,4300,3730
"MYH14",13,15,8,17,10,9,10,7,19,6,7,13
"MRPL4",1817,1513,1448,1950,1653,1577,1980,1890,1820,1848,2081,1710
"SIGLEC8",0,0,0,0,0,0,0,0,0,0,0,0
"CD79A",13,8,6,12,6,1,6,6,5,8,3,5
"LIM2",0,0,0,0,0,0,0,0,0,0,0,0
"ICAM4",26,23,12,38,23,8,26,8,12,16,23,6
"RPS19",19061,15516,17054,18380,18012,20888,22158,33079,25428,22005,27074,21899
"NOP53",4280,3724,4120,4379,4294,5065,5124,6585,5493,5044,5916,5240
"NKG7",0,0,0,0,0,0,0,0,0,0,0,0
"ICAM5",21,14,9,21,18,7,11,5,12,13,9,2
"ETFB",1058,823,961,962,995,1110,1199,1559,1276,1171,1335,1025
"CD33",0,0,0,0,0,0,0,0,0,0,0,0
"CEACAM5",2,0,2,0,3,0,2,0,1,0,1,0
"CRX",1,0,1,0,1,0,0,0,0,0,0,0
"BABAM1",1151,959,1060,1084,1059,1087,1361,1579,1402,1340,1461,1178
"TYK2",2328,2091,2276,2210,2186,2331,2618,2453,2149,2276,1957,2002
"SULT2A1",0,0,0,0,0,0,0,0,0,0,0,0
"CDC37",9858,8936,9454,10989,10144,10652,11210,10077,9306,10362,11387,10143
"NAPA",4673,3904,3880,4357,4246,3728,4568,3275,3575,4160,4420,2869
"RABAC1",1556,1282,1469,1544,1612,1736,2078,2442,2144,1869,2283,1702
"ATP1A3",0,0,0,0,0,0,0,0,0,0,1,0
"MEIS3",0,0,1,2,0,0,0,0,0,0,0,0
"PTPRS",99,96,151,106,117,144,141,136,120,144,79,111
"CNFN",1,1,3,2,1,3,0,3,4,3,2,6
"ZNRF4",0,0,0,0,0,0,0,0,0,0,0,0
"MEGF8",2282,2224,2683,2204,2164,2853,3017,2642,2334,2352,2076,2485
"KDELR1",3046,2628,3088,3404,3264,3915,4093,3826,3057,3488,4056,3511
"CYTH2",2427,2270,2472,2383,2555,2867,2927,3810,2885,2988,2711,2760
"GRWD1",1466,1233,1296,1643,1432,1513,2511,1899,2195,2154,2463,1887
"GRIN2D",171,138,149,133,130,113,139,110,96,118,109,75
"SYNGR4",1,1,0,3,0,0,0,1,0,0,1,0
"CLEC11A",328,282,320,312,333,398,471,534,467,397,460,383
"ODAD1",6,5,5,2,0,1,9,5,6,3,2,4
"CARD8",2865,2712,2488,2274,1996,1759,3029,2229,2173,2468,2259,2041
"LIG1",1798,1670,1793,1530,1593,1681,2268,2358,2055,2022,2063,1951
"SIGLEC6",0,1,3,1,1,0,2,1,2,6,3,1
"ZNF175",874,795,706,971,776,616,786,492,567,700,677,542
"PLA2G4C",589,575,378,668,476,310,402,314,376,419,499,276
"CABP5",0,1,0,0,0,0,0,0,0,0,0,0
"HAS1",0,3,0,0,0,0,1,0,1,0,0,0
"RAB3D",487,461,559,369,388,394,524,585,470,494,467,510
"DBP",28,28,28,13,8,11,23,22,7,18,27,20
"TMEM205",958,847,952,934,902,1008,1006,1296,997,1035,1169,921
"CAPS",33,34,27,17,17,17,24,67,30,31,20,23
"PLPPR2",916,871,974,884,860,991,1096,1087,967,916,950,855
"FAM83E",17,13,8,12,12,5,9,8,4,2,9,3
"RASIP1",3137,2739,2959,2741,2578,2744,3944,3534,3452,3172,3334,2908
"SPMAP2",0,0,0,0,0,0,0,0,0,0,0,0
"FGF21",0,0,0,0,0,0,0,0,0,0,0,2
"BCAT2",1094,934,981,986,912,1084,1194,1324,1110,1106,1168,1016
"MIER2",1272,1096,1084,1330,1144,1125,1499,1320,1329,1336,1357,1104
"PLEKHA4",669,537,449,721,639,446,656,346,367,533,726,286
"PPP2R1A",6777,6332,7158,7430,7094,8049,8131,8095,7362,7435,7968,6882
"TNPO2",2712,2468,2589,2709,2557,2509,2948,2416,2316,2680,2402,2256
"WDR83OS",11,20,20,18,19,21,28,37,26,17,27,25
"CACNG7",16,18,20,17,11,13,20,24,22,16,12,17
"GCDH",426,391,433,438,402,471,587,596,523,470,558,504
"LILRB5",0,0,1,0,0,0,0,2,1,2,0,0
"KLF1",0,1,1,0,0,0,0,0,0,2,0,0
"DNASE2",912,791,937,823,842,967,1073,1072,872,966,1137,908
"MAST1",3,2,4,3,1,5,3,7,4,2,3,2
"LENG1",350,301,313,368,345,361,450,415,393,387,511,360
"PRPF31",2460,2099,2435,2403,2340,2637,3077,3364,2731,2843,3185,2765
"TFPT",647,527,624,685,627,620,682,862,706,699,790,603
"JAK3",74,58,54,97,103,83,56,57,32,44,45,45
"RPL18A",7628,6312,6611,7331,7120,8085,8554,10917,8736,8306,9952,8918
"SLC5A5",0,1,0,0,2,0,0,0,0,8,0,1
"KCNN1",8,4,10,6,8,2,6,6,2,10,5,2
"ARRDC2",346,299,354,301,291,306,503,463,390,409,460,406
"PIK3R2",18,21,25,22,14,15,28,21,16,26,29,24
"RAB3A",16,11,12,18,24,34,23,22,13,13,15,19
"PDE4C",15,23,12,13,11,4,7,4,3,8,5,3
"ISYNA1",866,770,957,698,789,983,964,1157,864,872,913,859
"ELL",1123,1062,935,1239,1077,935,1182,843,1012,1074,1063,853
"CRTC1",304,298,381,229,265,292,371,415,310,350,272,331
"COMP",0,0,0,0,1,0,0,0,0,0,0,1
"UPK1A",0,0,0,0,1,0,0,0,0,0,0,0
"COPE",4061,3692,3958,4502,4328,4541,4955,5359,4529,4820,5601,4373
"DDX49",1674,1494,1454,1900,1711,1770,2066,2035,1994,2084,2253,1745
"ETV2",13,10,7,2,9,5,11,21,12,12,12,8
"ATP4A",0,0,1,0,0,0,0,0,0,0,0,0
"ARMC6",1320,1077,1117,1295,1116,1235,1649,1482,1557,1536,1644,1447
"TMEM147",1216,990,973,1232,1080,1118,1352,1394,1375,1332,1557,1151
"GAPDHS",1,0,0,3,1,0,1,0,0,2,0,1
"MAG",0,0,0,0,0,0,0,0,0,0,0,0
"TMEM59L",9,8,9,14,8,8,12,9,14,8,9,5
"HAMP",0,0,1,0,0,0,1,0,0,0,1,0
"USF2",1279,1173,1276,1226,1292,1483,1506,1594,1382,1475,1552,1447
"LSR",61,64,62,83,81,61,68,104,92,83,109,82
"KXD1",2198,2028,2363,2401,2216,2600,2687,2458,2425,2544,2707,2622
"FKBP8",4596,3675,4359,4089,4142,4847,5233,6091,5491,5031,5735,4602
"SUGP1",1126,1033,984,1210,992,948,1193,1070,1048,1138,1156,1017
"HPN",5,0,0,2,0,1,2,5,1,2,3,2
"ZNF14",103,105,86,91,90,71,114,87,85,95,105,114
"SCN1B",208,174,215,212,196,236,284,258,212,228,227,210
"PBX4",1,0,1,0,0,0,1,0,0,0,0,1
"ERF",3086,2771,2989,2873,2722,2760,3341,3221,2977,3107,3373,2768
"GSK3A",1956,1805,2071,2284,2212,2287,2371,2187,2073,2221,2261,2070
"ATP13A1",1777,1564,1637,1691,1677,1716,1877,1647,1531,1762,1500,1364
"ZNF574",645,512,558,587,535,542,677,574,565,611,657,551
"GRIK5",51,48,54,44,40,47,52,49,45,56,41,42
"SIPA1L3",978,934,1007,1319,1134,1200,1220,800,855,863,809,894
"ZNF85",119,110,107,145,118,106,166,144,102,130,153,128
"ETHE1",414,378,423,416,410,491,513,561,442,488,574,449
"CADM4",64,75,118,72,81,104,98,124,104,97,104,110
"SMG9",793,702,732,714,646,697,979,968,850,867,872,816
"AVL9",1315,1225,1349,1317,1207,1268,1647,1224,1303,1282,1264,1329
"RUNDC3B",15,17,23,15,15,25,31,27,21,23,20,22
"CFAP69",20,19,20,17,22,23,15,19,18,21,15,12
"GTPBP10",369,353,315,431,375,387,387,307,292,347,376,380
"RASA4",3,1,4,2,2,1,1,0,1,2,6,1
"CDK6",789,726,866,1273,1242,1521,1074,692,739,709,747,870
"PMPCB",923,866,925,1063,972,968,1133,1079,939,1053,1163,1058
"DNAJC2",1671,1511,1455,1755,1671,1666,2082,1690,1641,1854,1901,1684
"TFPI2",3571,2741,3098,6792,6881,8406,5017,4261,4319,4222,4973,4841
"BET1",604,568,620,782,837,983,696,737,725,629,654,653
"NAMPT",2970,2625,2594,3981,4109,4413,4594,3151,3250,3540,3936,3635
"POLR1F",1077,1038,982,1267,1128,1132,1458,1203,1212,1299,1330,1235
"PIK3CG",219,215,221,214,185,225,269,181,213,220,204,232
"PON3",1,3,2,2,2,5,4,4,2,6,5,6
"PON2",2498,2262,2716,2403,2499,2943,2925,2981,2524,2591,2754,2756
"ITGB8",239,213,275,447,485,580,511,333,317,336,338,388
"HBP1",2407,2316,2346,2478,2180,2346,2496,2138,2224,2421,2357,2420
"DUS4L",118,110,95,114,94,91,120,108,109,97,119,92
"SP4",191,226,229,203,164,189,225,162,165,186,183,239
"WDR91",202,186,170,200,199,226,203,185,168,184,169,147
"DNAH11",285,301,234,263,260,190,298,185,217,218,242,179
"CBLL1",1042,1003,1025,1149,996,908,1288,807,943,1092,1022,967
"DLX5",1,0,0,0,0,0,0,0,0,0,1,0
"MTPN",5819,5950,6166,7145,6719,7620,7003,5585,5665,6359,6199,6656
"STEAP1B",865,753,744,868,815,811,1159,858,909,916,1041,859
"PTN",1,0,0,0,0,1,0,0,0,0,0,0
"PALS2",467,472,548,495,415,531,678,546,580,529,525,615
"GSDME",670,598,689,656,676,784,726,708,606,670,578,632
"ATP6V0A4",24,21,23,41,53,56,34,26,27,27,29,29
"ZC3HAV1",3761,3536,2555,4211,3189,2224,2507,1520,1506,2195,2464,1647
"IFT56",417,341,278,491,354,273,272,251,240,277,338,257
"OGDH",2895,2780,3025,2923,2760,2987,3452,2680,2540,2869,2713,2600
"NPVF",0,0,0,0,0,0,0,0,0,0,0,0
"ADAP1",78,66,43,106,59,23,46,15,31,34,63,20
"TFEC",1877,1896,2059,1755,1616,1567,2096,1277,1423,1662,1699,1573
"H2AZ2",2002,1851,2197,2014,2086,2513,3013,3611,2868,2791,3009,3282
"CAV2",6270,6335,6794,9524,9553,11450,8474,8048,7145,7773,8489,8397
"CAV1",45538,45456,54824,64630,66794,86551,66102,63067,56443,60277,63888,67060
"MET",1154,1147,1392,1350,1206,1218,3435,2126,2222,2412,2495,2664
"RNF32",5,2,5,6,4,0,5,3,6,3,7,9
"LMBR1",1022,1046,1364,873,885,1159,1293,1228,1055,1150,1112,1398
"WNT2",0,0,0,0,1,0,0,0,0,0,0,1
"HOXA1",107,91,102,103,110,106,125,82,71,89,120,102
"DNAJB6",2696,2559,2695,2719,2387,2606,3025,2662,2826,2819,2903,2641
"HOXA2",138,90,110,70,76,54,117,119,92,98,76,101
"HOXA3",174,172,184,130,155,148,240,226,180,238,201,187
"LFNG",152,114,197,51,54,73,194,329,259,196,186,208
"HOXA5",400,382,419,314,354,329,526,532,431,464,482,437
"HOXA6",107,107,118,73,79,92,94,93,68,86,69,81
"BRAT1",888,789,816,741,765,831,1081,1273,1077,1000,925,883
"IQCE",717,665,762,748,701,779,857,695,700,735,739,689
"ANKRD7",2,2,1,2,0,1,2,3,1,3,1,2
"VIPR2",0,0,0,0,0,0,1,0,0,0,0,0
"TSPAN12",558,594,659,534,546,669,885,955,867,767,812,911
"SSBP1",2156,1816,2002,2188,1987,2232,2600,2652,2486,2552,2768,2405
"HOXA13",1,0,2,0,0,0,1,0,1,3,2,0
"CPED1",37,45,38,36,47,30,59,37,39,54,44,32
"EVX1",0,0,0,0,0,0,0,0,0,0,0,0
"HIBADH",629,591,696,722,690,792,860,826,743,745,833,826
"TAX1BP1",4013,3839,4232,4525,4586,5117,5080,4447,4123,4566,4796,4600
"CPVL",5,3,4,2,4,6,1,2,4,2,4,10
"CHN2",19,18,22,17,22,17,21,19,20,20,23,20
"GRB10",3819,3650,4174,4209,4187,4548,5324,4313,4297,4279,4407,4210
"ABHD11",255,231,220,251,236,214,241,225,248,253,286,203
"COBL",0,0,1,1,2,2,0,0,0,1,3,0
"FKBP14",1001,1065,1216,2023,2017,2319,901,704,691,749,757,798
"PLEKHA8",540,583,744,696,703,941,757,728,647,624,527,785
"STX1A",1350,1269,952,1426,1071,768,1130,759,914,1090,1302,749
"NOD1",808,778,921,582,651,705,1283,1260,1108,1074,1072,1057
"GARS1",4404,3992,4495,5912,5913,6637,6045,5310,5218,5387,5565,5036
"CRHR2",0,0,0,0,0,0,0,0,0,0,0,0
"EPHB6",191,185,199,173,182,188,273,264,263,241,283,251
"MINDY4",15,13,19,12,13,21,10,24,13,12,32,19
"GHRHR",2,1,0,0,0,0,0,0,0,0,1,1
"CASP2",816,767,844,814,798,749,998,811,777,845,751,818
"CHCHD2",4227,3533,3573,4533,4185,4639,4603,5709,4645,4595,5676,4881
"CCL24",1,0,3,0,2,0,0,2,0,0,5,0
"HSPB1",14075,11982,14389,13258,13526,16660,17306,21962,16303,16235,18190,16700
"NPTX2",35,27,23,25,21,20,15,9,18,21,28,12
"PDAP1",3591,3073,3421,3833,3464,3834,4643,4578,4230,4357,4999,4197
"BUD31",2225,1864,1696,2292,2036,2081,2319,2726,2431,2376,2896,2160
"PTCD1",160,109,139,134,140,173,181,170,125,145,164,145
"CYP3A5",0,0,0,1,0,0,0,0,0,0,0,0
"ZKSCAN1",1423,1334,1535,1277,1249,1531,1618,1354,1154,1168,1022,1276
"EIF3B",8446,7240,7913,8294,7802,8197,11802,10930,10799,10388,10741,9360
"SNX8",1654,1430,1564,1837,1702,1539,1658,1412,1475,1526,1633,1282
"NUDT1",252,215,261,259,242,275,386,452,371,342,401,363
"PTPRZ1",0,0,1,2,0,5,1,1,0,1,0,0
"TAF6",1327,1163,1334,1301,1250,1423,1620,1351,1230,1427,1325,1318
"WASL",842,835,878,1003,1003,1231,887,667,591,701,708,790
"HYAL4",0,3,2,2,1,3,2,0,1,2,1,1
"SPAM1",0,0,0,0,0,0,0,0,0,0,0,0
"AIMP2",1319,1072,1114,1426,1168,1153,1540,1544,1527,1535,1656,1360
"TFR2",3,4,9,3,5,3,7,8,10,9,3,2
"FSCN3",3,1,6,4,3,4,4,7,9,7,5,7
"MOSPD3",245,190,239,201,202,276,342,386,286,302,303,289
"PAX4",0,0,0,0,0,0,0,0,0,0,0,0
"PCOLCE",22,22,22,18,18,24,29,35,16,26,23,15
"FBXO24",5,6,3,2,4,4,5,9,7,7,8,7
"PPP1R17",0,0,0,0,0,0,0,0,0,0,0,0
"RBM28",1258,1133,1211,1310,1225,1330,1635,1434,1403,1449,1388,1389
"USP42",550,526,514,559,508,603,672,519,533,528,502,487
"IMPDH1",2413,2184,2541,2838,2581,3043,2977,2868,2575,2601,2770,2547
"AGFG2",948,856,990,675,711,793,1028,1156,878,966,893,865
"LSM5",537,515,522,591,528,572,787,990,675,696,824,744
"SERPINE1",155971,127732,128278,173120,158169,158828,156375,108897,119537,127787,133806,116842
"AP1S1",1926,1653,1848,1916,1768,1963,2395,2644,2526,2247,2635,2105
"MOGAT3",0,0,0,0,0,0,0,0,0,0,0,0
"C1GALT1",929,962,842,1126,1027,1070,1084,875,888,1001,998,1062
"PLOD3",5686,5111,5568,5712,5464,5708,7039,6259,5776,6024,6315,5303
"RPA3",232,203,195,231,200,247,290,443,317,298,380,326
"ZNHIT1",1857,1581,1616,1866,1854,1900,2113,2672,2158,2019,2375,1969
"CLDN15",180,216,209,127,146,152,270,306,214,235,198,183
"NOBOX",0,0,0,0,0,0,0,0,0,0,0,0
"GLCCI1",78,79,92,118,132,163,110,88,82,94,90,106
"MYL10",0,0,0,0,0,0,0,0,0,0,0,0
"PHF14",844,799,877,808,784,930,1178,1175,969,948,986,1069
"NRF1",411,307,359,342,357,395,535,459,418,415,519,439
"TMEM106B",671,680,779,668,677,758,731,643,544,674,662,704
"EZH2",1123,938,1068,1010,891,1010,1431,1260,1208,1359,1303,1184
"CEP41",357,314,395,326,284,308,441,418,351,366,440,395
"ZNF862",289,268,297,197,196,242,374,340,270,293,235,303
"SFRP4",0,0,0,1,0,0,0,0,0,0,0,0
"MEST",187,187,243,171,196,216,341,387,349,315,308,337
"MEOX2",10,19,11,22,24,27,18,26,16,13,23,21
"ANKMY2",317,297,359,375,335,343,478,450,405,461,504,414
"ACTR3C",0,0,4,0,2,1,1,0,2,1,1,2
"POU6F2",0,0,0,0,0,0,0,0,0,0,0,0
"TSPAN13",346,324,396,615,561,811,395,456,428,355,394,420
"RARRES2",0,1,0,0,0,1,0,0,0,0,1,0
"AGR2",0,0,0,0,0,0,0,0,0,0,0,0
"AHR",888,906,893,1129,1030,1106,776,592,551,710,678,702
"CHCHD3",1304,1159,1209,1399,1271,1374,1485,1380,1313,1460,1533,1374
"GIMAP2",749,703,928,500,513,607,1040,1033,817,998,1052,992
"TMEM176B",0,0,0,0,0,0,0,0,0,0,0,0
"GLI3",345,332,407,229,230,297,421,305,256,332,290,272
"PSMA2",164,149,155,129,161,154,189,185,141,166,206,162
"MRPL32",1198,998,1007,1320,1185,1151,1387,1364,1220,1384,1553,1255
"COA1",693,532,641,670,610,712,826,823,698,717,820,744
"BLVRA",719,573,594,727,697,739,791,875,797,792,800,643
"URGCP",766,679,725,703,667,728,899,710,767,751,779,696
"TMEM248",2453,2263,2519,2439,2365,2645,3168,2880,2681,2832,2969,2910
"RHEB",1721,1613,1609,1992,1783,2021,2222,2278,2232,2189,2505,2040
"PRKAG2",1155,1120,1203,1147,1047,1122,1708,1608,1526,1470,1611,1609
"AEBP1",798,731,856,776,753,844,908,830,735,798,734,733
"POLD2",1539,1274,1421,1508,1434,1660,1775,1856,1655,1674,1781,1592
"MYL7",0,0,0,0,0,0,0,0,1,0,0,0
"GCK",2,1,0,2,4,1,2,0,0,5,3,1
"BCL7B",1460,1213,1260,1544,1541,1545,1468,1326,1281,1359,1488,1157
"YKT6",5274,4789,5089,5842,5471,5569,6350,6283,6222,6034,6748,5548
"TBL2",1228,1035,1066,1342,1318,1323,1284,1103,1112,1157,1302,1039
"GALNTL5",0,0,0,0,0,0,0,0,0,0,0,0
"CLIP2",1739,1564,1780,2381,2433,2546,2478,1994,2050,1886,1973,1931
"EIF4H",7153,6704,7595,7743,7360,8463,9341,8413,8143,8498,8649,8280
"LIMK1",1660,1597,1810,1570,1590,1694,2119,1915,2046,2071,1987,1792
"SPATA6L",21,55,44,67,69,71,48,43,35,34,51,32
"SLC1A1",545,542,570,679,614,643,787,619,630,692,684,609
"LHX2",0,0,0,0,1,0,0,1,0,1,0,0
"FKTN",341,368,392,446,379,452,484,340,359,404,362,473
"FSD1L",173,164,179,162,140,153,178,135,121,164,131,136
"CNTNAP3",308,363,476,283,312,414,378,417,284,339,278,332
"SPIN1",986,1017,1236,917,958,1226,1388,1141,1011,1050,1001,1225
"NMRK1",327,412,457,329,337,391,406,481,393,382,425,435
"TMEM245",2557,2486,2847,2574,2502,3106,3077,2621,2350,2518,2323,2643
"PRUNE2",526,480,611,456,456,547,577,497,406,459,520,504
"MEGF9",387,438,476,424,387,534,616,506,468,501,525,613
"TRIM14",2333,2222,2224,2329,2249,1841,2808,1249,1391,2179,2595,1280
"CORO2A",47,33,36,37,35,40,48,34,30,28,45,29
"TGFBR1",315,305,349,286,333,372,537,454,412,395,389,492
"SEC61B",2136,1817,2020,2592,2511,2900,2440,2958,2196,2409,2933,2376
"C5",51,57,41,53,52,55,92,59,52,66,51,68
"OGN",0,0,0,0,0,0,0,0,0,0,0,0
"ASPN",1,0,0,1,0,0,0,0,0,0,1,0
"ECM2",0,0,0,0,0,0,0,0,0,0,0,0
"TLE4",1251,1267,1315,1023,979,961,1414,1165,1086,1226,1222,1186
"LHX6",466,484,534,161,161,217,670,681,527,536,505,661
"PTGR1",4198,3603,3875,3738,3730,3979,4558,4307,4270,4224,4757,3707
"SUSD1",647,617,705,689,650,723,1064,882,819,882,897,882
"AMBP",1,0,0,0,3,2,0,1,0,1,2,1
"AKNA",748,706,854,682,617,773,842,756,650,702,640,745
"TNFSF8",6,10,4,10,8,4,5,0,1,6,10,0
"DNM1",10,11,17,15,10,5,9,15,6,10,14,12
"ENG",24723,22153,24935,20179,19204,21076,31463,26728,23794,26271,26619,23999
"AK1",412,365,419,398,366,441,416,541,403,416,482,431
"CDC37L1",348,322,314,401,350,331,337,302,309,321,383,299
"RLN2",0,2,1,1,0,1,2,2,1,0,0,0
"RLN1",0,0,1,0,2,1,0,0,2,0,0,1
"PLGRKT",144,132,116,156,140,137,148,140,152,152,177,142
"TBC1D13",1424,1269,1503,1472,1371,1507,1732,1394,1500,1540,1570,1324
"RIC1",1047,1067,1147,1182,1185,1349,1373,967,945,1023,980,1177
"KDM4C",539,506,444,576,469,458,513,427,415,390,460,396
"DOCK8",179,194,226,160,170,232,245,192,147,160,159,214
"KANK1",1815,1604,1753,2586,2555,2923,2661,1869,1831,1889,1884,1843
"ELAVL2",1,0,1,9,7,12,3,0,3,1,7,6
"NCS1",1557,1413,1534,1531,1476,1644,1980,1752,1823,1706,1844,1798
"TESK1",571,546,562,630,656,724,690,689,628,615,626,612
"KCNT1",0,0,0,0,0,1,0,0,1,0,0,0
"CA9",0,1,0,0,0,0,2,0,1,0,0,0
"FUBP3",1871,1733,1823,2150,1978,2298,2229,1839,1628,1886,1970,2046
"TYRP1",13,10,9,10,8,7,12,4,7,15,15,9
"CREB3",1750,1447,1576,2132,1909,2079,2112,1907,1911,1804,2059,1700
"RGP1",953,904,996,1053,1048,1172,1267,1063,1013,1031,890,1054
"MPDZ",2010,2046,2403,2155,2201,2513,2698,2045,1872,1917,1733,2108
"LHX3",0,0,2,0,0,2,1,0,0,0,0,0
"RIGI",403,409,358,402,459,284,399,191,148,262,334,164
"EDF1",3669,2880,3355,3689,3703,4200,4369,5581,4128,4202,5019,4102
"PIP5K1B",0,0,0,2,1,0,0,0,0,1,1,0
"GLIS3",40,42,41,50,56,92,44,47,32,36,37,52
"BAG1",3106,2759,2405,2965,2807,2530,2989,3014,2720,2906,3611,2411
"RAPGEF1",6163,5870,6462,7915,7918,9672,6501,4874,5023,5331,5030,5212
"NPDC1",2096,1912,2269,1822,1899,2205,2598,3361,2441,2448,2270,2050
"APBA1",167,144,183,107,120,130,137,130,116,105,123,119
"SETX",2394,2302,2695,3814,3961,4898,2950,1881,1768,1818,1875,2051
"SH3GL2",21,20,21,24,28,34,19,14,17,17,15,15
"PTGDS",0,0,0,0,0,0,0,1,0,1,1,0
"ABCA2",646,586,644,585,593,776,692,593,583,558,479,576
"SHB",700,620,605,725,606,658,696,598,646,679,698,572
"UBE2R2",2894,2528,2966,2615,2550,3156,3908,3914,3591,3657,3886,3654
"ABHD17B",379,352,358,421,400,401,364,326,335,404,380,342
"EXOSC3",435,345,345,450,397,416,618,619,652,655,664,595
"ZFAND5",5453,5659,6893,6764,6766,7919,6532,6892,5966,6475,6277,6809
"DVL1",1001,885,976,1046,971,1129,1281,1327,1149,1162,1272,1186
"PDLIM1",3353,3165,3777,3462,3710,4526,5074,5043,4496,4154,4522,4087
"CCNJ",1541,1503,1663,1203,1197,1349,1584,1474,1348,1401,1335,1503
"DNTT",0,0,0,0,0,0,0,0,0,0,0,0
"GATA3",1093,976,1031,579,533,605,1344,1298,997,1091,1138,1112
"ATRNL1",0,0,1,1,0,0,0,0,0,1,1,0
"HPS1",2791,2526,2571,2754,2540,2589,2946,2716,2575,2703,2801,2313
"PHYH",212,182,203,259,218,246,198,212,164,196,234,179
"RASSF4",176,180,254,139,196,227,215,278,175,220,191,231
"DNMBP",2971,2751,2871,3853,3372,3628,3834,2490,2372,2586,2570,2621
"RAB11FIP2",406,301,357,420,374,420,501,383,353,379,359,395
"CXCL12",6,11,11,17,14,8,22,19,20,22,16,19
"ERLIN1",2761,2472,2614,2980,2630,2640,3629,2581,2771,3133,3271,2866
"EIF3A",9094,8446,9047,9592,9149,10255,11685,9722,9280,9020,8492,9260
"PKD2L1",0,0,1,0,0,0,1,0,0,0,0,0
"CUBN",200,184,238,231,189,242,203,177,149,156,169,225
"TRDMT1",148,165,167,171,166,220,202,205,152,187,205,228
"DDX50",985,926,870,1299,1177,1162,1106,963,1002,1007,1122,1013
"MAPK8",695,619,724,713,719,859,809,735,689,755,711,776
"SEC23IP",2001,1942,2006,2432,2212,2272,2271,1777,1733,1955,1939,1902
"ATE1",636,668,705,772,712,846,882,655,687,760,714,725
"NSMCE4A",816,732,789,848,877,904,1134,1165,1087,1010,1081,1028
"PLEKHA1",1493,1485,1532,2447,2345,2745,2047,1473,1660,1799,1800,1852
"PALD1",300,353,375,292,332,443,276,313,270,296,246,334
"UNC5B",179,182,251,247,273,261,152,139,101,129,117,164
"CDH23",0,1,0,0,0,0,1,0,1,1,0,0
"VSIR",332,244,312,638,664,665,449,354,321,360,375,341
"SPOCK2",16,12,12,11,7,12,7,12,16,20,3,10
"MICU1",1141,1140,1255,1253,1195,1408,1444,1280,1174,1303,1384,1293
"PPP3CB",850,888,897,929,926,1053,1406,1203,1151,1285,1263,1232
"CCSER2",1183,1272,1353,1293,1120,1353,1408,1106,1081,1118,1178,1294
"BMPR1A",0,0,0,2,1,0,1,0,0,0,0,1
"MINPP1",667,494,514,746,693,709,823,646,649,655,716,665
"ACTA2",299,303,241,293,246,191,319,227,236,298,281,209
"LIPA",781,815,843,856,786,772,971,725,738,879,937,727
"TLX1",0,0,0,0,0,0,0,0,0,0,0,0
"TWNK",787,650,589,750,633,542,913,710,751,823,788,714
"LZTS2",2637,2609,2761,2938,3036,3241,2905,2926,2638,2771,2678,2543
"SFXN3",2216,2114,2393,2041,2272,2291,2527,2267,1941,2160,1967,2089
"KAZALD1",13,14,18,13,11,11,18,14,21,15,17,14
"FBXW4",503,445,468,450,490,454,545,504,421,496,526,407
"FGF8",2,5,2,1,2,0,2,2,1,1,0,0
"NPM3",553,448,438,603,517,593,643,792,730,644,687,619
"TNKS2",2201,2285,2541,2638,2550,2954,2838,2137,2099,2305,2141,2509
"PITX3",0,2,1,3,4,2,1,0,0,1,1,0
"GBF1",4110,4065,3839,4643,4220,4467,4392,3126,3000,3578,3253,3020
"ARHGAP21",3008,2878,3400,2844,2948,3389,4171,2775,2755,2701,2709,3299
"CPEB3",127,112,125,157,127,121,141,92,106,109,118,102
"FBXL15",212,173,214,219,221,220,250,370,286,239,277,206
"CUEDC2",1285,1052,1179,1198,1150,1374,1522,1922,1472,1414,1681,1405
"SUFU",706,672,844,574,535,537,781,687,621,709,612,661
"ANKRD26",380,345,399,407,339,441,436,377,365,392,359,402
"ACBD5",784,766,848,829,784,786,927,748,705,824,832,817
"LHPP",30,24,38,37,37,44,66,79,44,71,65,48
"LARP4B",2030,1927,1877,1973,1913,1931,2187,1719,1791,1800,1753,1671
"GTPBP4",3145,2669,2551,3569,3145,3084,3907,3424,3346,3387,3577,3120
"EDRF1",511,518,489,537,495,508,638,460,428,495,512,517
"BCCIP",2645,2305,2427,2947,2619,2747,3534,2927,3137,3271,3611,3043
"MTPAP",451,420,371,481,431,488,594,474,432,453,473,464
"NEURL1",6,7,6,8,16,6,9,4,3,9,9,5
"SH3PXD2A",288,235,294,361,405,404,353,210,223,197,226,240
"PITRM1",7787,7118,7272,8402,7563,7809,8272,6455,6579,7242,7149,6671
"STN1",392,342,381,387,385,397,419,452,364,415,441,384
"MAP3K8",72,86,65,193,259,292,83,82,71,81,86,79
"DKK1",3591,2941,2845,4116,3263,2949,6070,4679,5373,5123,6123,4489
"EBF3",7,2,4,3,1,7,3,2,5,6,5,3
"GLRX3",2956,2518,2613,3143,2672,2699,3214,3260,3146,3094,3386,2904
"SORCS1",0,0,0,0,0,0,0,0,0,0,0,0
"TASOR2",1895,1754,1965,2302,2047,2340,2337,1310,1368,1487,1449,1667
"XPNPEP1",2414,2274,2577,2736,2711,3117,3016,2618,2340,2522,2613,2460
"SMC3",1788,1749,1919,1774,1694,1790,2313,1852,1856,2062,2004,2025
"SHOC2",1344,1284,1383,1463,1502,1564,1518,1217,1205,1381,1396,1393
"TFAM",1178,1100,1131,1317,1124,1242,1622,1407,1477,1554,1518,1558
"CCDC6",1301,1323,1414,1580,1455,1585,1519,1153,1107,1227,1177,1271
"CUL2",1821,1736,1789,1963,1870,1935,2238,1794,1791,1810,1965,1914
"CCNY",2367,2097,2350,2043,2086,2325,2419,2179,2078,2185,2248,2249
"UBE2S",2698,2378,2474,2998,2639,3226,3524,4526,3767,3394,4261,3493
"RPL28",14643,12075,13724,14517,14158,16442,17741,22633,17626,16790,19563,17492
"ZMIZ1",1951,1891,2182,1884,1831,2191,2627,1926,1851,1752,1632,2024
"DNAJC12",18,16,25,49,58,53,24,33,24,25,34,24
"PPIF",1844,1533,1479,1886,1553,1409,2307,1901,2217,2216,2355,1741
"PBLD",124,102,159,117,131,131,152,145,105,130,149,149
"TSPAN14",6177,5505,6347,5782,5536,6403,8723,6891,7280,7162,7153,6766
"LGI1",0,0,0,0,0,0,0,0,0,0,0,1
"TBC1D12",297,342,323,369,356,353,294,227,235,249,255,254
"CYP2C18",0,0,0,0,0,2,0,1,1,1,0,0
"KRT23",0,0,0,0,0,0,0,0,0,0,0,0
"CRYBA1",0,0,0,0,0,0,0,0,0,0,0,0
"NUFIP2",2415,2470,2497,2521,2375,2454,2756,1800,1720,2013,2038,1941
"GIT1",4149,3939,4275,4436,4119,4623,5069,4226,4205,4358,4470,4052
"RPL19",18164,15529,17023,19346,17953,20724,21080,24765,19297,20175,24992,21617
"FBXL20",148,170,192,115,86,127,165,150,114,148,140,138
"RUNDC3A",2,1,0,0,1,1,1,2,1,0,1,0
"UBTF",3049,2736,3120,2591,2433,2745,3955,3790,3546,3405,3430,3256
"CSF3",74,44,14,52,33,14,35,27,25,20,45,18
"PSMD3",5014,4303,4746,5342,4746,5287,6101,5366,4857,5267,5700,4964
"CASC3",2695,2564,2734,2668,2551,2622,3235,2712,2704,2766,2572,2738
"RAPGEFL1",257,280,225,216,196,189,233,221,197,237,194,143
"RGS9",6,4,12,5,7,5,6,7,2,4,6,6
"RNF43",1,3,0,0,1,0,0,0,0,0,0,1
"WNT3",35,20,32,24,16,30,30,29,37,39,43,42
"ASPA",1,0,0,0,0,0,1,0,0,0,0,0
"RAD51C",550,447,520,573,484,517,640,637,571,638,674,606
"SEPTIN4",9,9,13,5,2,3,11,2,4,7,11,10
"MTMR4",733,678,800,1012,1128,1292,878,807,697,734,669,767
"TRIM37",2120,2092,2208,2094,2018,2282,2554,2159,2120,2108,2098,2349
"P2RX1",0,0,0,0,0,0,1,0,0,0,0,0
"DHX40",757,733,845,827,831,1022,1118,975,938,1059,931,1124
"KRT37",0,0,0,0,0,0,0,0,0,0,0,0
"TUBD1",126,108,136,129,127,195,211,197,176,234,221,177
"KPNB1",13673,12339,14133,13500,12708,14204,16341,13709,13153,13636,13059,14022
"GOSR2",1629,1449,1538,1804,1670,1723,1670,1504,1415,1603,1679,1383
"PNPO",603,633,615,726,706,823,596,429,490,479,538,434
"RPS6KB1",1064,1066,1115,1196,1096,1270,1373,1089,1102,1229,1242,1088
"CDK5RAP3",551,548,547,406,506,411,623,728,554,593,464,466
"CBX1",2113,1844,2118,2100,1839,2281,3243,2803,2964,2861,3077,2909
"RECQL5",402,393,401,355,344,327,417,485,371,428,367,330
"PIGL",168,174,151,189,157,157,138,141,115,148,162,126
"GALK1",455,346,430,421,389,477,561,627,474,489,536,484
"INTS2",326,325,319,304,293,308,389,302,276,325,261,296
"CAMTA2",1100,1063,1061,1007,1133,1070,1210,1111,898,1043,802,818
"MED13",1947,1841,1914,2102,1816,1958,1993,1144,1290,1498,1395,1512
"HOXB6",449,441,466,325,325,338,539,495,440,388,396,348
"ENO3",112,98,78,102,80,72,95,105,87,106,96,72
"PFN1",23954,19707,21379,22582,21004,23623,27453,29650,27846,26233,29666,24875
"RNF167",1589,1419,1592,1672,1633,1844,1935,1759,1714,1745,1930,1673
"SLC25A11",888,769,873,1035,939,1085,1260,1269,1186,1144,1267,1043
"RASD1",72,51,58,106,109,151,56,38,56,71,73,49
"CHRNE",10,13,10,23,33,14,15,15,8,16,15,9
"RAI1",1599,1434,1616,1404,1361,1606,2236,1699,1519,1568,1541,1666
"NUP88",1703,1620,1647,2148,2049,2248,1971,1649,1724,1812,2014,1842
"C1QBP",3933,3297,3666,4421,3953,4281,4913,4873,4621,4732,5297,4527
"SLC6A4",12,6,6,7,4,10,9,1,6,6,6,3
"BLMH",1171,1005,1220,1119,1055,1238,1764,1747,1587,1565,1659,1507
"CPD",3353,3328,3791,3531,3574,4388,4066,3379,2991,2978,2877,3766
"GOSR1",1404,1299,1180,1532,1430,1420,1648,1147,1266,1473,1362,1228
"CCDC47",4077,3562,3728,4512,4173,4304,4844,3742,3989,4120,4191,3672
"MED31",260,242,182,227,230,238,247,234,244,237,282,241
"DRG2",1257,1016,1140,1202,1109,1192,1352,1372,1216,1291,1303,1216
"FTSJ3",2918,2520,2307,2658,2573,2237,3456,2649,2759,3140,3165,2393
"AKAP10",716,696,688,740,723,788,738,603,578,712,674,634
"ALDH3A1",18,14,16,11,15,16,21,16,14,14,14,11
"SMARCD2",1536,1355,1580,1647,1440,1691,1900,1709,1515,1619,1663,1564
"ICAM2",15053,12312,14105,12663,11646,12843,18579,17697,16558,16441,18525,15297
"SYNGR2",1663,1488,1711,1698,1550,1879,2084,2229,1903,1853,2019,1766
"B9D1",189,159,204,207,171,243,220,255,179,194,186,208
"UTP6",1890,1522,1512,1919,1797,1621,2145,1737,1751,1796,1991,1597
"DDX5",15330,14622,16578,14576,15255,16497,18126,18173,14853,15343,13975,14822
"C17orf75",249,205,259,254,203,276,291,337,317,320,329,270
"CYTH1",1638,1519,1761,1516,1559,1624,2016,1918,1650,1779,1732,1595
"PSMD11",2982,2545,2667,2810,2637,2820,3442,2995,2928,3133,3177,2803
"LGALS3BP",388,304,295,270,247,165,503,147,200,275,347,105
"ASIC2",0,1,0,2,0,0,0,0,2,0,0,1
"CCL7",3,2,2,6,12,2,3,9,5,6,3,6
"CCL2",1287,1190,1480,2434,2745,3782,1577,1787,1262,1275,1677,1726
"CCL8",1,0,0,1,0,0,0,0,0,1,1,0
"CCL1",0,0,0,3,3,1,0,0,0,0,1,0
"PEX12",204,158,140,192,175,150,215,163,179,179,216,167
"KRT32",0,0,0,0,0,0,0,0,0,0,0,0
"DHX58",1497,1308,1002,1433,1088,745,1016,494,628,973,1115,434
"KAT2A",1193,1046,1126,1012,870,940,1429,1268,1222,1224,1237,1075
"RAB5C",4567,4134,4641,4744,4651,5102,5325,4680,4283,4666,5503,4553
"NAGLU",1105,1061,1218,1108,1079,1213,1432,1427,1216,1220,1314,1184
"HSD17B1",10,13,3,7,11,12,11,25,11,8,12,14
"MLX",925,888,890,1193,1067,1175,1115,1105,902,999,1080,980
"CNTNAP1",1463,1464,1450,1266,1368,1470,1328,1058,833,1062,782,857
"ABI3",1525,1314,1436,1768,1808,1851,1810,1573,1459,1558,1722,1451
"EZH1",728,736,856,572,529,610,857,889,683,764,655,653
"DLX4",0,0,0,0,0,0,0,0,0,1,0,1
"PPP1R9B",2726,2399,2789,2487,2316,2418,3422,3022,2952,2761,2741,2668
"COL1A1",5,5,3,4,10,6,10,6,6,6,6,1
"SGCA",0,0,0,0,0,0,0,0,0,0,0,0
"MRPL27",872,719,863,870,868,882,1236,1455,1247,1106,1367,1107
"VAT1",11355,10804,13188,12209,11908,15732,13489,15448,13531,12340,12320,13904
"LRRC59",9782,8461,8556,12726,11193,11651,11107,8788,9268,10125,10433,8724
"RND2",9,6,10,14,1,11,13,9,5,13,6,12
"ALOX12",0,0,1,0,0,0,1,0,0,0,0,2
"HDAC5",660,679,705,1146,1139,1414,586,604,553,606,626,607
"ABCC3",45,49,31,20,17,21,29,47,29,31,33,31
"LUC7L3",3178,3091,3352,2861,2895,2892,3904,4582,3417,3543,3424,3403
"PPY",0,0,0,0,0,0,0,0,0,0,0,0
"MPP2",8,6,11,9,4,7,16,14,10,7,10,6
"SMURF2",5588,5039,5640,5366,4995,5179,8803,6659,6702,6982,7142,7213
"DUSP3",1941,1742,1917,2463,2393,2773,2504,2245,2075,2268,2203,2018
"CACNG1",0,0,0,0,0,0,0,0,0,0,0,0
"EFTUD2",4145,3853,4144,4228,3829,4145,5758,4757,4644,4883,4763,4294
"HLF",4,5,2,5,2,1,3,0,0,7,5,0
"SLC16A6",50,46,47,46,42,31,96,56,42,50,51,51
"PRKAR1A",3948,3883,4376,4801,4817,5844,5645,4618,4667,4724,4701,4779
"EFNB3",17,13,16,15,9,11,21,24,10,13,16,18
"FAM20A",0,0,0,0,0,0,0,0,0,0,0,0
"YWHAE",14248,12324,13563,14777,13695,15758,18422,17689,16383,17440,18993,17324
"MMD",130,100,90,169,126,150,183,143,129,165,174,159
"RANGRF",201,183,196,197,194,217,279,381,265,292,307,264
"DPH1",605,531,555,588,531,537,681,722,665,673,612,543
"MAP2K6",244,270,325,151,174,214,295,290,217,231,222,296
"DHRS7B",272,222,251,313,319,271,362,290,264,318,359,250
"WSB1",6958,8221,9723,4808,5666,5650,8766,11768,6838,8121,5448,6773
"RCVRN",0,0,0,0,0,0,0,0,0,0,0,1
"MYH1",0,0,0,0,0,0,0,0,0,0,0,1
"NHERF1",760,732,780,750,700,722,963,888,767,819,872,831
"MYH3",135,115,92,129,102,89,148,120,115,130,141,88
"NAT9",740,657,709,703,744,644,819,1033,731,798,769,638
"TMEM104",767,776,853,913,920,1000,978,734,678,836,831,741
"VTN",14,11,10,5,16,18,30,30,12,21,27,23
"TNFAIP1",2970,2837,3151,4785,5100,6515,4436,3565,3373,3584,3708,3579
"IFT20",509,498,446,641,593,762,590,766,667,611,648,639
"TMEM97",872,754,939,816,752,827,1056,1008,900,992,1126,983
"CDR2L",1304,1209,1275,1640,1561,1761,1596,1347,1454,1281,1418,1262
"PMP22",2661,2370,2322,3699,3755,3732,3424,2542,2663,2848,3195,2693
"FOXN1",0,0,0,0,0,0,0,0,0,0,0,0
"UNC119",555,493,613,452,454,497,607,608,500,535,560,573
"ALDOC",140,104,146,97,139,112,126,124,104,112,105,109
"SUPT6H",5929,5478,5508,6039,5535,5664,6108,4812,4475,4971,4638,4676
"RAB34",954,838,986,966,925,1097,1254,1447,1269,1120,1265,1119
"PHF12",1136,1164,1163,1132,1073,1112,1279,979,895,1047,946,914
"PHOX2B",0,0,0,0,0,0,0,0,0,0,0,0
"TMEM33",1068,931,982,1290,1177,1229,1454,1212,1198,1277,1382,1219
"GABRA4",0,0,0,0,0,0,0,0,0,0,0,0
"GNRHR",0,0,0,0,0,0,0,0,0,0,0,0
"SLAIN2",1065,965,989,1124,1025,1274,1081,794,802,874,917,916
"OCIAD1",1679,1435,1628,1659,1570,1718,1888,1793,1597,1804,1941,1858
"UGT2B10",0,0,0,0,0,0,0,0,0,0,0,0
"CWH43",0,0,0,0,1,0,0,0,0,0,0,0
"DCUN1D4",740,707,754,831,871,939,851,806,724,742,738,836
"USP46",563,573,607,584,564,674,730,631,633,591,568,744
"SULT1E1",3,0,5,3,4,10,6,9,6,9,9,4
"ODAM",0,0,0,0,0,0,0,0,0,0,0,0
"SMR3A",0,0,0,0,0,0,0,0,0,0,0,0
"CHIC2",1104,929,839,1456,1258,1135,1147,1003,1147,1302,1511,1011
"NMU",3,1,3,2,0,1,1,3,2,0,1,2
"CRACD",411,437,460,472,468,560,474,388,394,380,361,460
"LAMTOR3",780,728,655,901,780,771,819,665,667,807,825,731
"PF4V1",0,0,0,0,0,0,0,0,0,0,0,0
"NFKB1",2358,2031,1591,3015,2708,2398,2195,1528,1664,1948,1988,1516
"AREG",5,3,3,12,5,5,8,4,2,12,14,1
"MANBA",358,308,323,342,281,339,381,371,293,328,299,315
"UBE2D3",6692,6193,5691,7470,6840,7064,3370,2833,2733,3103,3482,2812
"MAPK10",5,6,2,4,9,4,7,5,4,7,4,7
"ELF2",612,619,658,618,617,683,709,563,534,643,632,613
"NDUFC1",1499,1261,1253,1468,1389,1324,1766,2058,1797,1856,2051,1635
"UCP1",0,0,0,1,0,0,0,0,0,0,0,0
"TBC1D9",2029,1975,2245,2457,2320,2911,2956,2436,2451,2493,2406,2646
"ZNF330",727,610,596,670,690,567,877,773,863,778,899,712
"INPP4B",167,123,128,225,188,224,227,133,195,143,148,168
"GAB1",286,275,378,329,331,495,319,299,215,289,232,342
"KLHL2",685,642,673,763,816,905,890,744,828,788,778,782
"IL2",0,0,0,0,0,0,0,0,0,0,0,0
"CPE",238,262,268,279,310,318,316,371,311,280,297,340
"RPL34",4635,3888,4183,4687,4533,5120,5770,8828,6330,5809,6984,5892
"WFS1",2224,2346,2819,2218,2405,2891,3044,3364,2645,2679,2540,2865
"ANXA10",1,0,1,1,0,2,0,0,1,0,0,0
"GRPEL1",1687,1433,1416,1964,1788,1689,1974,1695,1651,1882,2031,1623
"GAR1",837,629,660,783,670,760,1100,1084,1012,1057,1029,1009
"FRG1",575,517,472,646,521,600,764,903,737,692,876,670
"CLCN3",1958,1994,2319,2326,2340,2844,1867,1476,1416,1487,1415,1689
"AADAT",14,18,20,12,21,32,22,40,23,26,21,22
"GALNT7",2344,2477,2820,2941,2785,3212,3070,2646,2447,2564,2541,2886
"DHX15",3325,3257,3421,3462,3260,3527,4468,3736,3408,3629,3698,3871
"SOD3",0,0,0,0,0,0,0,0,0,0,0,0
"SEPSECS",266,233,216,232,204,178,269,244,225,256,270,226
"CPZ",0,0,0,0,0,0,0,0,0,0,0,0
"TRIM2",127,127,154,357,362,453,151,113,118,124,143,177
"SLC2A9",34,20,26,25,15,15,22,21,25,20,18,16
"FBXW7",1045,978,951,1206,1129,1092,1215,915,867,1067,1042,860
"NEIL3",134,107,98,143,129,150,192,121,171,179,184,179
"TBC1D19",98,92,87,112,98,102,113,70,99,75,105,82
"CLNK",2,0,0,0,0,0,0,0,0,0,0,0
"NSD2",4421,4186,4860,4408,4151,4947,7196,5494,5686,5724,5609,6185
"SH3D19",2758,2980,3729,3913,3883,4974,3350,2930,2484,2804,2507,3137
"STIM2",626,552,719,665,691,725,918,706,673,828,772,758
"NKX3-2",2,0,0,2,0,1,0,0,1,0,1,0
"MFSD10",1363,1325,1349,1302,1255,1333,1649,1939,1515,1497,1519,1275
"GLRB",26,26,34,32,28,36,40,31,35,30,33,39
"BST1",392,377,425,422,391,458,626,570,502,533,616,603
"RAPGEF2",1881,1779,1891,2196,2093,2480,2113,1242,1221,1396,1387,1528
"HGFAC",8,10,8,6,5,3,8,14,8,7,3,6
"SNX25",581,536,629,566,562,649,778,662,643,631,700,662
"LRP2BP",27,36,47,33,23,26,42,38,28,42,32,32
"UFSP2",673,641,709,826,740,865,885,880,740,780,849,812
"KLF3",1540,1507,1604,1710,1775,2244,2090,1534,1528,1634,1639,1574
"KLHL5",1561,1503,1926,1658,1704,2250,2187,1949,1789,1830,1879,2056
"FAM149A",1,1,1,0,4,3,2,0,2,0,4,0
"NCAPG",2275,2247,2425,2269,2114,2234,3464,2863,2846,3142,2980,3112
"UGDH",1515,1270,1429,2521,2577,2947,1836,1425,1535,1679,1747,1438
"PPARGC1A",0,0,0,1,0,0,1,0,0,0,0,0
"DDX25",0,1,0,1,1,0,1,0,0,0,1,2
"CRYAB",0,0,0,1,1,2,4,0,1,0,4,1
"DBX1",0,0,0,1,0,0,0,0,0,0,0,1
"HTATIP2",2951,2624,2566,2773,2631,2621,3572,3140,3058,3243,3526,2807
"CTSC",5382,4762,5280,5152,4799,5339,6179,5874,5161,5512,5912,5764
"CCDC34",301,261,307,307,293,353,430,587,464,420,492,521
"ZBTB16",16,18,33,18,13,21,18,16,13,15,19,11
"ELP4",296,299,329,334,273,308,353,278,231,286,361,294
"ZPR1",2723,2462,2445,2988,2755,2664,3209,2835,2629,2893,3105,2444
"MTCH2",3609,3229,3372,3789,3465,3661,4181,4054,4035,4017,4222,3819
"FNBP4",2370,2362,2381,2276,2214,2096,2715,2170,2002,2268,1912,1968
"TECTA",43,37,55,41,38,38,75,34,35,42,29,29
"SC5D",1654,1878,2192,1560,1446,1770,2183,2018,1848,1947,1961,2353
"CRTAM",4,5,1,2,4,1,3,1,2,3,5,0
"JHY",79,71,81,56,70,80,83,69,45,73,82,68
"B3GAT1",0,0,0,0,0,1,0,1,1,0,0,1
"HSPA8",53100,46559,50563,53181,46374,46344,59916,48054,49593,52865,55241,50834
"P2RX3",0,0,0,0,0,0,0,0,0,1,0,0
"VWA5A",266,227,337,267,302,352,379,371,303,344,353,388
"DNAJC4",432,447,469,483,510,582,536,575,482,533,571,569
"SIAE",812,721,835,834,834,972,919,925,725,815,774,895
"SNX15",25,25,34,22,25,12,31,26,22,35,22,28
"LPXN",1307,1132,1224,1218,983,1081,1224,849,1094,1082,1090,1040
"DTX4",11,12,15,11,13,14,33,48,32,32,20,40
"ATG2A",2407,2385,2249,2263,1947,1835,2412,1990,1993,2186,2049,1842
"EHD1",17183,15027,14520,16819,14957,13866,19217,14129,15562,16562,18089,13969
"OSBP",3223,3092,3141,4399,4441,5010,4002,2970,2912,3249,3068,2906
"UNC93B1",1208,1069,1023,992,1027,862,976,502,562,792,1084,472
"PUS3",352,374,349,381,405,389,525,404,378,419,510,407
"DCPS",678,596,724,716,615,834,781,816,788,804,845,696
"KMT5B",956,985,1148,998,949,1204,1312,1308,1095,1061,1057,1327
"FOXRED1",622,580,604,658,568,612,717,721,611,655,668,574
"PPP6R3",3515,3511,3801,3806,3457,4016,4389,3463,3466,3709,3667,3893
"NRXN2",3,6,8,4,6,1,2,4,0,2,4,2
"MS4A6A",30,30,37,12,17,22,69,67,51,42,48,39
"MS4A4A",1,0,2,1,0,0,0,1,2,0,0,2
"ST3GAL4",412,425,406,469,452,557,535,547,451,472,504,518
"CPT1A",3606,3410,4204,3271,3497,4215,4582,4139,3481,3631,3372,4026
"CCND1",21687,19841,18807,31279,28258,27229,26370,16805,20646,20576,22082,18416
"CCDC86",3190,2685,2690,3409,2863,2781,3745,2808,3150,3443,3690,2913
"PRPF19",6028,4866,5449,6203,5531,5971,7585,6523,6720,6689,7112,6211
"TMEM109",7894,6756,7230,7593,6980,7262,9124,6895,7026,7969,8841,6447
"CCKBR",0,0,0,0,0,0,0,0,0,0,0,0
"HPX",117,112,104,83,57,57,106,112,93,89,66,54
"TRIM3",710,652,702,639,600,666,783,672,565,642,630,611
"CHORDC1",1729,1604,1655,1830,1662,1801,2162,1856,1886,2044,2093,1988
"FOLR1",0,0,0,0,0,0,0,0,0,0,0,0
"ANAPC15",490,441,497,485,447,531,599,893,670,606,700,645
"FOLR3",16,16,5,15,8,5,4,1,7,9,8,3
"PANX1",1244,1117,1028,1595,1462,1489,1446,952,1084,1132,1200,1067
"ARHGEF17",2256,2527,3216,2390,2644,3513,2550,2420,1942,2140,1634,2236
"APOA5",0,0,0,0,0,0,0,0,0,0,0,0
"APOA4",0,0,0,0,0,0,0,0,0,0,0,0
"APOC3",0,0,0,0,0,0,0,0,0,0,0,0
"CEP164",2080,1986,2169,2149,2051,2111,2303,1986,1836,1972,1848,1825
"RNF141",1174,1236,1413,1524,1529,1875,1404,1372,1274,1329,1331,1450
"CEP126",310,254,298,270,252,309,258,205,184,160,184,223
"EIF4G2",43945,41635,45706,50100,47637,54242,53134,44704,42626,46624,46769,49213
"IL10RA",5,4,4,8,6,10,1,1,3,4,9,0
"GALNT18",4,5,11,2,8,9,15,14,12,2,5,12
"BIRC2",2906,2758,2456,3578,3207,2981,2825,2114,2118,2512,2590,2136
"UBE4A",1797,1746,1823,1879,1801,1863,2178,1691,1451,1672,1533,1631
"DDX6",2718,2477,2998,2730,2660,3007,3302,2685,2494,2688,2447,2814
"UPK2",1,4,4,0,1,3,4,1,0,1,2,1
"CBL",1697,1729,2057,1826,1852,2189,2081,1517,1384,1495,1243,1636
"NECTIN1",1271,1158,1222,1202,1152,1203,1514,1131,1277,1188,1215,1132
"HIPK3",1407,1369,1585,1469,1399,1798,2094,1487,1427,1418,1373,1674
"KIAA1549L",1051,922,1096,947,790,914,1174,754,816,766,721,915
"FBXO3",793,805,812,742,754,845,999,927,821,864,868,916
"PDHX",1302,1170,1143,1316,1279,1275,1465,1262,1190,1332,1426,1271
"SLC1A2",0,0,0,0,0,0,0,0,0,0,0,1
"COMMD9",1433,1148,1388,1435,1394,1454,1684,1509,1433,1515,1684,1448
"SLC15A3",2788,2010,1792,2149,2043,1238,2502,884,1178,2053,2550,717
"CD5",0,0,0,0,0,0,0,0,0,0,0,0
"ACCS",75,106,95,72,62,48,136,129,53,101,47,75
"SCGB2A2",0,0,0,0,0,0,1,0,0,0,0,0
"MDK",9196,8033,9022,8234,8438,9515,11909,12274,10263,10257,12820,10331
"AMBRA1",1368,1349,1204,1417,1352,1265,1297,923,973,1109,1104,1006
"MADD",2268,2244,2478,2176,2161,2333,2986,2551,2211,2371,2326,2322
"PTPMT1",295,308,347,371,325,398,1026,932,890,982,1035,853
"NAA40",956,1005,1049,859,837,923,1237,1206,1036,1103,979,1028
"CARS1",3053,2753,2839,3547,3611,4161,3651,3272,3019,3161,3251,2940
"SLC22A18",15,19,27,15,10,5,21,14,13,22,24,19
"CD81",11861,10077,10822,11761,11368,12444,14430,13876,12670,12634,14306,11386
"SLC35F2",2278,2046,2323,2133,1994,2243,3060,2586,2636,2778,2655,2805
"C11orf21",0,0,0,0,0,0,0,0,0,0,0,0
"ELMOD1",368,370,556,485,464,588,661,620,523,541,545,602
"CALCA",0,1,0,0,1,1,0,0,0,0,0,0
"SOX6",1,2,3,3,1,0,2,2,5,1,2,4
"C11orf58",5531,5040,5387,5887,5590,6077,6372,6402,5499,5846,6632,5872
"PITPNM1",487,443,502,681,624,743,584,507,484,477,464,424
"RPS13",10832,9064,9485,11081,10438,12524,11894,17313,13076,12052,14590,13245
"AIP",990,818,979,987,971,1178,1477,1760,1500,1346,1681,1450
"NUP98",4926,4478,4651,5653,4900,5395,5873,4117,3917,4479,4547,4491
"NDUFS8",1828,1626,1923,1880,1937,2249,2330,2975,2354,2166,2544,2131
"TCIRG1",2960,2816,3019,2704,2667,2890,3066,3452,2598,2817,2514,2373
"CHKA",622,587,566,583,563,591,612,632,575,645,659,585
"EXPH5",3,1,1,1,0,0,1,2,0,0,2,0
"HPS5",1052,1013,851,1268,975,860,1028,672,730,905,880,749
"GTF2H1",2952,2882,2667,3247,2761,2700,2861,2368,2391,2853,2995,2547
"POU2AF1",0,0,0,0,0,0,0,0,0,0,1,0
"PTPN5",0,0,0,0,0,0,0,0,0,0,0,0
"VWF",45855,43106,53061,39108,42938,56790,56041,51740,39916,38121,34197,43875
"PSMD9",686,666,663,787,775,860,907,968,890,873,1014,893
"P3H3",2942,2629,3098,2855,3030,3759,4108,4620,4066,3752,3936,3507
"PPFIBP1",3368,3250,3459,3127,2924,2791,4588,3207,3204,3493,3199,3303
"PRPF40B",141,119,122,113,111,123,189,170,133,155,164,154
"CD69",6,9,4,8,6,4,14,9,14,12,15,16
"PRDM4",2493,2222,2232,2369,2126,2170,2415,1797,1916,2120,2219,1964
"CLEC2B",288,303,259,217,249,214,405,511,396,414,461,350
"COQ5",604,543,585,625,567,568,664,735,638,672,691,702
"SELPLG",115,95,65,128,97,57,83,52,68,93,99,50
"CORO1C",7489,7259,8051,8631,8047,8935,10671,8525,8381,8525,8738,8498
"ASIC1",11,4,11,4,4,6,6,5,8,5,5,14
"DAO",0,0,0,0,0,0,0,0,0,0,0,0
"CAPRIN2",1180,1057,1122,932,802,805,1217,976,820,916,793,844
"TSPAN11",95,86,126,73,98,137,147,154,142,119,117,153
"KCTD10",2232,2219,2618,2533,2416,2735,2766,2534,2495,2494,2496,2525
"SLC11A2",880,762,1007,1230,1252,1453,858,719,712,756,733,737
"MLEC",3872,3588,4344,5515,5542,6792,5561,4758,4767,4655,4780,4842
"MVK",1023,983,1233,811,742,754,1079,1270,1122,1098,1083,994
"CSRNP2",1289,1199,1286,1591,1399,1476,1693,1292,1417,1499,1406,1359
"CAMKK2",1554,1425,1606,1699,1571,1753,2282,1754,1783,1768,1805,1753
"BIN2",0,0,1,0,0,0,0,0,1,2,0,0
"IL23A",5,2,5,9,9,3,7,3,9,4,3,4
"ATP5F1B",17347,15349,16764,19256,17850,19425,21408,19697,19121,20136,21280,18150
"PTGES3",7233,6547,6934,7498,6897,7640,9628,9031,8786,9166,9993,9154
"SYT10",0,0,0,0,0,0,0,0,0,0,0,0
"BCL7A",298,312,315,330,287,294,404,364,389,381,342,351
"RSRC2",2309,1997,1640,2177,1883,1598,2121,1692,1653,2020,2176,1654
"CYP27B1",39,27,22,44,35,32,36,19,30,43,34,27
"MYF6",0,0,0,0,0,0,0,0,0,0,0,0
"MYF5",0,0,0,0,0,0,0,0,0,0,0,0
"LIN7A",24,29,34,48,40,50,36,27,29,31,39,41
"KRT18",10228,8888,10275,9129,8722,9477,14465,16264,14929,13642,14898,13041
"ACSS3",1,0,1,0,3,0,0,1,1,0,0,0
"TNS2",2015,2228,2603,1349,1458,1676,2093,2446,1561,1799,1260,1743
"GLI1",3,2,8,5,4,3,11,5,3,5,3,2
"PPM1H",30,37,59,42,65,68,30,18,29,33,28,25
"METAP2",3450,3061,3098,3539,3308,3482,4240,4391,3706,3925,4405,3977
"LTA4H",1609,1579,1856,1520,1533,1818,1996,2429,1864,1918,1857,2089
"ELK3",2896,2950,3714,3935,3982,5104,3454,3186,2595,3090,3031,3535
"SLC6A12",9,9,8,20,6,7,12,2,4,11,3,7
"WNT5B",1,1,0,0,0,0,0,1,0,0,0,0
"MAGOHB",644,523,539,661,652,639,796,777,659,719,814,744
"TRPV4",160,150,168,136,179,181,179,183,148,159,173,163
"ITFG2",423,370,374,421,408,359,474,463,411,429,388,376
"FOXM1",3787,3689,4305,4197,3996,4551,5076,4615,4238,4672,4579,4629
"PRH1",1,3,5,1,0,3,3,3,0,0,3,0
"PRMT8",0,0,0,0,1,0,0,0,0,3,0,0
"PARP11",91,113,115,128,104,166,122,120,99,124,132,112
"ARPC3",4275,3668,3955,4390,4020,4493,5011,5425,4642,4879,5710,4942
"GPN3",576,535,552,638,585,589,763,742,667,688,815,619
"VPS29",1555,1323,1459,1575,1482,1637,1866,1999,1603,1661,1955,1673
"FGF6",0,0,0,0,0,0,0,0,0,0,0,0
"MYL2",1,1,2,2,2,1,0,5,0,0,4,1
"RAD51AP1",453,398,300,459,473,364,377,238,298,385,368,319
"CUX2",0,0,0,0,0,0,0,0,0,0,0,0
"SH2B3",5259,4766,5089,6030,5594,5988,6505,4195,4661,4715,4647,4632
"AKAP3",29,33,24,21,19,11,42,25,29,40,46,20
"MANSC1",1246,1198,1380,1178,1155,1427,1577,1430,1139,1333,1363,1376
"KCNA1",1,0,0,2,3,7,0,0,0,1,0,1
"DUSP16",562,537,528,950,895,963,810,535,604,652,697,616
"CREBL2",707,654,763,687,732,851,879,869,802,864,920,930
"ACAD10",250,245,262,252,223,230,274,288,238,227,243,202
"ALDH2",2132,1831,2258,2171,2090,2457,2507,2519,1938,2211,2296,2126
"CDKN1B",1323,1171,1424,1313,1358,1644,1174,1197,1076,1067,1096,1200
"GPRC5D",1,0,1,0,1,0,0,0,1,0,0,0
"NAA25",1284,1231,1216,1364,1279,1129,1543,1117,1242,1272,1292,1252
"GSG1",1,0,0,0,0,1,1,0,0,0,0,0
"SCNN1A",1,2,5,1,2,5,3,3,2,2,0,3
"LTBR",4711,4125,4531,4871,4317,4547,5398,4557,4427,4766,5097,4202
"OGFOD2",85,85,93,101,86,84,110,99,119,101,90,94
"CDK2AP1",3965,3600,4161,4434,4210,5454,5597,5983,5216,5341,5823,5720
"OAS3",17633,15927,15534,16030,14934,10828,18281,6222,8179,13040,13479,6261
"OAS2",10873,9522,8940,9095,9096,6226,11583,3991,5091,8830,10192,4183
"ART4",391,366,462,412,441,442,464,399,334,434,376,380
"MGP",2530,2001,2013,3249,3325,3532,3221,3068,2415,2822,3204,2343
"RASAL1",0,1,0,0,0,0,0,0,0,0,0,0
"ARHGDIB",6970,6254,6694,6881,6439,7232,9038,8643,7630,8150,8972,8195
"GTF2H3",754,757,675,780,829,838,892,791,781,839,860,833
"EIF2B1",1252,1140,1223,1308,1192,1230,1610,1490,1360,1458,1492,1312
"DDX55",863,731,672,824,753,633,934,823,789,863,856,668
"SLC38A1",3758,3787,3953,4152,4177,4808,3394,2461,2492,2483,2513,2829
"RERGL",0,0,0,0,0,0,1,0,0,1,0,1
"ENDOU",11,17,5,6,3,5,13,10,7,10,10,7
"SPRING1",1617,1449,1729,1738,1662,1894,2088,1870,1865,1759,1808,1898
"VDR",47,40,47,36,37,29,31,19,31,29,36,20
"FZD10",0,0,0,0,0,0,0,0,0,0,0,0
"RFC5",421,408,423,440,459,422,592,479,456,491,538,494
"STX2",712,704,746,765,753,859,952,855,822,819,760,841
"ADGRD1",0,0,0,0,0,0,0,0,0,0,0,0
"COPZ1",3384,3054,3500,3795,3508,4032,4081,4033,3817,4024,4317,3852
"TBC1D30",118,76,91,113,81,123,137,108,97,110,129,118
"CAND1",3174,3119,3420,3299,3166,3293,4173,3192,2990,3242,2981,3456
"IL26",0,0,0,0,0,0,0,0,0,0,0,0
"IFNG",0,0,0,0,0,0,0,0,0,0,0,0
"RAB5B",2513,2401,2998,3030,3302,4218,2715,2364,2115,2212,2232,2461
"MDM1",182,156,190,205,201,202,226,193,143,178,175,198
"NUP107",1409,1302,1295,1388,1331,1330,2114,1896,1698,1783,1809,1731
"CNOT2",1593,1402,1451,1581,1590,1704,1655,1378,1270,1389,1421,1408
"TIMELESS",1395,1385,1413,1338,1332,1400,1908,1556,1545,1588,1545,1581
"CPSF6",1818,1791,2013,1776,1725,1975,2699,2532,2256,2416,2396,2410
"KRR1",1150,1164,1176,1406,1389,1465,1613,1466,1397,1512,1528,1486
"MRPL51",2195,1681,1795,2094,1938,2151,2634,3544,2720,2423,3071,2328
"GAPDH",101441,87303,101479,106373,99209,113552,114302,113084,99356,106368,117285,104734
"NOP2",274,302,217,251,269,237,342,236,238,316,275,232
"CHD4",747,692,702,826,807,893,857,992,678,765,828,756
"ACRBP",22,15,33,16,23,15,26,20,28,20,22,19
"BLTP3B",677,652,666,942,804,761,710,510,539,620,618,660
"COPS7A",1028,905,944,1117,987,1002,1326,1192,1090,1265,1412,1085
"ING4",465,460,515,419,482,475,554,635,552,591,644,562
"GNB3",142,177,154,107,121,116,167,214,128,126,71,88
"CDCA3",439,437,500,374,371,496,641,780,605,640,636,607
"CHPT1",472,478,429,551,465,506,560,449,477,528,573,473
"USP5",3363,3092,3520,3278,3112,3735,4389,4364,3811,3813,4025,3797
"TPI1",14127,11988,13331,14707,13605,14731,17099,18719,17295,16272,18405,15294
"GNPTAB",957,880,997,939,892,1090,1262,979,951,926,923,1006
"SPSB2",151,95,143,138,134,158,182,191,173,152,164,169
"ENO2",434,443,398,436,402,406,444,438,412,450,357,363
"ATN1",5336,5867,6102,4845,4971,5459,5617,5414,3981,4748,3884,4677
"C12orf57",859,685,752,884,832,934,1099,1583,1156,1070,1276,1017
"PTPN6",15,13,9,20,15,20,12,10,9,7,15,7
"LPCAT3",430,372,542,353,363,497,503,484,349,419,391,388
"NT5DC3",110,128,115,191,152,189,168,112,120,123,131,112
"SLCO1B3",0,0,0,0,0,0,0,0,0,0,0,0
"APOBEC1",0,0,0,0,0,0,0,0,0,0,0,0
"NANOG",0,0,0,0,0,0,0,0,0,0,0,0
"SUDS3",686,582,723,603,647,708,894,725,728,748,705,812
"GOLT1B",1155,1176,1138,1642,1522,1731,1640,1400,1442,1576,1531,1348
"GYS2",0,0,0,0,0,0,0,0,0,0,0,0
"LDHB",4231,3327,3986,4032,3999,4333,5281,6497,5454,4981,5630,4736
"PRKAB1",691,586,584,617,550,468,687,584,520,642,637,564
"CMAS",1601,1339,1435,1597,1557,1683,1884,1669,1857,1647,1780,1578
"HCFC2",430,467,519,587,494,529,505,359,352,412,419,431
"ST8SIA1",0,2,1,0,0,0,0,0,0,1,1,0
"CLEC4A",0,4,0,1,1,0,2,2,2,1,1,2
"C2CD5",665,693,746,624,605,669,890,732,675,720,711,754
"AICDA",0,0,1,0,0,0,0,0,0,0,0,0
"RAB35",2984,2695,2883,3263,2907,3206,3515,2904,2752,3230,3417,3069
"PHC1",119,126,107,87,98,93,135,106,66,98,72,116
"COX6A1",1729,1366,1312,1652,1455,1630,1878,2370,1900,1697,2122,1647
"RFX4",0,0,0,1,1,0,0,1,0,0,0,0
"RIC8B",276,234,246,325,316,339,324,267,245,323,289,255
"SRSF9",3903,3314,3526,3815,3583,4069,5155,5708,5124,4797,5217,4597
"FGFR1OP2",1113,1017,1090,1191,1131,1131,1328,1261,1166,1288,1323,1205
"KLRB1",0,0,0,0,0,0,0,0,0,0,0,0
"COL12A1",826,874,1290,1388,1439,2188,1151,1064,832,774,661,1183
"BTN3A3",607,557,654,562,544,530,788,499,456,631,553,419
"TDP2",1074,955,1018,1112,1065,1091,1320,1144,1138,1132,1206,1093
"FRK",1,0,2,1,2,5,0,1,1,1,0,0
"DSE",530,516,517,1103,1188,1463,622,476,449,487,554,476
"RWDD1",1193,918,976,1116,1099,1153,1246,1489,1194,1165,1448,1159
"RSPH4A",6,17,9,7,8,11,15,8,9,9,13,7
"MAK",1,4,4,3,5,3,0,5,2,4,3,0
"TMEM14C",1106,954,1035,1081,1060,1203,1303,1505,1221,1256,1428,1279
"PAK1IP1",903,744,614,972,856,691,948,837,820,895,1034,770
"GCNT2",435,432,456,854,863,999,402,264,280,380,352,309
"SMIM8",60,63,78,73,64,63,89,112,95,74,110,79
"NEDD9",616,629,861,1609,1662,2336,892,719,567,762,702,793
"CEP85L",148,172,169,176,148,187,216,150,138,138,154,182
"ADTRP",77,48,45,77,54,47,71,43,38,75,52,46
"ASF1A",883,840,871,977,893,1048,1148,1062,929,983,1177,1136
"MCM9",273,258,252,287,236,261,315,199,199,258,237,257
"FAM184A",5,6,1,1,5,1,1,4,3,2,5,2
"RNGTT",332,340,355,465,425,474,331,258,230,278,255,279
"MAN1A1",515,524,581,721,712,841,465,421,380,392,399,419
"GABRR2",57,54,50,56,56,39,54,47,30,37,39,27
"SERINC1",4298,4403,4654,4803,4716,5231,5741,4693,4693,5003,5282,5006
"HDDC2",279,220,236,268,242,260,340,267,270,274,362,236
"TPD52L1",6,3,5,4,4,5,6,5,5,4,8,4
"HINT3",453,433,438,679,647,816,612,529,499,522,603,589
"NCOA7",1726,1817,1912,2955,3002,3332,2175,1616,1446,1783,1799,1918
"RIPOR2",1,1,2,0,0,1,1,0,1,1,5,2
"SASH1",3887,3376,3458,4074,3733,4303,5121,2961,3315,3333,3076,3472
"UST",2,7,16,4,7,11,4,9,11,13,5,5
"ULBP1",171,127,92,158,132,100,99,50,79,114,147,63
"FBXO5",444,402,408,475,427,468,586,463,450,544,561,554
"MTRF1L",326,350,386,463,396,402,508,386,402,450,455,434
"PPARD",795,746,747,862,862,945,928,682,630,705,715,683
"OPRM1",0,0,0,0,1,0,0,1,0,0,0,0
"FANCE",206,178,193,186,154,177,275,246,257,223,247,223
"TULP1",0,0,0,0,0,0,0,0,0,0,0,0
"SLC26A8",7,8,6,8,5,5,5,7,7,6,6,2
"MAPK14",1894,1766,1960,2001,1746,2005,2400,1830,1825,2096,1934,1916
"RHAG",0,0,0,0,0,0,0,0,0,1,0,0
"KCTD20",2505,2219,2641,2686,2725,3204,3774,2818,2825,2762,2845,3165
"STK38",1327,1227,1350,1351,1237,1340,1572,1472,1291,1338,1334,1358
"SRSF3",9332,8060,7307,10352,8374,7318,10105,9388,9174,9379,10792,8227
"MRPL18",1388,1224,1164,1458,1336,1375,1648,1491,1410,1449,1707,1431
"IL17A",0,0,0,0,0,0,0,0,0,0,0,0
"IL17F",0,1,0,0,0,0,2,0,0,0,0,0
"MCM3",1954,1613,1560,1888,1618,1514,2534,1711,1909,2067,2074,1867
"RNF8",663,556,607,551,485,551,808,774,741,756,778,701
"PHACTR1",123,123,154,169,181,213,172,131,136,134,114,111
"MDGA1",31,37,44,41,39,40,52,27,28,44,35,40
"CILK1",463,466,547,494,465,528,504,428,429,478,465,528
"FBXO9",796,772,789,767,771,903,969,944,832,809,783,850
"CD83",84,62,33,162,99,105,69,31,44,79,84,37
"MDN1",2185,1800,1875,2455,2053,2240,2596,1351,1558,1638,1605,1763
"GLP1R",0,0,0,0,0,0,0,0,0,0,0,0
"SAYSD1",168,144,151,161,153,182,198,214,182,190,181,189
"BMP5",0,0,0,0,0,0,0,0,0,0,0,0
"BACH2",28,44,28,60,39,45,29,22,32,29,34,28
"RBM24",20,26,19,11,21,32,40,35,38,27,23,39
"CAP2",256,220,257,222,229,302,262,286,243,227,288,297
"TREML2",0,0,0,0,0,0,0,0,0,0,0,0
"ZNF451",711,704,700,662,683,634,823,612,554,685,665,727
"BAG2",450,376,381,438,393,384,459,366,403,392,433,370
"RAB23",339,313,292,451,428,386,381,266,270,333,343,346
"TSPO2",0,0,0,0,0,0,0,0,0,0,0,0
"FHL5",0,0,0,0,0,0,0,0,0,0,1,0
"GPR63",6,4,5,5,6,7,7,3,6,9,5,10
"KHDRBS2",0,0,0,0,0,0,0,0,0,0,0,0
"FBXL4",222,167,202,156,149,189,228,226,196,198,185,223
"CCNC",1101,1090,1206,1305,1141,1364,1704,1590,1526,1625,1699,1731
"PRDM13",0,0,0,0,0,0,0,0,0,0,0,0
"E2F3",631,590,625,748,644,654,874,635,687,746,676,680
"PTP4A1",28,19,18,29,19,7,15,17,16,22,19,14
"SIM1",3,7,6,2,2,4,0,1,3,4,3,1
"ASCC3",2385,2454,2761,2565,2341,2766,2970,2154,2102,2183,2169,2553
"HDGFL1",0,0,0,0,0,1,0,1,1,1,0,0
"COL9A1",0,0,0,0,0,0,1,0,0,0,0,0
"MED23",680,725,776,646,640,669,868,644,591,650,565,629
"WASF1",809,815,988,709,682,762,910,982,798,869,854,971
"GPLD1",3,1,0,0,0,1,3,3,0,2,0,1
"ALDH5A1",8,5,4,1,5,8,3,7,4,4,3,10
"CRYBG1",1323,1403,1879,724,700,874,1559,1213,1025,1148,1098,1365
"VNN1",0,0,2,2,2,0,4,4,2,6,2,1
"VNN2",0,0,0,0,0,0,0,1,0,0,0,0
"ACOT13",383,344,386,415,366,460,406,483,356,392,437,373
"SMAP1",610,567,660,704,664,760,1044,967,878,988,1022,1037
"RPS12",15227,12337,12586,14470,14334,16212,15507,23988,18430,16065,19305,16340
"C6orf62",3607,3271,3409,3394,3473,3445,4049,3710,3361,3797,4207,3355
"B3GAT2",3,3,4,1,0,2,2,6,2,5,4,3
"GMNN",719,614,605,751,666,683,937,905,954,940,1003,854
"EYA4",0,0,0,0,0,1,1,0,0,0,1,0
"SOBP",176,167,192,214,159,187,203,181,164,157,150,161
"NR2E1",0,0,0,0,0,0,0,0,0,0,1,0
"SNX3",4039,3762,3848,4173,4078,4314,4650,4299,4216,4273,4950,4264
"SLC17A2",0,0,0,0,0,0,0,0,0,0,0,0
"HBS1L",1645,1497,1553,1743,1781,1802,1955,1644,1675,1799,1784,1779
"TRIM38",1236,1207,1252,1165,1062,982,1314,949,803,1029,1198,838
"PEX7",124,87,109,94,102,104,106,116,105,96,122,94
"ZBTB24",286,260,274,292,248,256,358,253,248,277,294,309
"FIG4",578,584,652,528,525,556,684,622,545,592,634,562
"PERP",2413,2212,2307,2660,2356,2453,2675,2503,2417,2526,2820,2534
"ARFGEF3",608,536,604,694,721,816,685,403,388,427,427,490
"SLC16A10",1,0,2,1,0,0,0,1,0,2,0,0
"HECA",393,411,490,403,439,510,587,505,490,486,438,558
"ADGRG6",4732,4956,6480,5151,5276,6825,7106,5223,4750,4925,4549,6232
"PHACTR2",2530,2607,2690,4176,3839,4370,2957,2039,2075,2389,2287,2435
"EPM2A",124,112,113,104,89,79,146,148,136,163,137,134
"OR12D3",0,0,0,0,0,0,0,0,0,0,0,0
"SLC39A7",4649,4027,4729,5538,5479,6078,5962,5769,5516,5347,5417,4548
"CCR6",0,0,0,0,0,0,0,0,0,0,0,0
"UNC93A",1,0,0,0,0,0,0,0,0,0,0,0
"SLC22A2",0,0,0,0,0,0,0,0,0,0,0,0
"PHF1",977,867,908,1014,958,1093,1158,1218,1131,1090,1010,952
"CUTA",906,786,872,827,890,955,1205,1441,1135,999,1138,1011
"PACRG",0,1,0,0,0,0,0,0,0,0,1,0
"QKI",5450,5400,5997,6631,6633,7402,7928,5979,6043,6635,6463,7023
"C6orf118",0,0,1,2,0,2,0,2,0,3,1,0
"PDE10A",752,758,770,1008,969,1088,1011,709,774,708,783,822
"MDFI",390,329,382,266,301,324,443,492,423,404,439,395
"TFEB",96,112,98,92,95,106,165,161,151,121,146,120
"SMOC2",1,0,0,1,0,0,0,0,0,0,0,0
"CCND3",2171,1978,2255,2659,2574,2751,3552,3053,2938,2990,3351,2626
"BYSL",1426,1194,1161,1389,1275,1226,1738,1484,1485,1550,1674,1427
"FAM120B",620,599,701,586,541,597,728,621,572,604,594,619
"TBP",334,303,301,349,305,320,416,406,340,412,413,394
"GUCA1B",46,29,34,46,46,25,36,32,37,43,55,15
"PRPH2",15,17,21,46,51,57,23,29,14,19,25,28
"BICRAL",253,263,284,278,278,277,281,206,201,214,225,195
"PPP2R5D",1819,1763,2087,1867,1752,2058,2152,2025,1828,2001,1931,1979
"MRPL2",382,355,375,400,398,435,534,521,455,460,535,407
"PTK7",706,659,757,662,584,757,921,915,737,774,828,776
"SRF",2049,1813,2087,2187,2041,2220,2556,2080,2083,2082,2331,2091
"CUL9",903,888,901,816,787,805,1084,969,872,954,892,789
"DNPH1",269,207,227,252,282,279,316,420,351,337,362,289
"DUSP22",684,697,807,637,658,823,1017,1026,805,869,839,854
"EXOC2",1195,1189,1366,1164,1093,1322,1497,1127,1105,1211,1113,1173
"COX7A2",2222,1702,1809,2081,2011,2188,2211,3015,2343,2398,2794,2280
"TMEM30A",6921,7459,9037,7030,7338,9630,9676,9567,8283,8530,8277,10028
"GMDS",258,217,275,280,263,340,378,408,317,326,365,308
"SENP6",2022,1858,2282,1930,1826,2009,2623,2235,2182,2358,2149,2482
"IMPG1",0,1,3,1,0,1,0,0,1,0,0,0
"VEGFA",326,307,308,363,413,395,410,386,302,341,270,281
"PRP4K",2044,2095,2244,2285,2183,2347,2679,2112,1828,2179,1990,2289
"TTK",770,803,890,822,767,882,1278,994,953,1134,1087,1174
"SLC29A1",3735,3197,3535,3248,2942,3157,4449,3999,3622,3765,3932,3622
"CCN6",0,0,1,0,0,0,0,0,0,0,0,0
"BTN2A1",1240,1107,1137,1311,1305,1291,1427,1197,1102,1233,1243,1046
"LAMA4",23135,21939,26620,24172,25513,30983,27922,23253,20689,20569,19118,23727
"TENT5A",328,312,215,365,360,292,373,187,175,286,299,162
"CLIC5",0,0,0,0,0,0,0,1,0,0,1,1
"FBRSL1",1850,1676,1658,1674,1604,1753,2203,2116,1996,1939,1784,1781
"ENPP5",0,0,0,0,0,0,0,0,0,0,0,0
"LY86",0,0,0,0,0,0,0,0,1,0,0,0
"PRSS16",2,0,0,2,0,1,3,0,0,0,0,0
"MEP1A",0,0,0,0,2,1,0,1,1,0,0,0
"TBX18",1066,997,1181,1039,992,1190,1372,1030,919,1135,962,1140
"ERBIN",1248,1152,1355,1402,1369,1550,1355,941,885,1053,1004,1171
"HARS2",1099,1008,915,982,927,890,1365,1352,1210,1242,1164,1055
"NUDT12",117,109,119,99,118,141,179,164,152,140,125,143
"CEP72",181,165,165,190,167,163,254,193,188,216,198,176
"MAN2A1",1940,2071,2459,2057,2090,2613,2795,2364,2119,2085,1967,2672
"SEMA5A",10,12,17,15,9,11,17,13,9,11,14,8
"C7",1,3,1,1,0,2,0,3,0,1,0,1
"TENT4A",703,632,656,870,867,865,942,684,712,787,705,757
"GHR",3,5,3,2,2,3,3,1,2,4,0,3
"HMGCS1",5170,5641,7542,5419,5900,6886,5693,6433,4829,5076,4762,5680
"DAP",6100,5561,6465,7188,6892,8455,7565,7238,6675,6971,7281,7090
"NME5",11,7,10,5,10,5,8,10,9,5,10,6
"BRD8",1868,1799,2047,1514,1533,1628,1968,2013,1596,1860,1593,1633
"KIF20A",2399,2357,3196,2356,2379,3097,4155,3768,3258,3538,3495,3917
"NNT",1259,1271,1426,1300,1316,1470,1390,1217,1053,1115,1068,1163
"MRPS30",896,846,791,1005,921,884,1039,886,895,928,1052,814
"HSPA9",8941,7812,7657,10414,9274,8783,10228,7906,8147,8918,9473,7813
"MRPS27",1217,1107,1223,1240,1219,1327,1475,1341,1296,1358,1407,1366
"PFDN1",2204,1951,2031,2327,2155,2517,2425,2547,2200,2366,2618,2403
"HBEGF",1794,1341,1213,4068,4232,4878,1914,1314,1601,1893,2177,1307
"SLC4A9",2,1,1,1,0,3,1,1,0,0,0,0
"LOX",2438,2448,2757,2877,2790,3353,3915,3251,3141,3579,3326,3601
"GZMK",0,1,0,0,0,0,0,0,0,0,0,0
"CDH9",0,0,0,0,0,0,0,0,0,0,0,0
"APBB3",132,147,151,168,210,197,176,178,110,170,98,122
"TMCO6",133,145,163,122,128,107,201,207,142,162,105,132
"SPARC",60022,55390,62012,63506,62722,71061,76870,66819,62355,67612,69481,63863
"IK",2920,2764,2874,3043,2770,2973,3818,3394,3147,3516,3514,3164
"HMGCR",3308,3347,4054,3360,3225,3737,4548,3938,3664,3724,3478,3854
"CERT1",845,871,968,1498,1574,1906,1020,805,785,880,840,877
"FAF2",2132,2069,1987,2383,2303,2398,2571,1824,1926,2221,2237,2032
"HAND1",4,4,2,2,0,0,2,0,1,0,1,0
"PDE8B",0,0,0,0,0,0,1,0,0,0,0,0
"CLK4",399,390,385,317,364,346,397,368,289,353,337,280
"HAVCR1",0,0,0,0,0,0,0,0,0,0,1,0
"GRM6",0,0,0,0,0,0,0,0,0,1,0,0
"ITK",0,2,0,0,0,0,0,0,0,0,0,0
"RNF130",840,782,864,892,853,1027,1239,1225,1042,1127,1201,1168
"THG1L",204,124,146,198,181,157,301,278,255,268,284,245
"ARSB",841,757,883,887,842,893,989,740,767,779,830,833
"CLINT1",2671,2681,2859,3389,3266,3641,3368,2747,2451,2924,2858,2951
"THBS4",1,1,0,1,2,0,0,1,2,1,2,1
"CNOT6",1119,1067,1189,1101,1053,1087,1210,927,870,981,956,977
"IL12B",0,0,0,0,0,0,0,0,0,0,0,0
"BTNL8",0,0,0,0,0,0,0,0,0,0,0,0
"TTC1",1835,1506,1597,1823,1784,1876,2156,2133,1894,1986,2189,1810
"MSH3",291,324,357,291,293,366,426,322,314,321,303,315
"RASGRF2",122,95,108,135,136,157,105,60,89,86,107,79
"GABRG2",0,0,0,0,0,0,0,0,0,0,0,0
"CCNG1",4254,4316,4778,4364,4206,4883,5288,5729,4691,5147,5268,5703
"POLR3G",579,502,532,716,546,552,656,538,548,650,673,632
"DROSHA",1543,1612,1778,1454,1278,1484,2067,1696,1519,1687,1585,1749
"CDH6",173,147,169,209,173,224,216,188,164,173,196,188
"LMNB1",2239,1994,2268,1975,1910,2167,3102,2697,2705,2776,2585,2573
"ARRDC3",1889,1823,1633,1913,1684,1496,2057,1573,1563,1793,1871,1631
"GOLPH3",1869,1773,1908,2326,2182,2569,2444,2070,1926,2149,2365,2123
"SUB1",2085,1883,2075,2171,2167,2559,2890,3741,2932,2784,3179,2946
"NPR3",8,11,5,8,11,5,7,2,3,2,11,7
"ARB2A",140,184,176,148,178,186,226,239,199,191,187,265
"SLC27A6",3,3,3,5,2,1,6,2,2,1,0,1
"TARS1",3926,3686,3964,4495,4474,4945,5330,4669,4533,4686,4882,4437
"IRX4",0,0,0,0,0,0,0,0,0,0,0,0
"LNPEP",1065,1041,1066,1266,1303,1456,1370,864,881,982,1007,1021
"PDE4D",675,707,865,805,918,1228,840,764,633,701,657,824
"RAD1",520,503,506,558,539,537,613,573,633,602,670,589
"BRIX1",924,803,693,1163,998,893,1294,1096,1094,1177,1354,1069
"AGXT2",0,0,0,1,0,0,0,0,0,0,1,0
"PRLR",0,0,0,0,0,0,0,0,0,1,0,0
"SLC12A7",2494,2212,1920,2522,2161,1750,1969,1346,1402,1556,1742,1334
"IL4",0,0,0,0,0,0,0,0,0,0,0,0
"RAD50",95,91,121,74,101,94,114,84,78,86,70,96
"IL5",1,0,1,0,0,0,1,0,1,0,1,1
"ST8SIA4",309,379,339,529,549,661,331,240,212,318,311,316
"GNPDA1",1908,1615,1724,1980,1707,1642,1888,1611,1649,1861,1840,1673
"PCDH12",664,766,1163,874,1066,1552,775,855,617,743,640,857
"SKP1",5023,4358,4670,5179,4841,5053,6024,6942,5749,5694,6376,5510
"NUP155",1063,1020,1026,1221,1035,1144,1273,949,1013,1077,985,1119
"PPP2CA",4635,4009,4169,5195,4703,5067,5816,5044,5195,5523,5985,5272
"FGF1",2,0,0,3,1,1,1,1,1,0,2,1
"NR3C1",941,958,717,1120,926,767,954,534,666,766,818,615
"C5orf15",1079,1037,1115,1207,1282,1345,1392,1144,988,1229,1330,1301
"PPWD1",601,554,648,664,630,672,800,808,714,767,713,726
"LIFR",902,923,1079,1000,1020,1175,1125,583,639,692,704,798
"TRIM23",243,285,251,315,286,311,295,251,241,256,240,255
"TRAPPC13",394,349,394,453,394,418,484,443,439,457,482,444
"C9",69,53,48,49,39,35,37,36,39,49,51,23
"SEC24A",1412,1395,1325,1905,1786,1904,1718,1199,1143,1304,1297,1232
"TXNDC15",1088,998,1068,1237,1254,1351,1459,1379,1268,1279,1424,1218
"TTC33",347,325,299,382,415,396,426,368,396,378,394,375
"RARS1",2946,2675,2772,3208,2720,3007,3836,3617,3364,3409,3774,3305
"WWC1",3,2,6,5,4,4,3,4,2,5,5,1
"MACROH2A1",2825,2625,2807,3005,2727,2844,3087,2793,2732,2769,3034,2705
"TCERG1",2082,2026,2105,2048,1951,2099,2674,2039,1887,2106,2103,2067
"DPYSL3",3896,3659,4621,4391,4495,6048,6720,5596,5319,5290,5213,5894
"SMAD5",1101,1027,1199,1083,1095,1369,1510,1204,1134,1180,1134,1348
"CSNK1A1",4389,4348,4855,5872,5516,6358,5408,4373,4354,4828,4793,4764
"HMGXB3",2155,1980,2084,2801,2533,2612,2140,1627,1661,1923,1865,1582
"ERGIC1",4327,3930,4353,4853,4504,5076,5056,4095,3861,4467,4596,4382
"PDGFRB",4,4,4,2,3,4,5,4,8,2,4,4
"CDX1",0,0,0,0,0,0,0,0,0,0,0,0
"ATP6V0E1",3916,3107,3400,3870,3602,3728,4112,4039,3867,3816,4506,3445
"BNIP1",358,330,319,472,380,419,429,445,370,428,476,387
"STC2",1849,1401,1144,1819,1657,1523,2401,1338,1946,1963,2263,1484
"CPEB4",801,788,740,1196,1100,1244,738,433,471,644,645,582
"HRH2",0,0,0,0,0,0,0,0,0,0,0,0
"DBN1",7517,6765,7966,6808,6749,8220,9602,10230,8852,8641,8414,8857
"ZNF346",660,631,717,656,606,619,832,754,680,727,820,745
"UNC5A",5,8,8,1,11,7,17,18,15,9,10,10
"EHHADH",90,97,86,93,75,77,94,84,74,84,89,94
"CNTN3",1,1,0,0,0,3,0,2,0,0,1,1
"SMC4",4030,3991,4228,3954,3590,3862,5728,4744,4315,4801,4634,5144
"SELENOK",785,693,684,2350,2376,3096,1123,1052,885,1034,1293,966
"ACTR8",778,781,836,864,782,967,1017,889,815,877,856,828
"TBCCD1",332,322,302,413,344,447,422,347,344,410,363,389
"TIMMDC1",1298,1051,1124,1348,1183,1305,1458,1545,1394,1364,1589,1334
"CRBN",742,742,729,792,730,754,857,953,806,891,994,855
"KNG1",0,0,0,0,0,0,0,0,0,0,0,0
"HRG",0,0,0,0,0,0,0,0,0,0,0,0
"BCL6",463,439,374,544,443,494,440,325,279,420,358,284
"HGD",15,12,8,7,12,8,7,12,6,7,10,5
"CLDN16",1,2,1,2,6,5,0,1,1,2,1,4
"ARL6",84,82,111,148,122,134,118,105,87,92,104,104
"NPHP3",309,280,298,316,315,312,380,336,293,316,341,310
"CD86",0,0,0,0,0,0,0,0,0,0,0,0
"AMOTL2",4066,3967,3861,5244,4808,4883,4873,3578,3805,4166,4176,3699
"NIT2",403,348,388,392,383,387,469,476,416,385,465,437
"FAM162A",417,404,400,457,446,482,567,646,559,536,612,566
"OGG1",288,261,342,283,296,372,375,342,323,297,285,350
"KPNA1",2448,2374,2473,2533,2453,2580,3169,2401,2478,2681,2568,2646
"PCCB",980,837,961,1050,961,1050,1255,1094,1042,1028,1073,1007
"UBE3A",1163,1200,1259,1384,1287,1469,1671,1386,1323,1419,1384,1476
"ARMC8",1088,1035,1039,1132,1058,1049,1241,970,1060,1018,1121,1039
"CEP70",125,149,189,193,189,252,240,281,182,197,212,238
"RBP2",0,0,0,0,0,0,0,0,0,0,0,0
"RBP1",2,2,4,1,2,4,4,6,1,1,4,3
"SLC25A36",745,709,770,772,802,811,973,668,686,763,721,775
"GRK7",1,10,1,3,0,5,1,0,3,2,1,0
"RNF7",1421,1337,1366,1807,1814,2195,1842,2177,1754,1823,1956,1832
"TFDP2",223,196,253,194,178,240,240,289,180,231,216,215
"XRN1",1016,1061,1119,1204,1118,1170,1178,777,662,766,796,832
"KAT2B",407,516,551,425,380,515,501,394,330,403,366,447
"BCHE",143,172,213,160,200,216,152,192,126,131,158,199
"SERPINI2",0,0,0,0,0,0,0,0,0,0,1,0
"PDCD10",900,825,852,938,961,1133,1159,1046,993,1050,1225,1140
"LRRC31",1,0,0,0,0,0,0,0,0,0,0,0
"WNT5A",4,7,15,7,3,6,9,9,4,11,5,9
"PFKFB4",118,117,164,81,90,69,139,154,117,140,146,78
"COL7A1",36,35,35,20,25,23,34,51,30,31,25,21
"FGF12",24,25,24,27,31,23,33,18,30,26,19,18
"PRKAR2A",1981,1931,2138,2049,2066,2360,2620,2283,2121,2153,2006,2352
"HES1",956,848,638,761,619,390,704,577,602,672,811,500
"USP4",2552,2437,2526,2581,2405,2568,3033,2473,2370,2492,2499,2370
"ACAP2",757,863,930,808,817,875,1098,798,795,826,808,842
"ECT2",1756,1740,1872,1940,1820,2028,2082,1589,1636,1809,1747,1928
"GNAT1",35,23,14,29,20,23,18,14,16,18,9,7
"GNAI2",26376,22687,26655,25428,24966,28483,29290,28633,26631,26209,28561,26403
"TFG",2756,2665,2878,3559,3515,4066,3590,3071,2736,3248,3315,3152
"USP9Y",640,640,680,708,637,874,844,584,534,584,553,677
"HYAL1",70,52,58,62,66,51,57,63,53,51,43,46
"TUSC2",1191,1001,1198,1167,1071,1221,1450,1474,1374,1210,1407,1178
"NPRL2",279,238,236,288,259,257,360,367,296,290,327,291
"RPL24",9032,7237,7466,9003,8412,9107,10282,15173,11304,10113,12789,10642
"CYB561D2",263,159,201,269,237,286,353,301,292,312,341,288
"CEP15",214,180,214,249,226,256,252,257,232,245,284,278
"FXR1",4618,4269,4880,4588,4411,4896,6097,5333,5116,5312,5592,5293
"CBLB",487,528,698,615,680,986,573,544,476,465,413,566
"BBX",1050,1130,1337,1264,1226,1469,1294,882,871,909,967,1026
"IFT57",655,557,570,722,646,778,746,748,697,664,781,643
"GNB4",3054,3407,3677,3155,3337,3627,3470,2887,2653,2869,2920,3180
"HHLA2",0,0,0,0,0,0,0,0,0,0,2,0
"IQCG",58,57,62,48,43,68,62,65,53,65,74,53
"GBE1",3772,3504,3999,5138,5193,6194,5322,4633,4388,4303,4441,4589
"MORC1",1,2,0,1,0,0,0,1,0,0,0,0
"UMPS",909,752,785,980,843,856,1107,916,1003,1019,1127,895
"NCBP2",2231,2009,2135,2123,2012,2257,2694,2663,2521,2559,2651,2581
"SNX4",808,828,871,1008,917,1065,999,875,854,874,958,948
"C3orf52",108,115,108,132,138,76,136,65,100,92,116,88
"FRMD4B",1844,1844,2162,1751,1812,2218,2171,1913,1657,1838,1688,2076
"SLC41A3",914,846,990,910,875,1022,1135,1117,960,1042,1149,1041
"ROPN1B",0,0,0,0,0,0,0,0,0,0,0,0
"PLXNA1",1520,1448,1617,1668,1425,1574,1675,1189,1364,1284,1156,1299
"ATP6V1A",1881,1851,2064,1962,1946,2072,2021,1721,1545,1905,1735,1641
"ABTB1",144,142,164,96,114,121,180,177,145,148,144,117
"PODXL2",138,104,109,109,110,145,123,154,132,128,157,159
"UPK1B",0,0,0,0,0,0,0,0,0,0,0,0
"CSPG5",6,2,7,5,4,6,9,12,11,7,7,11
"KLHL18",1337,1301,1329,1525,1367,1369,1404,1078,1173,1150,1172,1072
"SCAP",1085,1020,1097,1030,1059,1156,1532,1576,1458,1426,1305,1327
"EFCC1",8,11,19,6,5,13,15,21,16,7,18,7
"CFAP92",5,5,2,0,1,0,5,3,1,1,3,0
"NEK11",76,73,79,72,91,63,95,65,83,69,87,78
"MRPL3",1420,1357,1446,1742,1587,1645,1901,1758,1713,1881,1883,1827
"PLSCR4",1813,1714,2181,1698,1853,2519,3380,2527,2190,2648,2720,2792
"HEMK1",324,325,347,299,302,301,398,426,362,403,271,276
"CISH",28,19,29,46,43,70,42,51,29,38,31,52
"MAPKAPK3",943,803,955,1103,935,1086,935,777,822,837,943,733
"ACVR2B",83,73,108,80,76,110,199,192,190,146,173,175
"WDR48",863,795,900,841,778,849,1083,827,966,935,941,917
"COMMD2",667,616,702,745,710,818,941,904,813,926,937,952
"GORASP1",1285,1184,1262,1068,1139,1192,1427,1227,1191,1223,1168,1167
"PEX5L",1,0,0,1,0,0,0,0,0,0,0,0
"RRP9",840,731,672,976,801,804,1052,894,956,996,1056,774
"ABCC5",600,631,694,546,575,530,767,627,589,589,514,593
"AADAC",82,73,55,90,74,38,56,54,44,59,66,56
"ABHD14B",204,160,203,189,188,211,206,243,173,189,217,187
"EIF1B",761,696,708,866,763,830,905,920,778,823,1010,930
"ARHGEF26",102,104,112,117,98,131,133,115,113,98,117,128
"KLHL24",448,430,470,433,434,515,389,458,327,388,381,420
"PLCH1",3,4,1,4,2,4,1,1,1,0,1,2
"VIPR1",56,95,146,51,70,101,72,85,64,68,68,92
"DNAH1",507,555,577,509,505,550,715,479,505,503,466,517
"SSR3",11025,10196,10236,14397,14088,14818,10180,8968,8707,9066,9969,8971
"ZBTB47",590,554,603,600,553,625,630,544,540,531,535,493
"TNNC1",3,1,0,1,1,1,0,2,1,3,2,2
"NKTR",1648,1699,1943,1530,1543,1613,1843,1355,1190,1380,1160,1413
"CLCN2",175,201,171,175,186,141,182,185,160,154,161,119
"FOXP1",751,734,666,804,728,669,813,757,619,681,831,683
"EIF4G1",23706,21577,23047,24884,23366,25420,28221,23389,21897,22826,22526,21256
"SPCS1",1229,1106,1125,1351,1245,1370,1482,1637,1387,1354,1578,1411
"NEK4",341,384,378,468,447,497,300,238,256,240,237,247
"SLC4A3",0,2,2,1,1,1,4,1,1,2,3,3
"INO80D",305,248,300,317,258,318,310,152,155,204,224,252
"EEF1B2",6475,5495,5734,6574,6355,7386,7074,9576,7577,7074,8429,7679
"ADAM23",1063,1040,1226,1207,1025,1283,1480,1254,1077,1286,1200,1314
"DGUOK",741,645,615,785,678,691,804,888,737,794,975,756
"MOB1A",2460,2397,2614,2647,2626,2939,2993,2307,2273,2490,2718,2899
"KANSL3",1664,1503,1620,1600,1411,1544,2089,1665,1581,1709,1658,1564
"LMAN2L",779,705,801,733,707,704,875,724,771,787,826,680
"RTKN",188,165,202,175,193,195,206,240,186,207,182,157
"TTL",1454,1323,1582,1526,1356,1667,2362,2216,2095,2008,2028,2282
"IL1A",430,337,155,509,329,135,146,49,101,188,300,75
"CCL20",82,35,22,113,76,44,23,13,20,28,51,18
"PIKFYVE",1345,1309,1602,1393,1376,1702,1589,1064,1013,1128,1047,1286
"KCNIP3",7,2,3,0,3,6,2,5,3,0,3,1
"FAHD2A",174,173,193,180,166,162,225,223,180,190,180,176
"NCL",28125,23699,23839,27922,25994,25491,36499,29672,31206,32460,33062,27684
"ACTR1B",891,760,883,896,923,1145,1320,1304,1112,1046,1151,1121
"SLC35F5",1112,997,1143,1465,1381,1635,1369,1191,1158,1168,1138,1282
"ZAP70",0,0,3,0,1,0,2,2,0,0,1,0
"ACTR3",8736,8065,8782,9451,9033,10098,11406,10314,9963,10252,10617,10591
"STEAP3",614,548,579,896,844,1077,747,517,537,609,583,600
"EPB41L5",494,525,655,474,438,546,329,295,257,283,219,303
"TFCP2L1",0,1,0,0,0,0,0,0,0,0,0,0
"SF3B6",1428,1226,1266,1448,1342,1478,1685,2153,1686,1687,2051,1703
"TP53I3",1944,1701,1966,1870,1716,1994,2196,2729,1980,2037,2378,2098
"DNAJC27",81,99,105,100,97,111,96,81,77,100,80,84
"POMC",11,8,8,9,7,5,11,8,7,10,19,3
"STAM2",677,666,717,735,692,870,706,554,542,634,590,625
"OTOF",1,0,0,0,1,0,1,0,0,0,0,1
"GPD2",876,897,993,1127,1068,1102,1010,729,705,839,819,851
"CENPA",323,347,349,371,335,418,462,486,425,461,510,484
"CYTIP",4,2,5,4,0,3,2,2,4,0,2,2
"ACVR1",1356,1256,1262,1642,1550,1510,1666,1311,1263,1414,1400,1254
"TANC1",3040,3175,3763,3112,3131,3854,3620,2910,2445,2671,2403,2987
"SLC30A3",66,66,91,80,69,55,114,127,76,103,113,76
"MPV17",842,791,880,858,833,870,1062,980,838,1009,1045,850
"GTF3C2",1147,1241,1294,1349,1353,1515,1613,1333,1238,1378,1264,1320
"EIF2B4",1197,1095,1139,1208,1107,1086,1464,1565,1196,1289,1375,1207
"NRBP1",5020,4553,4856,5546,5210,5639,6201,5593,5294,5477,5935,4981
"ITGB6",1,0,2,1,1,0,4,1,0,2,2,0
"FNDC4",336,248,354,399,311,397,444,434,429,387,442,471
"ITGA4",470,575,590,559,569,791,698,550,504,475,495,556
"PSMD14",3368,2928,2947,3951,3355,3273,3513,3105,3142,3426,3733,2894
"SNX17",3309,2882,3288,3378,3249,3513,3880,3886,3713,3590,3846,3421
"ASB3",276,267,254,326,326,337,332,302,279,314,317,276
"PPM1G",4187,3660,3929,4352,4062,4386,5521,5277,5085,5136,5077,4511
"PDE1A",18,23,19,9,14,26,33,29,18,24,29,36
"REEP6",78,79,56,65,73,95,87,97,74,82,108,103
"PCSK4",16,13,23,9,15,17,24,32,11,19,12,23
"GCG",0,0,0,0,1,0,0,0,1,0,0,0
"APC2",31,23,14,33,18,7,18,13,19,18,14,9
"IFIH1",3209,3038,2301,3028,2736,1724,2618,935,1105,1999,2510,1025
"RPS15",5444,4657,4929,5539,5169,5434,6462,7672,6432,6233,7424,6113
"GCA",240,224,182,269,212,166,189,142,141,229,225,128
"INO80B",26,26,33,34,43,42,55,68,58,44,50,44
"MOGS",1165,1089,1223,1294,1359,1696,1668,1769,1449,1514,1331,1334
"TTC31",281,297,322,270,252,247,374,420,270,351,304,316
"NDUFS7",1266,1135,1164,1241,1225,1279,1485,1916,1488,1483,1647,1388
"PCGF1",132,90,114,107,128,133,196,196,155,168,177,143
"GRB14",384,339,326,391,358,332,491,387,366,414,423,380
"CLIP4",629,593,602,669,615,623,726,559,580,567,595,614
"TLX2",2,1,0,1,0,0,0,0,0,0,0,0
"SPTBN1",10923,10227,11918,11648,11264,13939,14087,9569,8679,9235,8254,9939
"AUP1",2464,2212,2203,2786,2401,2503,2621,2537,2344,2502,2720,2242
"RTN4",16735,14888,15981,17490,16311,17088,22962,19187,21036,20756,20908,19422
"HTRA2",601,504,535,697,677,628,703,805,709,678,711,646
"LOXL3",6,6,8,15,10,11,13,11,5,5,11,9
"DOK1",266,203,280,271,257,274,341,317,318,311,372,257
"GALNT3",10,7,11,11,8,12,6,6,8,3,8,8
"POLE4",523,411,422,491,487,537,577,755,710,563,648,552
"TACR1",0,0,0,0,0,0,0,0,0,0,0,0
"CCDC88A",1465,1570,1885,1555,1449,1873,1995,1545,1352,1387,1305,1892
"ACADL",0,0,0,0,0,0,0,0,0,0,0,0
"EVA1A",933,797,933,701,621,706,1335,1356,1260,1271,1361,1303
"MRPL19",1174,1114,1175,1238,1185,1251,1186,1145,959,1034,1125,1126
"LANCL1",433,435,483,462,419,486,567,448,412,467,481,563
"WDR75",1705,1663,1642,2034,1760,1756,2057,1522,1656,1841,1880,1685
"EFEMP1",77886,72897,87851,81389,82699,101461,110769,100001,86149,94823,99068,104933
"REG1A",0,0,0,0,0,0,0,0,0,0,0,0
"FANCL",242,215,237,239,196,218,296,340,318,274,358,279
"FN1",102246,102373,115967,104868,105954,121077,119824,85679,63676,71753,63864,76687
"STAT1",19147,18403,19489,17683,17214,14313,19470,10352,10673,15990,17773,9969
"GLS",2374,2538,2572,2908,2945,3455,2872,2669,2437,2512,2373,2888
"PAPOLG",434,418,410,458,362,430,517,381,363,430,401,393
"DNAH6",8,10,11,6,4,5,18,9,14,12,15,5
"PECR",63,71,79,68,47,85,92,83,67,75,72,86
"UNC50",571,502,564,593,580,660,778,756,698,741,783,691
"IGFBP2",3208,2833,3236,3313,3289,3777,4176,4878,4237,3827,4526,3909
"ELMOD3",269,303,291,262,230,222,325,307,261,293,280,274
"IGFBP5",27,25,49,51,80,84,31,27,24,17,15,28
"USP34",2693,2795,3275,3208,3142,3901,3338,2372,2106,2231,2063,2875
"EFHD1",1,0,0,0,0,0,0,1,1,2,0,1
"KCNJ13",0,0,0,0,0,0,0,0,0,0,0,0
"CCT4",6483,5751,6070,7014,6311,6727,7926,8027,7344,7598,8430,7241
"GGCX",906,803,867,896,839,877,1216,1134,1006,1031,991,981
"NEU2",0,0,0,0,0,0,0,0,0,0,0,0
"EHBP1",502,497,544,494,430,477,535,364,367,419,397,411
"OTX1",1,6,3,12,11,14,7,1,7,8,5,1
"TXNDC9",1216,1056,1069,1320,1264,1335,1412,1411,1292,1257,1499,1392
"COQ10B",738,704,688,1069,921,975,840,716,680,789,884,732
"GNLY",0,0,0,0,0,0,0,0,0,0,0,0
"SF3B1",7712,7581,8136,7698,7610,7837,9027,7219,6477,7450,6969,7143
"ST3GAL5",415,472,655,374,363,401,549,619,420,488,524,561
"CHST10",306,237,270,304,277,291,412,317,312,338,369,356
"PDCL3",471,443,447,513,457,570,776,888,738,681,772,696
"MOB4",589,602,626,785,769,870,856,780,643,737,883,886
"HSPE1",2092,1514,1783,1999,1899,2143,2592,3048,2425,2473,2990,2556
"KDM3A",988,908,1063,879,849,904,1304,1063,969,1122,1118,1095
"PLCD4",211,194,238,139,163,161,192,188,148,162,122,141
"CHMP3",1690,1639,1865,1875,1750,2051,2069,1917,1799,1879,2124,2062
"ZNF142",1239,1071,1151,1252,1059,1114,1325,772,775,948,845,934
"IL1R2",4,3,2,3,2,2,3,1,0,3,1,3
"PRKAG3",0,0,0,0,0,0,0,0,0,0,0,0
"SMYD1",1,0,0,0,0,0,0,0,0,0,0,0
"IL1R1",345,330,261,329,276,218,248,139,120,164,175,152
"WNT6",0,0,0,0,0,0,0,0,0,0,0,0
"IL1RL2",4,6,1,7,0,0,1,2,0,2,1,0
"IL1RL1",9297,7676,6583,10116,7681,5989,10593,6279,7895,9166,10056,7127
"IL18R1",225,223,219,298,283,278,287,147,206,268,215,200
"IL18RAP",3,3,2,8,3,2,5,1,2,3,6,1
"SLC9A2",0,0,0,0,0,3,0,0,1,0,0,1
"FHL2",5474,4682,5238,4687,4303,5140,8900,8955,8376,7756,8658,7685
"MLPH",0,0,0,0,0,0,0,0,0,1,0,0
"CNPPD1",1109,1028,1083,1038,974,1014,1282,1235,1129,1144,1152,975
"UXS1",1117,985,1121,1181,1148,1238,1350,1190,1205,1207,1323,1222
"ABCB6",293,327,308,241,282,246,289,346,241,270,225,212
"STK16",462,425,447,465,464,485,555,503,479,478,555,462
"SLC5A7",0,0,0,0,0,0,0,0,0,0,0,1
"HDLBP",22363,20735,24195,27558,26369,31209,26660,21817,20372,22363,22157,22004
"PPP1R7",1478,1308,1270,1515,1385,1335,1783,1721,1668,1654,1895,1457
"PASK",312,252,262,272,240,257,375,282,303,297,247,261
"STK25",5206,4752,5584,5216,4992,5782,6082,6215,5481,5421,5802,5523
"TPO",0,0,0,0,0,0,1,0,0,0,0,0
"PROC",0,0,0,1,0,0,0,0,0,0,0,0
"ID2",216,173,110,227,168,86,128,112,84,187,178,98
"TAF1B",422,402,442,405,422,424,535,502,508,446,494,521
"HPCAL1",2240,2054,2018,2803,2588,2742,3012,2582,2668,2599,2777,2484
"ODC1",8798,7614,6643,10284,8396,7546,8318,7139,7813,7993,9025,7158
"BIRC6",2130,1885,2231,2380,2254,2567,2736,1553,1573,1610,1545,1814
"NOL10",1106,996,950,1243,1023,1123,1350,1097,1103,1203,1257,1129
"PLEKHB2",4640,4397,4531,5196,5066,5303,5594,4137,4532,4777,4836,4426
"GORASP2",2923,2691,3223,4019,4131,4733,3866,3322,3075,3546,3644,3632
"STRN",1247,1279,1494,1367,1341,1606,1519,1023,1014,1106,1136,1286
"CEBPZ",2111,1856,1634,2273,1998,1909,2567,1840,2023,2249,2259,1869
"PRKD3",1423,1398,1558,1332,1369,1642,1898,1544,1497,1568,1487,1727
"DCAF17",382,373,398,410,390,328,492,322,315,385,406,399
"QPCT",213,180,191,199,213,213,271,200,195,205,280,226
"RAB3GAP1",2269,2194,2274,2499,2434,2382,2403,1754,1793,2059,2009,1861
"SLC25A12",376,342,391,407,356,412,446,360,354,397,391,366
"RMDN2",19,22,39,23,26,20,32,25,25,35,25,27
"DLX2",56,67,25,76,53,29,16,9,18,33,43,10
"LCT",3,2,4,7,4,2,2,1,1,2,4,2
"DARS1",1180,1098,1071,1212,1135,1126,1384,1394,1238,1355,1419,1233
"SRSF7",3168,2696,2529,3302,2887,2679,3803,4093,3547,3528,3989,3227
"SDC1",319,274,311,302,245,309,332,272,319,251,291,305
"PLCL1",172,188,205,193,182,187,209,167,170,179,169,180
"SLC1A4",370,337,380,662,742,893,434,283,339,367,338,357
"SOS1",911,986,1314,1118,1155,1386,1184,909,736,867,771,1072
"KYNU",9,13,12,17,24,15,21,9,9,16,15,17
"WIPF1",676,629,740,532,503,629,770,603,526,654,666,704
"ORC2",683,644,628,574,599,608,936,799,743,790,790,855
"COX7A2L",1843,1622,1686,1920,1909,2323,2139,2679,2223,2112,2393,2070
"PNO1",1094,1053,930,1385,1154,1177,1304,964,1024,1131,1277,1167
"ORC4",587,544,545,557,551,588,672,616,547,605,698,647
"PLEK",3,3,1,0,1,6,15,5,7,6,4,8
"RND3",4131,3595,3016,4921,4049,3075,4060,2855,3175,3767,4298,3013
"ATF2",1048,1085,1176,1532,1555,1838,1269,978,950,1112,1135,1072
"THADA",603,592,538,611,496,527,671,516,511,547,584,510
"AAK1",1475,1302,1533,1338,1299,1523,1908,1501,1300,1248,1288,1464
"TRAK2",1672,1595,1703,2086,1860,2092,1407,1016,1068,1219,1247,1277
"C2orf42",281,280,277,342,299,290,282,246,215,299,290,193
"TIA1",1374,1448,1541,1399,1373,1456,1841,1635,1368,1592,1618,1675
"PCYOX1",1268,1332,1538,1225,1338,1598,1522,1429,1369,1307,1220,1507
"KISS1R",0,0,0,0,0,0,2,0,0,0,1,0
"EPAS1",10706,11272,15285,10800,11884,16841,12989,11958,9550,10235,9646,12009
"ARID3A",332,296,318,249,232,267,544,394,452,447,469,424
"SUMO1",1889,1719,1849,1977,1989,2222,2352,2518,2191,2215,2555,2401
"CD207",0,0,0,0,0,0,0,0,1,0,0,0
"GRIN3B",7,7,11,10,4,8,16,9,11,7,7,14
"VAX2",2,2,3,0,1,2,2,2,3,1,1,1
"ATP6V1B1",0,0,0,0,0,1,0,0,0,0,0,0
"NFE2L2",2797,2606,2577,3396,3313,3720,3619,2892,2880,3182,3413,3061
"MSH6",1151,1109,1098,1153,1105,1170,1575,1325,1333,1358,1253,1294
"PLEKHA3",593,496,520,657,611,698,650,639,558,666,706,680
"SPR",727,587,721,696,608,729,979,1057,961,864,1020,820
"EPHA4",1031,1106,1263,1220,1237,1340,1641,1166,1139,1153,1171,1206
"PARD3B",351,332,362,355,329,349,428,294,315,318,321,296
"FARSB",1826,1578,1667,1978,1799,1756,2164,1787,1861,1980,2073,2039
"ALMS1",337,241,360,348,283,355,372,233,210,218,225,299
"BCL9",268,286,357,237,250,286,352,280,247,271,289,268
"PRRX1",19,28,25,116,93,106,38,25,14,30,29,33
"DHCR24",7539,7458,8443,7917,7441,7932,9187,7351,7721,7807,7963,7526
"DNAJC16",552,551,627,592,573,595,718,551,492,522,504,523
"MARK1",87,87,100,107,74,120,108,80,101,89,90,102
"TNR",3,6,8,5,4,5,9,5,4,9,5,4
"MORN1",106,126,109,89,80,88,99,125,85,93,95,113
"GPX7",105,103,110,92,91,131,132,93,80,113,130,96
"CACYBP",2367,2004,2076,2313,2192,2337,2951,3150,2866,2831,3168,2850
"SCP2",1817,1649,2045,1998,1847,2277,2269,2020,2054,2075,2263,2118
"TPSG1",0,0,0,0,0,0,0,0,0,0,0,0
"PAPPA2",1,1,0,3,1,1,0,1,0,0,2,1
"RALGPS2",1156,1222,1311,1097,1124,1156,2297,1893,1805,1849,1785,2133
"ANGPTL1",35,23,31,22,34,22,32,15,15,24,38,12
"CEP104",991,903,976,1022,951,1007,1184,1021,948,1033,951,972
"FAM20B",1035,992,1041,1094,1022,1234,1206,910,1028,978,985,1030
"TCEANC2",241,232,273,241,218,244,291,292,222,260,256,256
"TMEM59",3043,2917,2874,3179,3158,3302,3925,4013,3567,3668,4134,3629
"LRRC42",700,613,676,700,731,805,833,826,770,771,807,743
"WRAP73",513,492,485,491,470,490,611,636,557,529,573,496
"NPHS2",0,0,0,0,0,0,0,0,0,0,0,0
"MRPL37",2666,2201,2395,2655,2494,2630,2892,2919,2618,2603,3017,2560
"ICMT",3012,2614,2701,3237,2902,3039,3981,2845,3191,3400,3524,3119
"RPL22",2996,2738,3037,3133,3042,3513,3629,4611,3679,3694,4005,3848
"CHD5",26,20,24,32,18,12,24,21,25,26,18,15
"QSOX1",16585,14923,16627,16825,15887,17658,20157,18935,18952,17379,18831,16470
"STXBP3",1257,1173,1168,1242,1133,1302,1431,1267,1236,1311,1347,1280
"PHF13",627,552,645,555,503,526,711,639,664,666,632,663
"ERRFI1",1155,1161,925,1492,1104,1022,1113,784,862,1103,1188,888
"PARK7",4195,3517,3979,4162,4083,4470,5099,6092,5142,4910,5502,4845
"ELAPOR1",176,133,138,168,154,167,134,142,131,116,147,150
"OPRD1",0,1,0,1,3,0,2,1,2,2,1,2
"AMPD2",1289,1130,1264,1386,1330,1513,1446,1306,1137,1221,1026,1055
"SRSF4",2046,1893,1798,2066,1928,2001,1753,1600,1462,1540,1515,1408
"MECR",548,425,498,513,446,470,574,521,569,536,576,478
"KCNC4",487,462,532,437,384,376,699,484,531,523,490,461
"EDEM3",1082,1112,1149,1907,1844,2441,1597,1116,1198,1200,1175,1350
"WDR77",1321,1148,1194,1395,1199,1319,1744,1610,1595,1608,1620,1438
"ATP5PB",3934,3471,3670,4116,3763,4529,4483,5118,4294,4453,5088,4483
"RAP1A",1327,1232,1386,1733,1612,1909,1664,1604,1421,1582,1781,1651
"HDAC1",3349,3033,3517,3662,3745,4136,4343,4028,3587,3833,3946,3628
"CAPZA1",4660,4541,5021,5629,5255,5728,7346,5991,6079,6720,7405,6727
"S100PBP",333,319,326,304,279,294,410,344,337,387,341,332
"RNF19B",1444,1313,1184,1397,1289,1134,1083,757,808,874,893,715
"SCAMP3",1979,1793,1892,2147,1925,2110,2308,2231,2014,2238,2345,1924
"TRIM62",337,304,337,286,294,306,417,342,328,337,300,340
"ASH1L",1137,1010,1194,1179,1074,1151,1273,818,775,768,762,955
"DLGAP3",2,4,1,4,4,6,3,4,3,2,7,1
"SFPQ",8065,7380,7908,8090,7555,7890,9693,9353,7628,8502,8312,8012
"RHOU",23,27,32,21,25,23,49,36,42,32,40,33
"GON4L",1233,1133,1261,1164,1103,1045,1332,1024,1026,1114,999,904
"ARHGEF2",3920,3753,3920,3661,3531,3677,4789,4087,3989,4214,4058,3771
"LAMTOR2",824,692,693,741,771,808,960,1287,1001,943,1070,844
"MEF2D",2782,2533,2673,2961,2675,3016,2464,1965,1932,2293,2157,1929
"DOCK7",939,913,921,915,814,922,1104,831,795,888,844,930
"SRM",4323,3693,3709,5168,4467,4891,5061,4845,4626,4674,5162,4111
"FBXO2",7,12,9,1,12,11,13,16,10,10,22,4
"FBXO6",297,199,183,216,197,174,254,150,131,190,241,99
"C1orf21",207,220,272,348,344,335,288,237,194,228,252,253
"SWT1",146,149,143,151,119,158,155,128,138,159,153,159
"MAD2L2",667,555,598,705,661,729,814,922,744,785,907,751
"DNAJC6",88,114,113,162,158,261,134,106,118,114,87,146
"LEPR",315,381,445,479,576,713,505,422,348,393,381,466
"IVNS1ABP",2773,2526,2353,3722,3759,3773,3942,2960,3265,3277,3149,2950
"KIAA2013",1903,1597,1881,1800,1684,1856,2370,2083,2151,2015,2217,1909
"MFN2",4438,3991,4436,4745,4535,4802,5612,4278,4424,4556,4620,4364
"PRG4",0,0,0,0,1,1,1,1,1,0,1,3
"MIIP",745,619,681,618,536,646,894,1048,846,838,863,709
"SMG7",2508,2330,2577,2646,2461,2637,2854,1925,1834,2185,2085,2112
"NCF2",7,6,3,16,8,3,5,6,7,2,12,1
"PDC",0,0,0,1,0,0,0,0,0,0,0,0
"SLC35D1",161,192,220,227,245,278,277,206,214,241,211,210
"PLA2G4A",944,943,705,1723,1344,1347,752,546,515,769,933,601
"GADD45A",5049,4235,3452,4470,3725,2473,4168,3868,3990,4635,5419,3290
"PRAMEF1",0,0,0,0,0,0,0,0,0,0,0,0
"PRAMEF12",0,0,0,0,0,0,0,0,0,0,0,0
"WLS",4404,4176,4244,5576,5426,5832,5186,4110,4174,4545,4616,4064
"PRDM2",978,958,1133,1045,988,1031,1220,914,872,867,906,1040
"RGS2",544,413,352,1175,1027,806,759,428,471,532,706,421
"RPE65",0,0,0,0,0,0,0,0,0,0,0,0
"RO60",715,616,729,823,733,769,872,726,614,700,658,735
"AMPD1",1,2,2,4,0,0,1,1,0,1,0,0
"UCHL5",1121,994,1006,1319,1103,1250,1256,1031,1018,1146,1280,1157
"BCAS2",1072,883,931,1193,1040,1004,1283,1152,1192,1263,1371,1137
"SRSF11",4302,4289,4475,4091,4154,4090,5086,4666,3983,4342,4311,4234
"CTH",56,61,58,72,95,129,79,66,65,67,54,68
"AGMAT",34,23,13,13,16,20,20,16,19,18,13,19
"OLFML3",293,293,365,210,219,210,343,354,294,338,338,256
"TNNI3K",0,0,0,0,0,0,0,0,0,0,0,0
"CFHR3",0,0,1,0,0,1,1,0,1,0,2,0
"PLEKHM2",2914,2730,2739,3332,2951,2928,3213,2688,2611,2996,3013,2538
"CRYZ",429,403,466,407,377,501,544,463,484,459,534,496
"PHTF1",1503,1398,1628,1367,1277,1551,1715,1586,1436,1559,1503,1628
"ZBTB17",946,872,794,1000,954,947,974,971,859,968,990,865
"CD58",127,127,143,161,160,175,147,147,117,137,163,152
"TFAP2E",3,5,2,6,4,0,6,2,0,7,2,2
"CD2",0,0,0,0,1,0,0,0,0,0,0,0
"TTF2",660,624,716,571,571,587,865,766,639,733,590,667
"NR5A2",732,763,919,1434,1598,2058,984,760,747,810,732,918
"KIF21B",202,178,203,169,160,157,199,137,123,132,121,121
"TMEM9",666,640,722,779,687,797,771,807,713,708,826,680
"ADPRS",1642,1464,1409,1659,1543,1461,1811,1559,1642,1682,2017,1422
"MAP7D1",7336,6751,7122,6870,6579,7355,8771,8073,7517,7634,7824,7496
"WARS2",339,285,324,377,373,401,404,356,335,357,346,350
"HAO2",0,0,0,0,0,0,0,0,0,0,0,0
"OSCP1",79,56,57,54,67,66,73,79,62,59,72,65
"MRPS15",1562,1352,1430,1591,1531,1737,1798,1829,1559,1632,1863,1721
"EXOC8",515,510,488,610,568,601,592,425,453,545,468,441
"GNPAT",1198,1156,1140,1275,1091,1181,1449,1368,1284,1314,1417,1332
"TSNAX",424,428,419,525,424,497,556,493,445,477,518,517
"AIRIM",536,500,481,608,512,500,676,497,575,554,638,582
"RRAGC",1480,1429,1310,1372,1156,1229,1609,1446,1225,1427,1637,1348
"NID1",5776,5962,7025,5635,5794,6982,7508,5363,4650,5215,4873,5563
"LGALS8",2066,1991,1908,2067,1915,1778,2256,1523,1462,1771,1917,1548
"NT5C1A",0,0,0,0,0,0,0,0,0,0,0,0
"HPCAL4",0,1,0,0,1,0,0,0,0,0,0,0
"MTR",1263,1114,1274,1242,1118,1364,1723,1186,1133,1175,1016,1235
"BMP8B",1,0,0,3,1,1,0,0,0,0,1,0
"MYCL",19,24,23,37,34,26,23,34,25,25,24,24
"SIPA1L2",855,838,921,982,973,1127,998,629,726,701,694,743
"ZP4",0,0,0,0,0,0,0,0,0,0,0,0
"RLF",782,681,638,791,653,665,800,515,595,638,583,601
"KMO",1,1,0,0,1,1,0,0,0,0,0,0
"ZNF684",67,65,71,65,88,77,102,84,72,92,88,71
"KCNQ4",1,0,0,1,0,1,0,0,3,1,0,0
"RIMS3",5,3,8,1,4,3,6,5,8,9,3,7
"AKT3",1071,1032,1265,1222,1248,1575,1841,1427,1461,1320,1414,1716
"ETV3",1016,912,756,1124,933,897,987,682,721,830,864,690
"ACADM",762,742,759,886,823,931,984,906,868,950,918,910
"ST6GALNAC5",0,0,0,0,0,0,3,2,1,2,0,1
"SLAMF1",0,0,0,0,0,0,0,0,0,0,0,0
"CD48",1,0,0,0,0,0,0,0,0,0,0,0
"ADGRL2",2219,2540,3181,3834,4182,5710,3135,2480,2229,2469,2297,3059
"PADI2",5,0,0,0,2,4,0,4,3,1,4,5
"SDHB",1743,1494,1562,1779,1612,1750,2104,2197,1931,1862,2352,1816
"MFAP2",1571,1438,1692,1395,1430,1951,2043,2696,1881,1927,2048,2024
"RPF1",1049,837,863,1131,1026,1071,1287,1169,1125,1228,1369,1179
"KDM5B",1624,1559,1826,1495,1438,1696,1913,1636,1424,1481,1405,1546
"UAP1",3352,2859,2799,3937,3724,3873,5171,3992,4327,4314,4927,4229
"ACTL8",0,0,0,0,0,0,0,0,0,0,0,0
"CTBS",356,306,305,350,309,392,402,345,329,337,366,300
"RGS4",2303,1954,1650,4217,3216,2621,2986,1438,2189,2419,2729,1935
"KLHL12",911,853,951,838,731,829,908,833,789,866,837,791
"IGSF21",0,0,0,0,0,1,0,0,0,0,0,0
"SSX2IP",174,154,144,170,201,241,149,117,131,118,118,135
"ZNHIT6",554,468,517,533,485,598,1106,973,886,990,1024,926
"PLA2G2D",0,0,0,0,2,0,0,0,0,0,0,0
"RBBP5",706,656,654,764,650,704,783,527,591,666,630,671
"GBP3",1082,973,970,1037,1051,939,1142,751,712,974,1102,770
"GBP1",3349,3140,2938,2871,3154,2593,4089,2061,1831,2973,4008,1953
"KIF17",14,19,11,23,19,17,10,11,14,9,19,9
"GPR89B",112,84,75,122,80,102,101,84,78,95,114,75
"CDK18",2,2,4,3,2,2,4,2,5,2,7,3
"RAB29",829,810,883,1015,1003,1203,999,998,866,997,1010,858
"CD160",0,0,0,0,0,0,0,0,0,1,2,0
"ECE1",39066,37390,42740,38874,39140,45933,48361,42166,39182,39064,40298,39550
"HMGCL",905,814,861,872,750,757,860,978,815,887,927,732
"GALE",1309,1109,1055,1286,1175,1223,1296,1338,1229,1209,1399,1134
"ID3",1952,1603,1751,2289,2118,2452,2475,3080,2494,2383,2685,2277
"CR2",0,0,0,0,0,0,0,2,0,0,0,0
"CD46",4751,4786,5477,5135,5352,5978,5429,4813,4159,4580,4385,4762
"PRPF3",1845,1618,1646,1772,1610,1596,2017,1789,1625,1843,1814,1548
"APH1A",4076,3684,4039,4201,4185,4657,5019,4845,4460,4803,5218,4505
"P3H1",4172,3720,4214,4449,4575,5191,5835,5371,4798,4919,4941,4714
"SLC2A1",1918,1716,1701,2679,2674,2803,2620,2076,2333,2401,2359,2185
"EBNA1BP2",3951,3258,3317,4200,3642,3610,4667,4656,4408,4693,5227,4121
"CDC20",2987,2685,3276,2991,2820,3425,5059,4989,4582,4729,4911,4549
"MPL",5,9,3,4,2,2,6,4,2,7,8,1
"ARTN",11,6,4,7,5,8,5,9,7,8,6,2
"IPO13",910,860,919,973,798,856,1104,965,869,945,974,849
"ATP6V0B",2129,1801,1769,2603,2434,2413,2419,2257,2283,2292,2630,2012
"B4GALT2",2533,2262,2357,2880,2684,2844,3079,2678,2793,2818,3082,2726
"ERI3",771,606,767,727,729,889,999,1063,924,862,1017,917
"PTCH2",26,16,26,23,19,39,16,24,9,12,11,16
"AKR1A1",1395,1221,1329,1485,1424,1562,1662,2012,1635,1578,1657,1434
"PRDX1",13181,11438,12543,13795,12595,13281,15449,16101,14233,14604,17448,14006
"PIK3R3",637,672,959,448,498,694,634,720,479,502,493,627
"TSPAN1",10,5,3,8,6,5,9,3,4,6,3,4
"BLZF1",1442,1323,1122,1725,1486,1194,1229,711,825,1170,1294,875
"CCDC181",1,1,0,1,5,2,2,0,0,0,3,4
"SLC19A2",215,184,150,254,236,214,298,178,251,294,266,244
"FAAH",14,10,9,3,6,4,18,8,13,11,10,12
"NSUN4",667,615,574,816,748,791,906,701,687,790,767,668
"TMED5",2745,2724,3030,3888,3630,3994,3621,2887,2733,3285,3297,3260
"MROH9",1,0,0,4,4,0,1,0,0,1,1,0
"DR1",1659,1548,1452,1855,1618,1696,2087,1604,1718,1829,1892,1758
"CNN3",4943,4623,5349,11491,11997,15071,6957,6850,6277,6771,6998,7202
"PRRC2C",3663,3395,3781,3749,3534,4137,5144,3369,2573,2926,3042,3469
"F3",16,18,18,417,459,680,20,15,11,37,42,38
"ABCD3",738,698,769,704,707,898,923,816,843,814,843,918
"VAMP4",204,220,216,181,187,191,221,235,233,247,239,211
"DPH5",429,399,381,428,375,454,581,553,526,500,575,534
"FASLG",0,0,0,0,0,0,0,0,0,0,0,0
"PTBP2",254,265,247,241,207,244,297,365,243,266,265,278
"TNFSF4",1807,1673,1969,3376,3487,4305,2228,1842,1806,1822,2006,2111
"PRDX6",5828,4987,5798,5899,5738,6269,7409,7448,6633,6676,7396,6556
"DARS2",935,898,995,974,931,1067,1447,1224,1121,1174,1231,1263
"HSD11B1",0,2,0,3,2,0,3,1,1,2,0,0
"IRF6",65,79,81,212,217,326,77,65,53,79,57,69
"UTP25",828,715,714,1336,1241,1374,1052,762,791,911,854,868
"PLPPR5",0,0,1,0,0,0,2,0,0,1,0,0
"PLPPR4",0,0,1,0,0,1,0,0,1,0,0,0
"SERPINC1",8,5,2,1,3,1,8,5,2,1,1,1
"RCAN3",36,42,33,43,41,35,39,45,44,47,40,40
"SYF2",1223,1055,1058,1218,1156,1205,1510,1667,1383,1450,1759,1356
"RSRP1",2078,2004,1956,1670,1791,1482,1768,2202,1496,1707,1476,1409
"SLC35A3",286,272,303,320,336,342,365,314,317,305,312,330
"RCOR3",498,506,522,483,393,472,542,435,382,497,470,414
"STMN1",4397,4005,4735,4045,4010,5293,7105,9134,7808,7040,7397,7940
"MTFR1L",687,565,701,667,676,652,820,867,750,759,857,725
"MAN1C1",53,48,70,37,46,61,111,125,79,88,69,109
"NEK2",445,421,505,477,451,559,660,679,568,620,584,637
"RPS6KA1",307,280,270,261,275,242,336,291,285,304,355,319
"DHDDS",1565,1489,1526,1997,1963,1962,1930,1485,1562,1785,1651,1448
"NENF",342,281,320,345,360,372,374,470,429,354,418,340
"NSL1",706,617,613,759,678,632,831,786,771,749,861,740
"PROX1",86,97,119,92,114,119,111,75,53,51,55,75
"ARID1A",2315,2162,2458,2301,2107,2419,2345,1581,1446,1676,1585,1677
"CENPF",2098,2017,2621,1883,1674,2445,3369,2441,2163,2056,1903,2708
"RPA2",1002,862,874,981,916,902,1226,1108,1123,1235,1305,1109
"PPP1R8",1533,1384,1415,1710,1488,1657,1817,1404,1482,1649,1716,1569
"STX12",1479,1448,1519,1574,1413,1578,3012,2462,2418,2576,2660,2389
"MTARC2",282,305,349,288,240,290,407,347,315,338,326,270
"SLC5A9",0,0,0,0,0,0,0,0,0,0,0,0
"OSBPL9",1908,1878,2215,2049,2072,2457,2441,2087,1962,2008,2018,2207
"TXNDC12",408,365,356,487,433,416,612,506,580,560,622,522
"ESYT2",2231,2302,2616,3526,3572,4353,4113,3254,3098,3237,3363,3644
"POLR1G",895,707,632,764,665,558,1145,839,930,985,1063,853
"MESD",2638,2239,2398,3273,2906,3126,2896,2632,2582,2700,2933,2377
"RCN2",1094,1176,1375,1496,1474,1889,1684,2016,1716,1630,1721,1918
"CHRNB4",1,1,0,1,1,0,0,1,1,1,0,0
"MUC5B",0,0,0,0,0,0,0,0,0,0,0,0
"CTSD",4021,3540,3821,3926,3956,4211,4701,4780,4193,4338,4806,3912
"COLEC11",4,7,0,2,0,2,1,1,0,2,1,4
"STAG1",1742,1787,1902,1884,1848,2065,2347,1781,1930,2061,1940,2115
"A4GNT",0,0,0,0,0,0,0,0,0,0,0,0
"STK11",2487,2218,2413,2492,2315,2643,3138,3197,3059,2850,3025,2586
"KMT2A",1792,1668,2014,1665,1577,1919,2208,1364,1235,1220,1254,1708
"TREH",2,3,2,3,3,2,3,0,0,2,1,2
"IFT46",650,536,640,689,635,757,758,784,694,739,854,731
"MMP8",0,0,0,0,0,0,0,0,0,0,0,1
"APOA1",5,4,1,2,7,3,1,5,3,1,3,1
"ZNF541",1,1,2,2,0,4,0,2,0,1,1,4
"SLC8A2",82,70,36,57,60,16,25,9,28,29,33,11
"KPTN",464,409,356,394,380,326,377,438,369,397,426,312
"RPS25",9305,8326,8532,9432,9353,10866,10830,14184,10613,10487,13020,11536
"KIF14",626,714,784,607,659,755,847,714,730,689,570,851
"TNNT2",0,0,2,0,0,0,0,0,0,0,0,0
"DDX59",273,253,257,351,342,376,307,292,243,291,244,286
"CAMSAP2",2059,2030,2473,2579,2416,3003,2905,2012,1999,2058,2001,2398
"ATF6",3018,2813,3290,3698,3438,3910,3360,2660,2522,2983,3006,2916
"CRYGD",0,0,0,0,0,0,0,0,0,0,0,0
"MREG",53,49,62,52,44,62,75,77,79,62,84,78
"TNP1",0,0,0,0,0,0,0,0,0,0,0,0
"FASTKD2",1006,1014,928,1038,925,959,1220,918,998,1053,1139,1001
"NRP2",11049,11388,14878,10596,11253,14926,14651,13234,10324,10913,10032,12539
"CREB1",1080,1089,1027,1127,1026,1292,1204,967,861,976,955,1041
"KLF7",881,806,809,958,947,923,976,630,597,777,764,685
"TTR",0,0,0,0,0,0,0,0,0,0,0,0
"B4GALT6",281,295,352,385,359,398,335,263,268,285,264,361
"C1orf54",308,204,245,269,332,355,245,385,252,244,293,255
"CA14",0,0,0,0,0,1,0,0,0,0,0,0
"DNAI7",0,1,1,1,0,0,1,0,0,2,0,1
"IRAG2",0,0,0,0,1,0,1,0,0,0,0,0
"ATP10B",0,0,1,0,0,0,0,0,0,0,0,0
"SPCS2",893,780,831,1051,1075,1189,1137,1164,1071,1124,1144,1040
"USP35",505,490,552,517,496,503,649,545,510,500,425,420
"ELOVL4",144,156,124,146,165,164,212,184,161,178,197,204
"FILIP1",48,66,78,15,16,23,56,70,59,58,36,41
"CASP8AP2",468,430,502,490,461,523,566,376,376,401,411,453
"HMGN3",1057,919,1035,1001,1027,1293,1259,1670,1279,1194,1292,1281
"UBE3D",75,50,56,55,49,56,74,67,72,92,57,69
"CNR1",1,0,0,1,0,0,1,0,0,0,0,0
"SPACA1",0,0,0,0,0,0,0,0,0,0,0,0
"ANKRD13C",818,707,787,864,807,927,984,761,844,811,876,880
"SGIP1",260,331,410,207,289,369,407,502,326,346,317,385
"PHF3",1416,1470,1638,1436,1477,1646,1957,1299,1248,1359,1222,1472
"ZC2HC1B",0,0,0,0,0,0,0,0,0,0,0,0
"ADGB",0,0,0,0,0,2,0,0,0,0,0,0
"PLAGL1",754,761,880,997,1028,1130,993,745,758,838,733,809
"FBXO30",1264,1169,1135,1309,1120,1112,1121,725,780,982,925,829
"TNFAIP3",2167,1891,896,2718,1744,794,1056,405,656,1128,1333,431
"AKAP7",75,90,79,84,71,61,95,77,76,102,103,77
"RAB32",1803,1708,1696,1856,1739,1845,1989,2219,1936,1953,2263,1889
"MYB",9,5,4,4,5,8,6,5,4,5,8,10
"ALDH8A1",27,24,18,15,11,4,22,12,19,15,16,10
"SGK1",3069,2522,2120,3601,3366,3094,6204,4107,4703,4658,5559,3988
"RNF146",946,890,923,821,805,831,1032,1040,887,932,929,926
"ARG1",0,0,0,0,1,0,0,0,0,0,0,0
"CCN2",47897,42509,44250,41948,38209,41979,54794,49639,44127,47911,48979,45278
"TCF21",0,0,0,0,0,0,0,0,0,0,0,0
"PMFBP1",3,6,4,3,6,2,5,4,5,4,10,9
"FBXL5",1483,1443,1417,1480,1455,1432,1660,1397,1385,1333,1500,1322
"MED28",964,877,950,937,897,990,1205,1386,1176,1154,1286,1206
"SLC16A7",98,108,145,202,176,223,125,93,82,107,104,112
"RXYLT1",214,217,232,285,211,235,313,300,281,270,319,290
"ZNF430",219,227,243,272,216,230,270,225,222,243,232,249
"VAMP8",1057,812,959,869,904,991,1162,1558,1209,1093,1319,1030
"DCLRE1B",319,260,271,325,242,261,410,273,311,320,372,295
"MYL12B",11065,9678,10153,11817,10819,12074,12258,13761,11540,12035,14360,12196
"FOXO3",532,493,507,446,400,441,404,299,325,298,293,345
"ARMC2",34,29,43,43,29,44,40,36,26,44,43,37
"GHRH",0,0,0,0,0,0,0,0,0,0,0,0
"RPN2",11966,10497,11762,12641,12618,14062,14326,12804,11757,12454,13267,12482
"TGIF2",418,426,394,476,406,376,484,352,386,473,488,375
"CASQ2",0,0,0,0,0,0,0,0,0,0,0,0
"OLFM3",2,4,1,2,4,0,1,0,0,2,2,0
"PKD2",1050,985,1130,1606,1653,1938,1492,970,1061,1154,1065,1199
"ABCG2",128,122,147,86,109,124,128,103,112,98,96,101
"SPP1",2,1,1,2,5,7,0,0,0,2,1,1
"STBD1",12,14,12,15,17,9,22,18,16,24,16,15
"CCNI",2638,2463,2723,3000,2930,3476,3096,3159,2474,2891,3012,3196
"RARRES1",19,25,31,21,18,30,32,22,19,21,28,29
"MFSD1",1204,1090,1135,1398,1240,1352,1443,1195,1214,1330,1369,1209
"RAB3GAP2",1648,1534,1513,1875,1830,1865,1754,1260,1343,1452,1386,1333
"EEF2KMT",362,335,339,441,376,384,406,354,372,392,463,334
"PPL",24,38,42,14,11,11,41,34,39,41,33,48
"UBN1",4548,4397,4215,4464,3929,4032,4970,3649,3930,4234,3990,3792
"KLF12",447,481,617,537,618,778,681,500,461,430,387,590
"UCHL3",288,242,253,344,286,282,370,454,377,374,431,399
"PCDH17",199,217,220,320,346,469,250,146,135,147,170,144
"HS1BP3",1068,1019,1131,994,993,1132,1279,1274,1128,1174,1282,1089
"LDAH",478,464,556,432,418,529,628,548,528,559,576,617
"WDR35",427,343,382,376,383,347,460,363,337,347,372,345
"CCND2",266,252,297,212,178,226,329,322,299,276,281,255
"FGF23",0,0,0,0,0,0,0,0,0,0,0,0
"ELL2",1044,929,995,2101,2064,2141,1471,910,1018,1062,1235,1082
"DNAH7",6,3,2,8,11,2,4,2,1,5,8,2
"CYP20A1",455,444,417,486,460,507,548,521,486,487,484,481
"NDUFB3",806,740,754,870,836,802,980,1338,1021,1027,1182,1029
"GTF3C3",1187,1099,1226,1283,1145,1291,1448,1134,1079,1173,1155,1148
"SATB2",34,30,41,16,19,20,32,23,23,25,27,20
"UBE2B",1309,1286,1169,1588,1486,1626,1590,1566,1413,1522,1726,1442
"TRPM6",3,0,0,2,1,0,0,1,0,1,1,0
"GDA",0,0,0,0,0,0,0,0,0,0,0,0
"KLF9",221,225,261,420,411,510,147,157,127,150,162,142
"TJP2",476,519,505,579,544,516,633,404,338,496,434,473
"ECRG4",0,0,0,0,0,0,0,0,0,0,0,0
"ITGB1BP1",1961,1686,1670,2108,1894,2073,2258,2488,2171,2073,2423,2147
"CPSF3",1118,1022,1127,1113,955,1025,1453,1308,1273,1353,1381,1290
"PIGZ",80,75,85,55,54,83,81,96,74,61,52,58
"SENP5",869,798,808,960,887,1045,1052,781,753,852,859,829
"CCDC92",963,831,1000,928,966,1067,688,747,634,675,671,735
"C1orf198",716,668,800,1090,1107,1362,806,693,732,728,752,796
"TRIM67",1,0,2,0,3,0,1,1,1,1,0,0
"HEATR1",2169,1947,2058,2153,1909,2094,2714,1825,1738,1880,1708,2059
"PTBP3",1597,1689,1720,1625,1588,1875,1543,1193,1126,1169,1275,1412
"RAD23B",5103,4325,4693,5517,5049,5199,6001,4562,4603,5168,5626,5117
"FKBP15",2329,2051,1791,2466,2066,1741,1985,1305,1237,1597,1720,1273
"CTNNAL1",3190,2935,3193,3437,3051,3337,3959,3880,3709,3772,3936,3600
"ABITRAM",346,379,399,504,448,510,509,458,388,480,472,500
"DYNC2I2",1408,1254,1395,1468,1379,1611,1767,2134,1974,1714,1939,1945
"SET",10843,9477,10480,11126,10580,11488,14438,13194,13473,13087,13975,13161
"PTPA",3424,3088,3427,3935,3822,4297,3746,3676,3449,3530,3812,3085
"GLE1",1061,947,1035,1034,952,1015,1239,1117,1114,1146,1169,1125
"RAB14",3202,3089,3256,3539,3377,3762,4273,3757,3689,3973,3845,3819
"CNTRL",673,654,809,620,610,723,869,723,668,712,642,761
"TRIM32",510,452,547,449,495,537,670,523,625,555,551,516
"FBXW2",1511,1398,1624,1595,1457,1650,1807,1571,1445,1535,1529,1567
"PHF19",2294,2208,2619,2725,2584,3122,3103,2879,2751,2669,2694,2652
"NEK6",1572,1507,1723,1357,1234,1404,2163,1753,1761,1800,1680,1750
"BSPRY",0,0,0,0,0,1,0,0,0,0,0,0
"PPP6C",1326,1194,1316,1444,1349,1493,1754,1518,1438,1516,1595,1514
"NDUFA8",1088,936,1061,1057,1004,1062,1469,1733,1449,1334,1556,1352
"HDHD3",149,132,143,155,100,108,203,254,185,152,184,188
"RBM18",806,750,783,790,800,753,977,844,787,869,914,857
"SLC46A2",0,0,0,0,0,0,0,0,0,0,0,0
"HSDL2",903,943,1018,1009,972,1047,1153,1052,985,1002,1045,1094
"MAPKAP1",2567,2361,2762,2525,2372,2933,3612,3726,3452,3277,3470,3775
"NR4A3",26,19,15,129,192,200,39,23,22,31,35,22
"INVS",421,417,427,464,402,501,474,358,280,356,391,377
"GALNT12",183,170,119,190,162,111,187,99,129,144,176,85
"DENND1A",530,526,555,575,553,622,602,531,488,498,558,495
"ALG2",1766,1627,1604,2590,2438,2533,2021,1628,1729,1620,1895,1577
"CSF3R",0,0,0,0,0,0,0,0,0,0,0,0
"KDSR",1488,1278,1274,1565,1432,1433,1794,1300,1382,1409,1566,1366
"VPS4B",1573,1532,1553,1628,1510,1611,2069,1679,1636,1771,1884,1746
"ONECUT2",3,0,5,1,4,1,1,1,1,1,2,0
"C19orf25",595,536,536,594,514,557,576,671,595,629,647,522
"ZBTB45",495,394,495,403,431,463,609,602,598,590,542,555
"YLPM1",1451,1535,1648,1298,1215,1428,1987,1540,1264,1386,1262,1480
"DCAF4",260,253,271,223,232,211,389,339,315,309,352,298
"PROX2",0,0,0,0,0,0,0,0,0,0,0,0
"VSX2",0,0,1,0,1,0,1,0,0,1,0,0
"FCF1",1440,1245,1277,1395,1313,1252,1701,1578,1494,1567,1690,1595
"PGF",9035,8209,9501,4382,4161,4615,12759,16220,13774,11341,13019,12199
"IFI27L2",199,165,168,176,176,240,232,344,233,221,265,203
"BBOF1",48,48,56,52,48,52,60,41,46,64,49,58
"NEK9",1513,1404,1475,1423,1264,1333,1813,1413,1340,1477,1372,1411
"ACYP1",161,132,146,148,121,133,239,292,174,197,236,215
"IFT43",320,236,291,293,293,358,389,515,389,356,405,393
"NPC2",3466,3031,3506,3558,3522,3942,4380,4620,4028,3896,4395,3838
"DNAL1",178,153,189,226,234,270,225,221,193,233,202,212
"IRF2BPL",883,852,1031,1091,1164,1491,1141,1065,1014,968,1002,1096
"ACOT2",411,353,387,364,347,409,501,487,508,458,496,420
"LTBP2",13770,13551,16618,11928,11768,15453,16194,14506,12876,12157,10266,14653
"AREL1",1924,1769,1937,1801,1724,1910,2066,1737,1596,1678,1721,1721
"MLH3",392,368,363,374,308,343,535,403,401,391,414,451
"TTLL5",1628,1578,1710,1627,1533,1630,1884,1380,1389,1522,1580,1600
"FLVCR2",75,68,73,73,89,77,107,97,71,75,81,87
"ABCD4",954,962,998,860,944,843,1039,1173,924,1009,977,842
"DLST",3648,3238,3292,3792,3325,3388,3826,3009,3062,3344,3537,3025
"PPP4R4",1,0,1,2,0,0,1,1,2,1,1,2
"TGFB3",84,81,115,278,323,483,135,130,102,100,101,117
"ZC2HC1C",36,29,28,47,34,33,38,41,31,43,63,28
"SLIRP",829,642,611,815,776,754,935,1303,946,846,1094,850
"RBM25",3233,3070,3225,3007,2898,2966,4339,4091,3253,3579,3481,3279
"ALDH6A1",239,240,297,254,272,350,264,293,201,233,204,257
"GPR68",14,7,9,11,9,17,13,7,8,7,6,5
"ESRRB",2,0,1,1,0,0,0,0,0,0,0,0
"EIF2B2",2698,2418,2824,2261,2041,2406,3586,3946,3627,3243,3642,3483
"NRDE2",380,373,406,384,343,360,484,422,377,401,423,357
"COQ6",310,317,316,315,292,297,377,406,310,343,351,312
"ZNF410",118,120,104,115,104,109,97,87,115,100,117,105
"RHOQ",377,330,379,852,1008,1063,509,425,422,404,428,483
"GPR75",37,45,41,26,29,23,39,19,19,24,19,23
"SUPT7L",782,718,730,814,761,683,833,725,631,785,763,597
"KLHL29",643,531,519,644,605,516,555,320,355,431,376,307
"DNMT3A",990,945,1221,995,1015,1196,1477,1412,1286,1160,1101,1309
"TMEM214",2267,1975,2217,2964,2804,3237,2582,2158,1866,2107,2036,1909
"ATAD2B",514,507,524,635,538,555,642,370,435,446,410,474
"FKBP1B",102,96,112,105,105,103,164,131,111,144,163,122
"ATL2",730,671,783,827,754,793,950,730,792,786,771,849
"YPEL5",1465,1472,1583,1482,1480,1852,1830,2019,1674,1741,1896,1912
"FAM98A",2356,2142,2358,2984,2731,3153,2203,1666,1673,1761,1793,1787
"YIPF4",816,835,878,888,858,976,1029,1138,976,1054,1048,1108
"AFTPH",660,691,701,985,954,929,756,585,603,675,735,709
"LGALSL",45,44,63,45,60,68,48,45,26,39,54,49
"CNRIP1",1182,1101,1232,1209,1128,1350,1486,1553,1305,1416,1585,1475
"BCL11A",9,12,11,4,8,6,4,8,9,10,3,12
"CRIPT",235,245,237,217,232,273,334,416,315,268,347,310
"EPCAM",4,4,4,2,3,6,9,4,3,6,9,6
"SLC17A5",571,608,864,1253,1402,1720,848,914,701,816,795,881
"OGFRL1",2409,2501,2603,2306,2124,2542,3803,3281,3393,3198,3273,3713
"SLF2",870,863,922,875,841,984,1065,769,683,742,710,858
"IDE",1756,1649,1836,1886,1863,2095,2025,1521,1422,1612,1685,1658
"TECTB",0,0,0,1,0,0,0,0,0,0,0,0
"ELOVL3",6,1,1,3,0,2,3,1,3,2,3,1
"IFIT3",7553,6930,5061,6179,6068,3180,5643,1820,2125,4424,6585,1761
"NKX2-3",0,0,0,0,0,0,0,1,0,0,0,0
"IFIT2",4458,4016,2038,4228,3174,1305,2663,913,1285,2660,3066,869
"GPAM",303,335,348,343,340,369,344,249,260,275,232,280
"CUTC",611,564,581,595,530,591,797,829,823,729,791,606
"PPP1R3C",63,56,37,56,49,44,67,25,48,44,47,44
"PYROXD2",156,138,123,97,84,96,141,114,110,114,98,90
"CNNM1",1,1,0,0,1,1,0,0,1,1,0,0
"MXI1",98,107,128,118,127,148,112,124,97,108,127,115
"SMNDC1",854,780,775,969,872,914,1036,910,848,959,946,847
"C10orf88",308,312,291,323,303,344,388,327,302,318,333,299
"HELLS",393,384,371,417,375,318,534,440,455,467,508,496
"PRLHR",0,0,0,0,0,0,0,0,0,0,0,0
"TCTN3",1262,1168,1301,1382,1459,1648,1596,1297,1354,1392,1454,1333
"DENND10",430,399,410,396,362,432,435,474,397,396,439,387
"AVPI1",99,86,118,96,77,89,104,67,86,98,108,93
"WDR11",1901,1877,2040,1734,1630,1848,2124,1954,1617,1889,1691,1778
"ARMH3",517,516,591,603,552,557,557,518,518,537,504,495
"KCNIP2",6,7,5,4,4,3,2,8,2,4,4,3
"CFAP58",20,12,11,19,14,29,34,12,25,14,18,20
"GOT1",1099,1017,1011,1377,1264,1358,1263,1207,1121,1125,1278,1042
"CPN1",0,0,0,0,0,0,0,0,0,0,0,0
"C10orf95",3,2,0,1,3,1,1,6,2,4,2,3
"SFRP5",0,0,0,0,0,0,0,0,0,0,0,0
"GNA13",1812,1801,1836,2076,1861,1936,2284,1527,1745,1977,1762,1872
"HOXB8",172,138,144,130,121,148,229,210,197,164,194,196
"KANSL1",1150,1023,1058,1008,870,887,1131,807,770,924,835,829
"HOXB5",101,91,118,57,56,62,83,113,75,91,62,77
"CRHR1",0,0,0,0,0,0,0,0,0,0,0,0
"HOXB3",640,639,766,440,476,482,820,800,555,640,557,662
"HOXB1",0,0,0,0,0,0,0,0,0,0,0,0
"DUSP1",1807,1472,1041,2632,2304,2380,2831,1616,2108,2075,2723,1658
"PANK3",1770,1897,2265,1950,1935,2261,2333,1678,1633,1712,1629,2034
"MSX2",4,4,7,6,6,3,4,8,5,6,8,7
"TEK",2424,2319,2548,2371,2154,2269,2966,1957,1996,2167,2134,2077
"RCL1",521,430,414,565,479,418,664,467,563,631,640,529
"CAAP1",512,493,501,684,705,787,569,499,525,568,574,530
"EQTN",0,0,0,0,0,0,0,0,0,0,0,0
"MOB3B",0,0,1,3,0,2,3,0,1,0,1,0
"INSL6",0,0,0,0,0,0,0,0,0,2,0,0
"INSL4",0,0,0,0,0,0,0,0,1,0,0,0
"MLANA",0,0,0,0,0,0,0,0,0,0,0,0
"CD274",772,742,598,793,667,463,1093,643,768,947,1110,702
"IFNA6",0,0,0,0,0,0,0,0,0,0,0,0
"IFNA8",0,0,0,0,0,0,0,0,0,0,0,0
"GRIA2",0,0,0,1,2,3,0,0,0,0,0,0
"NUP43",689,643,718,724,656,639,977,767,780,821,867,841
"MTHFD1L",3377,2933,3248,3784,3761,4225,4821,4547,3996,4143,4256,3795
"LRP11",233,231,250,245,236,269,354,222,272,237,211,224
"CCDC170",3,9,7,7,6,8,5,14,4,8,8,3
"PCMT1",2102,1836,1918,2287,2208,2264,2668,2679,2395,2566,2920,2396
"PLEKHG1",1000,944,1202,943,1008,1178,1328,1069,1004,1043,955,1201
"MYCT1",3384,3006,3268,5435,4895,5267,4256,3040,3028,3705,4288,3567
"TASL",0,0,0,0,0,0,0,0,0,0,0,0
"MAGEB4",0,0,0,0,0,0,0,0,0,0,0,0
"CYSTM1",888,711,751,996,1043,1081,830,833,740,748,844,696
"WDR55",901,853,920,952,892,896,1151,965,930,1058,1004,851
"ARAP3",3664,3526,4036,2962,3002,3295,4082,3964,3496,3636,3235,3353
"SLC25A2",1,3,0,1,1,1,0,0,0,1,0,0
"TNN",0,2,0,0,1,1,0,1,2,0,0,0
"MRPS14",567,481,518,551,538,565,658,825,588,636,700,664
"CENPL",415,399,370,483,410,435,440,364,358,474,392,405
"TNFSF18",2289,2298,2494,3235,3350,4147,1786,1422,1297,1592,1831,1593
"SEC16B",0,0,2,3,0,1,3,2,1,2,2,1
"GORAB",373,369,299,472,389,362,351,280,237,332,352,292
"GPR31",1,0,0,0,0,0,0,0,0,0,0,0
"ACAT2",2061,1878,2359,1702,1754,1962,2596,3243,2558,2597,2648,2541
"TCP1",9016,8103,8470,9086,8645,9189,11805,11809,10729,11082,11297,10252
"TTLL2",0,0,0,0,0,0,0,0,0,0,0,0
"SNX19",2525,2546,2704,2761,2638,2853,3059,2201,2248,2395,2408,2419
"KCNJ5",23,26,29,5,22,24,22,52,29,29,35,43
"MSANTD2",451,426,448,391,341,337,494,438,375,433,417,440
"TP53AIP1",0,0,0,0,0,0,0,0,0,1,1,1
"TEX11",0,0,0,0,0,0,0,0,0,0,0,0
"ARR3",0,0,0,0,0,0,0,1,0,0,0,0
"PDZD11",643,598,674,734,662,742,747,762,706,705,835,695
"SLC10A7",284,272,309,518,471,518,355,295,218,345,346,294
"NUDCD1",1110,934,918,1289,1140,1202,1627,1113,1258,1396,1527,1378
"ENY2",1725,1362,1456,1670,1578,1725,2015,2411,1932,1965,2364,1996
"MASTL",1033,992,915,1106,994,878,971,683,703,869,1100,738
"KIAA1217",215,232,192,210,195,191,257,128,146,160,158,131
"LYZL1",0,0,0,0,0,0,0,0,0,0,0,0
"PLXDC2",1,1,0,1,2,6,2,3,0,2,1,0
"EPC1",778,755,675,849,779,655,716,519,551,649,685,601
"IQSEC3",0,0,0,0,0,0,1,0,1,1,1,2
"CCDC77",341,314,332,316,275,292,442,377,339,386,412,400
"TAF12",344,321,365,413,366,368,422,392,405,418,455,400
"ENOX1",13,9,13,11,11,11,17,23,16,13,29,21
"TNFSF11",9,10,8,22,16,36,9,18,11,8,14,10
"MTRF1",195,223,227,218,174,196,242,234,208,220,213,219
"SOHLH2",6,0,4,4,7,5,1,5,7,3,1,2
"DNAJC15",817,750,855,948,809,927,1083,1222,1045,1054,1213,1027
"PROSER1",1272,1273,1392,1323,1278,1477,1490,1058,933,1182,1162,1167
"UFM1",1601,1513,1572,2370,2372,2506,1705,1451,1391,1573,1685,1509
"WBP4",651,561,579,711,631,691,683,702,616,731,806,634
"ELF1",2823,2914,2672,3842,3823,4087,2905,1980,1915,2479,2524,2185
"SMAD9",168,155,164,168,115,130,230,174,133,160,166,169
"HSPH1",6180,5701,6273,6170,5743,6147,7361,6157,6057,6498,6261,6533
"KBTBD7",146,123,138,117,100,134,183,130,128,146,143,154
"ALG5",612,503,496,720,705,697,629,552,552,570,661,513
"EXOSC8",965,852,820,932,906,891,1220,1309,1169,1138,1223,1098
"ETF1",4593,4265,4435,5666,5371,5818,5772,5001,4832,5004,5274,5005
"TGFBI",648,612,822,684,740,732,871,841,827,793,748,717
"FAM53C",2450,2143,2080,2340,2043,1746,2205,1709,1780,2043,2069,1691
"SIL1",1731,1353,1522,1758,1665,1823,2030,1936,1876,1739,2243,1535
"PAIP2",1395,1150,1298,1396,1317,1510,1376,1488,1166,1349,1447,1388
"MYOT",0,0,0,0,0,0,0,0,0,0,0,0
"KDM3B",2001,1869,2183,1817,1747,1845,1988,1530,1434,1618,1381,1669
"EGR1",561,422,200,704,473,268,416,170,236,370,510,145
"SERP1",3794,3365,3369,6194,5988,6579,4160,3468,3545,3816,4255,3807
"PLS1",22,33,27,47,25,31,25,22,21,24,25,25
"ZFP30",140,139,125,123,121,135,176,133,109,127,125,139
"NR2C1",336,361,374,366,323,383,438,449,311,364,380,369
"UTP20",1347,1263,1272,1364,1231,1375,1782,1065,1153,1116,1124,1214
"TMPO",3060,2984,3106,2977,2744,3220,4711,3900,3865,4011,4011,4297
"ARL1",1155,1092,1195,1684,1592,1909,1865,1665,1544,1695,1796,1689
"GLT8D2",37,50,45,44,32,54,40,60,48,32,45,55
"MTERF2",166,154,191,171,147,161,172,148,146,174,153,151
"SOCS2",61,56,67,200,214,224,114,85,90,96,92,74
"NFYB",517,536,545,571,536,540,675,641,590,629,701,628
"WASHC3",419,321,391,502,382,449,469,506,397,425,553,474
"APAF1",840,817,760,814,830,847,1060,743,781,899,786,940
"DUSP4",1115,892,806,2135,1995,2302,1300,929,1033,1002,1064,1108
"CLU",21308,20291,24535,19846,19872,24887,28519,32236,24376,25870,27744,26180
"TNFRSF10B",9521,9252,8799,9613,8676,8802,10700,8539,8932,9100,9522,8721
"SORBS3",3197,2975,3139,3501,3452,3949,3926,3885,3520,3541,3519,3146
"PTK2B",91,68,58,75,80,46,83,62,58,71,55,51
"CHRNA2",0,0,0,0,0,0,0,0,0,0,0,1
"ADRA1A",0,0,0,0,0,0,0,0,0,0,0,0
"PPP3CC",611,532,522,753,708,649,758,593,538,605,700,549
"PDLIM2",463,367,474,404,374,457,508,650,571,451,547,432
"EPHX2",4,2,3,2,1,4,6,2,2,1,4,2
"RNF170",372,375,404,372,399,418,475,463,389,436,454,500
"NPPB",0,0,0,0,0,0,0,0,0,0,0,0
"UBIAD1",626,461,511,640,503,556,695,566,573,668,725,598
"TARDBP",3835,3529,3733,3767,3500,3641,5265,4889,4668,4620,4731,4475
"TNFRSF8",4,2,3,3,0,0,7,4,1,4,5,3
"PRAMEF2",0,0,0,0,0,0,0,0,0,0,0,0
"ZNF706",930,865,915,848,786,968,1272,1343,1127,1113,1301,1179
"LYPLA1",1674,1797,1857,1945,1868,2316,2027,2052,1703,1904,2059,2304
"CRISPLD1",89,94,84,92,89,104,118,82,78,83,72,74
"COPS5",1634,1477,1476,1768,1636,1720,2052,2326,1955,2066,2270,1904
"RDH10",447,422,446,555,444,446,706,556,565,623,661,533
"EPX",0,0,0,0,0,0,0,0,0,0,0,0
"AKAP1",1040,922,860,1017,928,841,1381,982,1082,1116,1074,1031
"COIL",523,552,593,578,534,597,800,651,655,710,726,763
"TRIM25",8073,8281,8149,9078,8577,8127,7243,5203,4818,6228,6527,5242
"SCPEP1",1188,1132,1153,1218,1094,1234,1358,1267,1161,1185,1320,1107
"SPOP",1518,1327,1500,1369,1412,1636,1891,1842,1548,1841,1904,1773
"TBX2",1,2,1,0,2,0,1,1,0,1,1,0
"SLC35B1",1409,1245,1312,2036,2060,2221,1821,1743,1631,1694,1814,1474
"TBX4",1,1,1,3,0,0,0,0,0,0,1,0
"TEX14",30,16,14,31,21,10,15,12,9,14,11,7
"FAM117A",245,250,276,258,234,257,237,252,183,221,235,208
"NCAPH",870,883,912,855,822,857,1355,1000,1010,1091,1127,1113
"LRAT",0,0,0,0,0,0,1,0,0,0,0,0
"TMEM131L",631,604,659,592,516,597,702,500,487,474,467,504
"MND1",9,9,12,15,14,11,8,20,9,12,16,7
"TRIM6",124,174,162,114,118,123,177,101,100,136,149,128
"ABCC11",2,1,3,4,1,3,7,3,1,2,0,2
"TENT4B",578,630,636,705,569,612,776,561,518,623,663,650
"ADCY7",378,383,373,355,317,314,392,235,236,250,248,256
"CEP89",824,761,876,838,767,896,1215,1078,966,1066,1005,978
"TSHZ3",96,69,80,80,90,108,66,70,59,56,53,68
"ECHDC2",263,247,263,203,210,223,274,397,224,281,239,251
"TAS2R8",0,0,0,0,0,0,0,0,0,0,0,0
"PLBD1",0,1,1,1,0,1,2,2,0,3,1,0
"TAS2R10",0,2,0,0,0,0,0,0,0,0,0,0
"PRB2",0,0,0,0,0,0,0,0,0,0,0,0
"PYROXD1",471,436,456,512,428,410,585,461,456,498,534,524
"IAPP",0,0,0,0,0,0,0,0,0,0,0,0
"KCNJ8",0,0,0,0,0,1,0,1,0,0,0,0
"TAS2R7",0,0,0,0,0,0,0,0,0,0,0,0
"BCL2L14",0,1,0,0,2,0,1,0,0,0,0,0
"TAS2R9",0,0,0,0,0,0,0,0,0,0,0,0
"PSPC1",1409,1251,1190,1426,1290,1239,1739,1603,1553,1639,1684,1491
"ZNF549",75,88,85,80,91,94,109,87,98,88,94,97
"A1BG",4,0,4,1,2,2,1,2,2,1,3,0
"ZSCAN18",200,204,226,188,201,228,247,232,207,196,196,152
"ZNF211",226,220,197,201,182,178,200,166,194,220,200,168
"PDZRN3",1,1,2,2,0,0,0,0,0,0,1,0
"RGSL1",0,0,1,1,0,0,0,0,0,0,0,0
"LHX4",1,0,1,0,0,2,5,2,0,2,0,2
"RNF2",283,291,299,392,339,402,398,366,326,398,357,430
"TRMT1L",571,559,529,558,454,479,673,520,493,548,582,558
"SEC22A",246,268,277,314,348,359,372,330,304,334,349,329
"CSTA",0,0,0,0,0,0,0,0,0,0,0,0
"DPPA4",1,0,0,0,0,0,0,0,0,0,0,0
"POPDC2",8,13,6,10,10,9,10,6,9,10,6,4
"B4GALT4",268,229,298,324,320,327,296,282,261,275,302,260
"NAA50",3337,3034,3335,3265,3017,3288,4528,3671,3633,3868,3952,4032
"CD80",0,0,0,0,0,0,0,0,0,0,0,0
"KIF18A",598,565,634,697,601,689,822,688,727,772,706,804
"GJA8",0,0,0,0,0,0,0,0,0,0,0,0
"DESI2",1483,1435,1693,1836,1735,2041,1287,1179,1114,1148,1194,1327
"MAPK8IP1",128,100,111,125,132,151,150,195,146,149,161,144
"CRY2",748,647,600,718,665,515,676,530,562,640,600,490
"PEX16",662,544,529,691,638,670,722,844,708,740,840,633
"DEPDC7",25,21,20,21,16,11,29,13,19,29,36,14
"CAT",795,704,902,828,853,1015,996,965,775,794,950,937
"PILRB",156,170,158,129,140,111,146,204,137,157,85,84
"ZMYM2",1110,970,1260,1022,987,1172,1340,1182,978,1115,986,1224
"GJB6",0,0,0,0,0,0,0,0,0,0,2,0
"GJA3",0,2,0,1,1,5,0,1,0,1,2,0
"TBC1D15",1102,1091,970,1093,1081,994,1248,1004,1019,1122,1180,1126
"ADGRB2",11,9,11,10,7,9,11,14,9,10,14,13
"HCRTR1",12,10,23,7,11,10,25,24,8,18,6,15
"ZCCHC17",880,872,912,998,1047,1099,1175,1196,1009,1117,1249,1013
"FABP3",7,9,18,6,5,14,4,9,10,12,6,6
"KHDRBS1",5049,4578,5098,5195,5049,5876,7004,7050,6499,6544,6721,6898
"TMEM39B",765,645,800,714,633,741,872,893,732,821,781,800
"CCRL2",564,421,316,745,565,505,401,217,298,370,415,252
"CCR2",0,0,0,0,0,0,0,0,0,0,0,0
"POLR3GL",450,364,447,377,451,446,542,637,517,511,620,418
"GHSR",0,0,0,1,0,0,0,0,0,0,0,0
"TNFSF10",1368,1435,1676,940,1126,1045,1685,1207,912,1229,1836,1117
"ZNF639",677,632,632,821,793,825,913,795,759,820,899,755
"SLITRK3",0,0,0,0,0,0,0,1,0,0,0,0
"PIK3CA",903,928,945,948,909,1105,1013,778,775,734,782,799
"PDS5A",3677,3598,4049,4273,3896,4660,4788,3633,3596,3785,3480,4242
"TMEM156",33,34,29,34,28,16,33,25,27,36,33,38
"LIAS",194,197,183,197,177,187,274,221,203,208,273,213
"CPXM2",105,111,129,218,292,351,142,90,103,113,125,125
"TMEM54",568,458,463,571,496,538,679,654,556,535,676,527
"ZSCAN20",270,231,279,267,262,221,321,234,250,259,219,227
"CSMD2",28,31,21,24,41,37,43,37,28,28,38,26
"HPCA",0,2,1,3,3,0,1,2,1,2,1,2
"LRIF1",664,673,703,778,704,698,803,608,565,695,792,648
"TMIGD3",4,5,7,4,3,7,3,1,3,3,5,6
"CLCC1",731,680,734,893,762,853,919,771,764,770,821,728
"GPSM2",461,418,524,366,400,531,514,486,453,473,420,517
"GTDC1",343,303,392,326,323,436,426,398,339,360,403,439
"CXCR4",808,606,662,522,512,691,1339,1047,1026,915,1146,977
"ZRANB3",81,108,95,100,85,75,102,113,92,97,113,126
"ACVR2A",196,169,184,194,200,186,230,212,187,219,231,202
"POLK",555,502,531,676,662,709,636,454,449,535,528,549
"SV2C",0,0,0,1,0,0,0,0,0,0,0,0
"FLT3",1,2,1,0,2,0,1,0,1,0,1,0
"RPL21",3172,2514,2721,2949,2848,3259,3378,5109,3814,3425,4314,3733
"MTIF3",299,262,298,283,301,311,368,413,314,361,385,357
"GTF3A",1713,1467,1540,1894,1576,1760,2171,2149,2064,2032,2274,2010
"RASL11A",75,67,39,62,53,54,69,49,51,50,65,42
"UBL3",472,509,524,595,567,666,588,506,551,551,560,562
"FYTTD1",2522,2603,2885,2779,2752,3046,3758,2882,2673,3140,3456,3183
"MTERF4",444,396,419,382,413,387,528,504,453,517,521,481
"XPNPEP2",0,0,0,0,0,0,2,0,1,0,0,0
"SASH3",0,0,0,0,0,0,0,0,0,2,0,0
"OCRL",1042,971,1099,1113,1059,1152,1166,911,861,928,859,1055
"PAEP",0,0,0,1,0,0,0,0,1,0,0,0
"OBP2A",0,0,0,0,0,0,0,0,0,0,0,0
"MRPS2",1512,1287,1361,1563,1449,1492,1802,1729,1749,1706,1925,1520
"TBX22",0,0,0,0,0,0,0,0,0,0,0,0
"FMOD",2,4,2,8,5,5,4,3,2,1,1,2
"MYOG",0,0,0,0,0,0,0,0,0,1,0,0
"LAX1",2,5,1,3,5,2,0,2,1,1,3,1
"PLG",0,0,0,1,0,0,0,0,1,1,0,0
"KIAA1191",2945,2805,2965,3440,3163,3541,3428,3064,2910,3297,3452,3409
"COPA",7550,6459,7126,8794,8844,9278,9037,6963,6534,7076,6776,6608
"CD244",0,0,0,0,0,0,0,0,0,0,0,0
"LY9",0,0,0,0,2,0,0,0,0,0,0,0
"HS3ST2",7,16,4,9,8,3,4,3,1,1,8,0
"RBBP6",2360,2334,2340,2347,2396,2335,2662,2164,1981,2208,2125,1955
"ZC3H7A",1904,1831,1998,2046,1939,2167,2222,2105,1814,1995,1819,1949
"PRM2",0,0,0,0,0,0,0,0,0,0,0,0
"SERAC1",246,244,266,246,202,243,267,264,245,260,248,270
"ANXA11",3496,3131,3589,3550,3488,4125,4047,3594,3323,3574,3760,3436
"LDB3",0,0,0,0,0,0,0,0,1,0,0,0
"OPN4",1,0,0,0,0,0,0,0,0,0,0,0
"SHLD2",602,582,644,711,669,668,782,665,634,696,737,742
"PRXL2A",7580,6796,8249,6586,6708,7880,10642,11269,9856,9369,9920,9817
"ZNF205",553,527,573,489,429,462,571,610,486,566,583,525
"NAA60",1747,1619,1913,1789,1719,1922,1988,1882,1652,1805,2035,1766
"RPL5",12750,11290,12655,14210,13325,16035,15683,20622,15864,15842,18179,17739
"ODF2L",954,897,1036,836,883,883,1069,863,713,855,845,889
"PTGFR",20,14,29,16,15,19,27,19,25,18,25,18
"SPATA1",15,16,14,14,15,21,17,24,16,22,13,21
"TRMT13",225,230,224,259,246,187,262,210,194,194,202,195
"LRRC39",12,13,11,5,4,2,5,6,8,13,8,10
"RWDD3",98,84,89,75,95,121,116,161,81,131,112,105
"ZNF644",1006,979,1157,1093,967,1067,1136,894,826,1023,883,1047
"CCDC18",395,362,422,496,408,504,539,488,420,412,454,493
"RPAP2",515,517,510,511,451,500,500,404,411,453,493,479
"SLC66A2",1018,866,940,1303,1140,1330,1333,1281,1205,1127,1251,1082
"BBS9",131,148,167,129,152,198,201,186,129,170,183,181
"PMS2",310,309,322,311,279,265,380,281,280,320,287,279
"ZMIZ2",2633,2496,2628,2258,2287,2307,2635,2354,2041,2357,1937,2057
"OCM",1,0,0,0,0,0,0,0,0,0,0,0
"SEPTIN7",3966,3871,4508,4461,4338,4619,5449,4721,4544,5058,5216,5350
"EEPD1",4,5,3,6,3,2,6,2,7,4,8,5
"KLHL7",511,471,523,540,497,627,728,768,687,677,650,727
"HERPUD2",789,740,871,715,675,845,967,832,778,861,875,928
"CBX3",4053,3763,4088,4138,3956,4515,4824,5157,4404,4557,4729,4842
"HNRNPA2B1",25175,22428,25364,24544,24676,28274,34836,36082,32238,32637,32945,32753
"WIPF3",0,0,1,1,1,0,1,0,0,1,0,0
"NXPH1",0,0,0,0,0,0,0,0,0,0,0,0
"NPY",0,0,0,0,0,0,0,0,0,0,0,0
"HYCC1",1098,1185,1330,1660,1548,1885,1625,1313,1299,1339,1310,1520
"HOXA7",473,423,559,412,380,506,433,437,372,387,376,442
"INHBA",2455,2239,1659,3313,2815,1921,2202,1099,1351,1719,1843,1147
"FKBP9",3280,3042,3665,3265,3315,3823,3931,3374,3321,3414,3354,3291
"NT5C3A",593,607,549,607,626,515,685,500,471,590,791,525
"ARL4A",679,711,800,450,488,602,932,1183,874,875,877,1005
"CCZ1",234,257,235,248,270,266,293,298,270,263,305,284
"POLM",423,392,358,455,399,424,408,386,351,387,361,292
"RAMP3",0,0,0,0,0,0,0,0,0,0,0,0
"MRM2",12,15,11,13,10,8,21,14,10,14,26,22
"TWIST1",0,2,0,0,3,2,1,1,0,0,0,0
"SMU1",1264,1215,1220,1422,1312,1506,1704,1512,1303,1450,1586,1340
"GLIPR2",445,435,426,373,387,441,504,595,518,486,560,523
"SLC25A51",310,308,304,309,282,366,359,297,273,324,330,335
"CLTA",7893,6608,6951,8040,7353,8009,8867,9262,8741,8285,9869,7880
"RECK",658,713,687,640,708,708,940,852,736,845,788,848
"SPINK4",0,0,0,0,0,0,0,0,0,0,0,0
"TAF1L",0,1,1,2,1,0,1,0,1,1,3,1
"ACO1",1572,1553,2043,1635,1529,2195,1993,2602,2106,1821,1494,2423
"PHF24",0,1,2,1,0,1,0,0,1,0,2,0
"DNAI1",5,4,5,8,6,2,2,4,4,8,4,1
"DCAF10",738,740,722,753,719,690,777,620,632,648,637,691
"CNTFR",0,0,0,1,2,0,1,0,0,0,0,0
"KIAA1549",317,301,355,320,328,383,397,292,281,291,250,304
"TRIM24",1595,1405,1742,1394,1417,1783,2069,1804,1552,1663,1659,1926
"CYREN",355,333,337,389,359,486,513,507,500,413,461,448
"CALD1",7646,7611,8366,8255,8566,10526,11121,9984,8676,9195,9186,10703
"AKR1D1",1,1,0,0,1,0,0,0,0,1,0,0
"NUDT10",3,4,4,5,0,4,6,10,3,11,4,4
"SFTPA1",0,0,0,0,0,0,0,0,0,0,0,0
"NEUROG3",0,0,0,0,0,0,0,0,0,0,0,0
"PLAU",733,650,635,1386,1333,1521,1346,1105,1105,987,1097,1144
"SRGN",24078,19648,18762,25239,22628,21171,30014,24180,24996,27391,32676,22598
"CHST3",380,371,414,580,531,579,428,312,337,352,352,315
"BICC1",9,5,5,3,3,6,7,4,2,9,9,2
"CISD1",920,759,695,991,916,984,1047,1010,1046,1008,1187,945
"EGR2",9,5,3,17,5,9,9,3,8,11,5,4
"ECD",1434,1440,1400,1779,1620,1608,1528,1221,1170,1383,1356,1225
"P4HA1",1269,1218,1280,1539,1520,1553,1699,1309,1440,1469,1605,1331
"SLC25A16",215,188,227,250,251,302,331,296,264,275,285,300
"ZWINT",1769,1483,1602,1869,1609,1795,2413,2325,2264,2303,2412,2233
"VPS26A",2293,2100,2035,2154,2048,2007,2436,2083,2022,2296,2377,2319
"RBM19",1426,1386,1374,1500,1251,1250,1519,1229,1146,1382,1325,1173
"CIT",991,1060,1322,872,879,1117,1923,1518,1487,1534,1329,1638
"IFT81",224,212,216,237,254,305,275,275,256,246,262,294
"ACADS",181,157,193,160,168,193,188,211,183,178,175,149
"HVCN1",24,28,21,19,15,24,40,37,18,30,25,27
"DDX54",3254,2906,3102,3458,3324,3489,4054,3803,3814,3682,4076,3391
"MED13L",1936,1890,2141,2652,2436,2835,2431,1386,1515,1608,1489,1782
"CDKN2C",421,394,507,437,475,655,628,630,620,577,633,634
"RNF11",2981,2849,3145,3479,3399,3809,3309,2806,2824,3092,3168,3264
"RASSF8",1580,1636,1723,4220,4358,5484,2715,1971,2037,2238,2137,2600
"BHLHE41",84,89,47,84,69,21,29,19,37,42,62,18
"SSPN",11,13,3,4,6,13,9,7,3,11,11,5
"ITPR2",2127,2141,2953,2239,2286,3261,2930,2239,1939,1775,1712,2332
"CCDC91",245,251,227,233,252,243,244,244,191,264,270,228
"NECAB1",0,0,0,0,0,0,0,0,0,0,0,0
"WWP1",1162,965,1090,1012,1000,1165,1431,1105,1089,1190,1099,1184
"ACOT9",1826,1735,1819,1806,1875,1974,2285,2237,1974,1971,2182,2060
"PRDX4",3568,2822,2883,3574,3343,3492,3835,4002,3825,3746,4425,3538
"DDX39A",5026,4230,4189,5216,4484,4690,6500,6508,6252,6287,6775,5383
"PKN1",9593,8638,9623,9165,8884,9544,11559,12031,10845,10562,11519,9532
"TRIR",3629,3173,3370,3789,3763,4175,4630,5700,4669,4659,5162,4560
"ADGRE5",89,79,144,83,80,83,95,92,82,95,88,101
"WDR83",277,266,240,293,265,255,397,431,414,389,356,299
"GIPC1",3198,2692,3023,3141,2927,3370,4072,4434,3880,3834,4253,3453
"ACTRT1",0,0,0,0,0,0,0,0,0,0,0,0
"CCDC70",0,0,0,1,0,0,0,0,0,1,1,1
"SPRYD7",392,319,372,451,410,481,480,488,452,476,465,414
"EBPL",965,764,842,839,938,953,1076,1460,1277,1098,1275,1128
"ATP7B",103,118,145,123,140,151,162,129,110,124,96,146
"ZC3H13",1477,1259,1412,1343,1263,1354,1677,1493,1245,1179,1211,1262
"NLN",1540,1429,1626,1719,1597,1907,1857,1351,1388,1505,1517,1574
"CENPK",424,387,365,517,417,466,566,528,483,563,584,644
"OPTN",5735,5121,5385,5586,5416,5561,5749,4625,4162,4902,5641,4369
"ITIH5",0,0,0,1,0,0,0,1,1,0,0,1
"ATF1",386,322,344,390,395,415,506,399,397,452,461,475
"TSFM",132,106,111,113,106,129,132,136,149,146,152,127
"NEUROD4",1,0,0,0,0,0,0,0,0,0,0,0
"ARHGAP9",9,6,2,15,21,19,5,8,7,9,7,5
"NCKAP1L",1,4,2,2,4,2,5,3,6,6,2,0
"MMP19",16,21,20,26,24,23,19,14,21,22,14,22
"PFDN5",252,227,205,211,216,182,265,333,226,245,227,187
"SPATS2",2197,2028,2204,2284,2089,2258,2709,2285,2284,2367,2656,2425
"ORMDL2",598,461,531,593,544,676,704,739,650,698,732,681
"NR4A1",100,88,69,751,737,1012,200,96,99,118,173,92
"PDE1B",1,2,0,0,0,0,0,2,0,0,0,0
"HOXC13",0,0,0,1,0,0,0,0,0,0,0,0
"CDK2",917,850,898,981,951,898,1164,950,1049,1035,1088,1012
"LRP1",74,78,79,68,68,85,88,91,54,53,46,81
"HOXC11",0,0,0,0,0,0,0,0,0,0,0,0
"ATG101",1633,1222,1226,1882,1813,1820,2051,1987,1929,1769,2088,1647
"NFE2",2,0,0,0,0,0,0,0,0,0,0,0
"HOXC12",0,0,0,0,0,0,0,0,0,0,0,0
"IKZF4",75,64,78,75,62,97,111,88,64,77,75,77
"SMUG1",282,238,289,263,245,269,439,445,390,403,442,355
"TUBA1B",37501,30985,34365,37859,34677,38408,51079,48736,46665,47132,50778,45152
"EEF1AKMT3",123,74,110,100,90,114,150,114,124,120,128,129
"KBTBD4",697,538,650,760,682,796,922,892,841,836,882,814
"SARDH",2,6,8,6,3,2,7,9,7,4,9,11
"DBH",0,0,0,0,0,0,0,0,0,0,0,0
"ATPAF1",663,623,708,742,642,695,792,804,786,774,760,816
"STIL",819,839,859,892,803,833,1181,688,728,887,876,938
"HJURP",979,893,1106,970,986,1097,1454,1269,1261,1248,1381,1277
"IL13RA2",8,4,1,9,3,5,1,2,0,2,2,1
"COL10A1",0,0,0,0,0,1,0,0,0,1,0,0
"AMD1",1226,1256,1240,1570,1512,1690,1679,1345,1457,1501,1478,1510
"NDUFAF4",413,313,314,521,466,476,500,540,465,489,593,469
"USP45",337,366,405,364,299,365,441,377,327,442,335,369
"PLP1",0,0,0,0,0,0,0,0,0,1,0,0
"SERPINA7",0,0,0,0,0,0,0,0,0,0,0,0
"MORF4L2",8099,7124,7835,10000,9639,10462,9971,8786,8583,9161,9845,8646
"H2BW1",0,0,0,0,0,0,0,0,0,0,0,0
"RAB9B",4,6,4,8,11,8,6,6,6,5,7,6
"NRK",35,15,21,30,15,41,17,18,9,21,15,17
"FAM199X",872,873,946,903,890,1098,1156,891,872,952,869,1034
"ESX1",3,0,0,1,0,0,1,2,1,0,1,0
"MAGEA9",0,0,0,0,0,0,0,0,0,0,0,0
"ATXN3L",0,0,0,0,0,0,0,0,0,0,0,0
"RAB9A",619,540,486,596,537,503,648,684,595,621,751,607
"METTL8",467,416,415,392,384,437,534,418,431,460,430,470
"TTC21B",412,409,472,498,485,609,490,403,386,416,385,437
"NMI",2092,1710,1707,1743,1796,1578,2230,1548,1457,1912,2425,1497
"TNFAIP6",0,0,0,1,0,1,0,1,1,0,0,1
"ACVR1C",1,1,0,1,2,1,3,0,2,3,1,0
"BAZ2B",775,726,974,744,673,888,999,776,636,742,654,864
"SLC36A1",363,282,332,364,325,377,563,380,409,395,421,394
"LPGAT1",526,539,613,559,528,694,754,475,539,624,619,671
"BATF3",14,12,9,19,16,7,18,17,6,12,18,14
"G0S2",715,537,251,859,587,221,446,177,403,488,652,200
"KCNJ2",346,351,347,599,648,832,369,259,227,320,300,298
"RAP2C",1282,1195,1228,1450,1337,1400,1570,1189,1224,1384,1379,1386
"EXOSC9",903,773,774,960,843,734,1141,1060,955,1067,1148,942
"PLA2G12A",145,145,161,184,147,231,242,239,215,191,214,250
"B9D2",134,125,123,148,152,196,200,276,188,185,195,193
"COQ8B",415,375,432,400,362,386,497,421,399,435,387,370
"PFKFB2",47,51,61,47,47,59,58,56,43,56,44,53
"C4BPA",0,0,0,0,0,0,0,0,0,0,0,0
"C4BPB",1,0,2,0,0,0,0,1,0,2,0,0
"RAB38",96,65,67,159,127,127,127,102,101,111,131,95
"GPR83",2,5,2,4,5,6,6,8,3,5,9,4
"AGO2",1837,1582,1636,2107,1688,2024,2535,1772,1890,1750,1807,2047
"MXD4",2863,2828,3452,2537,2624,3485,3420,4017,3226,3280,3098,3393
"CKS2",1371,1324,1306,1486,1387,1637,1818,1745,1595,1686,2071,1869
"DAW1",44,40,39,75,53,45,58,45,53,59,43,53
"ACSL3",3422,3293,3800,3325,3395,3728,4618,3808,3554,3750,3954,3784
"CHPF",13,16,8,22,16,21,9,14,9,6,13,6
"DNPEP",1588,1471,1534,1550,1492,1486,1702,1469,1347,1493,1735,1325
"INHA",0,0,1,0,1,0,0,0,1,0,0,0
"MOGAT1",2,1,0,2,0,0,1,0,0,0,2,0
"OBSL1",149,143,176,132,106,164,229,261,202,184,160,214
"FAM124B",2402,2464,3289,1093,1040,1359,2537,2713,2120,2228,2368,2507
"SLC12A4",2666,2669,2607,2380,2174,2179,2722,2699,2436,2572,2309,2020
"ENKD1",263,230,236,231,244,264,298,365,296,271,271,259
"MC3R",0,0,0,0,0,0,0,0,0,0,0,0
"GCNT7",0,0,0,0,0,0,0,0,0,0,0,0
"CTCFL",0,0,0,0,0,0,0,0,0,0,0,0
"FAM210B",662,595,782,562,607,846,855,940,759,822,789,897
"PI3",0,0,0,0,0,0,0,0,0,0,0,0
"FAM209A",4,3,8,3,5,1,6,1,6,6,8,1
"SNX21",327,250,279,332,371,393,436,440,385,388,379,339
"SLPI",0,0,0,0,0,0,0,0,0,0,0,0
"WFDC3",5,1,0,3,1,1,1,3,2,4,4,2
"TTPAL",400,351,383,448,409,402,470,362,416,378,359,414
"PREX1",4002,3971,4105,3744,3568,4074,4131,3294,3247,3530,3394,3395
"KCNS1",3,3,4,3,5,4,9,9,5,11,6,7
"SLC12A5",7,5,4,8,8,9,5,13,10,9,4,3
"ARHGAP40",2,0,0,2,2,1,1,1,1,2,3,0
"SDC4",1442,1191,885,1685,1439,1127,1240,959,1134,1209,1407,880
"NCOA3",1214,1189,1408,1448,1240,1473,1415,947,896,1073,937,1129
"PIGT",2756,2509,2723,2974,2789,3152,3213,3031,2542,2930,3062,2602
"SEMG2",0,0,0,0,0,0,0,0,0,0,0,0
"MATN4",3,3,1,5,7,2,1,5,5,3,6,1
"NCOA5",992,889,1005,973,958,1076,1297,1061,1003,1070,1153,1115
"VAPB",1635,1618,1699,1838,1741,1865,2157,1983,1875,2010,1940,2090
"PARD6B",4,0,0,0,3,1,1,0,3,0,2,0
"ATP5F1E",2801,2369,2385,2596,2602,2929,3112,4579,3113,2967,3759,3024
"CHD6",965,897,1073,962,848,980,1169,766,733,816,764,921
"PLCG1",5364,5018,5886,4738,4724,5266,4786,4709,3786,4143,3368,3968
"TOX2",513,549,700,451,439,526,402,469,376,379,364,432
"SRSF6",3428,3198,3202,3321,3195,3102,3897,4117,3318,3781,3489,3392
"GDAP1L1",0,0,0,0,0,0,0,0,0,0,0,0
"GTSF1L",0,0,0,0,0,0,0,0,0,0,0,0
"ARFGEF2",3363,3207,3508,4425,4066,4634,3528,2130,2434,2498,2326,2690
"ZNFX1",7071,6433,5477,7029,6152,4781,5421,2758,2954,4107,4338,2852
"ZNF831",0,0,0,0,0,0,0,0,0,0,0,0
"EDN3",0,0,0,0,0,0,0,0,0,0,0,0
"CSE1L",5079,4711,4877,5127,4499,4696,6212,4923,5116,5539,5473,5611
"RAB22A",1292,1195,1277,1393,1316,1478,1494,1127,1229,1261,1337,1293
"PTGIS",66,74,108,205,227,270,66,85,55,72,53,85
"STAU1",3589,3301,3529,3548,3461,3975,2780,2471,2246,2345,2293,2534
"CDH26",5,5,6,4,2,0,6,9,6,6,3,0
"SNAI1",275,193,156,201,198,159,252,240,242,236,266,216
"MOCS3",270,235,260,282,238,247,320,256,283,300,337,269
"STX16",1988,2084,1975,1850,1912,1943,2170,2327,1786,1964,1751,1667
"PMEPA1",906,742,812,639,636,716,1197,1104,1082,926,1040,988
"RNF114",2229,1959,1734,2351,2073,1852,1540,1078,1167,1489,1706,1064
"ANKRD60",0,0,0,0,0,0,0,0,0,0,0,0
"DDX27",1449,1298,1211,1518,1412,1295,1746,1655,1589,1595,1649,1418
"RBPJL",0,0,0,0,0,0,0,0,0,0,0,0
"SEMG1",0,0,0,0,0,0,0,0,0,0,0,0
"CIMIP1",0,0,0,0,0,0,0,0,0,0,0,0
"BCAS4",37,18,27,27,31,24,33,40,30,36,24,31
"KCNK15",1,0,0,0,0,0,2,1,0,0,1,0
"TP53TG5",0,0,0,0,0,0,1,1,0,0,0,0
"PCK1",0,0,0,1,0,0,0,0,0,0,0,0
"ZBP1",0,1,0,2,1,0,0,1,0,1,1,0
"NEURL2",118,113,104,99,84,85,70,104,75,76,79,50
"MAGEA10",0,0,0,0,0,0,0,0,0,0,0,0
"MTRR",804,785,725,1009,895,873,990,663,745,886,846,782
"FASTKD3",193,193,168,253,271,235,257,197,184,234,221,220
"PEPD",2601,2326,2519,2674,2619,2857,3137,3052,2873,2756,2905,2625
"CHST8",5,3,3,3,5,2,3,2,1,1,2,1
"IQSEC2",203,233,288,183,205,219,255,245,209,204,196,187
"VAMP7",1173,1054,1200,1390,1361,1611,1239,1096,990,1121,1237,1157
"IL9R",1,2,0,2,2,0,3,0,1,1,0,2
"XG",3,2,1,2,1,0,2,0,0,0,0,0
"STAMBP",637,530,530,637,567,524,662,485,546,613,627,523
"NAGK",2225,1921,2101,2225,2080,2176,2696,2745,2197,2374,2598,2079
"MCEE",90,86,98,111,96,134,110,109,89,91,104,93
"PAIP2B",12,20,14,9,9,14,15,20,20,19,16,27
"SNRNP27",525,459,491,577,546,598,700,674,637,685,775,731
"MPHOSPH10",1199,1032,1137,1335,1206,1275,1549,1248,1283,1464,1444,1222
"IL17C",3,4,2,5,3,1,1,4,1,2,1,1
"ATP8A1",149,185,195,151,170,213,174,135,134,121,122,153
"USP22",7107,6766,8253,7431,7023,8742,8993,8420,7897,7863,7695,8801
"POF1B",2,2,3,2,2,0,2,0,0,3,0,1
"HIF3A",40,31,29,26,24,16,34,42,24,31,33,23
"ZNF576",283,230,249,309,279,304,365,328,302,300,375,287
"IRGC",0,1,0,0,0,0,0,0,0,0,0,1
"ZNF45",375,294,329,369,337,350,424,279,321,328,300,340
"LYPD3",4,2,2,0,2,1,1,2,3,2,0,2
"PSG8",0,0,0,0,0,0,0,0,1,0,0,0
"CEACAM8",0,0,0,0,0,0,0,0,0,0,0,0
"NDP",12,13,9,28,21,26,21,16,9,10,11,18
"USP9X",2785,2680,3246,2886,2749,3360,3496,2501,2316,2260,2257,2803
"CRISP2",0,0,0,0,0,0,0,0,0,0,0,0
"F13A1",0,0,0,0,0,0,0,0,0,0,0,0
"GRM4",2,0,0,1,0,1,0,0,0,0,1,1
"TRERF1",48,48,56,32,39,33,57,34,26,29,27,42
"PACSIN1",4,0,2,1,3,1,0,3,3,0,0,0
"BTN2A2",359,354,349,494,405,414,402,326,287,381,394,292
"SIRT5",246,240,289,207,218,241,301,301,249,220,259,252
"MRS2",599,536,543,625,576,600,700,582,607,621,608,613
"WRNIP1",1294,1159,1230,1395,1378,1494,1763,1596,1582,1517,1716,1578
"RRP36",1531,1383,1523,1716,1597,1780,2119,2008,1946,2000,2170,1786
"BTN1A1",0,0,0,0,0,2,0,0,0,0,0,0
"SNRPC",1933,1555,1739,1905,1863,2137,2366,2582,2136,2332,2727,2179
"SLC17A3",0,0,0,0,0,0,0,0,0,0,0,0
"SLC17A1",0,0,0,0,0,0,0,0,0,0,0,0
"SERPINB6",2746,2451,2839,2502,2568,2903,3271,3664,3102,2932,3115,2864
"XPO5",1777,1595,1665,1805,1641,1709,2188,1526,1649,1651,1641,1601
"ABCC10",772,676,724,678,702,704,916,769,634,678,588,533
"H1-3",1,3,1,1,0,0,5,3,0,1,0,2
"PEX6",471,425,437,399,397,390,561,497,478,486,467,394
"NQO2",360,353,375,431,385,403,398,413,323,371,444,330
"OARD1",312,266,337,319,295,315,359,445,388,372,426,432
"UNC5CL",9,12,7,6,10,5,14,8,5,8,7,3
"AARS2",1057,964,1056,1029,1018,1112,1240,1154,1094,1130,1116,998
"H1-1",0,0,0,0,0,0,0,0,0,0,0,0
"ZNF391",10,7,3,5,7,17,15,10,8,10,10,11
"RPS10",787,631,666,803,731,869,837,1444,975,901,1166,916
"MOCS1",299,282,267,290,261,320,321,312,273,310,333,323
"H2BC11",48,49,33,69,40,42,49,30,32,55,47,22
"MED20",520,475,525,493,449,456,567,604,552,591,587,519
"OR2B6",1,2,1,4,0,0,3,0,0,0,0,0
"TBCC",925,774,731,965,798,764,949,875,908,965,1068,734
"SPDEF",0,2,0,0,0,0,1,0,1,1,0,0
"TCP11",0,0,1,0,0,1,0,1,0,0,1,1
"MAD2L1BP",953,823,749,970,843,798,984,916,932,974,1126,737
"APOBEC2",0,0,0,0,0,0,0,0,0,0,0,0
"KLHDC3",2135,1822,2264,2078,2045,2312,2918,3372,2771,2780,2878,2725
"GNMT",2,3,3,2,2,1,1,1,0,3,0,0
"DNAH8",302,350,431,203,249,313,411,419,365,323,330,477
"TREM1",0,0,0,0,0,0,0,0,0,0,0,0
"MEA1",980,863,934,1047,975,1079,1252,1324,1194,1142,1372,1173
"KLHL31",2,0,0,0,0,1,1,0,0,0,0,0
"COL21A1",11,9,13,28,27,23,18,10,10,22,15,15
"CDKN1A",14506,14106,15291,14963,14297,15784,15508,14797,14092,14705,16039,13200
"SOX4",3031,2643,3163,3258,3380,4139,3777,4141,3346,3516,3362,3625
"GLO1",3956,3861,4358,3905,3811,4428,5004,4892,4392,4499,4976,5400
"CPNE5",292,230,334,218,258,298,376,416,313,315,240,288
"KCNK17",0,0,0,0,0,0,0,0,0,0,0,0
"RREB1",892,875,984,863,802,930,1044,727,699,686,610,726
"SSR1",5026,4626,5177,6991,6735,7244,6096,4949,4836,5339,5457,4986
"RIOK1",660,550,546,805,777,733,777,620,681,723,809,664
"NRN1",834,712,814,843,764,939,953,949,928,849,1008,852
"SLC35B3",491,472,546,473,495,553,696,620,527,611,617,615
"RPP40",323,271,290,298,288,285,442,394,351,422,405,416
"ATXN1",532,577,619,569,550,588,597,460,434,486,466,495
"NUP153",1799,1591,1644,1832,1680,1817,2235,1505,1488,1764,1681,1786
"DEK",4426,4097,4168,4859,4491,4616,6393,5124,5350,5827,5856,5686
"EEF1E1",452,389,420,543,555,596,546,555,509,534,633,576
"CRISP1",0,0,0,0,0,0,0,0,0,0,0,0
"RUNX2",0,0,0,0,0,2,0,1,0,2,1,0
"OPN5",0,1,2,1,0,0,1,0,0,0,0,0
"GCM2",0,0,0,0,0,0,0,0,0,0,0,0
"LRRFIP1",5040,5052,5439,5516,5326,6035,5973,5123,4820,5286,5335,5233
"RAB17",0,0,2,1,0,1,3,1,1,0,2,0
"CXCL6",11,12,11,40,41,39,46,38,36,37,36,32
"EREG",1,0,1,1,1,0,1,0,0,0,0,0
"TRIM51",0,0,0,0,0,0,0,0,0,0,0,0
"MYRF",19,13,16,17,13,14,27,8,15,25,16,14
"SCGB1D2",0,0,0,0,0,0,0,0,0,0,0,0
"SCGB2A1",0,0,0,0,0,0,0,0,0,0,0,0
"AHNAK",37466,27908,30658,32960,28352,34322,41403,20955,22584,20629,19852,24700
"EMC3",1515,1369,1382,1791,1612,1635,1825,1627,1512,1648,1899,1552
"SSUH2",5,1,0,1,4,0,1,3,1,0,0,0
"WNT1",0,0,0,1,0,0,0,1,1,0,0,0
"SH3TC1",4156,4019,4730,3700,3822,4092,5104,5241,4547,4408,4397,4138
"CNOT1",5957,5396,6336,6796,6275,7279,6731,4550,4334,4901,4768,5259
"BBS2",313,277,314,278,259,278,441,422,363,416,357,354
"MT1G",5,0,1,4,3,3,8,14,11,14,2,14
"MT2A",12402,8496,7107,11550,9884,9611,20088,20624,20800,17858,21413,16910
"PHAF1",476,504,485,451,443,421,490,461,404,451,442,381
"GOT2",4678,4146,4596,4856,4461,4739,5467,4466,4520,4853,4971,4732
"DOK4",425,432,424,430,370,420,561,594,448,433,507,471
"PIWIL1",0,0,0,0,0,0,0,0,0,0,0,0
"GPR18",0,0,0,0,0,0,1,0,0,0,0,1
"CLYBL",26,23,19,29,24,28,32,38,23,21,21,24
"TMTC4",455,506,585,420,446,502,616,599,561,532,523,563
"RAP2A",1247,1284,1465,1633,1698,2016,1758,1442,1337,1446,1494,1544
"SLC10A2",1,0,0,0,0,0,0,0,0,0,0,0
"ABCC4",1209,1168,1308,1358,1211,1332,1549,1198,1150,1192,1166,1285
"EFNB2",1210,1328,1671,1618,1612,2178,1075,1098,830,1078,1027,1137
"SOX21",1,0,0,0,0,0,1,0,0,2,0,0
"TM9SF2",3952,3902,4444,4884,5001,5479,5480,4462,4154,4706,4797,4482
"HROB",318,269,192,378,285,216,275,205,238,242,269,174
"KIF25",0,1,0,1,0,1,1,0,0,1,0,1
"IRF1",1764,1588,1225,1727,1602,1228,1292,1009,913,1270,1410,875
"UPF3B",542,475,489,518,524,541,563,619,500,514,570,515
"RNF113A",430,309,349,534,500,479,484,462,404,427,566,391
"SEPTIN6",998,888,1032,1232,1196,1258,1218,908,813,908,954,861
"TMEM255A",0,0,0,0,0,0,0,0,0,0,0,0
"NDUFA1",913,745,770,901,841,905,1051,1451,1089,999,1199,983
"AMELX",0,0,0,0,0,0,0,0,0,0,0,0
"DMAC2L",160,160,221,157,175,216,214,295,190,181,204,228
"BMP4",2879,2959,3864,2266,2298,3180,4235,5428,4136,4627,4441,4858
"PTGER2",0,0,0,0,1,0,0,0,0,0,0,0
"FAM193A",1314,1248,1252,1226,1171,1125,1418,1046,973,1129,1059,1068
"GRK4",161,159,145,174,179,189,186,202,188,167,194,178
"SOX9",0,1,0,0,0,0,0,0,0,0,0,0
"TEKT3",0,1,0,1,1,0,0,0,5,1,1,1
"MYH2",0,0,0,0,0,0,0,0,0,0,0,0
"HS3ST3B1",0,1,1,0,4,3,5,0,2,3,0,2
"SLC25A35",126,115,126,72,82,92,132,127,90,109,86,96
"MRPS7",2018,1722,1779,2305,2062,2167,2386,2334,2220,2181,2530,2042
"GGA3",1580,1460,1518,1521,1517,1587,1651,1463,1230,1484,1260,1246
"ARMC7",294,304,331,307,292,307,400,471,413,455,457,397
"NUP85",1404,1187,1203,1304,1244,1230,1744,1578,1512,1546,1543,1328
"SLC25A19",462,433,401,504,467,450,619,531,527,522,621,417
"MIF4GD",275,241,305,332,353,324,304,315,267,300,298,285
"NT5C",242,206,196,219,201,208,302,410,349,303,334,280
"MSTO1",333,288,325,526,586,669,394,412,336,386,363,298
"TTF1",566,491,500,620,590,579,644,615,528,625,662,563
"GTF3C4",1369,1256,1418,1539,1313,1468,1855,1298,1383,1356,1429,1472
"DDX31",780,657,601,758,682,599,878,732,680,797,753,641
"BARHL1",0,0,0,0,0,0,0,0,0,0,0,0
"KIR2DL1",0,0,0,0,0,0,0,0,0,0,0,0
"PPP1R12C",4031,3692,3826,3976,3680,3646,4458,4742,4108,4104,4121,3519
"MBOAT7",6216,5692,6451,5978,5960,7160,7134,6391,6084,6216,6125,5840
"SRMS",31,21,12,17,20,9,7,3,2,17,12,7
"OPRL1",31,19,33,12,22,21,55,59,53,39,50,50
"SLC2A4RG",1901,1721,1915,1663,1748,2046,2275,2545,2277,2196,2308,2133
"NPBWR2",0,0,0,0,0,0,0,0,0,0,0,0
"FNDC11",4,4,5,2,5,11,5,14,4,4,6,14
"BHLHE23",0,0,0,0,0,0,0,0,0,0,0,0
"PPDPF",1849,1638,1831,1851,1730,2071,2047,2235,1874,1866,2275,2016
"IL1B",2,1,0,0,0,0,0,0,1,0,0,2
"PLGLB2",4,6,0,0,1,0,3,5,1,6,5,1
"IL37",1,0,1,0,0,0,1,1,0,1,0,0
"CHCHD5",164,143,159,163,167,190,237,372,260,202,238,258
"PAX8",11,13,15,19,19,23,24,28,17,12,24,18
"INSIG2",401,340,409,452,443,506,795,630,617,556,656,633
"POLR1B",1048,1057,1008,1213,1097,978,1390,861,917,1044,1078,973
"CCDC93",1445,1478,1579,1498,1326,1418,1800,1336,1346,1537,1271,1337
"PSD4",4,3,2,1,3,1,5,5,3,3,3,0
"SLC25A23",536,546,678,503,512,629,655,573,494,569,544,549
"PSPN",77,82,54,63,57,55,66,57,51,51,51,45
"GTF2F1",3415,2961,3127,3638,3349,3498,4062,3394,3214,3663,4077,3296
"ALKBH7",541,420,541,492,532,693,645,982,694,629,722,667
"CLPP",1454,1314,1353,1522,1395,1542,1825,1933,1708,1616,2019,1676
"TNFSF9",203,170,110,235,180,105,156,117,148,194,208,113
"GRIA3",0,0,0,0,0,0,0,0,0,0,0,0
"THOC2",1348,1302,1443,1277,1193,1271,1649,1414,1140,1265,1225,1271
"MED1",2209,2254,2502,2662,2390,2632,2503,1444,1472,1845,1743,1900
"RPL23",8953,7986,8763,9838,9532,11500,10712,15291,10112,10290,13301,12764
"ATG4C",159,192,169,183,191,156,241,249,217,229,258,245
"CD70",8,7,4,16,4,3,1,1,4,4,3,1
"C3",23,18,23,16,16,9,20,15,14,13,7,7
"SH2D3A",7,0,6,3,3,2,4,6,2,3,5,6
"TRIP10",2418,1990,2056,1732,1558,1571,2462,2320,2255,2344,2329,1938
"GPR108",913,819,943,963,877,1043,1156,1108,940,1081,1107,1003
"TNFSF14",3,1,0,4,1,2,2,0,1,3,7,1
"FOSB",195,129,79,166,181,100,303,106,98,120,187,54
"OPA3",969,944,1131,1018,971,1189,1196,1088,1047,1107,1176,1097
"SNRPD2",3232,2599,2731,3302,3210,3505,3809,5361,3763,3708,4648,3997
"RTN2",153,142,167,134,139,141,190,223,155,159,167,174
"EML2",605,486,495,654,659,603,607,522,519,564,565,415
"VASP",4396,3678,3770,4562,4263,4690,4771,4138,4349,4024,4591,4009
"SYMPK",3317,2899,3178,3264,2957,3276,4034,3786,3353,3603,3604,3146
"GPCPD1",517,499,502,557,526,469,693,628,583,573,588,598
"SDCBP2",59,41,52,72,47,57,69,68,64,72,83,74
"PANK2",1550,1321,1266,1488,1308,1251,1545,1380,1455,1495,1539,1212
"TGM3",0,0,0,0,0,0,0,0,0,0,0,0
"GNRH2",9,8,3,4,6,2,2,4,0,2,1,1
"DEFB126",0,0,0,0,0,0,0,0,0,0,0,0
"FOXA2",0,0,0,0,0,0,0,0,0,0,0,0
"CD93",14391,14507,17043,18811,19323,24328,17911,14142,13392,14100,13869,16297
"GZF1",872,827,603,1119,811,693,824,455,545,713,743,530
"PAX1",0,0,0,0,2,0,0,0,0,0,0,0
"NAPB",272,254,222,240,234,219,331,262,275,309,257,260
"CST8",0,0,0,0,0,0,0,0,0,0,0,0
"NKX2-4",0,0,0,0,0,0,1,0,0,0,0,0
"CENPB",4506,3701,3999,4405,3783,4221,5876,5432,5338,5258,5910,4619
"PSMF1",2830,2729,2628,3076,2760,2960,3138,2724,2674,2821,2964,2619
"NKX2-2",0,0,0,0,0,0,0,0,0,0,0,0
"DTD1",640,562,606,678,690,736,907,986,884,826,957,820
"CSTL1",0,0,0,0,0,0,0,0,0,0,0,0
"RBCK1",5934,6048,5103,4099,4597,3249,4737,4512,3124,4429,3162,2438
"TMX4",1047,1056,1088,1380,1309,1585,1613,1308,1440,1239,1419,1518
"CST11",0,0,0,0,0,0,0,0,0,0,0,0
"STK35",700,652,661,695,618,641,1001,724,792,791,823,738
"SNRPB",5528,4452,4668,5716,5273,5586,6929,7830,7169,6904,7939,6216
"NRSN2",781,690,782,795,781,923,1011,874,794,874,950,793
"AP5S1",455,381,444,414,425,500,560,596,513,516,521,553
"RRBP1",9846,9667,10603,11015,11171,12891,12887,11490,9050,9586,8841,9930
"BMP2",1552,1403,1490,3331,3172,4021,2641,2128,2322,2200,2377,2390
"ZNF133",337,293,256,260,267,252,368,326,247,307,347,234
"FLRT3",42,53,47,62,62,69,53,32,26,54,53,48
"OVOL2",0,0,0,0,0,0,0,0,0,0,0,0
"PCSK2",0,0,0,0,0,0,0,0,0,0,0,0
"GFRA4",0,0,0,0,0,0,0,0,0,0,0,0
"MKKS",552,525,637,542,526,657,637,729,582,670,710,709
"BFSP1",112,110,138,98,101,120,135,181,146,138,134,130
"DSTN",6688,6355,6705,8771,8305,9413,8204,8549,7693,7769,8043,7839
"LAMP5",1,0,0,0,2,0,0,1,0,2,2,0
"SNRPB2",1339,1185,1224,1492,1472,1517,1709,1918,1661,1694,1887,1725
"MGME1",730,641,723,615,572,618,935,878,857,896,965,912
"LRRN4",0,3,0,5,2,4,3,2,2,0,0,1
"TBC1D20",1411,1237,1409,1639,1609,1732,1621,1392,1303,1450,1455,1401
"ITPA",697,580,611,726,645,674,803,863,761,748,912,652
"TCF15",181,139,176,198,176,237,251,294,214,173,225,217
"OTOR",0,1,0,0,1,0,2,1,0,0,0,0
"MCM8",178,154,137,146,149,138,195,203,181,175,172,158
"BANF2",0,0,0,0,0,0,0,0,0,0,0,0
"TMEM74B",6,3,5,4,3,2,4,8,1,3,4,2
"FAM110A",400,315,231,363,265,194,299,197,297,315,345,211
"SIRPD",0,0,0,0,0,0,0,0,0,0,0,0
"MRPS26",730,601,631,759,704,756,950,946,992,824,1034,852
"DEFB129",0,0,0,0,0,0,0,0,0,0,0,0
"S1PR4",20,17,14,2,8,3,15,16,17,18,21,15
"NCLN",5258,4461,4543,5389,4756,4827,5490,4574,4797,4812,5367,4079
"CITED1",0,1,2,0,1,2,0,0,0,0,0,0
"HNRNPR",4757,4435,5127,5172,5061,6068,7123,6133,5877,6397,6571,6497
"ZNF436",694,705,786,688,730,836,631,570,540,618,523,639
"MAX",1843,1549,1731,1860,1813,2012,2068,1717,1544,1682,2007,1556
"ARMCX5",342,245,286,419,333,413,356,305,255,324,322,272
"GDF5",9,18,9,9,6,6,14,9,18,10,13,10
"MMP24",41,24,41,40,38,40,43,40,31,35,52,39
"NECAB3",173,181,168,135,149,164,163,227,184,177,176,169
"ID1",566,475,449,607,487,463,719,850,773,706,852,727
"RALY",4782,4349,4590,4867,4678,5125,5758,6151,5328,5352,6157,5309
"DYNLRB1",1086,910,1054,1167,1034,1254,1169,1296,1002,1123,1395,1211
"C20orf173",0,0,0,0,0,0,0,0,0,1,0,0
"EIF2S2",3557,3125,3302,3931,3772,3848,4890,5138,4272,4369,5232,4415
"ERGIC3",3472,2949,3204,3435,3286,3676,4352,4283,4017,3954,4410,3684
"ROMO1",1087,760,834,956,890,1036,1005,1875,1340,1003,1363,1048
"FAM83C",4,3,0,4,1,4,0,0,0,0,2,2
"BPIFB1",0,0,0,1,0,0,0,1,0,0,0,0
"CEP250",2190,2009,2002,1935,1599,1614,2194,1847,1798,1781,1626,1595
"PLAGL2",699,667,716,648,617,661,704,519,536,574,527,578
"MMP24OS",739,728,904,821,825,1060,983,1322,892,989,971,985
"GRPR",2,3,0,1,3,1,2,0,0,2,0,1
"KDM5C",3264,3009,3094,3416,3171,3406,3673,2947,2961,3168,2958,2771
"AMOT",58,53,61,29,34,37,93,77,43,53,52,94
"TMEM115",1906,1608,1753,2021,1802,1923,2273,1998,2102,2127,2180,1785
"PSMB2",4762,4221,4325,4925,4469,4825,5595,5032,4533,5082,5650,4752
"AGO3",399,389,370,442,427,443,402,314,285,329,380,352
"UROD",2543,2241,2718,2671,2615,3105,3069,3734,3109,2902,3135,2870
"ST3GAL3",144,144,113,132,119,124,135,121,103,111,127,107
"TMEM53",48,49,66,52,64,65,55,76,35,51,76,58
"HECTD3",2196,2152,2567,2070,2222,2442,2506,2452,2083,2245,2039,2114
"KLC1",1616,1548,1585,1485,1469,1570,2067,2101,1879,1853,1949,1742
"XRCC3",665,577,584,540,536,564,659,639,640,635,605,521
"TUBGCP3",893,865,946,929,866,1022,1108,946,989,982,945,1077
"MCF2L",0,1,0,1,0,1,0,0,1,0,2,0
"F10",0,0,0,0,0,0,0,0,0,0,0,0
"PCID2",1208,1110,1024,1316,1107,975,1297,1134,1260,1258,1359,1108
"PROZ",0,0,0,0,0,0,0,0,0,1,1,0
"SLURP1",0,0,0,0,0,0,0,0,0,0,0,0
"LRFN3",304,269,315,319,317,410,404,413,361,376,349,338
"IGFLR1",6,3,4,10,12,9,7,8,12,8,7,10
"CAPNS1",7524,6427,7608,7535,7121,8391,8765,8834,7459,8036,8759,7847
"PDCD2L",212,158,195,211,213,213,286,285,303,316,293,225
"GPR42",0,0,0,0,0,0,0,0,0,0,0,0
"RBM42",3224,2714,2756,3329,3231,3256,3865,3855,3625,3728,4107,3153
"KIRREL2",0,0,0,1,1,1,0,0,0,0,0,2
"UBA2",2755,2497,2596,2988,2804,3001,3579,3008,3119,3481,3612,3390
"FFAR2",1,0,0,1,0,0,0,0,0,0,0,0
"HCST",0,2,1,0,2,4,1,1,3,1,4,0
"FFAR1",1,0,1,1,0,0,0,1,0,0,0,0
"COX6B1",2057,1618,1875,1932,1869,2006,2414,3040,2326,2171,2691,2108
"KRT36",1,0,3,2,1,1,1,0,0,0,1,0
"THRA",687,650,809,457,463,470,930,741,689,782,798,752
"CCR7",0,0,1,1,0,1,2,1,0,0,0,0
"NR1D1",3541,3335,1651,3729,2725,1049,1744,708,1228,2036,2350,756
"FRMD8",2430,2207,2304,2337,2201,2326,3157,2725,2785,2748,2825,2464
"PRDX5",4522,3776,4074,4469,4389,5022,5316,7073,5600,5344,6266,5201
"BCL2L12",774,664,722,711,699,745,954,934,930,841,939,833
"IRF3",1332,1277,1303,1050,1031,1025,1520,1794,1379,1382,1376,1120
"PRMT1",4601,3640,4153,4691,4593,5142,5729,6103,5263,5433,6440,5632
"RRAS",1827,1524,1595,1806,1612,1839,1922,1951,1774,1764,2008,1707
"PRRG2",32,25,21,24,20,35,32,32,31,30,19,36
"SCAF1",3941,3391,3578,3668,3556,3699,5103,4318,4180,4388,4420,4105
"PRR12",1546,1547,1471,1428,1348,1347,1675,1278,1141,1274,1020,1170
"TSKS",0,0,0,1,1,0,0,1,0,1,4,0
"FLRT1",0,0,0,0,1,0,0,1,0,0,0,0
"ASL",665,579,657,791,666,742,840,900,708,786,804,716
"SBDS",3467,2930,2847,4226,3693,3710,4217,3429,3660,3851,4453,3480
"CSN1S1",1,1,0,1,0,0,0,1,0,1,0,0
"STATH",0,0,2,0,2,1,0,0,0,0,0,0
"HTN1",0,0,0,0,0,0,0,0,0,0,0,0
"STAT5A",614,540,534,620,651,662,656,544,530,566,502,484
"WNK4",169,136,95,108,68,64,159,137,113,158,137,90
"BECN1",1877,1663,1695,1869,1835,1896,2058,2044,1740,1891,1972,1855
"PRKCG",5,5,1,1,6,5,6,8,6,3,3,1
"TRAP1",3610,3110,3349,3720,3459,3614,4348,3817,3799,3807,4097,3561
"GLIS2",575,567,631,618,588,584,616,642,500,598,535,500
"NSRP1",1069,991,962,1099,1032,982,1254,1128,986,1097,1228,967
"DNAJC8",3900,3289,3500,4030,3668,3820,4230,4068,3837,4029,4706,3967
"AHDC1",671,661,772,597,673,857,975,937,731,781,656,848
"IFI6",41322,30878,32023,36523,34950,28119,50920,37651,40785,44440,57177,25497
"DACH2",0,0,0,0,0,0,0,0,0,0,0,0
"ZNF384",1389,1279,1377,1348,1225,1268,1569,1320,1112,1442,1436,1350
"EMG1",1177,980,1003,1434,1208,1258,1496,1445,1333,1414,1549,1280
"SSX1",0,0,0,0,0,0,0,0,0,0,0,0
"UXT",768,675,660,725,707,839,883,1117,990,891,995,825
"CFP",11,12,25,7,12,10,15,13,5,19,9,7
"ELK1",890,779,924,1041,1083,1164,1066,883,893,951,967,900
"TIMM17B",573,456,517,559,545,727,777,937,912,778,885,749
"PCNX4",1121,1097,1233,1243,1206,1423,1550,1326,1182,1302,1204,1409
"ATG14",634,592,619,610,571,539,661,465,496,557,514,549
"KTN1",7141,6909,8091,7899,7525,8594,7760,6662,6063,6260,6260,6911
"SIX1",10,17,10,20,28,20,16,9,11,9,6,11
"RHOJ",4823,4759,5855,5821,6377,7209,6517,6058,4982,5459,5378,5512
"DLGAP5",2024,2001,2558,2000,1876,2353,3228,3064,2754,2901,2834,3213
"L3HYPDH",550,453,474,536,479,482,664,544,544,537,635,510
"HSPA2",143,130,100,178,161,195,114,130,104,118,146,111
"ZBTB1",643,597,656,608,629,694,767,700,584,653,654,691
"TRMT5",504,456,424,548,488,435,600,448,446,477,572,432
"SGPP1",298,329,361,388,320,393,482,397,409,364,436,388
"PLEKHG3",116,127,133,117,93,119,192,181,148,149,168,149
"PZP",5,7,18,6,4,6,6,6,9,8,8,4
"PRDM7",0,0,0,0,0,0,0,0,0,1,0,0
"RHOT1",730,711,791,882,770,902,912,726,694,803,795,862
"EVI2A",1,7,6,9,9,15,4,6,3,1,2,5
"OMG",1,0,1,1,0,1,0,0,0,0,0,2
"DYNC2I1",300,279,328,299,263,320,395,345,307,283,258,314
"AIF1L",81,114,152,72,78,126,107,135,78,110,89,142
"FAM78A",914,885,1280,595,623,786,1219,1270,940,978,973,1126
"NUP214",1613,1485,1630,1643,1578,1514,1450,1117,860,1022,937,1013
"CTAG2",0,0,0,0,0,0,0,0,0,0,0,0
"AVPR2",0,1,0,0,0,0,0,0,0,1,0,1
"SLC10A3",745,605,669,850,781,821,897,688,725,729,822,723
"MAP2K2",4623,4060,4638,4774,4575,5402,5476,6364,5660,5259,5788,4971
"HNRNPH2",2689,2526,2740,2732,2821,3185,3506,3288,3125,3075,3101,3123
"ARMCX1",1090,977,1042,1277,1307,1377,1593,1430,1320,1495,1530,1315
"TMEM35A",119,115,168,120,120,149,97,161,114,115,116,151
"TIMM8A",252,215,208,273,240,239,273,274,259,275,320,261
"ZC4H2",242,203,261,192,206,193,274,266,212,238,201,210
"CANX",29982,28434,29254,34658,33528,36767,35768,26788,28581,30885,28879,27801
"INTS11",1977,1827,1890,1824,1665,1891,2287,2363,1900,2051,2022,1960
"RGS13",0,0,0,0,0,0,0,0,0,0,0,0
"IPPK",753,622,441,845,635,492,654,492,543,641,667,483
"ZNF484",127,129,114,136,122,126,151,113,116,122,157,125
"OMD",0,0,0,0,0,0,0,0,0,0,0,0
"FGD3",0,0,0,0,1,0,0,0,0,0,0,0
"HIVEP3",136,128,132,151,148,143,158,94,127,123,136,105
"PPCS",500,410,530,461,418,504,629,640,553,587,611,524
"EDN2",1,1,0,0,0,1,0,0,2,0,0,0
"BCL11B",0,0,3,2,1,1,2,0,1,0,0,1
"COX7C",2004,1788,1828,2005,1979,2192,2379,3319,2382,2366,2792,2440
"TRAF2",630,513,452,527,539,509,669,613,655,594,657,543
"ABHD8",132,101,144,127,125,151,161,147,129,131,151,113
"MASP1",12,10,10,13,19,22,13,8,4,8,5,8
"ATP13A4",10,7,9,9,9,3,4,5,3,6,8,11
"PLAAT1",100,72,100,134,103,87,78,96,78,70,86,79
"HELB",48,33,44,38,38,28,34,24,35,28,40,33
"RAP1B",2181,1943,1834,2688,2429,2594,2412,1972,2068,2248,2388,2233
"IL22",0,0,0,0,0,0,0,0,0,0,0,0
"TSPAN8",45,50,70,66,59,44,70,75,82,67,80,65
"BEST3",25,21,27,24,18,20,22,18,13,16,20,11
"RAB3IP",489,423,447,440,447,547,877,800,748,733,797,774
"PTPRB",5518,5368,6406,6358,6811,7786,7193,4381,4240,4588,4340,4925
"DYRK2",265,262,305,291,270,311,321,252,300,271,295,269
"YEATS4",439,416,403,478,423,506,541,533,471,512,587,511
"TAS2R3",0,0,0,0,0,0,0,0,0,0,0,0
"TAS2R4",8,3,2,5,4,0,6,3,1,5,1,2
"TAS2R5",6,11,8,11,5,8,6,3,6,5,4,4
"CRYGN",0,0,0,0,0,0,0,0,0,0,0,0
"LRRC61",0,2,3,2,0,0,2,4,4,6,1,0
"TRPV5",0,0,0,0,0,0,0,0,0,0,0,0
"IDUA",349,349,366,296,316,335,410,501,343,409,327,308
"FGFRL1",918,849,998,1054,1007,1330,1287,1183,1140,1126,1209,1350
"TMEM175",249,221,207,228,233,257,284,306,289,253,236,220
"AUNIP",78,74,57,83,77,72,100,94,108,97,129,77
"PIN1",1588,1421,1593,1703,1632,1928,1881,2090,1679,1747,2315,1833
"FBXL12",631,531,523,526,503,496,755,672,659,649,688,592
"EMC1",3412,3145,3174,3458,3184,3507,3969,3247,3053,3186,3026,2868
"PLA2G5",1,0,1,0,0,1,1,0,0,0,0,0
"UBR4",8299,7099,7700,8198,7440,7392,9175,5092,5178,5390,4889,5474
"HP1BP3",3603,3834,3734,3222,3187,3373,4124,3622,3095,3451,3150,3321
"ADGRE2",0,0,0,2,1,0,0,0,2,0,0,0
"SIN3B",2610,2411,2517,2631,2580,2535,2964,2328,2118,2452,2287,2266
"OR7A10",0,0,0,0,0,0,0,0,0,0,0,0
"SLC35E1",1475,1308,1354,1876,1728,1931,1858,1577,1486,1588,1506,1523
"EPS15L1",999,933,990,951,909,885,1111,905,801,1025,950,870
"KLF2",1112,1005,1122,1529,1438,1558,1946,1782,1815,1713,1938,1674
"OR7C2",0,0,0,0,0,0,0,0,0,0,0,0
"OR7C1",0,0,0,0,0,0,0,0,0,0,0,0
"F2RL3",94,75,120,139,151,203,123,138,106,85,69,108
"UQCR11",1684,1399,1501,1711,1692,1951,2065,2830,2222,1906,2322,1867
"GFER",804,699,757,832,788,893,919,1006,937,918,1031,873
"SYNGR3",11,18,13,19,33,29,21,21,13,17,14,27
"PKMYT1",423,392,332,300,310,330,563,515,496,524,550,499
"WFIKKN1",21,17,10,12,12,4,8,10,9,10,14,12
"WDR24",330,329,313,354,336,291,374,374,296,373,378,279
"FBXL16",6,7,6,6,6,4,7,4,1,4,4,4
"CHTF18",2037,1956,1671,1613,1612,1342,2156,2471,1990,2190,1508,1504
"GNG13",0,0,0,0,0,0,2,0,0,0,0,0
"MACF1",12605,10102,12205,13234,12453,15911,15674,9016,9533,8864,8950,11382
"SMARCA4",5900,5483,5811,5609,5115,5866,7895,7076,5952,6125,5985,6273
"KDM4B",1664,1560,1632,1731,1710,1862,1865,1713,1692,1626,1643,1630
"TICAM1",920,851,742,1100,964,848,830,659,700,822,856,599
"METTL25",108,103,125,106,103,134,152,213,152,140,135,143
"IL17B",1,0,0,2,0,0,1,0,0,1,0,1
"EMC6",953,803,813,1039,904,991,1130,1093,1009,997,1322,1107
"OR1E2",0,0,0,0,0,0,0,0,0,0,0,0
"METTL16",987,886,836,987,860,808,1044,717,849,889,858,877
"TUBA4A",353,275,262,358,308,258,329,257,294,300,348,253
"VIL1",0,0,0,0,0,0,1,0,0,0,0,0
"AAMP",2439,2131,2407,2537,2476,2718,3353,3509,3304,3143,3288,2729
"PNKD",833,730,932,875,893,1072,1194,1265,1032,990,1047,975
"TNFRSF19",61,82,60,87,55,63,90,50,57,64,63,54
"RNF6",1861,1789,1811,2212,1917,1937,2109,1538,1470,1778,1823,1710
"ECHS1",3108,2806,3007,3053,2977,3182,3547,3990,3383,3343,3810,3007
"ZNF835",0,0,0,0,0,0,0,0,0,0,0,0
"AKAP9",1041,988,1253,1199,1125,1367,1311,935,777,756,785,1030
"GNG11",10966,9756,11277,12662,13647,17434,15602,21066,16649,14964,17670,16628
"SEM1",1636,1226,1457,1522,1565,1627,1949,2732,1973,1899,2376,1893
"GNGT1",0,0,0,1,1,1,1,0,1,1,1,1
"HIP1",1105,1043,1382,1036,1132,1475,1450,1187,1061,1055,911,1187
"PTPN12",3367,3377,3470,3668,3554,3969,4277,3363,3234,3667,3649,3691
"POR",1646,1391,1491,1808,1777,1945,1711,1545,1426,1545,1785,1391
"FGL2",0,2,2,2,2,0,1,0,1,2,0,0
"STYXL1",632,418,495,636,543,541,578,665,574,587,650,522
"STEAP4",0,0,0,0,0,0,0,0,0,0,0,0
"GNAI1",196,191,212,230,210,256,227,282,225,219,198,228
"PEX1",283,297,306,280,264,306,405,353,284,315,310,340
"MTERF1",220,211,218,222,212,215,280,237,235,226,255,253
"SGCE",531,485,618,536,496,679,603,545,466,575,605,613
"RBM48",270,299,269,315,248,255,323,259,199,277,338,251
"CASD1",253,252,323,279,284,349,361,363,307,306,284,363
"ZNF780B",99,97,69,67,85,87,141,90,84,116,90,81
"LRFN1",3,10,5,5,1,9,9,13,14,4,4,6
"ZFP36",779,624,373,840,640,441,441,239,274,484,499,256
"SRD5A3",119,108,130,140,139,164,141,143,117,163,144,162
"SPINK2",0,0,0,0,0,0,0,0,0,0,0,0
"RASL11B",1,1,0,0,0,0,0,0,0,0,2,1
"PAICS",3871,3566,3874,4325,4151,4254,5200,4370,4164,4507,4825,4688
"KDR",16947,17973,21981,14200,15921,19272,4537,3979,3457,3621,3117,3580
"PPAT",676,594,591,809,799,826,1016,689,796,827,784,781
"TUBGCP6",952,849,1004,874,753,789,1161,1129,948,950,719,785
"ADM2",36,21,19,110,108,116,15,17,13,20,24,21
"DGCR6L",580,562,605,605,558,648,782,853,783,707,858,724
"DGCR8",2002,1789,1953,1903,1718,1709,2279,1896,1868,2037,1852,1729
"ASPHD2",95,104,111,77,67,76,165,169,137,120,168,133
"VPREB3",0,0,0,0,0,0,3,0,0,1,0,0
"SDF2L1",1102,858,870,2847,3125,4028,1387,1585,1325,1250,1540,1145
"GAL3ST1",11,8,5,7,4,1,6,6,4,10,5,4
"YWHAH",4014,3565,3681,4118,3577,3795,5435,4452,4736,4876,5491,4493
"RFPL1",0,0,0,0,1,0,0,0,0,0,0,0
"RFPL2",0,0,0,0,0,0,0,0,0,0,1,0
"GNAZ",7,5,3,5,2,4,5,13,8,8,10,10
"MGAT3",0,0,0,0,0,2,0,0,0,0,0,0
"ADORA2A",8,10,24,19,18,20,20,21,13,9,14,12
"ATF4",9689,8107,7898,11211,10003,10422,8802,8760,8303,8792,10227,7410
"A4GALT",285,252,279,211,178,249,303,402,319,267,327,320
"RFPL3",0,0,1,0,1,0,0,0,0,1,0,0
"CDC42EP1",3565,3357,3636,4362,4301,5017,4172,4177,3780,3893,4198,3695
"APOL3",2595,2274,2217,1939,2027,1774,2706,1903,1749,2120,2748,1609
"MCHR1",0,1,1,1,5,0,1,1,2,0,5,1
"TPST2",1354,1243,1607,1189,1207,1421,1768,1851,1635,1569,1564,1486
"BAIAP2L2",16,21,22,12,15,11,16,15,15,24,17,6
"MPST",1951,1746,1914,1679,1632,1936,2292,2809,2565,2176,2419,2253
"GALR3",1,1,1,1,2,1,2,0,2,2,2,1
"TST",828,738,750,756,760,861,1022,1324,1054,1042,1112,945
"APOL5",1,0,0,2,0,0,0,0,0,0,0,0
"IGLL1",0,0,4,1,0,1,1,0,0,0,0,0
"APOL2",3040,2715,2845,2624,2706,2442,3287,2554,2166,2590,3072,2026
"RAC2",2693,2298,2496,2539,2317,2242,2880,2402,2566,2416,2684,2195
"LIF",143,112,62,143,108,56,79,32,48,94,91,20
"C22orf23",7,7,5,2,10,4,3,15,6,5,8,9
"APOBEC3A",0,1,2,1,0,0,0,0,0,1,2,1
"APOBEC3F",136,149,168,110,93,88,133,126,82,138,140,99
"RIBC2",29,21,29,27,11,28,41,26,29,36,33,26
"KRT17",0,0,0,1,1,3,1,3,0,4,0,1
"EMC4",1523,1321,1416,1678,1521,1608,1845,1963,1745,1759,1945,1730
"RNF112",8,6,4,4,5,3,6,4,2,4,3,1
"SPECC1",274,257,280,240,223,272,262,263,255,259,300,288
"CPA4",9,14,5,22,9,9,22,20,27,21,20,24
"DOCK4",4675,4456,5246,5189,5215,6154,6310,4346,4357,4109,3896,4961
"POT1",409,371,383,472,454,440,567,424,432,475,502,466
"TAS2R16",0,0,0,0,0,0,0,0,0,0,0,0
"ATP6V1F",2244,1812,1947,2457,2198,2353,2526,2341,2235,2398,2852,2346
"LSM8",642,592,652,604,627,661,809,1063,749,771,757,680
"CDHR3",11,4,8,8,5,3,10,7,13,9,20,11
"PRKRIP1",998,808,923,871,940,795,944,1080,946,965,1034,806
"VGF",108,90,39,130,77,24,62,15,38,73,100,32
"PODXL",5048,5147,5219,9421,9922,10711,7567,4858,4999,5204,5221,4863
"FOXP2",24,22,32,12,13,18,22,32,16,19,19,21
"STRIP2",956,896,826,1113,1062,862,1084,669,737,894,766,655
"IFT22",275,222,285,306,269,296,329,414,324,327,394,398
"MKLN1",951,878,1011,922,882,898,1098,857,824,890,847,958
"DNAJB9",1246,1120,1066,3861,4173,5037,1461,1149,1188,1443,1614,1174
"FLNC",6841,6912,6759,7159,6555,7215,6336,4390,3886,4396,3926,4203
"LRRC4",68,64,93,43,60,96,98,91,77,84,78,102
"CALU",5085,4891,6171,7390,7360,9248,10714,9556,8894,9525,9427,10552
"CCDC136",11,15,13,12,9,7,13,6,9,8,6,11
"SMO",179,165,233,207,189,226,259,249,255,235,231,245
"IRF5",15,8,27,12,13,19,12,11,12,9,10,14
"LRRC17",62,65,113,92,107,137,81,151,88,88,99,91
"KLHDC10",842,807,889,971,915,1058,790,624,606,725,707,726
"NDUFA5",994,951,1038,1023,952,1214,951,1056,896,934,1002,979
"FEZF1",0,0,0,0,0,0,0,0,0,0,0,0
"OPN1SW",0,0,1,0,0,0,0,0,0,0,0,0
"MRPS12",1022,840,882,1104,1029,1072,1247,1383,1150,1117,1438,968
"MYO1B",1814,1842,2288,1996,2029,2652,2235,2237,1995,1940,1796,2401
"HOXD1",180,148,148,239,255,270,157,174,151,169,181,129
"HOXD3",89,120,125,84,101,115,134,115,88,108,101,67
"MTX2",621,501,567,663,577,663,776,779,707,726,825,695
"PDE11A",2,0,0,0,0,0,0,0,0,0,1,0
"CHN1",716,780,871,762,771,782,854,784,782,762,855,804
"GAD1",7,7,8,6,11,7,5,8,9,3,11,6
"OSGEPL1",97,93,110,81,84,85,136,90,98,111,116,107
"ORMDL1",845,860,905,1035,990,1002,1032,1126,905,1015,984,960
"HAT1",1256,1183,1307,1590,1485,1552,1794,1777,1571,1671,1868,1642
"HOXD9",37,24,39,38,41,42,44,54,60,42,58,41
"HOXD10",4,1,3,4,2,2,1,2,1,2,0,0
"HOXD11",0,0,0,0,0,0,0,0,0,0,0,0
"HOXD13",0,0,0,0,0,0,0,0,0,0,0,0
"HERC2",3493,3079,3612,3505,3302,3594,3993,2848,2983,2852,2598,2983
"SNRPN",1422,1395,1570,1624,1503,1888,1919,2391,1977,1878,2025,1852
"PSMG2",940,873,878,979,929,988,1151,1144,925,1061,1218,1085
"TWSG1",1667,1790,2038,1688,1670,2059,2486,2337,2162,2186,2309,2382
"ARHGAP22",1587,1357,1360,1288,1182,1081,1986,1774,1875,1649,1854,1576
"WDFY4",676,613,769,461,434,436,529,599,435,547,498,524
"EIF2AK4",2427,2235,2558,2559,2340,2671,2813,2183,2183,2231,2130,2337
"MYO5C",370,377,580,278,374,537,470,501,346,399,352,516
"CGNL1",846,973,1348,560,602,787,849,924,656,677,549,768
"TMOD2",21,22,23,19,23,31,35,22,10,21,23,18
"TTBK2",285,289,337,280,288,346,415,333,285,271,252,306
"ELL3",11,7,6,10,5,4,11,9,8,6,2,4
"CCDC32",447,369,417,541,509,562,553,530,483,549,597,512
"INO80",3308,2932,3062,3658,3324,3455,3684,2489,2721,2989,3217,2691
"ICE2",909,904,986,985,947,1123,1182,909,814,958,938,934
"DLL4",368,365,484,395,426,600,501,473,394,319,316,375
"ALDH1A2",1262,1373,1442,1757,1642,2045,1856,1561,1410,1646,1536,1682
"MINDY2",541,610,657,833,781,953,515,401,407,345,381,500
"IVD",1560,1639,1827,1576,1539,1736,1944,1850,1716,1713,1723,1733
"KNSTRN",954,811,960,943,864,1050,1366,1198,1140,1257,1378,1356
"DUT",1379,1262,1272,1388,1309,1552,2173,2479,2182,1985,2332,2117
"CHAC1",97,75,106,248,328,541,130,89,96,122,128,77
"CLN6",909,828,865,1054,848,925,1049,830,805,961,1015,909
"ARPP19",2341,2328,2500,2739,2551,3040,3138,2548,2428,2581,2773,2932
"VPS13C",1381,1313,1688,1359,1420,1741,1758,1085,1098,1051,1015,1271
"CALML4",24,20,30,22,15,13,31,19,10,18,9,14
"ISLR",0,0,0,0,0,0,0,0,0,0,0,0
"THAP10",64,84,67,73,91,88,85,65,75,77,99,70
"LOXL1",84,88,89,82,66,109,96,102,79,66,81,90
"ACKR4",176,158,238,328,349,461,233,223,173,240,249,232
"ANAPC13",1555,1480,1404,1613,1535,1530,1976,2049,1790,1809,2199,1814
"MBD4",656,671,703,764,783,906,927,851,808,885,858,845
"COPB1",7844,7690,8792,9717,9970,11583,10556,9514,8251,9169,9306,9402
"PSMA1",2623,2350,2496,2769,2632,2758,3150,3353,2651,3007,3575,3105
"SUMF2",3479,3123,3684,3590,3623,4124,4488,4602,4066,3928,4497,3978
"PALLD",725,754,818,905,852,970,837,717,724,729,722,751
"SPCS3",2917,2643,3057,4066,4085,4779,4296,3659,3537,3707,3985,3912
"BBOX1",0,0,0,0,0,0,0,0,0,0,0,0
"MYOD1",0,0,0,0,0,0,0,0,0,0,0,0
"SERGEF",66,62,71,56,50,58,77,119,89,86,104,97
"KCNC1",0,0,1,1,0,0,0,0,0,0,0,0
"TPH1",10,7,8,7,9,3,16,8,4,8,10,11
"CSRP3",0,0,0,0,0,0,0,0,0,0,0,0
"E2F8",348,314,315,364,315,322,483,311,296,367,372,428
"DCTD",1474,1361,1505,1445,1390,1640,1724,1684,1517,1524,1650,1632
"SOX15",7,5,8,6,11,8,8,9,6,10,7,4
"PIMREG",592,547,676,641,572,769,949,874,829,771,909,771
"RPAIN",659,621,649,686,732,796,780,945,722,721,810,617
"USP6",1,0,0,0,0,2,2,1,0,0,1,0
"SHBG",10,5,6,10,9,7,9,10,11,10,11,9
"PLD2",788,871,994,708,725,868,999,1177,861,941,864,908
"AIPL1",0,2,1,1,0,0,1,0,0,0,0,0
"CD68",73,57,69,55,63,56,86,63,49,75,79,45
"TXNDC17",1154,911,955,1113,1092,1162,1257,1813,1342,1280,1473,1209
"ATP1B2",1,3,2,1,4,2,4,0,0,0,1,0
"FXR2",1361,1216,1350,1550,1497,1703,1869,1783,1700,1710,1847,1622
"KIF1C",8314,7834,9479,8458,8226,9940,9269,8771,8448,8028,8182,8477
"MPDU1",1692,1457,1588,1805,1668,1790,2135,1952,1850,1924,2259,1885
"PHF20L1",1630,1633,1792,1935,1777,2142,2056,1686,1546,1688,1580,1801
"DNAAF11",33,32,38,28,37,45,37,40,38,40,42,42
"CCNT1",803,841,818,937,885,995,952,687,743,752,694,759
"PUS7L",301,266,260,324,354,339,339,255,238,278,279,300
"KRI1",1058,953,991,1049,1011,888,1291,1267,1159,1226,1127,956
"ILF3",9250,8674,9345,9090,8319,9268,11812,10485,9187,9986,9317,9655
"SLC44A2",2836,2617,2806,2562,2532,2797,3170,2667,2421,2530,2599,2451
"AP1M2",0,0,0,1,0,0,0,0,0,0,0,0
"CDKN2D",152,152,141,204,182,170,189,195,182,203,222,151
"MTUS1",6369,6306,7748,4468,4515,5605,10106,8357,7675,7702,7499,8487
"KLK14",4,6,6,5,1,2,8,1,5,4,5,3
"SIGLEC9",0,0,1,0,1,0,0,0,2,0,0,0
"KLK10",3,5,3,6,5,2,4,4,3,4,6,2
"KLK8",0,0,0,0,0,0,0,0,0,0,0,0
"NGDN",824,689,643,908,770,738,984,942,941,966,1114,781
"RIPK3",30,28,23,29,15,21,44,27,13,23,24,15
"ADCY4",1641,1590,1843,801,939,940,1650,2036,1214,1344,906,1090
"RAB2B",472,412,456,427,487,546,429,401,309,392,439,445
"BCL2L2",699,554,662,741,745,774,840,803,682,716,670,715
"AJUBA",2480,2470,2733,2399,2443,2796,3505,3682,3400,3369,3147,3416
"DTD2",139,140,147,185,179,153,202,169,173,188,208,187
"PARP2",789,716,709,874,867,733,932,747,777,784,894,737
"HEATR5A",427,450,496,576,604,732,491,424,415,373,408,445
"FOXA1",72,75,88,114,151,129,111,78,101,97,102,108
"SNX6",3514,3357,3368,3536,3355,3527,4035,3557,3408,3833,4025,3792
"EAPP",515,510,545,522,533,505,627,612,558,583,704,629
"EGLN3",6,20,18,40,22,26,15,11,13,14,16,13
"MIS18BP1",867,870,982,908,931,1000,1241,928,894,1079,1067,1244
"NRL",39,25,26,29,53,46,36,40,48,43,47,35
"RNASE1",3431,3073,3971,2822,3030,3778,4017,4374,3518,3513,3797,3376
"NEDD8",2022,1715,1857,1947,1864,1983,2203,2859,2243,2239,2602,2095
"DAD1",2541,2198,2316,3103,2746,3066,2797,2886,2569,2625,3119,2604
"TEP1",1666,1633,1538,1866,1625,1659,1684,1394,1348,1443,1241,1148
"EPB41L4A",477,492,601,375,338,497,548,415,360,373,377,454
"CDO1",12,12,13,24,9,17,17,22,13,8,18,12
"REEP5",3931,3439,3569,4073,3784,3967,4304,4123,3873,3922,4379,3666
"ITFG1",1016,1048,1190,1138,1120,1268,1328,1085,985,1172,1252,1213
"QRICH2",267,253,256,187,186,191,248,212,213,213,199,151
"FOXJ1",0,1,1,3,0,0,0,3,0,0,2,1
"SEC14L1",9204,8892,10092,11756,11684,13819,10897,8675,8876,9027,8266,8850
"RHBDF2",783,758,823,693,741,785,1032,811,805,793,820,731
"AANAT",0,0,0,0,0,0,0,0,1,1,0,0
"ARHGEF6",39,52,48,34,31,56,50,64,30,49,49,49
"MAP7D3",161,137,164,144,138,124,193,168,149,158,155,160
"FGF13",8,24,7,18,21,10,12,17,4,17,14,11
"ASH2L",1989,1898,2175,1793,1715,1896,2463,2440,2103,2263,2365,2263
"TTI2",364,335,286,435,350,352,449,380,328,390,466,385
"ART1",0,0,0,0,0,0,0,0,0,0,0,0
"CHRNA10",94,94,64,93,70,63,48,50,42,67,51,35
"CDKN1C",210,170,135,182,134,91,131,165,147,180,164,137
"SGO1",354,307,327,378,332,368,448,378,377,406,428,396
"RPS4Y1",2391,2230,2409,2462,2542,2806,2919,4008,3004,2797,3194,2923
"VCY1B",0,0,0,0,0,0,0,0,0,0,0,0
"VCY",0,0,0,0,0,0,0,0,0,0,0,0
"CDY2B",0,0,0,0,0,0,0,0,0,0,0,0
"CDH15",15,5,9,135,161,171,5,9,9,9,8,2
"KLF16",1512,1175,1202,1671,1570,1657,1902,1715,1800,1587,1724,1471
"PGAP6",2994,2620,3102,2739,2749,3165,3639,3457,3247,3104,3137,3084
"DOHH",990,750,706,1047,887,873,983,860,1029,948,1117,821
"MAU2",1980,1942,1943,2001,1864,1817,2024,1734,1766,1764,1754,1640
"SHC2",134,132,123,125,109,116,137,148,116,137,111,110
"PLPPR3",2,3,5,2,3,2,2,2,3,3,3,4
"ABHD17A",1657,1468,1679,1568,1492,1616,1837,1970,1693,1681,1556,1423
"LBP",0,0,1,1,0,1,0,0,1,1,0,0
"SYT5",5,0,6,4,2,0,4,3,2,5,9,3
"TNNI3",0,0,2,0,0,0,0,0,0,0,0,0
"CBFA2T3",1,1,1,2,0,2,1,1,1,0,0,0
"GAMT",205,188,231,226,177,240,278,367,283,265,279,313
"PUDP",674,641,684,621,590,642,780,657,642,721,763,638
"ERMARD",379,392,385,362,339,373,474,446,398,417,432,423
"PHF10",1566,1367,1586,1401,1370,1645,2649,2582,2363,2127,2132,2286
"PRRG3",0,0,0,0,0,0,0,0,0,1,0,0
"GALNT8",10,20,5,21,18,12,25,22,12,22,25,17
"KCNA5",0,0,0,0,2,0,0,0,0,0,0,0
"CRACR2A",236,218,264,261,247,231,299,202,215,231,249,202
"NXNL2",0,0,0,0,0,2,1,0,0,0,0,1
"STARD8",726,710,716,949,911,1077,801,531,519,606,599,570
"NALF2",0,0,0,0,0,0,2,2,1,0,0,1
"GDPD2",5,4,3,5,6,1,2,1,0,0,3,4
"SAT1",5739,4457,3451,6049,5058,3696,4581,3717,3405,4212,5421,2672
"GNL3L",851,745,905,861,736,865,1003,932,807,833,742,771
"SH3BP4",4027,3747,4321,4368,4113,4703,4649,3760,3723,3918,3658,3932
"MOSPD2",420,436,461,639,677,803,408,381,345,408,368,449
"DOCK6",6283,6188,6828,5883,6215,7059,7428,7117,6179,5839,5587,5805
"ECSIT",730,615,697,749,679,810,950,950,969,862,1032,836
"LDLR",5341,5258,5601,5061,4561,4582,6780,4743,4921,5266,4993,4596
"ELOF1",832,623,682,794,733,772,1118,1122,1117,1065,1187,960
"TSPAN16",0,0,0,0,0,0,0,0,0,0,0,0
"ANGPTL8",0,1,0,0,1,0,0,0,1,0,1,0
"PRKCSH",7968,6788,7898,7552,7745,8523,9711,9422,8081,8839,8707,8238
"CNN1",0,1,0,0,3,5,1,1,0,1,2,0
"CDC16",1542,1415,1588,1517,1450,1457,1709,1699,1362,1511,1587,1455
"ZSCAN10",2,0,0,1,0,0,0,0,0,0,0,0
"THEM6",361,266,362,239,276,283,403,442,424,391,372,326
"NECTIN2",9470,8224,8497,9889,9521,9936,12277,10045,10148,10294,11669,8845
"APOE",80,78,74,79,82,49,88,121,91,97,78,60
"TOMM40",2898,2315,2591,3195,2820,2928,3203,2975,2961,2933,3371,2750
"APOC1",7,2,12,2,8,6,4,11,9,9,3,4
"GADD45G",59,58,39,78,61,28,51,41,45,39,73,43
"LRCH2",190,205,216,218,192,208,238,150,153,188,200,180
"DPP6",0,0,0,0,0,0,0,0,0,0,0,0
"XPO7",2143,2032,2353,2212,2163,2442,3045,2146,2272,2309,2292,2555
"ACE2",0,1,2,0,1,1,1,1,1,3,0,0
"FAM98C",208,179,205,188,160,181,217,253,242,212,205,181
"SAFB2",2920,2671,2446,2712,2526,2497,2976,2916,2656,2700,2706,2320
"RPL36",5543,4421,4806,5651,5232,6231,6162,8387,6419,6165,7789,6595
"ATP8B3",42,56,51,30,41,51,56,71,49,63,37,61
"GDF1",0,0,0,0,0,0,0,0,0,0,0,0
"NCAN",0,0,0,0,0,0,0,0,0,0,0,0
"KIF1A",1,1,2,6,0,2,1,0,0,3,1,0
"GTPBP3",324,331,292,294,265,317,402,444,387,402,364,320
"PLVAP",73,69,43,132,100,88,70,28,37,49,59,40
"BST2",15064,11415,12507,12939,12741,10993,17770,12292,13301,14947,18380,8792
"SLC27A1",162,177,230,123,159,205,209,239,228,199,171,206
"NSUN5",162,109,105,150,112,99,156,115,120,125,142,90
"USHBP1",279,331,335,194,149,161,257,264,154,240,245,180
"COLGALT1",7885,7527,8801,7735,7993,9184,8364,7954,7290,7237,7255,7287
"DDA1",1441,1239,1311,1596,1524,1861,1781,1763,1552,1635,1883,1626
"MRPL34",600,494,522,703,578,632,690,714,693,748,828,664
"PGLS",1282,1071,1367,1195,1243,1439,1722,2222,1811,1563,1801,1617
"LSM7",1089,985,995,1032,1102,1084,1466,2032,1554,1392,1540,1298
"TULP4",387,357,437,368,348,433,490,327,305,304,297,335
"SNX9",2553,2470,2607,3924,3906,4596,3442,2685,2763,2940,2966,2963
"RTN4IP1",107,84,84,81,90,85,146,131,101,108,126,110
"QRSL1",412,349,431,437,408,413,571,436,423,504,529,478
"MTRES1",265,259,236,238,266,257,321,422,283,344,372,350
"RSPH3",115,98,101,99,87,74,130,130,103,137,118,109
"MAS1",0,0,0,0,0,0,0,1,0,0,0,0
"ACSBG2",0,0,0,0,1,0,0,0,1,0,0,0
"MLLT1",2836,2700,3034,2445,2450,2632,3520,3233,2805,3034,2904,2996
"FUT5",0,0,0,0,0,0,0,0,0,1,0,1
"BMP15",0,0,0,0,0,0,0,0,0,0,1,0
"AFDN",2298,2191,2702,2072,2131,2553,2919,2339,2235,2184,1988,2297
"ACTN4",16096,14935,16663,16929,16208,18755,18424,15257,13007,14774,15135,14546
"STK33",10,10,12,14,11,9,17,9,17,11,15,9
"NDUFA10",2148,1971,2041,2192,1970,2143,2511,2447,2158,2289,2306,2034
"EPO",1,1,0,0,1,0,0,1,0,0,0,0
"ARPC1B",1510,1456,1646,1642,1580,1997,1879,2215,1668,1810,2049,1841
"CACNG6",286,243,289,260,284,320,305,300,258,278,301,242
"ZSWIM6",1654,1574,1355,1549,1397,1222,1915,1207,1218,1405,1362,1315
"FCHO1",45,44,51,32,46,32,46,55,46,59,52,33
"UNC13A",2,2,3,6,7,10,1,1,2,2,4,2
"MAP1S",2023,1772,1700,2231,2147,2250,2089,1839,1736,1788,1933,1628
"KLHDC7B",0,0,0,0,0,0,0,0,0,0,0,0
"PXDN",17699,17261,21200,17883,18340,23513,21849,19516,16937,16462,15415,19846
"SSBP4",2026,1898,2286,1837,1889,2299,2744,2918,2565,2497,2529,2449
"GDF15",12262,10269,8580,11519,10309,8438,10045,7680,9601,10931,12509,7209
"PGPEP1",279,259,336,193,216,248,331,416,301,314,306,310
"IQCN",52,53,36,40,42,21,23,17,20,21,21,11
"LSM4",2056,1840,1909,2126,1876,2233,2550,3175,2943,2540,2870,2578
"JUND",3092,2808,2732,3189,2744,2991,3851,3925,3534,3567,4279,3279
"HRC",1,0,0,1,0,0,0,0,0,0,0,0
"TRPM4",657,650,687,541,553,557,617,639,545,621,501,502
"OR11H1",0,0,0,0,0,0,0,0,0,0,0,0
"SULT4A1",28,16,17,24,19,14,26,19,27,21,12,19
"ZNF557",180,170,123,151,163,151,193,160,136,183,157,152
"CRB3",0,0,0,0,0,0,0,0,0,0,0,0
"OLFM1",0,3,1,6,0,2,4,5,3,4,4,3
"CAMSAP1",1792,1617,1753,2082,1950,2214,1979,1446,1549,1498,1466,1692
"UBAC1",878,748,815,815,808,891,1123,1147,1080,1068,1123,1017
"SAG",0,0,1,0,0,0,0,2,0,0,0,0
"ZBTB46",79,54,86,83,92,125,64,79,83,67,78,102
"HELZ2",12305,11542,8791,12860,11603,7394,8845,3372,4441,7254,7949,3630
"SAMD10",117,107,161,101,119,103,147,152,120,121,114,125
"LSP1",0,0,0,0,0,0,0,0,0,0,0,1
"TNNT3",0,0,0,0,0,0,0,0,0,0,0,0
"TNNI2",0,0,0,0,0,0,0,0,2,0,0,0
"COL5A1",10225,10109,11357,9943,10006,11603,12384,10406,9610,9241,7795,9107
"ATXN10",1808,1597,1738,1897,1698,1804,2174,2162,2095,2120,2229,2023
"TUBGCP2",1642,1567,1721,1725,1680,1762,1829,1665,1457,1506,1549,1515
"CALY",0,0,0,0,0,0,0,0,0,1,0,0
"CYP2E1",1,2,1,2,3,0,5,8,4,4,4,3
"PNPLA7",77,68,64,47,51,40,72,95,50,71,53,43
"HBZ",1,0,0,0,0,0,0,0,0,0,0,0
"PAK4",1566,1405,1541,1386,1387,1580,1988,1899,1711,1850,1760,1723
"MNX1",0,0,0,0,0,0,0,0,0,0,0,0
"ZNF337",370,360,444,300,305,261,450,437,323,392,343,348
"CEP85",516,492,522,528,474,483,691,490,463,542,585,559
"TAF4",555,575,582,519,543,564,673,527,469,570,501,587
"GATA5",0,0,1,0,0,0,0,1,0,0,0,0
"RBBP8NL",0,0,0,0,0,0,0,0,0,0,0,0
"LAMA5",12130,11460,11179,11084,10238,9454,12634,9476,9681,9845,8299,8421
"OSBPL2",691,634,690,770,693,794,759,699,641,669,623,587
"ADRM1",5220,4442,4436,5600,4959,5011,6019,5680,5577,5697,6291,4980
"ASS1",43,21,30,23,26,42,40,56,39,23,30,35
"PRDM12",1,0,0,1,1,0,3,3,2,1,2,1
"EXOSC2",816,690,645,740,638,610,1024,813,852,847,882,713
"POMT1",1064,1031,1128,1039,961,1024,1241,1244,1053,1037,1089,964
"UCK1",666,613,627,698,607,626,741,815,766,749,823,680
"FIBCD1",2,4,2,4,1,1,2,2,0,3,0,1
"CHMP2A",1287,1089,1137,1171,1171,1329,1584,1970,1429,1441,1563,1297
"UBE2M",2190,1871,2083,2407,2272,2529,2875,2982,2679,2701,3051,2740
"TRIM28",9228,7756,8301,8824,8095,8878,12259,12111,11459,11141,10814,10395
"METTL26",968,870,941,1008,907,1069,1218,1526,1272,1218,1347,1106
"YIPF2",639,532,610,782,741,892,906,972,815,813,885,756
"ATG4D",446,386,367,501,414,436,446,449,465,433,525,374
"EIF2S3",2350,2161,2470,2317,2288,2487,2507,2451,2051,2286,2299,2339
"TMEM160",417,297,372,404,452,463,551,841,692,553,694,537
"ZC3H4",1550,1324,1316,1313,1102,1047,1558,1197,1202,1399,1256,1058
"NPAS1",7,8,11,11,14,8,4,18,9,10,11,12
"GMFG",90,94,95,101,102,111,149,182,135,148,153,123
"MAP3K10",378,327,362,425,358,398,402,367,378,391,355,334
"ARHGEF16",15,5,5,9,5,5,12,4,9,10,5,5
"LRRC47",1634,1353,1381,1475,1453,1429,1944,1663,1808,1752,1817,1537
"SESN2",1720,1623,1439,2082,1883,1843,1489,1070,1252,1446,1568,1132
"SMPDL3B",12,9,10,5,11,3,9,9,11,6,7,9
"ATP5IF1",1431,1239,1342,1432,1432,1583,1775,2291,1768,1674,1908,1667
"MED18",518,434,454,510,454,486,536,682,611,562,679,534
"THEMIS2",534,506,502,431,413,353,526,379,380,428,531,310
"CLIP1",2992,3047,3298,3062,2825,3254,4142,2650,2791,2980,2790,3180
"CCDC62",21,15,14,18,4,13,15,16,14,13,17,17
"HIP1R",3206,2922,3579,2169,2310,2728,3869,4430,3649,3544,3081,3521
"ZNF317",1314,1270,1069,1361,1162,1003,1273,839,959,1059,1103,864
"PPAN",327,277,276,325,311,293,409,395,322,347,405,314
"EIF3G",3828,3371,3640,4127,3707,3978,4747,5036,4271,4517,5138,4384
"ANGPTL6",8,5,2,1,4,1,4,6,1,5,5,2
"SHFL",2603,2528,2388,2440,2429,1868,2607,1630,1619,2233,2823,1377
"DNMT1",3609,3117,3084,3461,3000,2964,4667,3244,3428,3686,3671,3232
"ZNF426",392,383,341,409,385,314,396,311,291,364,322,345
"SLC6A8",1520,1344,1381,1510,1414,1446,1537,1368,1263,1277,1384,1242
"PNCK",0,1,3,1,2,0,1,0,0,0,0,0
"DKC1",2792,2490,2470,2711,2440,2417,3632,3184,3386,3374,3304,2817
"PLXNA3",1658,1686,1637,1590,1614,1555,1748,1700,1270,1274,1066,1252
"DUSP9",4,2,1,2,2,4,3,1,4,1,2,1
"MPP1",1183,1182,1455,1149,1100,1339,1314,1410,1125,1154,1170,1153
"ZNF331",231,234,280,234,224,239,358,291,247,287,229,214
"ZNF236",301,313,364,322,310,415,432,276,281,308,250,346
"SLC7A10",0,2,0,0,0,0,0,0,0,0,0,0
"LRP3",347,366,403,396,424,484,392,333,349,313,340,373
"MTRFR",310,295,350,355,389,487,390,414,361,367,463,377
"NOL11",1579,1377,1461,1712,1493,1449,1935,1465,1529,1701,1820,1637
"UBE4B",1305,1253,1521,1318,1342,1594,1559,1326,1197,1274,1045,1324
"CASZ1",282,267,263,280,246,193,237,143,142,163,179,116
"PKDREJ",0,0,0,0,0,0,0,1,0,0,0,2
"HSD17B3",1,1,0,0,0,0,1,1,1,0,1,0
"NUTM2F",0,0,0,0,0,0,0,0,0,0,0,0
"HABP4",634,636,672,841,850,962,739,712,686,735,729,706
"FBP2",5,5,2,11,6,1,1,3,4,3,2,3
"SLC35D2",519,389,514,477,413,556,532,555,512,505,521,492
"PRRG1",1033,1160,1412,1008,1003,1395,1390,1339,1264,1308,1309,1490
"UBA1",8769,7705,8211,8387,7906,8520,10144,9367,8067,8733,8324,7698
"RGN",1,0,1,3,1,2,1,2,0,2,0,1
"POLN",11,10,11,5,14,7,19,25,9,19,15,10
"PPIL4",766,700,690,1162,1153,1272,904,736,694,883,891,858
"ULBP2",151,143,129,255,198,170,154,136,130,146,185,105
"AKAP12",9230,8142,7583,12058,10706,11157,16008,9711,10656,9430,9638,9732
"SYNE1",1165,1080,1071,1670,1370,1367,1688,934,1035,1191,1154,1032
"ULBP3",189,153,164,203,167,193,211,149,148,186,186,170
"LATS1",721,768,798,937,834,959,938,636,654,642,661,761
"EPS8L1",318,244,236,245,239,251,343,453,382,291,318,287
"LILRB2",0,0,0,0,0,0,0,0,0,0,0,0
"AAR2",1084,863,946,1168,1027,882,1152,862,889,1012,1154,924
"TTLL9",2,0,4,0,0,0,0,4,2,3,1,2
"BPIFA2",0,0,0,0,0,0,0,0,0,0,0,0
"RBM39",5538,5328,5263,5512,5148,5218,6206,5793,5269,5711,5596,5340
"COX4I2",0,0,0,0,0,0,0,0,0,0,0,0
"BPIFA3",0,0,0,0,0,0,0,0,0,0,0,0
"ZNF341",179,160,189,133,134,148,224,209,159,172,177,160
"GGT7",36,30,29,33,23,34,39,43,47,37,37,36
"DEFB118",0,0,0,2,0,0,0,1,0,0,0,0
"ACSS2",779,753,991,685,735,883,885,1042,795,829,831,819
"EDA2R",302,288,359,253,243,274,303,247,202,279,258,272
"ARHGEF9",225,206,271,337,316,384,262,194,198,200,207,249
"C1QL1",1,3,5,2,1,5,6,6,6,8,3,6
"GFAP",0,0,1,1,0,0,1,0,0,0,1,0
"PYY",1,0,2,1,0,1,0,4,0,1,3,0
"HIGD1B",0,0,0,0,0,0,0,0,0,0,0,0
"ATP6V1E1",2813,2449,2491,3296,3156,3312,3184,3102,2786,2936,3312,2817
"ZNF227",305,267,310,290,308,314,349,281,249,311,324,314
"ZNF428",1068,896,995,1013,997,1189,1325,1733,1483,1241,1463,1240
"TEX101",2,0,1,0,1,0,2,0,1,2,0,0
"ZNF141",137,120,125,128,139,147,151,115,97,89,114,131
"CCL25",0,0,0,0,0,0,0,0,0,0,0,0
"COX4I1",5595,4639,5021,5442,5303,6020,6790,8769,6900,6171,7353,6146
"EMC8",1200,1126,1155,1305,1231,1345,1527,1650,1599,1464,1690,1391
"GSE1",166,143,206,165,163,178,249,182,195,222,178,198
"GINS2",416,402,397,453,415,402,643,644,621,572,659,566
"CHMP1A",3066,2586,2955,2940,2807,3058,3593,3365,3299,3390,3709,3042
"SH3BGRL",1622,1612,1788,1618,1702,1999,2005,1853,1548,1842,1840,1897
"COX7B",1006,873,905,1029,982,1078,1045,1609,1147,997,1334,1256
"SLC34A1",0,0,0,0,0,0,0,0,0,0,1,1
"F12",25,13,21,22,14,19,16,37,27,27,32,20
"PRR7",164,152,153,169,157,170,172,200,198,169,174,157
"NFATC1",1062,980,1179,1072,1075,1237,1165,953,846,891,847,883
"IDO1",104,69,58,60,49,43,127,43,45,73,132,41
"GJA9",0,0,0,0,0,0,0,0,0,0,0,0
"CAP1",10025,9080,9251,11276,10490,11643,11669,9618,9208,10216,10948,9851
"PPT1",3931,3474,3864,4004,3819,4379,4788,4325,4137,4386,4621,4391
"RAB11FIP4",1,1,3,0,0,2,3,2,1,3,0,1
"RLIM",1682,1681,1765,1884,1775,1734,2162,1386,1473,1583,1637,1518
"CDX4",0,0,0,0,0,0,0,0,0,0,0,0
"ABCB7",448,379,485,449,464,506,588,538,449,485,570,556
"TRAF3",1336,1171,1231,1542,1500,1583,1505,1167,1271,1290,1344,1307
"HAUS8",503,390,368,469,411,371,587,487,516,517,579,464
"ADGRE3",0,0,0,0,0,0,0,0,0,0,0,0
"MRPS25",1368,1197,1259,1169,1227,1202,1560,1593,1406,1316,1462,1152
"SH3BP5",3137,2967,3287,3394,3466,4209,5302,4649,4757,4058,4285,4299
"HACL1",738,686,747,899,843,1043,1000,1052,965,960,974,934
"TBC1D5",1009,1071,1285,1108,1119,1350,1318,950,895,945,989,1164
"CAPN7",827,886,955,975,926,1107,1057,943,843,988,987,1003
"RFTN1",1365,1188,1399,1194,1101,1237,1712,1523,1476,1529,1570,1482
"C3orf20",9,11,7,17,8,6,12,8,12,8,4,7
"RBSN",1045,996,989,1129,1002,1054,1205,861,897,953,906,933
"GALNT15",11,13,20,1,3,4,25,15,23,14,12,14
"SLC6A6",982,1021,1231,1009,1063,1223,855,674,587,696,572,645
"KCNC3",18,7,24,12,18,22,29,15,6,10,17,14
"NAPSA",7,6,8,7,5,2,8,6,12,4,7,11
"NR1H2",1343,1154,1240,1660,1549,1914,2031,1919,1802,1834,2067,1660
"LRRC4B",3,4,3,7,3,2,3,2,5,7,8,7
"PDLIM4",1538,1389,1351,1908,1656,1687,1884,1657,1539,1576,1936,1568
"KIF3A",254,291,273,307,293,380,431,428,377,388,404,396
"MGAT1",6093,5328,5871,6818,6559,7113,6975,6273,6282,6215,7097,5821
"GFPT2",624,528,461,889,690,661,677,452,481,502,568,460
"TUBG1",1533,1395,1558,1727,1603,1711,2190,1853,1629,1896,2117,1866
"PSME3",4522,4029,4471,5038,4428,4883,5651,4649,4633,5051,5104,4720
"RPL27",8074,6806,6751,8521,7631,9200,8563,11369,8585,8951,11364,9873
"PSMC3IP",372,321,229,403,302,258,405,412,429,412,434,322
"AOC3",67,48,41,44,35,15,43,28,29,39,37,19
"ACLY",10619,10089,11342,10130,9700,10889,13479,11188,9902,11199,10674,10789
"VPS25",1006,857,830,1171,996,958,947,864,801,908,990,868
"RAMP2",216,164,199,169,182,232,250,294,228,211,241,220
"AOC2",99,86,88,97,57,51,110,50,68,94,67,58
"G6PC1",0,0,0,0,0,0,0,0,0,0,0,0
"NDUFA2",715,621,659,721,670,797,866,1196,925,841,1073,871
"ANKHD1",307,254,279,280,312,329,291,258,231,243,219,221
"DIAPH1",5273,5090,5931,6598,6712,7647,6977,5636,5428,5614,5390,5494
"NDFIP1",2269,2187,2120,2748,2595,2816,2796,2630,2576,2680,2934,2567
"UBE2D2",3192,2889,3073,3360,3104,3353,3684,3650,3367,3391,3768,3527
"EXOC4",1183,1168,1393,1304,1215,1557,1466,1235,1120,1130,1102,1199
"ACAP3",936,911,937,857,920,905,1034,1267,1005,970,763,790
"C1orf159",395,315,402,373,360,407,482,470,473,450,515,413
"ANO1",7,7,4,16,17,21,8,7,2,4,5,6
"PPFIA1",2864,2689,2842,3297,3056,3513,3328,2492,2619,2640,2380,2778
"TMEM204",155,141,152,258,272,312,204,193,170,156,178,176
"KREMEN2",0,2,0,0,1,1,0,0,0,0,0,2
"THOC6",422,420,353,378,370,362,470,641,481,494,485,412
"TRAF7",5734,5281,6804,5133,5363,7030,6946,7916,6431,6622,6205,6573
"BARX1",0,0,0,0,0,0,0,0,0,0,1,0
"NINJ1",946,878,1074,959,967,1164,1007,1056,870,890,954,887
"CA6",0,0,0,0,0,0,0,0,0,0,0,0
"NPHP4",410,361,393,494,536,568,479,442,365,407,354,405
"MAP1B",3965,3288,3952,4061,3664,4417,4888,3107,2837,2626,2852,3374
"RHOXF2",0,0,0,0,0,0,0,0,0,0,0,0
"IL13RA1",2616,2491,2959,2763,2762,3226,3410,2939,2736,2891,3004,3023
"WDR44",748,828,827,912,879,894,906,630,642,720,694,786
"CKMT2",0,0,0,0,0,0,0,0,0,0,0,0
"ZCCHC9",354,272,291,334,332,357,387,384,323,361,356,300
"KRT34",0,0,0,0,0,0,1,0,0,0,0,0
"KRT33B",0,0,0,0,0,0,0,0,0,0,0,0
"TNS4",0,0,0,0,0,0,0,1,0,0,0,0
"TOP2A",4587,4621,5409,4290,4106,5268,7710,6341,5627,6049,5362,6600
"STARD3",981,850,921,1083,1035,1074,1282,1243,1103,1138,1215,960
"RARA",1201,1040,1014,1021,878,804,946,779,796,864,889,722
"PPP1R1B",0,0,0,0,0,0,0,0,0,0,0,0
"KHDRBS3",561,493,463,630,521,525,696,649,656,628,736,634
"CHD1L",139,104,132,131,131,111,133,115,141,107,126,111
"PEX11B",439,426,419,476,406,472,573,562,496,570,535,494
"FMO5",18,23,26,9,17,15,25,21,16,24,28,27
"PIAS3",1330,1299,1634,1349,1420,1760,1540,1637,1243,1345,1248,1393
"PRKAB2",492,579,586,503,494,542,606,521,458,531,509,530
"FSHB",0,0,0,0,0,0,0,0,0,0,0,0
"PDHA1",1738,1570,1827,1838,1798,2004,2383,2396,2282,2160,2205,2029
"RAI2",74,69,75,78,74,98,92,76,70,95,93,78
"MCCC2",891,870,967,910,876,936,1169,935,853,983,994,970
"ZNF304",284,296,273,317,294,232,329,221,228,283,280,254
"ZSCAN5A",85,77,83,95,83,93,125,118,122,98,121,106
"ZNF132",133,120,87,147,110,86,144,66,80,98,125,82
"USP29",0,2,0,2,0,0,0,0,0,0,0,0
"SELENOS",1725,1492,1456,2621,2604,2910,2068,1840,1795,1775,2169,1614
"CHSY1",1177,1146,1269,1717,1806,2219,1804,1359,1429,1429,1417,1530
"SNRPA1",724,621,688,772,639,779,941,1111,835,952,993,929
"LLGL1",1232,1138,1232,1128,1138,1238,1673,1406,1394,1440,1284,1225
"NR0B2",0,0,0,0,0,0,1,0,0,0,0,0
"LIN28A",0,0,0,1,0,0,1,0,0,0,0,0
"THAP1",280,223,260,323,289,321,410,307,326,375,384,376
"RHPN2",80,81,76,77,98,97,92,71,92,64,89,84
"C19orf12",615,598,638,731,655,744,798,711,710,771,764,701
"FAAP24",159,160,171,163,151,186,250,244,224,200,234,210
"LRRC9",0,0,0,0,1,0,0,0,0,0,0,0
"ACTR10",1278,1189,1244,1399,1238,1465,1480,1547,1474,1483,1582,1441
"ABHD12B",0,0,0,1,0,1,0,0,0,0,0,0
"GCH1",326,339,258,558,599,603,323,178,170,259,356,195
"LGALS3",759,693,850,752,792,1024,857,1038,788,784,929,876
"PODNL1",28,14,22,12,19,11,19,26,19,19,22,11
"DNAJB1",3454,3043,3152,3124,2642,2693,3415,3016,3061,3364,3573,3064
"ZSWIM4",482,396,374,600,582,661,414,327,353,362,329,385
"FBXW9",325,293,273,283,275,305,363,399,343,308,337,277
"RFX1",495,568,539,573,520,608,560,642,472,559,474,537
"ZNF20",5,8,8,9,9,6,4,5,10,2,6,6
"BRME1",13,8,11,4,10,9,19,15,16,10,22,12
"DCAF15",1068,1014,965,932,867,894,1378,1312,1214,1220,1293,1065
"CC2D1A",794,697,816,740,666,755,975,1013,735,876,789,798
"RTBDN",0,0,0,0,0,0,0,0,0,0,0,0
"MATN3",169,163,191,188,176,201,219,178,182,213,189,183
"TRIM21",2580,2230,2086,2138,2145,1730,2413,1486,1492,2129,2775,1347
"SPATA6",72,58,88,61,48,75,83,54,76,67,52,75
"LRRC41",1669,1554,1777,1745,1597,1954,2051,1863,1581,1727,1775,1706
"CCT6B",34,32,33,44,41,38,51,47,25,37,48,45
"DHX30",3245,2767,2766,3401,3129,3234,3890,3351,3190,3387,3507,3144
"RAF1",2835,2681,2755,3006,2666,2823,3404,2659,2686,2816,3001,2713
"SLC6A11",0,0,0,0,0,0,1,0,0,0,0,0
"PPARG",2,3,1,5,5,9,7,4,0,2,2,2
"NUP210",2,3,5,3,2,7,7,4,3,4,5,0
"FCRLA",0,1,0,1,0,0,0,0,1,0,0,1
"HSD17B7",298,341,360,334,365,422,360,439,301,367,353,351
"ENOSF1",913,930,920,830,803,835,949,846,795,840,705,747
"EMILIN2",234,205,194,243,193,171,362,304,291,304,309,238
"SLX1A",0,1,0,0,2,0,2,5,0,2,1,2
"ARFIP2",2558,2237,2506,3069,2937,3414,3064,2873,2687,2721,2881,2605
"TRIM5",4903,4636,4962,6367,6475,6667,5168,3869,3754,4536,4827,3978
"CNGA4",0,0,4,1,1,0,1,5,4,0,0,0
"TRIM22",9673,9415,10135,8863,9114,8417,10415,6506,6497,8696,9226,6227
"RRP8",750,733,639,936,821,762,892,774,706,848,910,737
"TIMM10B",439,424,484,529,531,539,629,521,484,499,572,482
"EFR3A",1819,1883,2115,2151,2147,2460,2119,1458,1548,1637,1505,1770
"HHLA1",0,0,0,0,0,0,0,0,0,0,0,0
"PTCD3",1620,1447,1633,1642,1540,1438,1964,1732,1662,1740,1760,1574
"IMMT",2860,2621,2789,3052,2970,3257,3940,3525,3162,3297,3618,3420
"MRPL35",1221,1074,1168,1245,1201,1171,1592,1390,1365,1402,1449,1339
"IQCA1",18,14,20,12,16,25,42,25,23,19,18,24
"ILKAP",1001,776,796,1033,845,870,1117,1113,947,1086,1244,977
"PER2",220,208,141,228,199,153,187,106,135,178,158,124
"RAMP1",1,3,0,0,0,0,0,1,0,0,0,1
"SCLY",161,130,134,178,131,161,174,149,130,143,124,120
"PTPRE",1658,1500,1635,1950,1964,2227,2748,2027,1856,1973,1935,1895
"RAN",10787,9269,9915,11051,10035,10742,13982,15376,14320,13398,14714,13288
"PRKAA1",1859,1852,2196,1955,1892,2220,2356,1941,1624,1996,1811,2126
"CARD6",1482,1445,1474,1451,1282,1314,1841,1242,1240,1507,1504,1414
"RAP1GAP2",14,16,20,11,10,10,18,24,17,19,24,26
"CLUH",3151,2736,2705,3163,2721,2731,3810,2937,2902,2992,2823,2695
"INPP5K",1274,1098,1258,1185,1147,1270,1625,1466,1337,1462,1430,1354
"MYBBP1A",2589,2327,2177,2452,2384,2259,3137,2409,2377,2648,2458,2183
"RPA1",3759,3147,3817,3725,3359,3757,4966,4294,4201,4442,4319,4288
"SERPINF1",3,1,0,1,0,0,0,0,0,0,0,0
"UBE2G1",1669,1593,1705,1661,1543,1825,2034,1564,1714,1733,1812,1826
"EEFSEC",251,215,243,286,237,225,281,256,265,247,310,263
"TBC1D14",775,764,854,852,868,936,779,600,576,558,624,638
"TMEM128",245,211,207,248,235,202,292,270,248,276,290,230
"COQ3",114,89,98,113,66,112,158,125,139,120,142,108
"PNISR",1558,1686,1953,1207,1366,1297,1992,2087,1438,1730,1439,1622
"POPDC3",49,54,78,47,72,58,69,62,58,53,90,73
"SEC61G",1806,1474,1553,2011,1910,2100,2000,2706,2006,1966,2448,1855
"LANCL2",632,603,662,727,615,754,928,852,779,778,887,806
"FIGNL1",835,700,839,918,895,968,840,734,654,712,650,707
"DDC",0,0,1,1,0,0,4,3,0,1,1,1
"FTHL17",0,0,0,0,0,0,0,0,0,0,0,0
"GRSF1",2399,2074,2360,2332,2267,2546,3089,3028,2805,2723,2874,2843
"ENAM",6,2,1,2,1,1,1,2,1,3,0,2
"JCHAIN",0,0,0,1,0,0,0,1,0,0,0,0
"ANKRD17",3488,3278,3505,4189,3635,3964,3591,2190,2163,2656,2453,2608
"UTP3",1838,1499,1244,1932,1684,1527,1933,1605,1685,1853,1970,1545
"ITGB4",47,64,66,37,49,44,94,66,49,60,51,56
"WBP2",3397,3099,3524,3368,3380,3884,4298,3998,3487,3714,3854,3522
"H3-3B",12563,10372,9148,13327,11777,10898,15426,14122,14502,14770,16877,12729
"UNK",481,467,509,543,509,519,555,489,426,492,478,520
"TRIM47",1574,1363,1535,1569,1528,1703,1910,1871,1736,1620,1787,1535
"ZRANB2",2160,2146,2209,2262,2247,2455,2835,2417,2124,2383,2456,2377
"EIF5A",17592,14417,15720,18861,16728,18155,21193,20975,20690,20766,23312,19159
"KDM6B",1740,1621,1223,1858,1522,1185,1228,867,957,1127,961,752
"CLEC10A",0,0,4,2,0,3,3,4,0,4,4,1
"SLC52A1",0,0,1,1,0,0,3,0,3,0,1,2
"GUCY2D",0,0,0,0,0,0,0,0,0,0,0,0
"GPS2",319,257,233,276,260,257,307,285,258,293,254,227
"XAF1",4342,4347,3869,3436,3531,2378,3681,1979,1796,3262,3379,1464
"DLG4",568,538,604,496,517,544,526,600,398,510,360,429
"RIDA",182,183,198,211,195,225,257,345,266,233,296,284
"VPS13B",613,608,679,597,588,727,742,446,454,457,454,550
"RGS22",1,0,0,0,1,0,0,0,0,0,0,1
"MATN2",74,76,71,125,132,149,113,110,94,115,88,110
"REEP2",64,76,97,74,80,106,76,121,67,68,96,63
"PCBD2",163,151,171,169,144,140,175,154,146,152,165,162
"SDF2",1149,894,1006,1189,1061,1140,1408,1454,1283,1246,1419,1052
"FLOT2",3669,3497,4250,3414,3270,3983,4659,4782,4027,4176,4445,4111
"ERAL1",1414,1347,1383,1466,1344,1450,1588,1471,1317,1321,1414,1225
"PRMT7",901,800,820,841,745,724,1123,945,968,959,1013,769
"NIP7",1234,1119,1054,1411,1272,1194,1565,1220,1386,1385,1538,1223
"TERF2",675,667,686,742,602,685,946,765,770,843,848,798
"VPS4A",1742,1579,1655,1794,1618,1754,2217,2002,2024,2018,2106,1716
"MTSS2",1088,1037,1239,928,783,876,1229,1171,1129,1111,1088,1108
"HSPA12B",619,629,657,466,490,488,913,749,682,688,693,574
"ANKEF1",87,71,93,69,64,92,103,99,88,94,98,99
"SCP2D1",0,0,0,0,0,0,0,0,0,0,0,0
"PCED1A",180,140,143,151,150,163,224,239,189,196,186,174
"SNAP25",4,8,5,7,7,3,8,9,3,8,4,6
"BTBD3",465,456,544,731,713,983,663,513,563,581,476,612
"PCNA",3664,3136,3060,3500,3267,3088,4475,4196,4082,4335,4967,4115
"NXT1",513,408,390,608,517,517,635,624,617,583,735,511
"POLR3F",297,253,243,311,308,336,423,369,347,372,445,394
"RIN2",1115,1047,1209,1448,1505,1694,1089,1006,894,906,1005,942
"PTPRA",2116,2086,2353,2334,2239,2491,2559,2083,1990,2138,2168,2100
"SSTR4",0,0,0,0,0,0,0,0,0,0,0,0
"DAP3",2363,2030,2058,2272,2084,2193,2633,2458,2461,2530,2670,2178
"RHBG",0,0,0,0,0,0,0,0,0,0,0,0
"KHDC4",1510,1685,1508,1495,1494,1448,1641,1495,1302,1565,1360,1274
"ATP1A4",0,0,0,0,0,0,0,0,0,0,0,0
"NES",8787,7788,8444,6866,6388,6883,9146,9191,7467,7451,7021,6760
"BCAN",3,4,1,3,1,4,4,2,2,1,3,2
"CRP",1,0,4,0,0,0,1,1,0,0,1,0
"ARHGEF11",1108,1064,1266,1120,1109,1267,1266,991,867,1030,925,977
"RAB25",1,2,0,0,1,1,1,1,0,0,0,1
"HAPLN2",0,0,0,0,0,0,0,0,0,1,0,0
"APCS",0,0,0,0,0,0,0,0,0,0,0,0
"FCRL2",0,0,0,0,0,0,0,0,0,0,0,0
"DCAF8",1226,1226,1217,1025,985,942,1291,1248,1031,1153,1009,961
"SYT11",939,935,1019,1042,1045,1110,1492,1281,1268,1306,1265,1298
"IGHMBP2",1181,1071,1050,1235,1174,1105,1231,1075,1030,1129,1074,858
"ACY3",0,0,0,0,0,0,0,0,0,0,0,0
"ALDH3B2",0,0,0,0,0,0,0,0,0,0,0,0
"TESMIN",70,63,97,70,54,78,122,126,91,90,85,104
"MMACHC",94,86,112,112,128,116,154,135,122,123,126,118
"DPH2",778,659,660,836,730,715,1034,961,1011,925,969,757
"TOE1",407,332,344,372,367,385,594,480,480,534,566,483
"NASP",2855,2713,3012,2711,2702,2709,4181,3899,3524,3651,3750,3405
"MUTYH",73,78,76,49,53,57,97,105,91,96,72,82
"CTNNBL1",1444,1317,1316,1385,1359,1305,1713,1554,1447,1595,1754,1290
"LPIN3",84,81,96,64,49,41,91,66,52,67,49,40
"ZSWIM3",156,124,114,153,139,154,155,159,150,141,159,137
"RBM38",1500,1286,1353,1309,1235,1300,1257,1174,1105,1060,1240,1093
"VSTM2L",8,5,9,4,6,4,16,13,12,12,8,16
"OSER1",1768,1499,1285,1672,1452,1325,1578,1360,1398,1555,1819,1246
"SERINC3",2898,2829,3170,3411,3377,3894,1567,1207,1112,1267,1256,1257
"PPP1R3D",267,247,240,284,306,335,390,309,280,309,344,321
"DMGDH",2,2,2,3,0,2,3,3,2,5,2,4
"BHMT2",8,6,9,6,6,6,6,2,5,2,4,5
"AP3B1",1611,1507,1696,1701,1660,1819,1930,1479,1495,1500,1467,1541
"ZBED3",211,210,304,201,232,303,309,255,195,229,223,254
"PATJ",29,23,28,37,28,33,38,35,22,24,19,26
"KANK4",0,0,0,0,0,0,0,0,0,0,0,0
"ANGPTL3",0,0,0,0,0,0,0,0,0,0,0,0
"SYT4",0,1,3,0,0,3,0,2,0,1,1,1
"SLC14A2",0,0,0,4,1,1,0,0,0,4,0,0
"FBXO44",301,262,303,249,240,278,303,360,266,265,272,261
"CPLANE2",58,77,76,79,79,73,88,101,87,89,102,84
"CASP9",157,171,182,159,168,212,202,226,218,211,197,211
"NMUR2",0,0,0,0,0,0,0,0,0,0,0,0
"DCTN4",1360,1368,1402,1550,1410,1637,1862,1490,1413,1600,1544,1603
"PDE6A",0,0,0,0,1,0,1,0,2,0,0,0
"ATP8A2",3,4,5,7,7,5,3,8,3,2,5,3
"MTUS2",0,0,0,0,0,0,0,0,0,0,1,0
"ZMYM5",431,354,395,375,342,368,401,330,339,321,375,308
"USPL1",742,699,716,708,635,705,921,683,715,704,784,736
"XPO4",1337,1313,1370,1386,1292,1343,1539,976,1041,1220,1133,1224
"TPTE2",0,0,0,1,0,0,0,0,0,0,0,1
"POMP",2205,1762,1690,2330,2005,2168,2115,2370,2056,2091,2501,2009
"CDK8",392,429,398,486,418,417,649,529,502,593,572,590
"ALOX5AP",3,3,5,2,4,2,7,3,3,1,2,1
"WASF3",952,993,1188,862,769,1062,1502,1410,1054,1208,1069,1396
"RNF17",1,0,1,0,1,0,0,0,0,0,0,0
"GPR12",0,0,0,0,0,0,0,0,0,0,0,0
"CHRM3",0,0,0,1,0,0,0,0,0,0,0,0
"MYH8",0,0,0,0,0,0,0,0,0,0,0,0
"MYH10",3809,3916,5386,3212,3358,4703,5271,5322,3916,3867,3380,4961
"PEMT",348,293,317,368,329,439,521,465,450,416,504,453
"SCO1",1015,923,939,993,951,941,1222,963,1068,1022,1215,1007
"MPRIP",4963,4669,4942,5419,4844,5631,6158,4727,4940,4954,4870,4910
"CHI3L1",0,0,0,0,0,0,0,0,0,0,0,0
"MYBPH",0,0,0,0,0,0,0,0,0,0,0,0
"PIK3C2B",864,934,1227,1092,1195,1482,1087,986,837,864,712,852
"DSTYK",508,502,550,564,546,557,646,499,487,500,480,494
"CHIT1",0,0,0,0,0,0,0,0,0,0,0,0
"SLC41A1",582,552,609,708,651,701,654,503,537,560,528,479
"LGR6",1,2,0,0,0,3,0,1,0,0,1,2
"TMCC2",29,21,25,37,32,31,29,42,50,35,50,30
"DCLK1",28,33,32,19,20,36,53,48,43,40,44,56
"CCNA1",905,928,957,1119,1112,1160,1282,1093,1159,1047,1277,1141
"COG6",361,380,411,518,567,625,538,449,433,519,483,528
"SPART",3074,2899,3192,3486,3413,3635,4164,3539,3253,3505,3687,3634
"RXFP2",0,0,0,0,0,0,0,0,0,0,0,0
"EPSTI1",2108,1786,1493,1943,1769,1111,1726,701,904,1554,1948,716
"TRPC4",32,44,32,78,61,55,52,33,42,44,39,42
"POSTN",22,31,23,43,53,68,47,45,36,44,32,40
"RFXAP",61,84,84,97,76,78,144,142,140,135,147,138
"TPT1",35328,31342,31862,38881,37754,43890,39165,46679,38430,39597,46918,43577
"GPALPP1",433,413,464,472,431,505,592,584,463,475,559,502
"STOML3",0,1,0,0,0,0,0,1,0,1,1,0
"KL",1,1,0,0,3,1,0,1,1,1,1,0
"RFC3",395,427,386,511,426,443,576,494,509,586,583,541
"STARD13",1242,1117,919,1443,1172,1104,1584,952,1119,1272,1250,969
"IRS4",2,0,1,0,0,0,0,0,1,0,0,1
"MORC4",481,424,465,563,490,496,557,442,462,513,440,453
"BEX2",24,13,4,27,14,9,11,13,6,10,18,10
"RNF128",0,0,0,0,0,1,0,0,0,0,0,0
"GNG5B",1,0,2,1,1,0,0,1,1,2,0,0
"TBC1D8B",168,185,209,232,254,298,241,172,175,181,164,223
"TCEAL4",1866,1642,1780,1935,1903,2188,2367,2371,1890,2124,2415,2192
"BEX1",8,16,5,6,6,3,5,5,4,5,2,2
"VCF1",1203,1102,1136,1242,1097,1213,1309,1085,1050,1220,1263,1173
"SLC39A11",103,81,69,77,66,76,115,106,103,81,90,75
"EPHB2",3262,2919,3363,3244,3051,3380,3720,2910,2763,2915,3145,2992
"SRRM1",1846,1819,1674,1688,1599,1547,2023,1570,1328,1705,1592,1523
"BTBD2",1752,1728,1713,1707,1510,1651,1926,1892,1629,1816,1765,1845
"PRAM1",1,0,0,0,0,0,1,1,0,0,0,0
"KMT5C",144,138,138,122,147,146,200,260,203,189,166,160
"ZNF414",253,208,252,210,209,227,305,334,293,297,301,245
"PDE6B",5,4,12,10,6,11,15,11,13,7,14,16
"HSPBP1",1002,878,891,1102,1003,1046,1243,1239,1255,1119,1384,1053
"CSNK1G2",2423,2140,2471,2358,2336,2709,2996,3098,2770,2738,2867,2828
"SLF1",159,199,168,203,222,192,271,179,196,231,224,226
"CNDP2",2576,2268,2508,2390,2395,2540,3432,3034,2896,2938,2926,2561
"MACROD1",155,128,147,140,138,151,232,253,206,177,212,208
"WDR74",1497,1257,1231,1444,1393,1294,1782,1814,1677,1746,2034,1485
"LGALS12",0,0,0,0,0,0,0,0,0,0,0,0
"RTN3",4516,4252,4810,4544,4526,5041,5567,5209,4768,4964,5136,4831
"PLAAT4",274,209,189,202,220,164,313,194,152,220,272,98
"PLAAT2",2,3,0,1,1,0,1,1,0,0,0,3
"MYH11",5,4,4,7,3,0,5,2,3,5,2,3
"CEP20",579,545,597,601,561,676,694,702,599,698,637,766
"MED10",1117,976,983,1213,1093,1148,1312,1344,1299,1260,1483,1228
"PDZD2",485,427,240,520,353,151,253,95,145,262,292,125
"MORC2",1378,1362,1332,1336,1209,1320,1723,1451,1306,1326,1337,1286
"LARGE1",28,23,24,25,19,25,31,37,35,28,34,37
"GSTT2B",24,22,21,23,29,26,33,29,33,38,31,33
"MYO18B",3,2,7,4,3,2,8,8,6,4,7,2
"SLC2A11",83,70,92,60,58,62,112,115,80,94,81,85
"C1QTNF6",1538,1391,1773,1703,1809,2158,2037,1865,1745,1793,1841,1709
"FAM83F",0,0,0,0,0,0,0,0,0,0,0,0
"SEC14L4",0,0,0,0,0,0,0,1,0,0,0,0
"GIMAP6",3906,3713,4588,3106,3074,3471,5061,4362,3960,4373,4478,4519
"GIMAP4",4096,3871,4548,2434,2461,2604,4789,4730,3735,4251,4663,4234
"ADCK2",310,317,268,306,303,320,384,402,385,385,418,366
"MKRN1",1602,1451,1588,1378,1374,1458,1886,1649,1452,1611,1626,1497
"AGAP3",2211,1931,2123,2016,2107,2170,2966,3019,2715,2571,2706,2275
"KRBA1",265,241,259,209,201,227,278,290,263,250,249,277
"ACTR3B",220,208,228,264,207,216,257,253,227,236,235,240
"NTS",2,0,0,0,1,0,4,1,0,0,1,1
"BTG1",2500,2288,2387,2670,2505,2871,2295,2499,2097,2527,2693,2418
"LRRIQ1",4,5,7,11,12,14,12,8,8,11,8,6
"RLIG1",422,376,371,519,485,483,526,473,431,540,557,488
"ATP13A3",2307,2142,2056,3303,2937,2886,2904,1551,1997,1946,1937,2157
"SFTPD",1,0,0,1,1,1,0,0,0,0,1,2
"DYDC2",0,0,0,0,0,0,0,0,0,0,0,0
"TMEM254",93,79,105,93,85,116,128,109,104,119,126,102
"TMTC1",9,7,13,23,20,30,15,8,7,8,16,8
"KRAS",466,525,577,542,517,620,700,605,589,599,547,653
"IPO8",1479,1471,1638,1533,1503,1747,1983,1514,1493,1517,1451,1730
"LARS1",3432,3202,3202,3827,3516,3676,4151,3226,3249,3371,3312,3277
"SPINK5",46,48,61,34,39,64,53,76,46,40,56,76
"IMPA1",634,611,614,715,656,644,482,430,385,458,470,440
"LRRCC1",36,37,53,40,39,48,57,52,54,63,44,44
"E2F5",73,81,84,86,102,173,102,97,102,101,122,120
"CA1",0,0,0,0,0,0,0,0,0,0,0,0
"CCDC59",724,613,613,905,814,842,891,868,769,850,1080,853
"SWAP70",8255,8031,9382,10336,10244,13240,8169,6920,6470,6792,6596,7222
"BMAL1",345,343,321,459,425,391,358,306,315,369,383,328
"LYVE1",663,844,1092,987,1261,1718,965,1178,784,919,911,1124
"AMPD3",30,29,45,41,28,24,31,25,26,24,23,22
"SBF2",1240,1177,1500,1215,1284,1609,1659,1097,1054,1185,1117,1275
"MICAL2",9784,9075,11120,11977,11448,14918,13541,9575,9858,9445,9079,11065
"RRAS2",2564,2560,2464,3007,2714,2782,3306,2958,2844,3121,3470,3050
"HSD17B4",1683,1567,1764,2100,1986,2275,2209,1894,1841,1893,1859,1824
"ZFC3H1",1251,1255,1495,1260,1248,1518,1684,1192,1087,1121,1039,1222
"TEX15",119,92,100,127,91,126,117,72,75,62,81,101
"SARAF",4116,3846,4521,5420,5834,7218,5937,6064,5786,5381,5619,5825
"RNF122",270,256,224,415,411,507,277,223,213,232,257,239
"DUSP26",0,0,0,0,0,0,1,0,0,0,0,0
"DPF2",2827,2493,2386,2469,2404,2269,3042,2433,2548,2745,2790,2401
"MEN1",1478,1347,1415,1280,1251,1451,1966,1799,1607,1630,1567,1609
"ERG28",1001,823,974,893,867,1035,1179,1342,1043,1177,1277,1204
"GSC",1,0,0,0,0,0,0,0,0,0,0,0
"DGLUCY",1051,1014,1194,961,960,1065,1135,1080,949,986,986,984
"UNC79",20,20,20,45,19,29,15,17,16,25,28,15
"NUMB",2731,2727,3094,3682,3552,4169,3383,2579,2359,2658,2730,2680
"CATSPERB",0,0,0,1,0,0,0,0,0,1,0,0
"VRTN",0,0,0,0,0,0,0,0,0,0,0,0
"COX16",329,298,310,320,314,375,418,540,457,401,503,417
"TTC9",1,0,4,3,3,1,8,1,4,2,1,1
"MED6",682,610,661,740,730,723,890,928,820,824,952,853
"EIF2S1",3952,3575,3245,4262,3821,3486,4748,3874,4018,4371,4711,3954
"ADAM20",5,1,2,5,0,2,2,3,2,2,1,0
"LOXL2",31020,28702,32705,31210,32108,37892,36631,31909,30795,30859,29557,30077
"ELP3",1046,1051,995,1108,956,973,1183,944,987,1093,1178,976
"PEBP4",2,3,3,3,1,0,1,0,0,0,1,1
"ADAMDEC1",0,0,0,0,0,0,0,0,0,0,0,0
"CTIF",1351,1237,1372,1191,1225,1464,2007,1749,1517,1564,1481,1572
"MRO",1,1,0,0,0,0,0,0,0,0,0,0
"MBD2",2104,1901,2166,2217,2165,2423,1801,1617,1412,1460,1723,1484
"IER3IP1",665,588,590,783,786,832,843,825,738,788,869,828
"KGD4",240,204,233,286,286,341,336,370,284,309,375,317
"CCNB1",2732,2585,3121,2673,2450,3195,4301,4395,3911,3932,4056,4227
"CDK7",1202,1020,899,1317,1092,996,1295,1171,1122,1270,1426,1045
"CD180",0,0,0,0,0,0,0,0,0,0,0,0
"IRAK2",957,774,565,1166,935,730,652,435,534,637,733,436
"CAMK1",589,507,520,577,535,602,574,720,530,545,671,529
"THUMPD3",501,499,428,545,532,487,571,427,435,436,482,465
"VHL",1229,1071,1091,1177,1124,1205,1512,1547,1334,1471,1391,1256
"BHLHE40",2273,1995,1871,2573,2526,2430,2933,2033,2196,2262,2321,1972
"ARL8B",2654,2686,2625,3100,2930,3101,3030,2607,2639,2817,3055,2884
"EDEM1",2036,1832,2033,4619,4933,5880,2275,1966,1736,1906,1889,1867
"CNTN6",8,4,11,7,3,4,4,1,2,6,9,2
"CHL1",0,0,0,0,0,0,0,0,0,0,0,0
"MEIS2",579,597,728,497,447,528,766,752,598,694,714,707
"DPH6",84,75,125,92,96,112,129,124,122,112,116,130
"KATNBL1",612,523,554,617,498,614,729,746,677,683,724,808
"EMC7",2052,1771,1698,2321,2204,2025,2191,1901,1855,1867,2390,1667
"TRPM1",8,6,3,7,6,8,10,12,4,4,5,2
"GNAT2",4,2,2,2,3,4,7,5,4,2,3,2
"GSTM1",149,101,107,137,136,135,144,169,146,146,173,133
"PRPF38B",1447,1465,1534,1507,1459,1386,1692,1650,1401,1523,1494,1470
"REG4",0,0,0,0,0,0,0,0,0,0,0,0
"TSPAN2",0,1,4,1,2,1,1,5,1,1,8,2
"TSHB",0,0,0,0,0,0,0,0,0,0,0,0
"GSTM5",2,0,1,0,0,1,5,0,0,0,2,2
"GSTM3",355,243,305,306,285,319,219,268,217,195,239,217
"SYT6",0,0,0,0,0,0,0,0,0,0,0,0
"VAV3",19,25,19,12,22,21,21,22,11,18,14,18
"CHIA",0,0,0,0,0,0,0,1,0,0,0,0
"PSRC1",313,349,383,233,273,348,532,653,506,513,598,501
"HMGCS2",0,0,0,0,0,0,0,0,0,0,0,0
"PTPN22",51,46,58,80,75,77,48,42,33,32,45,41
"SORT1",121,105,181,122,129,166,171,191,174,175,134,244
"WNT2B",61,47,58,41,31,44,49,43,35,48,33,38
"PTGFRN",1971,1829,2178,1943,1867,2417,2223,1902,1775,1786,1752,1835
"LAMTOR5",1338,1083,1246,1344,1413,1429,1378,1913,1391,1388,1571,1410
"ADAM30",0,1,0,0,0,0,0,0,0,0,0,0
"NOTCH2",2900,2642,2729,3592,3240,3560,3215,1586,1975,2049,1747,2028
"TRIM45",49,50,35,27,26,19,43,51,30,55,24,29
"CEPT1",436,410,404,419,405,432,524,440,413,484,547,476
"CD101",3,5,6,4,4,6,5,4,2,6,0,6
"VTCN1",0,0,0,0,0,0,0,0,0,0,0,0
"NGF",2,0,0,0,0,0,0,0,0,0,0,0
"AP4B1",665,663,623,712,660,610,705,739,628,765,699,585
"NAPG",794,719,751,915,881,969,777,638,596,609,676,624
"SPIRE1",1894,1838,2106,2439,2294,2592,2646,1960,2013,2099,2007,2177
"PPHLN1",1373,1330,1330,1337,1407,1384,1728,1462,1419,1523,1545,1529
"FKBP11",910,726,769,962,1064,1107,1086,997,878,899,993,852
"ARF3",3196,2876,3462,3342,3347,4090,4113,3443,3320,3541,3688,3831
"TMEM106C",1073,980,1066,1168,1158,1283,1525,1619,1333,1495,1479,1427
"SLC38A2",9295,9577,10737,8257,8268,9696,11521,9801,8671,9950,9955,10181
"YWHAQ",9417,9063,10094,11045,10156,11929,12073,11580,10912,11525,12504,12673
"KIDINS220",2371,2348,2582,2730,2476,2740,2618,1821,1703,1876,1804,2077
"GRHL1",40,28,33,34,35,28,27,25,24,37,34,24
"ROCK2",2191,2202,2743,2497,2345,2843,2880,2073,2053,1956,2008,2469
"RSAD2",7939,6981,4345,6484,6089,2415,5740,1193,1821,4448,6741,1347
"MYCN",6,8,9,29,35,40,5,7,12,10,7,13
"LPIN1",2946,3033,3439,2996,2892,2803,3328,2821,2594,2733,2580,2784
"CMPK2",2255,1917,1476,1868,1995,990,1759,426,596,1311,1955,405
"IAH1",215,184,170,172,167,157,335,333,348,350,387,296
"LDHA",18213,15840,17004,19677,17720,18757,23070,20410,20472,20980,22464,20601
"SAA2",1,2,0,0,1,1,2,0,1,0,0,0
"ANO3",1,0,0,0,0,0,0,0,0,0,0,0
"IL6ST",23281,23339,24372,31560,30976,34514,25905,14403,15379,18043,17142,19170
"FST",1018,842,780,4854,4701,4530,1980,1177,1234,1438,1845,1070
"CFHR4",0,0,0,0,0,0,0,0,0,0,0,0
"NAV1",3233,3156,3676,2945,2505,2973,3830,2591,2336,2548,2309,2810
"CDC73",1302,1249,1334,1543,1448,1578,1661,1226,1188,1383,1400,1493
"TIMM17A",2231,1984,2098,3049,3119,3593,2614,2719,2380,2525,2838,2379
"CRB1",1,0,0,1,0,1,5,0,0,1,1,1
"CFHR5",0,0,0,0,0,0,0,0,0,0,0,0
"ERN2",0,0,0,0,0,0,0,0,0,1,1,0
"RPS15A",4717,4215,4396,4942,4780,6115,5551,7879,5655,5588,6633,6198
"RAX",0,0,0,0,0,0,0,0,0,0,1,0
"NARS1",3745,3454,3904,4666,4600,5240,5340,4694,4542,4811,4651,4502
"GRP",0,1,0,0,0,0,0,0,0,0,0,0
"RELCH",890,859,940,998,1003,1068,1142,889,837,864,920,921
"FBH1",1992,1850,2062,2035,1892,2237,2320,2175,1966,1914,2036,1973
"RBM17",2388,2145,2327,2183,2185,2262,3137,3149,2818,2911,2996,2749
"IL2RA",0,1,0,0,0,0,0,0,0,0,0,0
"ANKRD16",88,87,95,100,100,97,155,147,117,121,136,108
"ECHDC3",66,45,62,67,69,53,57,47,66,60,52,60
"IL15RA",756,622,563,772,713,617,826,502,559,691,884,475
"CCNH",828,694,713,1034,951,1013,920,818,794,852,996,853
"HRH4",0,1,2,1,0,3,1,1,1,3,0,1
"TMEM241",84,91,83,161,185,216,155,111,129,124,145,122
"KCTD1",309,342,281,297,276,270,421,270,296,299,350,309
"CABLES1",1815,1610,2003,1890,2130,2653,2572,2424,2336,2082,2246,2170
"DOCK2",16,19,11,24,18,10,24,16,11,10,10,10
"EMP1",11062,9851,9435,13111,11837,12103,13332,9113,10205,10831,12092,11002
"SOX5",0,0,1,1,1,0,0,0,0,1,0,1
"RERG",0,0,0,1,1,0,1,0,0,0,0,0
"SLCO1B1",0,0,0,0,0,0,0,0,0,0,0,0
"KLRD1",5,5,3,3,7,2,4,2,2,4,2,2
"KLRC1",1,0,0,3,3,0,0,0,3,0,2,0
"SPX",6,0,5,9,5,3,3,5,6,7,5,4
"PRH2",0,0,0,0,0,0,0,0,0,0,0,0
"LRP4",92,77,104,96,81,89,95,82,70,82,63,80
"MYBPC3",2,0,1,1,0,0,0,0,0,0,0,0
"DDB2",2199,2121,2348,1949,1928,2096,2447,2789,2041,2370,2405,2314
"ACP2",835,786,844,898,788,793,1088,967,856,983,1061,734
"USP26",0,0,0,0,0,0,0,0,0,0,0,0
"RTL8C",2037,1690,1983,2108,2004,2453,2423,2654,2305,2281,2349,2171
"RAB33A",4,9,10,13,12,15,7,7,7,10,10,3
"SOX3",0,0,0,0,2,0,0,0,0,0,0,0
"RBMX2",363,282,300,364,366,395,450,528,430,437,520,434
"STK26",277,241,249,278,257,365,291,217,223,260,266,296
"PIWIL4",18,18,18,20,18,20,33,22,9,23,29,16
"MTNR1B",0,0,0,0,0,0,0,0,0,0,0,0
"PUM1",2871,2746,2760,2916,2771,2871,3361,2378,2283,2622,2459,2438
"SPOCD1",724,567,481,705,615,555,659,556,496,514,560,427
"YARS1",3955,3473,3658,4436,4336,4602,4540,3948,3853,4145,4127,3698
"PHC2",2783,2478,2496,2449,2246,2103,2635,2356,2379,2610,2706,2223
"CDCA8",1113,1162,1340,1154,1140,1326,1801,1562,1649,1688,1689,1644
"GNL2",2416,1982,1928,2822,2534,2373,3014,2281,2410,2593,2892,2299
"AGO4",482,531,545,358,389,473,556,525,437,468,420,462
"HOOK1",0,0,0,1,1,1,0,0,0,1,0,0
"CYP2J2",15,4,10,7,5,5,11,4,2,9,11,6
"BTF3L4",661,533,680,641,699,854,928,851,769,861,915,904
"TUT4",511,581,616,528,468,604,742,603,527,572,466,557
"PRPF38A",1220,1126,1100,1465,1407,1381,1710,1363,1454,1478,1597,1357
"DSC2",1,0,2,0,0,1,1,0,4,2,0,3
"DSG3",0,0,0,0,0,0,0,0,0,0,0,0
"RNF138",841,881,854,959,815,942,1145,843,921,1056,1126,1075
"ELP2",1389,1309,1447,1379,1353,1375,1890,1708,1628,1666,1608,1574
"DSG1",0,0,0,0,1,0,0,0,0,0,0,0
"DSC3",61,65,79,75,89,111,77,77,52,61,59,67
"DSC1",0,0,0,0,0,0,0,0,0,0,0,0
"DTNA",218,170,206,198,193,187,262,206,176,196,239,184
"FHOD3",22,18,18,14,22,22,27,21,23,10,29,25
"TPGS2",3136,2929,3573,3433,3505,4305,2962,2733,2512,2643,2582,2730
"DAGLA",459,444,484,479,485,524,512,385,407,478,404,429
"SLC43A3",932,828,907,1003,981,956,1123,975,862,935,1019,918
"TIMM10",1196,853,948,1178,1064,1213,1436,1994,1614,1427,1716,1360
"CBLIF",0,0,0,0,0,0,0,0,0,0,0,0
"DHX34",1435,1309,1273,1374,1203,1240,1585,1411,1307,1371,1304,1253
"APLNR",4,7,20,6,11,10,4,3,4,8,0,4
"FADS2",11348,11364,16040,10016,10513,13221,14407,14859,11971,12388,13028,13074
"TMEM258",1153,961,1069,1195,1080,1382,1493,1956,1398,1351,1737,1470
"TCN1",0,2,2,4,3,1,0,0,0,0,0,0
"C5AR2",0,2,0,0,0,1,0,0,0,0,0,0
"TMEM165",1879,1866,2191,2237,2175,2546,2159,1913,1757,1859,2000,2086
"CLOCK",721,692,779,764,686,909,633,424,350,423,440,507
"PDGFRA",5,6,7,22,20,25,6,5,6,8,5,9
"GGACT",64,65,86,77,83,61,127,121,115,109,130,116
"COL4A2",17644,17187,18653,18884,18898,22201,21029,18381,16459,16876,15282,17326
"CLDN10",2,1,2,2,6,3,8,5,2,1,1,4
"DZIP1",705,684,738,731,639,730,1052,765,745,869,842,822
"UBAC2",1070,866,1053,1110,1051,1158,1365,1372,1141,1233,1378,1219
"ARGLU1",2697,2622,2953,2125,2275,2322,3223,3218,2669,2886,2528,2653
"BIVM",210,238,214,189,199,196,288,278,227,251,226,231
"ERCC5",99,105,127,102,97,120,164,110,122,108,108,133
"TPP2",1731,1635,1680,2120,2176,2441,1777,1449,1261,1484,1323,1527
"POGLUT2",465,447,480,512,497,504,727,634,578,586,626,650
"CARS2",1106,1024,1066,1161,1075,1121,1160,1086,1050,1056,1163,1033
"ARHGAP32",220,244,259,244,244,293,292,228,210,213,179,248
"STT3A",7973,7256,7829,9041,8710,9597,9267,7010,6783,7793,7747,7064
"ADAMTS8",0,1,1,0,0,0,0,0,0,0,0,0
"ACRV1",3,0,0,1,0,0,0,2,0,2,2,6
"ETS1",4971,4387,4146,8089,7671,8551,5851,4093,4365,4735,5104,4544
"SLC37A2",129,131,113,95,87,80,134,98,98,126,129,99
"KLB",0,0,1,2,0,1,0,0,0,0,0,1
"TMED7",2029,1852,2023,3654,3837,4609,2704,2001,2035,2240,2473,2382
"APC",1316,1218,1401,1403,1322,1553,1473,827,845,862,854,1128
"NREP",1429,1396,1679,1398,1419,1645,2330,2107,1761,1880,2071,2057
"WDR36",1068,1004,1082,1249,1107,1192,1396,896,926,1064,1006,1010
"OSTF1",1335,1104,1258,1449,1415,1626,1600,1714,1395,1386,1564,1453
"RFK",1047,1070,1232,1377,1546,2412,2755,2861,2507,2261,2480,2761
"UBQLN1",4078,3802,4138,4767,4304,4705,4989,3640,3782,4331,4342,4176
"NAA35",767,782,861,856,817,845,1082,974,845,919,913,909
"C9orf40",161,150,151,166,148,157,299,327,294,311,307,276
"ANXA1",19656,17469,19607,19483,18522,20108,26633,25246,23759,24390,27715,23617
"CTSL",5734,4541,4569,5751,5224,4694,6189,4894,5066,5291,6309,4339
"CEMIP2",1806,1812,2104,4644,5042,5898,2672,1832,1801,1858,1841,2055
"AGTPBP1",365,323,423,401,361,424,503,408,389,429,417,427
"GOLM1",10938,9764,9660,10590,9731,9097,14853,9190,9857,11868,12647,9337
"ENTREP1",119,138,151,136,155,130,151,209,143,122,125,115
"PSAT1",681,593,772,1116,1159,1541,891,915,853,882,833,992
"ISCA1",560,527,463,594,534,607,625,566,537,587,645,643
"ADAM19",1073,1064,1501,640,696,879,1268,1244,1056,1026,920,1171
"HAVCR2",0,0,1,0,3,2,0,1,1,2,1,1
"CCNJL",362,291,370,256,261,293,519,502,501,439,456,459
"TAOK3",1458,1355,1462,1551,1464,1573,1057,932,756,961,951,910
"USP30",190,180,185,193,157,190,231,191,163,203,204,160
"SDS",0,0,0,0,0,0,0,0,0,0,0,0
"MSI1",0,0,0,0,0,1,0,0,0,0,0,0
"HNF1A",0,0,0,0,0,0,0,0,0,0,0,0
"FBXO21",1035,1013,1049,1027,877,955,1237,971,1003,1044,1024,1039
"TBX3",74,63,38,73,55,42,56,37,30,49,63,24
"OASL",11384,9662,4910,12364,8539,3059,5318,1302,2696,5440,7868,1693
"HRK",1,0,0,0,0,0,1,0,0,0,1,0
"RNFT2",16,25,19,11,16,24,27,29,31,36,20,32
"P2RX4",924,841,666,1024,900,683,948,639,715,827,1033,662
"BICDL1",0,0,3,2,1,0,1,0,0,0,0,1
"DTX1",1,1,2,2,1,2,0,2,5,0,1,0
"TRAFD1",1486,1338,1269,1380,1224,1091,1547,1178,1103,1331,1604,1065
"DMTF1",729,768,797,859,764,687,728,644,528,678,589,586
"OCM2",0,0,0,0,0,0,0,0,0,0,0,0
"TMEM243",368,368,367,575,640,774,572,630,489,468,524,478
"CCDC146",23,18,10,16,8,11,21,10,16,11,23,17
"TMEM60",372,280,344,342,318,330,456,465,449,435,448,373
"CD36",6,8,8,8,11,20,13,4,8,13,6,5
"UGT2A3",0,0,0,0,0,0,0,0,0,0,0,0
"CSN2",0,0,0,0,0,0,0,0,0,0,0,0
"UGT2B28",0,0,0,0,0,0,0,0,0,0,0,0
"PNPLA8",910,924,904,1758,1785,2020,1159,944,922,1022,1131,1043
"HILPDA",176,104,116,150,155,185,231,240,251,208,213,184
"GARIN1B",2,4,1,1,2,2,1,1,0,0,0,2
"RINT1",730,749,803,866,805,883,895,780,754,883,842,771
"SRPK2",1400,1403,1504,1333,1264,1402,1658,1407,1368,1427,1371,1590
"KCP",6,2,6,3,4,3,2,0,1,4,6,2
"TES",1125,1031,1023,1594,1656,2085,1522,1267,1263,1245,1220,1272
"MDFIC",311,332,391,284,262,344,407,363,298,382,386,455
"MTO1",521,515,544,622,618,567,556,494,506,579,577,511
"ADGRB3",1,0,0,2,0,0,1,0,0,0,0,1
"ANKRD6",50,58,66,46,46,60,52,64,47,54,44,57
"HTR1B",1218,1182,1272,1023,962,1106,1924,1361,1504,1476,1439,1576
"KHDC1",34,15,37,34,29,29,39,43,26,44,41,35
"CEP162",302,256,311,288,253,274,344,250,268,291,248,304
"SYNCRIP",2327,2097,2335,2621,2576,2649,3183,2917,2460,2659,2879,2976
"SNX14",318,333,338,344,368,390,419,330,298,301,344,321
"NT5E",12572,11321,10344,14534,13381,11438,14362,7256,8997,11558,12515,8255
"MRAP2",46,59,56,58,55,64,78,79,65,64,53,68
"EPHA7",17,11,19,14,16,21,19,18,11,14,28,17
"AKIRIN2",1259,1047,1057,1320,1250,1206,1365,1210,1244,1292,1347,1158
"ORC3",600,557,555,621,555,574,759,544,554,624,753,578
"LCA5",120,109,149,138,139,181,118,115,82,109,84,118
"MAP3K7",1233,1228,1389,1300,1267,1448,1759,1547,1541,1556,1471,1652
"CGA",0,0,2,0,8,2,2,3,2,2,0,4
"GJA10",0,0,1,0,0,0,0,0,0,0,0,0
"PRR5L",354,328,356,399,367,366,404,284,319,289,305,270
"LMO2",1040,1111,1483,1128,1207,1576,1283,1699,1190,1315,1326,1373
"PHF21A",1009,1003,1151,869,799,971,1140,930,800,891,870,955
"NAT10",2603,2326,2419,2672,2366,2329,3008,2349,2354,2657,2469,2242
"EHF",1,0,0,0,0,0,0,0,0,0,0,0
"ELF5",0,0,0,0,0,0,0,0,0,0,0,0
"PRRG4",7,11,8,10,7,4,14,2,7,10,10,7
"CAPRIN1",11492,11481,12704,11762,10965,12041,14218,10936,10355,11998,11248,12202
"ATP5MC2",3233,2615,3029,3087,3050,3558,4111,5300,4120,3896,4354,3908
"DNAJC14",733,635,653,703,665,736,876,688,661,751,755,745
"CD63",16595,13734,14230,16806,16409,17184,18949,20616,17420,17548,20887,17085
"PRPH",0,4,0,0,1,0,1,0,0,0,0,0
"AVIL",111,103,91,81,69,57,58,78,46,76,54,37
"AMHR2",1,0,1,1,0,0,1,0,0,1,0,0
"LACRT",0,0,0,0,0,0,0,0,0,0,0,0
"GDF11",393,416,535,475,502,725,526,576,503,495,471,553
"GLS2",1,5,1,2,0,1,1,0,0,1,0,0
"ITGA7",12,13,9,9,4,5,14,16,8,11,9,11
"TESPA1",0,0,0,0,0,0,0,0,0,0,0,0
"FAM186B",20,9,10,11,7,10,13,9,8,16,10,9
"RDH5",6,11,14,7,8,3,7,17,7,8,5,3
"AGAP2",3,2,1,3,3,5,4,2,7,3,4,2
"BLOC1S1",218,194,213,180,174,264,268,348,241,226,285,230
"KRT85",0,0,0,0,0,0,0,0,0,0,0,0
"CDK4",3282,2925,3200,3411,3226,3385,4199,4228,4049,3958,4356,3991
"PPP1R1A",0,0,0,0,0,0,0,0,0,0,0,0
"TROAP",882,941,961,696,753,830,1052,1284,967,1066,859,889
"TSPAN31",431,399,409,435,391,478,413,412,336,379,395,385
"B4GALNT1",8,7,6,7,8,13,9,8,12,10,4,4
"TFCP2",838,769,896,948,874,973,996,893,830,889,938,885
"COQ10A",92,109,109,113,123,121,146,175,111,170,141,145
"FAIM2",2,0,1,1,1,0,2,1,0,1,3,0
"PAN2",376,399,336,320,340,256,392,343,248,340,261,282
"ESPL1",1235,1126,1161,1279,1079,1057,1410,1156,1336,1304,1233,1108
"KRT7",3398,2858,3420,2931,2634,3051,4714,5522,4789,4429,4641,4809
"ZC3H10",285,303,309,317,313,337,401,348,328,378,396,369
"HNRNPA1",15031,13221,14735,15140,14983,17646,20991,23703,20555,19987,19973,20370
"ACVR1B",944,835,967,845,832,753,1515,1127,1166,1238,1241,1198
"OS9",7099,6248,6971,7587,7790,8829,8402,8313,7118,7494,7772,6914
"MIP",1,1,1,1,1,2,1,0,1,1,2,0
"KCNH3",14,16,13,16,13,6,20,7,6,4,10,8
"LTV1",840,720,698,790,763,799,976,856,860,941,943,863
"MAP7",10,13,22,11,6,12,10,8,11,10,5,11
"CD164",7157,6845,6960,7619,7447,7741,8300,6462,6358,7400,7795,7164
"AFG1L",78,69,47,56,66,58,94,87,67,80,73,74
"NHSL1",690,647,746,540,468,585,634,557,488,503,444,523
"AHI1",434,475,479,562,540,530,502,381,358,452,391,411
"HEY2",114,98,107,142,137,120,80,59,64,80,76,80
"PKIB",3,1,0,0,2,3,3,0,2,1,2,2
"TAAR5",0,0,0,0,0,0,0,0,0,0,0,0
"NMBR",0,1,0,0,0,0,0,0,0,0,0,0
"SMPD2",155,126,145,166,124,175,169,218,182,154,175,170
"MICAL1",588,582,596,433,483,407,684,881,619,651,542,520
"REPS1",761,651,688,816,727,741,967,707,699,851,833,781
"STX11",673,655,515,949,889,891,759,536,595,640,813,580
"TEC",1,6,6,1,2,1,5,2,1,4,2,4
"PRADC1",447,339,402,426,381,446,457,575,443,451,490,501
"SEMA4F",195,200,205,200,196,204,274,225,210,225,234,226
"CCT7",8934,7508,7646,9247,8520,8666,11154,10855,10695,10543,11127,9054
"EGR4",9,6,3,9,6,7,15,3,7,5,2,3
"RAB11FIP5",3860,3685,4002,3775,3591,3590,4282,3303,3394,3353,3709,3315
"SMYD5",1081,1053,1105,1139,998,1165,1402,1305,1231,1225,1298,1141
"DYSF",8969,8495,10253,8399,8852,10929,10794,9545,7834,7767,6771,8449
"CCDC142",537,507,485,390,405,357,475,593,394,491,371,381
"EMX1",2,0,0,0,0,0,0,0,0,0,0,0
"KCNMB4",19,22,25,14,13,20,27,53,45,37,31,32
"USP15",2395,2250,2243,2561,2321,2253,2704,2004,2123,2352,2492,2154
"GNS",8937,8966,9793,9466,9171,9461,10029,7278,7249,7765,7751,7871
"CPM",1,2,2,2,1,2,4,0,3,3,2,0
"MDM2",10319,10175,9667,9224,8934,8457,9451,6912,7178,8513,8003,7041
"KLHL36",735,753,858,715,645,781,941,883,774,798,728,796
"BCO1",4,7,5,1,5,6,11,6,8,7,4,1
"MPHOSPH6",455,404,361,527,390,433,534,517,504,511,607,535
"CHST5",4,1,1,1,0,0,0,1,0,0,1,0
"KIAA0513",191,168,158,577,621,648,191,129,129,187,188,163
"DYNC1LI2",3767,3454,3923,3355,3192,3430,4775,3996,3761,3885,3459,3874
"FBXL8",75,49,62,47,39,57,73,85,89,77,75,82
"FHOD1",3143,2780,3128,2649,2677,2860,3904,3851,3319,3172,3009,2978
"CCDC102A",168,159,178,117,104,136,178,246,186,164,230,201
"SLC9A5",108,92,86,77,83,70,105,113,78,108,75,67
"AGT",2,1,0,0,0,0,0,4,0,0,1,0
"PCNX2",146,121,182,139,147,124,168,137,126,163,148,154
"KCNK1",40,31,45,92,88,125,45,50,46,47,58,50
"URB2",412,310,312,419,373,387,535,340,379,371,387,395
"EGLN1",469,409,466,572,520,680,754,608,602,539,630,576
"CAPN9",0,0,1,0,0,2,0,1,1,0,0,0
"COG2",508,495,502,585,529,491,638,535,467,583,608,523
"ABCB10",538,538,573,593,588,632,680,475,496,534,530,538
"NTPCR",470,446,469,461,419,503,572,642,519,584,600,627
"TAF5L",843,768,884,1043,934,980,1027,780,861,869,851,954
"GLUL",3291,2959,3156,3210,2975,3213,4226,3395,3520,3707,3722,3400
"STX6",1396,1278,1456,1273,1146,1365,1347,1210,1108,1237,1310,1218
"RGS8",0,0,0,0,0,0,0,0,0,0,0,0
"RNASEL",72,64,85,87,77,102,124,77,97,121,87,80
"DHX9",7000,6347,6691,6892,6398,6735,9006,7970,7585,7499,7637,7247
"KIAA1614",27,32,31,30,27,30,44,33,41,32,39,29
"CEP350",965,981,1086,1099,1004,1099,1204,662,678,679,749,882
"NPL",28,26,21,27,29,30,37,27,19,23,45,26
"NIBAN1",139,110,92,241,173,269,143,74,80,115,99,108
"PIGC",433,370,393,458,381,406,522,536,492,498,544,464
"LAMC1",14896,14456,16549,18663,19207,23892,18279,13760,12251,12760,11685,14543
"RC3H1",443,367,420,446,386,414,431,345,292,367,370,333
"GPR55",0,0,0,0,0,0,0,0,0,0,0,0
"SP110",2470,2276,1858,2218,1947,1342,1996,938,977,1812,2244,888
"MRPL44",787,667,637,769,740,795,932,872,862,864,996,827
"CHRND",0,0,0,0,0,0,0,0,0,0,0,0
"PAX3",0,0,0,0,0,0,0,1,2,0,0,0
"DOCK10",2193,2136,1981,3913,3717,3465,2643,1464,1625,1826,1872,1723
"TTLL4",749,683,763,839,758,743,1013,842,763,761,751,817
"USP37",470,442,477,630,570,644,442,269,247,334,319,333
"HTR2B",56,63,88,55,71,88,88,88,63,67,78,92
"ITM2C",88,105,110,86,84,102,116,123,97,108,119,127
"SLC19A3",0,3,1,1,5,3,0,0,0,0,2,2
"SERPINE2",295,237,197,379,364,410,366,329,310,332,336,288
"DNAJB2",1329,1162,1257,1371,1303,1392,1274,1287,1248,1262,1310,1136
"WNT10A",0,0,0,0,0,0,1,0,0,0,0,0
"TMBIM1",6762,5972,6364,6420,5812,6111,7158,6201,6019,6402,7219,5722
"CYP27A1",150,135,173,121,124,161,142,157,124,130,139,134
"EIF4E2",2761,2281,2636,2683,2522,2856,3370,3479,3072,3229,3421,3119
"ARMC9",391,348,365,440,409,510,531,619,489,461,430,523
"CAB39",2555,2378,2415,3223,3179,3530,3300,2697,2765,2810,2785,2947
"COX5B",1962,1561,1646,1866,1749,1962,2184,2868,2281,2000,2602,2003
"REV1",822,809,910,830,799,902,1044,908,858,830,780,840
"TSGA10",22,20,21,18,20,8,16,18,11,15,25,23
"MFSD9",152,155,168,216,207,272,246,227,191,197,212,169
"TMEM127",2028,1867,2192,2122,2034,2356,2611,2108,2161,2290,2305,2116
"EDAR",0,0,0,0,0,0,0,0,0,0,0,0
"TGFBRAP1",2273,2456,3023,2117,2085,2548,2987,2670,2318,2375,2380,2732
"GCC2",728,712,800,819,816,981,947,665,592,682,664,671
"MRPS9",729,628,617,652,639,654,956,904,751,826,1001,851
"GPR45",0,0,0,0,1,0,0,0,0,0,0,0
"C2orf49",427,394,430,507,476,514,541,476,437,452,513,477
"ANKRD36",391,336,365,382,370,376,413,305,358,317,270,296
"EPC2",536,584,522,601,618,636,679,542,458,555,625,640
"ARHGEF4",3,3,0,1,3,1,1,0,1,0,0,0
"ISCU",1630,1453,1706,1530,1538,1752,2147,2534,2012,2006,2084,1958
"ALDH1L2",65,75,71,112,181,182,49,55,51,52,59,53
"STAB2",0,0,2,0,0,0,1,1,0,2,0,0
"USP44",21,18,25,23,16,33,32,28,25,32,23,40
"SCYL2",1661,1729,1898,2045,1975,2300,2146,1664,1561,1692,1629,1909
"CKAP4",12061,10641,11008,14432,13644,14894,15896,12702,12691,13751,15450,12294
"PLXNC1",3,3,6,2,5,4,3,3,3,3,3,7
"APPL2",390,324,401,446,456,539,353,356,311,320,331,326
"PWP1",2613,2331,2570,2758,2544,2772,3131,2864,2705,2784,2909,2701
"DRAM1",1466,1343,1464,1796,1785,1830,1965,1605,1607,1811,1802,1737
"WASHC4",3321,3490,3749,2945,3075,3312,4226,3354,2960,3348,3102,3766
"SLC41A2",216,206,232,336,320,300,302,155,153,223,223,185
"VILL",197,177,189,161,131,165,221,242,142,212,163,203
"FLNB",36076,34403,40343,30005,30267,36824,45846,35905,28526,30320,25563,33289
"NEK3",156,170,170,142,162,173,184,190,148,180,165,178
"PCDH8",4,1,0,3,0,0,0,0,0,0,1,0
"VPS36",965,971,1083,991,900,1030,1294,1037,1034,1099,1138,1170
"RNASEH2B",380,325,402,383,353,413,491,507,419,444,481,476
"CKAP2",1973,2045,2246,1893,1811,2057,2758,2380,2135,2613,2456,2716
"CNMD",0,0,0,0,0,0,0,0,0,0,0,0
"TBC1D4",2822,2888,3456,5024,4923,5845,4280,3484,3190,3498,3229,3556
"THSD1",1571,1525,1865,1212,1157,1234,2063,1718,1621,1629,1820,1727
"BORA",362,338,368,463,383,484,474,439,370,427,433,411
"LRCH1",441,433,462,593,593,712,558,373,372,444,407,417
"SUCLA2",749,678,782,774,720,839,917,834,779,906,852,842
"RCBTB1",671,688,733,576,545,597,813,666,705,746,616,702
"MED4",668,617,622,701,656,675,897,913,749,877,1016,847
"PHF11",809,757,771,782,716,539,725,500,516,704,843,525
"COG3",827,781,775,1065,1103,1055,1189,832,870,1017,948,907
"LMO7",894,909,979,844,803,850,1217,791,896,829,845,835
"SCEL",1,0,3,0,1,0,2,1,2,0,0,2
"ITM2B",6219,5899,6250,6809,6589,7218,8255,6785,6362,7337,8059,6785
"SPRY2",1117,926,847,1284,1091,1109,1255,1017,1155,1149,1230,1183
"NUDT15",625,532,541,714,647,736,929,864,862,849,891,842
"EDNRB",154,141,172,103,100,135,148,119,99,133,138,116
"RCBTB2",187,201,187,209,165,217,216,212,174,186,180,195
"LCP1",17,12,10,19,14,10,3,5,4,6,12,6
"SETDB2",167,158,152,139,152,167,177,157,121,128,132,141
"SCRN1",4290,4385,5282,4301,4154,4879,6226,5219,4851,5325,5035,5620
"C7orf25",22,14,23,14,21,22,24,22,24,33,27,21
"TNS3",248,265,283,331,281,358,402,294,262,244,229,339
"SPDYE1",0,0,0,0,0,0,0,0,0,0,0,0
"CHST12",660,556,761,648,634,922,877,924,749,819,813,825
"IGF2BP3",5945,5748,5879,5758,5428,5679,7497,5718,5686,6130,6352,6754
"GPNMB",23,5,18,10,18,20,16,24,11,19,18,21
"RAPGEF5",935,902,1014,1498,1597,2117,1415,718,795,928,869,874
"RAC1",6805,5992,6416,6692,6321,6792,8939,9747,8386,8469,9302,7953
"KDELR2",4785,4420,4756,6166,5762,6723,6215,5445,5050,5485,5828,5352
"NUP42",445,407,420,394,374,452,480,484,403,468,574,456
"IL6",313,267,219,683,562,603,288,270,254,310,350,268
"ZDHHC4",498,497,457,521,487,447,525,488,471,447,542,431
"AOAH",0,1,1,0,0,0,0,0,0,0,1,0
"BZW2",2417,2040,2330,2600,2491,2923,2862,2901,2798,2721,2850,2716
"DGKB",1,0,0,0,0,0,0,0,0,0,0,0
"TBRG4",1323,1156,1067,1310,1267,1156,1544,1331,1347,1346,1491,1190
"DDX56",2279,1887,1994,2412,2107,2120,2626,2400,2336,2392,2486,2113
"HUS1",385,352,385,512,469,498,453,378,358,438,492,435
"NACAD",27,27,28,41,25,47,49,46,35,37,40,45
"DBNL",2401,2043,2281,2404,2217,2429,2795,2689,2534,2497,2791,2313
"CCM2",2108,1848,2077,2106,2084,2250,2440,2506,2342,2197,2508,2121
"MYO1G",6,2,4,3,4,3,6,2,1,4,0,3
"TTYH3",11361,11352,13716,12466,12604,16369,15064,13373,12819,12493,11801,13308
"MMD2",0,0,0,0,0,0,0,0,0,0,0,0
"CIDEB",43,41,51,31,32,43,84,70,50,52,59,66
"TTC5",313,287,352,348,356,395,444,372,380,405,445,364
"NKX2-8",0,0,0,0,0,0,0,1,0,0,0,0
"NKX2-1",0,0,0,0,0,0,0,0,0,0,0,0
"ZFHX2",48,63,46,43,51,37,76,66,42,41,49,45
"MTHFS",97,109,129,111,130,130,145,165,154,139,187,164
"ADAMTS7",2513,2494,2668,2027,2229,2579,2987,3115,2420,2382,2183,2496
"ABHD17C",324,313,332,478,416,498,594,499,482,467,488,478
"IREB2",1641,1776,1857,1842,1694,1892,2320,1798,1684,1874,1704,1918
"ALPK3",1047,987,1168,909,979,1278,1091,957,823,836,735,1014
"TM6SF1",472,418,532,438,445,581,656,731,568,605,583,607
"CIB2",50,29,42,39,30,45,49,64,49,59,47,54
"CALCOCO2",1482,1446,1580,1579,1635,1560,1788,1498,1453,1619,1612,1397
"RSAD1",726,696,769,634,611,652,1124,1159,1036,1027,908,866
"NMT1",4321,3898,4357,4665,4394,4422,5185,4295,4201,4463,4651,4101
"MYCBPAP",27,30,28,19,9,15,36,33,30,35,28,30
"SRSF1",2184,1977,2141,2222,2123,2155,2804,2497,2356,2518,2571,2453
"VEZF1",1309,1295,1358,1380,1316,1334,1369,1055,932,1134,1165,1178
"CHAD",0,1,2,0,0,0,0,0,0,2,0,0
"TACO1",768,648,708,768,672,731,806,783,750,781,825,769
"TEX2",1288,1174,1204,1465,1319,1299,1644,982,1151,1150,1312,1188
"DCAF7",3400,3204,3762,3495,3424,3939,4140,3461,3233,3324,3286,3354
"GH2",0,0,0,0,0,0,0,0,0,0,0,0
"CSH1",0,0,0,0,0,0,0,0,0,0,0,0
"LIMD2",613,514,640,616,579,700,800,857,712,676,685,668
"BRIP1",310,295,330,284,228,239,396,247,240,282,283,272
"KAT7",977,1050,1101,976,975,1078,1150,871,873,1069,982,930
"RTP4",232,153,176,129,186,122,165,69,77,125,246,58
"ACTL6A",1600,1442,1571,1707,1551,1731,2148,1819,1957,2029,1976,1988
"NDUFB5",1134,1027,1000,1074,1091,1112,1208,1512,1233,1225,1458,1283
"MRPL47",1199,971,1008,1278,1152,1174,1429,1582,1315,1274,1557,1248
"TRA2B",4812,4335,4256,5413,4724,4743,5569,4815,4901,5133,5728,5091
"SCN2A",0,1,2,2,0,1,0,0,0,1,0,0
"TBR1",10,7,5,14,10,2,6,1,2,10,1,2
"MARCHF7",2387,2282,2197,2736,2258,2037,2522,1909,1953,2327,2373,2126
"ERMN",0,0,0,0,0,0,0,0,0,0,0,0
"GALNT5",0,0,0,0,0,0,0,0,0,0,0,0
"SCN7A",1,0,1,2,2,1,1,1,0,0,0,0
"TANK",1283,1247,1473,1302,1254,1408,1305,1204,1106,1225,1255,1419
"BLK",1,2,0,0,1,0,0,1,0,1,2,0
"GATA4",0,0,0,0,0,0,0,0,0,0,0,0
"SKIL",1657,1612,1593,1460,1262,1347,2059,1420,1500,1678,1521,1630
"EPRS1",4742,4266,4881,5697,5338,6074,6243,4805,4496,4962,4731,4979
"HLX",210,174,231,760,936,1230,337,331,248,285,284,301
"VPS45",527,440,443,452,449,457,551,431,423,449,427,432
"IL10",0,0,0,0,1,0,0,0,0,0,0,0
"KCTD3",1033,976,952,965,933,961,1283,1011,1041,1095,1071,1024
"RPS6KC1",1011,1061,806,1118,940,663,961,603,640,847,866,627
"ZNG1B",302,233,255,218,246,293,274,320,274,298,349,324
"IL36G",0,1,0,0,0,0,0,0,0,0,0,0
"IL1RN",0,1,0,0,0,0,0,0,1,2,1,0
"IL36A",0,0,0,0,0,0,0,0,0,0,0,0
"IL36RN",0,0,0,0,0,1,0,0,0,0,0,0
"IL36B",8,5,1,3,1,3,0,0,0,3,2,0
"IL1F10",0,0,0,0,0,0,0,0,0,0,0,0
"CFC1",0,0,0,0,0,0,0,0,0,0,0,0
"SMPD4",2517,2366,2637,2615,2354,2747,3236,2755,2493,2784,2569,2606
"WDR33",1992,1800,1871,1932,1772,1870,2239,1763,1732,1928,1903,1845
"CCDC115",626,563,611,572,578,652,775,769,678,682,791,638
"SAP130",1487,1430,1473,1496,1458,1517,1507,1230,999,1200,1182,1241
"BIN1",1694,1527,1801,1469,1372,1490,2068,2175,1795,1815,1928,1689
"IMP4",1990,1749,1650,2040,1815,1810,2417,2010,2229,2311,2274,1929
"HS6ST1",596,528,553,760,684,768,649,572,641,629,658,612
"UGGT1",3967,3699,4139,4711,4697,5419,4322,3284,3061,3243,3070,3438
"GYPC",85,61,88,81,66,103,96,118,117,71,117,102
"STAM",556,551,587,636,599,620,712,519,512,620,636,621
"GAD2",0,0,0,0,0,0,0,0,0,0,0,0
"ABI1",1736,1739,1918,1833,1748,1892,2112,1699,1518,1795,1991,1925
"YME1L1",6075,5595,5919,7276,6952,7247,6965,5549,5560,6187,6672,6157
"DNAJC1",1013,852,817,1315,1192,1171,1078,878,962,1021,1222,933
"NIPSNAP3A",447,458,492,541,521,659,550,612,587,508,610,543
"LRRC8A",4242,3833,4240,4209,3983,4359,6001,4523,4532,4681,4861,4506
"CDK9",1502,1382,1511,1389,1399,1613,1852,1940,1700,1673,1798,1678
"TXN",3069,2560,2554,3194,2982,3170,3481,4636,3664,3300,4040,3225
"ODF2",1391,1296,1450,1280,1260,1336,1748,1532,1302,1406,1419,1380
"ECPAS",4207,3931,4246,4434,4418,4594,5115,3694,3612,3814,3676,3865
"TOR1B",1141,990,1083,1101,1065,1084,1313,1085,1153,1197,1329,1107
"C9orf78",1523,1404,1449,1615,1435,1488,1951,1917,1647,1755,2002,1657
"SMC2",1295,1378,1504,1449,1493,1693,2037,1549,1627,1530,1521,1836
"KLF4",1289,1202,568,1668,1131,504,584,216,409,759,912,262
"TOR1A",1410,1233,1465,1481,1396,1580,1894,1899,1673,1694,1903,1750
"RALGPS1",34,29,53,47,31,44,63,61,57,53,49,54
"NIBAN2",17390,15089,17506,15972,15023,16762,20305,19077,18514,17316,19075,16236
"OR1J1",0,0,0,0,0,0,0,0,0,0,0,0
"OR13C9",0,0,0,0,0,0,0,0,0,0,0,0
"ST6GALNAC4",1428,1283,1351,2170,2156,2217,1636,1440,1317,1468,1592,1258
"TMOD1",41,52,44,36,45,40,58,39,42,35,49,35
"DAB2IP",2493,2401,2802,2251,2287,2751,3049,2744,2443,2441,2372,2594
"STXBP1",1242,1338,1520,1303,1252,1424,1624,1376,1256,1388,1229,1362
"SLC2A8",394,283,363,379,353,396,360,403,338,319,367,304
"ANGPTL2",691,592,722,692,665,725,855,628,613,630,709,667
"CDK5RAP2",1476,1462,1570,1501,1423,1422,1968,1561,1468,1517,1414,1470
"ZFP37",5,11,18,15,11,28,16,22,14,7,20,13
"SLC31A2",201,149,129,238,199,197,221,149,175,214,232,184
"SLC31A1",953,932,967,1397,1372,1681,1370,1048,987,1200,1182,1127
"TLR4",2831,2863,3034,4893,4508,4888,3674,2458,2554,3144,3073,3145
"ZNF189",383,314,387,460,454,539,450,422,291,358,379,368
"ALDOB",0,0,0,0,0,0,0,0,0,0,0,0
"STX17",476,539,532,481,462,493,580,429,392,486,469,476
"PRPF4",1127,991,900,1421,1200,1074,1628,1068,1295,1475,1444,1200
"FPGS",1728,1604,1748,1793,1760,2075,2060,2288,1934,2013,2218,1901
"USP20",688,630,624,652,606,596,776,717,633,652,638,642
"BAAT",4,2,2,4,3,2,1,1,4,3,5,2
"KIF12",5,1,5,4,2,0,3,1,1,5,0,1
"ATP6V1G1",2302,2142,1914,2690,2654,2770,2184,2227,2092,2298,2601,1976
"TEX10",1181,1049,932,1241,1001,796,1137,868,923,1109,1168,920
"GARNL3",61,61,39,38,47,41,49,42,43,50,40,40
"MRPL50",573,537,533,701,623,615,685,602,593,647,722,627
"DPM2",491,371,416,581,600,638,564,635,516,520,584,491
"WDR38",0,0,2,1,1,0,1,1,3,0,1,0
"TSTD2",416,342,392,431,362,408,449,357,343,391,371,392
"GABBR2",745,602,706,732,562,609,758,483,502,527,550,518
"HEMGN",1,0,0,0,0,0,0,0,0,0,0,0
"PSMB7",5216,4322,4529,5543,4904,5062,5805,5941,4865,5461,7118,5260
"NR5A1",0,0,0,0,0,0,0,0,0,0,0,0
"TRMO",215,196,190,245,240,208,211,228,186,235,192,196
"RABEPK",451,393,432,535,442,469,564,513,519,496,566,518
"GOLGA1",893,816,932,1033,928,1018,1139,789,807,917,885,817
"XPA",487,480,448,471,440,463,567,642,522,571,618,543
"NCBP1",1522,1437,1572,1751,1578,1741,1979,1608,1703,1687,1749,1789
"ANP32B",4555,3789,4085,4453,4145,4690,6251,8142,6726,6296,7197,6009
"OR1L4",0,0,0,0,0,0,0,0,0,0,0,0
"PDCL",1092,1013,1098,1015,944,1129,1306,1455,1193,1309,1334,1301
"RPL35",7053,6025,6174,7412,6844,7623,7816,9910,7749,7476,9805,7990
"CTSV",59,56,74,61,66,68,84,128,69,79,72,73
"LMX1B",0,0,0,0,0,0,0,0,1,0,0,0
"ARPC5L",2456,2036,2013,2404,2107,2078,2558,2597,2482,2535,2836,2232
"ENPP2",6,8,9,7,7,7,14,8,13,12,16,14
"DSCC1",119,101,114,144,106,113,189,155,153,178,191,162
"DERL1",1478,1359,1542,1736,1719,1906,1986,1566,1574,1832,1860,1684
"MYC",2042,1754,1695,2029,1858,1852,2771,2060,1976,2170,2369,2037
"CCN3",18,8,9,11,11,21,18,15,17,15,22,24
"IL33",84,88,124,105,84,105,91,85,58,69,62,90
"DMAC1",523,386,426,501,436,454,682,876,698,650,818,669
"RANBP6",1444,1468,1393,1692,1532,1504,1777,1344,1423,1514,1435,1468
"POLR1E",353,343,295,408,363,385,479,436,454,437,495,412
"PLAA",1510,1354,1404,1873,1580,1610,1680,1293,1244,1425,1511,1339
"IL11RA",62,64,68,34,51,41,64,97,59,53,58,57
"UBAP2",1767,1749,1825,1934,1719,1748,1896,1529,1358,1564,1551,1430
"APTX",829,668,693,906,793,821,1021,981,829,902,997,800
"RNF38",989,963,1108,945,860,947,807,649,593,696,647,731
"TLN1",19634,18112,20219,18544,17846,20498,22482,16569,14982,16634,14393,16047
"CCL21",0,0,0,0,0,1,0,0,0,0,0,0
"SIT1",0,0,0,0,0,0,0,0,0,0,0,0
"IFNA21",0,0,0,0,0,0,0,0,0,0,0,0
"DMRT1",1,1,3,1,3,1,5,3,4,2,5,9
"DNAJB5",642,562,396,905,660,581,445,321,373,490,605,362
"SPAG8",2,3,3,2,1,1,0,0,1,1,3,0
"DCTN3",1229,1056,1065,1292,1181,1245,1448,1646,1361,1430,1601,1379
"CD72",1,0,0,0,0,0,0,1,0,0,3,0
"TMEM8B",84,80,78,55,68,67,87,101,63,74,59,61
"GRHPR",1669,1518,1579,1656,1647,1835,1828,2089,1771,1794,1945,1645
"ALDH1B1",796,656,708,864,752,756,1067,762,874,853,936,810
"HINT2",178,157,150,184,148,204,205,266,245,196,247,185
"ARHGEF39",44,52,65,38,48,49,110,109,72,94,85,87
"IGFBPL1",3,2,2,1,0,3,4,1,6,0,3,2
"DENND4C",949,920,1018,1064,1035,1114,1135,722,759,789,753,852
"RPS6",22914,19752,20700,24227,23228,26583,25429,36310,28895,26212,30809,29074
"CNPY3",1494,1329,1540,1653,1648,1927,2029,2128,1890,1816,2013,1808
"FOXP4",1200,1084,1173,1044,1040,1178,1255,1062,1024,1045,1015,1021
"PPIL1",926,792,784,1247,1164,1379,1123,1065,959,1031,1189,986
"KLC4",265,260,297,253,255,270,366,414,318,355,330,315
"KIF13A",2609,2504,2898,4709,4625,5407,3316,2348,2416,2471,2329,2555
"ZSCAN9",447,376,300,461,402,342,452,339,325,380,403,320
"PIM1",114,105,145,156,119,152,126,124,110,115,150,132
"GMPR",2122,1920,1974,1772,1889,1820,2220,1593,1459,1780,2177,1318
"CMTR1",2752,2416,2450,2429,2404,2148,2601,1843,1773,2244,2245,1680
"TFAP2A",1,1,3,0,1,0,1,4,0,3,1,3
"SLC22A7",0,0,0,0,0,0,0,0,0,0,0,0
"YIPF3",2454,2204,2570,2558,2498,2779,2928,3065,2537,2670,3010,2516
"TMEM14B",863,774,766,931,786,991,999,1058,1029,993,1038,1024
"TMEM63B",704,755,787,858,838,991,899,880,680,763,744,735
"FRS3",65,52,87,64,69,84,95,113,81,71,70,89
"TJAP1",875,859,801,934,885,787,912,827,770,902,803,752
"CAPN11",9,8,7,7,5,1,11,10,8,11,5,8
"TINAG",0,0,1,2,0,1,2,0,1,1,0,3
"HCRTR2",0,0,0,0,0,0,0,0,0,0,0,0
"KIAA0319",5,1,2,3,0,2,4,0,2,0,3,5
"IRF4",1,1,0,1,0,0,1,0,0,1,2,1
"SLC22A23",119,92,130,128,170,248,169,151,140,113,123,125
"TUBB2A",1275,1064,1034,1452,1214,1120,1534,1359,1428,1390,1484,1155
"LRRC1",208,184,195,215,200,246,321,304,273,274,288,259
"GCM1",2,2,0,0,0,0,0,2,0,0,2,0
"FOXF2",0,0,0,0,0,0,0,0,0,0,0,0
"BPHL",244,231,213,217,198,245,267,270,260,227,211,205
"RIPK1",1349,1296,1376,1237,1226,1217,1495,1168,1071,1192,1264,1174
"TUBB2B",11,4,4,9,4,6,4,6,12,6,6,7
"UQCC2",569,424,479,530,534,613,706,808,631,649,684,672
"HMGA1",33884,29767,29831,36974,30857,32112,39557,31234,31961,36326,40540,33069
"TCF19",825,774,646,915,768,765,1266,991,1108,1256,1204,915
"FLOT1",2436,2033,2092,2222,2105,2227,2692,2635,2395,2521,2789,2453
"IER3",2325,1837,2103,2386,2342,2977,3116,3379,2664,3001,3286,3160
"MDC1",1224,1164,1214,1213,1072,1072,1363,1020,846,1083,957,1020
"PGBD1",376,355,405,406,353,328,445,401,351,354,405,376
"ATAT1",255,238,285,224,227,233,280,281,231,270,238,216
"TPMT",558,466,491,688,608,673,589,553,474,522,536,547
"CLPS",0,0,0,0,0,0,0,0,0,0,0,0
"RNF144B",2418,2284,2769,1638,1540,1927,3492,2952,2919,2913,2785,2941
"NRM",338,305,357,305,306,362,498,493,426,392,449,428
"MTCH1",9273,7975,8461,9638,8733,8979,9848,9881,9752,9607,10382,8017
"VARS2",52,47,38,35,29,24,54,45,49,48,23,29
"TAF8",564,519,624,511,473,495,637,603,541,599,661,639
"FAM8A1",280,309,357,387,426,524,426,355,298,353,361,393
"C6orf52",19,3,11,20,14,11,20,20,17,20,29,8
"FGFBP1",0,0,0,0,0,0,0,0,0,0,0,0
"FGFBP2",0,0,0,0,0,0,0,0,0,0,0,0
"CPEB2",618,646,644,788,690,674,580,391,380,447,433,372
"FHDC1",14,13,12,17,10,8,6,6,6,12,6,9
"TLR2",5,0,0,2,3,1,3,4,0,2,2,0
"MGARP",1937,2041,2427,1982,2064,2579,3586,4263,3678,3483,3994,3437
"TTC29",24,15,15,21,11,12,15,18,2,13,7,13
"MYO7A",108,91,93,52,74,84,94,99,78,82,64,73
"FCHSD2",1254,1210,1470,1275,1311,1550,1015,791,716,827,821,852
"ARRB1",4490,4299,5744,2773,3022,3976,7286,6618,6203,5750,5044,6032
"SLCO2B1",3,4,4,2,5,3,3,9,10,3,9,3
"THAP12",1692,1673,1612,1794,1707,1800,2108,1976,1971,2107,2089,2130
"ANKRD42",237,176,190,308,317,349,245,222,175,238,219,201
"IL18BP",728,651,699,598,568,477,802,426,410,592,581,384
"NUMA1",8184,8164,9891,6394,6394,7850,9384,8732,7329,7647,6898,8066
"CCDC90B",1957,1748,1916,2052,1922,2051,2301,2454,2150,2136,2550,2219
"SYTL2",20,15,19,14,11,11,23,7,17,21,12,14
"RAB30",1109,1147,1266,1347,1236,1454,1289,954,951,1086,1051,1301
"CREBZF",1183,1205,1136,1046,1062,971,1478,1328,1230,1316,1097,1091
"LRRC32",3448,2984,3354,2672,2353,2323,4314,3048,3030,3207,3182,2896
"PRCP",9448,9141,10085,9908,10043,10911,10737,9147,8283,9129,9686,8541
"NARS2",424,372,406,487,395,469,617,477,531,556,567,539
"RNF121",1859,1492,1487,2081,1848,1742,2243,1811,1829,1926,2123,1684
"MRPL15",2400,2166,2340,2473,2348,2722,3014,3258,3197,3008,3348,3000
"PI15",0,0,0,0,1,0,0,0,0,0,0,0
"TTPA",0,0,0,0,0,0,0,0,0,0,0,0
"GGH",1680,1590,1624,1722,1603,1802,2229,2391,2243,2170,2312,2214
"SLCO5A1",13,12,9,27,20,10,6,1,5,6,7,2
"SULF1",66,95,150,123,150,218,124,158,97,123,109,172
"TGS1",490,470,487,630,550,547,640,415,450,555,581,420
"SDCBP",7193,6861,6528,8348,7932,7728,8884,7483,7550,8117,8747,7459
"NEK1",452,446,399,492,456,442,498,394,365,384,400,381
"DDX60",5106,4879,3950,4870,4059,2704,3868,1693,2119,3083,3134,1835
"NXPE4",0,0,0,0,0,0,0,0,0,0,0,0
"SORL1",8,9,11,14,9,13,10,4,7,2,8,5
"TMPRSS4",0,0,0,0,0,0,0,0,0,0,0,0
"BUD13",703,632,631,691,601,664,876,697,722,763,777,739
"TRPC6",0,0,0,0,0,0,0,0,0,0,0,0
"MMP7",33,27,34,29,32,42,31,34,30,30,32,37
"MMP20",0,0,0,0,0,0,0,0,0,0,0,0
"MMP27",0,0,0,0,0,0,0,0,0,1,0,0
"CFAP300",0,1,0,0,0,1,0,2,2,2,1,1
"DCUN1D5",1781,1504,1541,2100,1995,2163,2037,2185,2057,1830,2195,1865
"YAP1",837,795,885,810,738,874,1045,840,767,755,844,905
"TRIM29",1,0,0,1,2,1,0,0,1,0,0,0
"SLC37A4",287,273,267,314,265,297,505,482,403,405,378,403
"BTG4",0,0,1,0,0,0,0,0,0,0,0,0
"POU2F3",2,0,2,0,0,0,1,1,0,0,0,0
"RDX",5891,6273,7300,8662,8849,11755,6537,5772,5326,6147,5694,6573
"PPP2R1B",1212,1136,1235,1366,1265,1488,2132,1782,1645,1784,1807,1830
"FDX1",651,587,579,826,847,955,772,888,783,747,835,706
"CFAP68",78,71,73,81,70,76,96,83,92,113,109,109
"FXYD6",7,6,2,2,5,6,4,7,5,4,3,5
"ARHGAP20",119,115,130,376,354,347,122,67,75,111,116,101
"FXYD2",4,5,5,4,5,0,2,7,8,5,6,1
"MMP13",0,0,0,0,0,0,0,0,0,0,0,0
"TMPRSS13",5,6,7,2,1,1,7,4,6,2,3,5
"CASP1",639,526,570,482,470,456,730,487,449,564,629,426
"CASP5",0,0,0,0,1,0,2,0,0,0,0,0
"ALKBH8",787,729,778,1078,921,924,1107,692,788,852,847,806
"MAP2K5",233,249,286,232,234,288,344,344,295,293,328,317
"UNC13C",0,2,1,3,1,0,0,1,0,0,0,0
"SQOR",831,679,827,827,801,789,887,787,639,724,939,622
"CTDSPL2",806,802,801,842,851,925,862,649,686,770,822,831
"SLTM",2317,2281,2406,2617,2407,2662,2921,2599,2440,2592,2463,2567
"THBS1",185741,183540,210000,213307,225033,284719,245060,203906,163567,176572,156506,187910
"MAPKBP1",2146,2032,1974,1807,1704,1662,2335,1945,1598,1932,1612,1637
"NUSAP1",57,53,43,50,49,52,79,75,51,74,72,80
"NDUFAF1",512,430,407,491,444,427,616,574,558,569,628,472
"KIF23",1390,1377,1523,1234,1250,1516,2330,2001,1933,1938,1840,2041
"ITGA11",84,103,114,70,98,113,136,112,72,103,90,126
"KNL1",990,1020,1111,842,817,1023,1527,1124,996,1095,972,1318
"HAUS2",1036,934,946,1143,1007,961,1080,978,1020,1079,1130,1092
"RTF1",2140,1966,2120,1966,1955,2115,2681,2625,2229,2413,2481,2448
"PARP6",836,785,763,822,711,703,916,803,679,832,758,704
"RPLP1",25316,20666,22170,24698,24269,27152,27681,39911,29219,26846,33590,26590
"PAQR5",4,2,2,4,4,3,7,4,0,2,1,6
"LRRC49",115,134,142,181,168,173,139,127,111,101,149,118
"TUBGCP4",461,432,437,466,374,422,520,419,396,461,393,445
"RMDN3",1306,1072,1060,1371,1186,1334,1506,1393,1389,1320,1510,1211
"ITPKA",17,17,15,18,14,9,54,40,45,38,39,27
"UACA",4253,4801,5672,7783,8353,10694,4279,4116,3433,3857,3745,4436
"SMAD6",271,213,272,195,175,160,260,262,247,260,205,232
"PLCB2",26,16,25,17,16,15,26,23,17,22,25,17
"TMEM62",844,715,688,828,732,668,868,505,592,685,801,540
"PAK6",0,2,0,1,1,0,0,0,0,0,0,2
"ADAM10",4002,4016,4876,4873,5175,5972,5671,4247,4026,4461,4393,5017
"DUOX1",0,0,0,3,2,0,0,1,0,0,0,0
"SLC28A2",0,0,0,0,0,0,0,0,0,0,0,0
"STRA6",0,0,0,0,0,0,0,0,0,0,0,0
"CYP19A1",0,0,0,0,0,0,0,0,0,0,0,0
"ZNF280D",232,199,261,253,233,239,278,267,210,236,277,273
"SEMA6D",40,46,67,137,154,178,55,37,36,58,48,49
"BCL2L10",11,8,6,4,2,1,30,13,15,17,11,13
"RSL24D1",1287,1090,1217,1497,1494,1746,2023,2237,2140,1936,2274,2131
"SPTBN5",3818,3590,4080,3155,3102,3102,4093,4113,3342,3261,2704,2680
"GCHFR",46,42,59,46,49,69,80,116,78,81,83,86
"BCAR3",1709,1514,1539,1582,1439,1420,2173,1650,1577,1714,1792,1549
"TTLL7",65,72,76,115,119,128,92,90,68,67,60,88
"FNBP1L",1616,1629,2088,1587,1625,1994,2212,1911,1711,1806,1874,2318
"KYAT3",554,536,576,559,579,588,675,641,539,579,617,561
"GTF2B",474,467,449,529,545,574,589,530,480,636,679,490
"BRDT",0,0,1,0,0,0,0,1,0,0,1,0
"RABGGTB",1319,1235,1146,1455,1429,1398,1684,1783,1631,1677,1745,1529
"IFI44L",7338,7397,8456,6597,6813,5557,7690,3364,3746,6079,6599,3332
"GIPC2",445,457,583,392,403,514,444,582,384,408,442,497
"ARHGAP29",11787,11652,12357,11714,10741,12018,15185,10395,10953,11383,11410,12682
"IFI44",5179,4681,4496,4646,4603,3233,5534,2974,3248,4930,5860,2611
"SLC44A5",29,28,36,27,23,32,37,35,26,28,18,29
"CLCA2",0,0,1,0,0,1,0,0,0,1,0,0
"DNASE2B",1,0,1,0,0,0,0,0,0,0,0,0
"DBT",396,341,413,382,359,378,420,358,335,338,372,405
"RTCA",1326,1217,1384,1581,1354,1563,1698,1594,1461,1513,1637,1393
"IFT172",715,699,753,585,652,696,908,785,646,740,612,651
"SELENOI",751,855,760,1032,1021,1102,1213,797,899,828,892,935
"CGREF1",22,24,25,27,28,29,27,23,23,20,30,28
"HADHB",2444,2217,2341,2482,2342,2612,2848,2989,2528,2573,2709,2512
"KHK",59,43,55,54,58,51,79,92,71,59,79,73
"ADCY3",924,841,843,961,879,870,1055,813,840,881,893,821
"PPM1B",391,388,380,416,471,544,496,499,395,455,496,456
"PNPT1",3424,3100,2675,3414,3463,2531,3144,1846,1814,2797,3214,1933
"DYNC2LI1",149,134,142,189,145,177,194,190,158,165,206,193
"LHCGR",0,0,0,0,0,0,0,0,0,0,0,0
"THUMPD2",403,368,335,429,346,256,293,242,250,337,346,257
"CYP1B1",7,15,13,28,36,31,11,6,10,8,12,9
"SULT6B1",0,0,0,0,1,0,0,0,0,0,1,0
"RAB1A",5642,4946,5637,7031,6777,7622,7111,6844,6129,6538,7076,6685
"ACTR2",9201,8902,9698,9873,9332,11018,10980,9332,8821,9541,9432,10462
"PREB",1766,1498,1605,2386,2460,2632,2194,2077,1956,2021,2164,1871
"SLC5A6",902,787,811,942,812,744,1127,957,920,975,894,836
"ABCG5",0,1,0,0,0,0,0,0,0,0,1,0
"PREPL",911,912,1148,1178,1119,1397,1138,979,868,949,921,1125
"SLC3A1",0,0,0,1,0,0,0,3,0,3,0,1
"EMILIN1",19,21,24,26,34,39,39,28,17,28,21,18
"FBXO11",1763,1694,1789,1793,1722,1966,1879,1453,1307,1503,1381,1540
"SIX3",0,0,0,0,0,0,0,0,0,0,0,0
"ATRAID",1358,1109,1219,1369,1352,1388,1553,1492,1384,1480,1634,1439
"CENPO",1045,997,1032,1153,1165,1245,1531,1108,1103,1249,1241,1238
"LRPPRC",5215,4887,5157,5418,4945,5113,6333,5229,4943,5315,5262,5332
"TRIM54",2,3,1,0,0,0,2,1,3,2,1,1
"DTNB",139,127,153,143,113,158,201,170,140,199,190,172
"ACTR1A",5318,4655,5699,5244,5188,6140,6765,6888,6393,6209,6279,5894
"CYP2C9",0,2,0,0,0,0,0,0,0,0,1,0
"MFSD13A",48,48,44,48,37,41,64,70,49,67,44,56
"CYP2C8",0,0,0,0,0,0,2,0,1,0,0,1
"MYOF",15481,14904,17533,18477,18292,21288,19688,14802,12999,14486,12933,14946
"LOXL4",14,21,22,12,17,28,29,15,14,18,20,21
"STAMBPL1",27,24,12,30,34,25,22,17,23,24,29,13
"CH25H",5,3,3,5,14,7,5,5,2,5,9,1
"LBX1",0,0,0,0,0,0,0,0,0,0,0,0
"ATAD1",735,747,700,883,785,763,885,657,682,854,736,692
"BTBD16",4,11,11,9,5,6,5,1,8,5,3,3
"KIF11",1494,1434,1640,1548,1319,1653,2077,1675,1691,1790,1671,1888
"CUZD1",5,5,11,2,5,2,5,5,3,4,6,3
"TACC2",1487,1422,1544,1929,2030,2166,1843,1688,1531,1546,1555,1516
"DUSP5",1380,1213,878,1935,1701,1477,1333,745,933,1123,1456,808
"CALHM2",260,291,367,249,281,352,281,305,227,218,223,256
"ARL3",454,379,449,423,457,554,560,754,574,481,622,623
"CEP55",2063,2048,2353,2168,2080,2454,2629,2420,2256,2358,2527,2752
"KIF20B",1056,1094,1175,1101,1060,1191,1541,1102,1059,1218,1218,1291
"ENTPD1",229,251,293,327,331,406,339,260,224,246,262,265
"EXOC6",2062,1965,2223,2347,2251,3018,3312,2927,2717,2718,2705,3173
"PLCE1",0,0,0,0,0,0,0,0,0,2,0,0
"RBP4",0,1,0,2,1,1,0,1,1,2,0,0
"DBR1",373,303,355,414,339,353,461,356,378,412,400,364
"DNAJC13",3790,3512,3995,3865,3677,4125,4173,2780,2704,2896,2774,3139
"GPR87",1,0,0,0,2,0,2,1,3,1,0,1
"ANXA7",2675,2393,2699,2909,2842,3061,3652,2994,2815,3022,3303,3053
"FAM149B1",432,348,423,441,368,419,494,416,356,467,420,447
"ASCC1",436,428,526,470,435,507,604,544,476,550,528,594
"PLA2G12B",0,1,1,0,0,0,0,0,0,1,0,0
"ZNF365",28,13,16,19,9,14,28,11,16,27,16,20
"OIT3",5,3,5,2,2,1,0,2,1,2,0,0
"ADAMTS14",0,0,0,0,0,1,0,0,0,0,1,0
"RPS24",11985,9838,10615,11850,11337,12671,13557,17808,13517,13404,15649,14157
"TET1",23,32,27,23,25,34,23,22,15,16,15,14
"DNA2",273,245,232,275,243,223,398,267,285,356,320,352
"MYPN",70,58,54,82,45,39,82,44,56,73,73,45
"AOX1",70,60,41,67,46,27,64,35,39,54,53,47
"ATIC",1617,1434,1322,1560,1353,1313,1975,1583,1550,1691,1770,1523
"SMARCAL1",943,810,864,844,828,810,1121,890,786,915,936,936
"BARD1",177,177,191,187,187,156,210,128,130,198,160,166
"STAT4",13,9,17,16,11,12,17,5,13,13,18,8
"MSTN",0,0,0,0,0,0,0,0,0,1,0,0
"CARF",41,50,62,38,42,49,65,58,46,39,42,62
"ASNSD1",827,778,831,1036,926,924,1097,930,945,1073,1165,994
"METTL5",712,631,670,754,708,694,887,904,790,806,952,870
"SSB",4809,4362,4704,4986,4681,4751,6281,5822,5162,5726,6449,5520
"NAB1",516,527,640,686,713,928,760,645,644,637,611,717
"CDK15",0,0,0,0,0,1,0,1,0,0,0,0
"PPIG",2102,1920,1875,2130,1885,1931,2372,2264,1749,2175,2314,2013
"FASTKD1",278,300,308,259,281,269,373,332,314,305,331,315
"MDH1B",11,7,9,7,7,6,7,9,7,12,6,9
"HECW2",4671,4466,3956,6889,6380,6504,4640,2391,3000,3810,3830,3039
"IDH1",2383,2255,2615,2479,2414,2651,2758,2617,2209,2495,2661,2420
"OLA1",2336,2168,2326,2644,2419,2660,2881,2561,2458,2729,2944,2924
"CIR1",668,661,647,626,706,659,887,838,646,805,953,749
"ITPRID2",7256,7855,9663,8792,8684,10528,12184,10098,9742,10278,9966,11469
"CHRNA1",45,73,97,35,56,70,52,109,60,89,80,112
"FAM117B",86,65,85,48,52,47,59,82,72,66,44,80
"WDR12",706,646,631,763,614,681,878,830,758,836,893,765
"ABI2",1136,1103,1294,1176,1157,1410,1657,1487,1331,1274,1327,1514
"ITGAV",4810,4990,5428,7833,8348,10284,6858,5578,5286,5267,4902,6571
"SLC40A1",1405,1514,1809,3087,3383,4296,1859,1641,1427,1753,1650,1571
"SLC35A5",668,675,772,795,759,868,837,752,620,769,827,931
"SLC49A4",264,271,305,254,254,307,262,213,242,228,215,216
"SENP7",263,237,304,195,179,235,272,242,190,258,218,265
"GUCA1C",0,0,0,0,0,0,0,0,0,0,0,0
"CCDC54",0,0,0,0,0,0,0,0,0,0,0,0
"COX17",191,141,157,180,161,195,203,293,236,187,216,178
"PARP9",3798,3660,3508,3552,3417,2746,3654,1613,1891,3202,3611,1852
"MNS1",82,67,81,90,75,72,119,105,85,100,104,100
"USP8",1491,1410,1464,1641,1562,1676,1734,1268,1182,1373,1282,1436
"SECISBP2L",1278,1250,1371,1710,1537,1989,1647,1115,1061,1193,1075,1286
"TMOD3",1856,1878,2089,1674,1630,1850,2496,1967,1918,2059,2034,2163
"SPPL2A",1047,1056,1080,1082,1077,1153,1537,1350,1210,1377,1437,1237
"GLCE",2933,2818,3271,3411,3154,3599,3419,2673,2619,2800,2812,3308
"SHF",21,20,24,17,20,24,23,31,33,24,25,29
"APH1B",481,462,599,471,509,674,662,670,614,627,599,721
"INTS14",1073,974,1035,1062,1034,1068,1228,1106,1159,1084,1090,1053
"CILP",2,2,0,0,3,0,2,0,0,0,0,0
"PARP16",86,88,75,108,95,106,84,83,76,104,93,83
"PPCDC",291,266,301,335,278,348,353,374,356,339,398,301
"HCN4",0,0,0,0,0,0,0,0,0,0,0,0
"SEMA7A",28,28,19,52,34,47,45,33,35,38,38,24
"UBL7",568,559,609,637,523,607,772,725,698,664,770,684
"ARHGAP24",4204,3924,3669,5333,4791,4735,4487,3053,3449,3971,4042,3510
"FAM13A",219,189,194,168,186,161,244,153,159,218,208,191
"HERC3",38,32,20,32,30,32,22,21,30,26,33,33
"HERC6",5126,4448,4162,4904,4226,3107,4960,1994,2631,4153,4531,2093
"HERC5",1802,1624,942,1784,1198,520,1198,426,615,994,1428,413
"PCDH10",5116,5938,8867,8598,9936,14993,7478,8970,6908,7392,6988,9396
"NDST4",3,1,0,1,1,0,0,0,0,1,1,0
"ZGRF1",209,209,201,213,221,183,261,190,205,210,200,204
"AP1AR",665,625,738,692,693,788,924,820,826,896,817,825
"COPS4",1018,949,1047,1045,988,1303,1202,1343,994,1063,1176,1183
"HNRNPD",7454,6628,7036,7052,6901,7877,10196,10453,9259,9285,9922,9379
"PRKG2",0,0,0,0,0,0,0,0,0,0,0,0
"RASGEF1B",30,22,24,19,29,24,34,12,11,18,19,16
"SEC31A",6766,6362,7177,9114,8901,10199,7670,5532,5178,5951,5704,6061
"FGF5",212,211,163,460,397,270,249,116,146,195,223,156
"GPAT3",389,312,336,369,359,401,534,356,457,428,475,384
"IL21",0,0,0,0,0,0,0,0,0,0,0,0
"FGF2",738,815,912,679,602,636,1091,707,617,793,829,779
"BBS7",472,477,413,549,551,603,537,446,444,495,458,488
"BLTP1",1074,1082,1360,1216,1140,1517,1528,874,936,885,846,1206
"BMPR1B",72,49,37,99,61,43,64,37,50,35,61,41
"RAP1GDS1",1671,1407,1633,1708,1633,1671,2036,1614,1552,1715,1760,1765
"LARP1B",758,672,634,1262,1246,1360,813,663,675,682,780,743
"MMRN1",23303,23107,27183,24615,25353,30297,30866,21118,19218,23515,22894,26390
"PDE5A",55,45,62,159,173,215,96,97,75,65,74,118
"PRDM5",127,114,122,109,104,159,140,119,107,102,133,136
"TRPC3",0,0,0,0,0,1,0,1,2,2,0,0
"NAAA",498,456,520,547,489,563,592,497,513,533,562,518
"NUP54",932,834,841,1009,917,1016,1050,919,843,986,1007,1012
"CXCL9",8,5,20,11,9,21,21,3,11,7,10,12
"BMP2K",1480,1509,1571,1329,1299,1377,1808,1346,1217,1339,1295,1499
"G3BP2",3998,3857,4454,4259,4109,4851,6192,5239,5104,5405,5021,5524
"SEPTIN11",4035,3888,4451,4131,4073,4737,5189,4160,4092,4156,4458,4747
"FRAS1",415,434,561,519,471,684,532,356,325,328,274,438
"SCARB2",8522,8170,8802,9135,9114,9547,10871,7169,7116,8484,8960,7602
"CCNG2",450,525,601,591,672,892,583,684,546,643,533,611
"CNOT6L",1061,1117,1314,1372,1252,1618,1309,1155,973,1054,1045,1187
"USO1",3254,3207,3840,4467,4417,5551,4389,3605,3139,3667,3731,3977
"CDKL2",7,10,9,12,15,12,6,1,3,3,8,10
"SHROOM3",9,7,4,15,11,10,1,2,10,4,6,4
"ANXA3",1769,1732,1783,1826,1742,1826,2303,2287,2229,2250,2393,2444
"PPA2",896,787,825,940,822,979,1077,1266,1062,998,1055,1054
"CENPE",1361,1452,1635,1358,1192,1611,2130,1524,1351,1555,1516,1943
"GSTCD",238,236,192,299,274,283,291,194,215,252,255,217
"INTS12",540,530,504,683,540,502,562,505,474,551,582,495
"ENPEP",2,3,0,0,3,0,1,1,1,0,0,0
"CASP6",608,588,676,487,475,593,725,836,684,764,793,844
"LEF1",0,0,0,0,0,0,0,0,0,0,0,0
"HADH",440,393,424,430,424,482,551,521,517,552,565,584
"EGF",3,2,2,1,4,1,4,0,0,0,0,0
"PAPSS1",1514,1453,1568,2061,1998,2222,2058,1760,1691,1789,1809,1726
"SEC24B",1477,1400,1480,1579,1467,1589,1796,1328,1247,1362,1299,1415
"C4orf17",0,0,0,0,0,0,0,0,0,0,0,0
"PPP3CA",1246,1272,1532,1558,1674,2157,1874,1766,1532,1507,1551,1915
"SLC39A8",129,93,121,119,132,145,175,113,125,139,120,110
"MTTP",0,2,0,0,2,1,3,1,1,1,0,0
"FBN2",2881,2567,2794,2807,2617,2768,2824,1715,1616,1621,1471,1748
"MAPK8IP3",3297,3079,3336,2962,2859,2685,3516,3183,2844,3045,2665,2492
"RGS3",4255,3913,5002,6143,6395,8751,4533,5100,4242,4456,4472,4671
"GUCD1",2860,2598,2893,2845,2668,2820,3154,2682,2601,2866,2916,2608
"TTLL8",0,0,0,0,0,0,0,0,0,0,0,0
"RNF185",1262,1187,1230,1687,1400,1446,1246,975,1025,1142,1295,1116
"SHISAL1",6,12,12,13,6,8,13,8,14,10,13,9
"PARVG",1,2,2,2,1,0,3,2,2,0,3,1
"B4GALNT3",2,1,3,4,2,0,0,2,2,1,2,1
"PDE6H",0,0,1,2,0,0,0,0,0,0,0,0
"ERP27",12,8,4,9,5,8,4,8,8,11,6,7
"ETV6",901,859,981,695,696,783,1114,918,803,887,809,872
"GABARAPL1",1945,1855,1937,2065,1964,2289,2227,2301,2021,2138,2282,2134
"KIF21A",367,362,400,573,501,532,436,332,383,330,312,327
"CPNE8",341,332,307,342,299,332,376,265,261,310,306,306
"YARS2",595,573,586,664,593,632,717,723,623,671,789,676
"FGD4",770,744,890,1159,1056,1332,1005,887,801,803,784,1034
"ALG10",79,74,69,98,87,106,124,76,98,111,113,103
"PIK3C2G",0,0,0,0,0,0,0,0,0,0,0,0
"SINHCAF",741,778,760,957,831,999,1117,871,921,1078,1046,1041
"PLCZ1",4,1,0,2,0,0,0,0,3,3,2,1
"AEBP2",670,627,659,755,751,865,958,760,735,811,775,848
"SLCO1C1",2,2,3,1,0,5,4,1,0,0,1,2
"ETFBKMT",52,40,63,40,33,49,63,53,45,64,62,50
"ETNK1",652,782,724,889,800,877,884,788,748,777,743,843
"ZCRB1",909,771,801,942,823,995,967,1269,889,907,1140,1035
"TMEM117",14,12,17,18,6,13,9,9,5,8,12,13
"PRICKLE1",1846,1942,2415,2087,2077,2567,2488,2255,2092,2251,1973,2230
"C1RL",372,360,457,358,350,463,494,457,356,404,403,425
"NDUFA9",698,543,630,719,676,679,864,857,692,793,897,642
"CLSTN3",464,495,475,693,772,869,614,502,397,489,450,504
"KLRG1",228,215,298,154,216,280,243,342,245,225,248,282
"VAMP1",87,85,116,73,80,69,76,106,79,93,58,60
"TAPBPL",748,616,619,708,563,560,742,591,585,630,684,441
"CD27",1,0,1,2,4,1,0,0,0,0,0,0
"RBP5",1,1,0,5,2,8,3,1,0,0,5,0
"PEX5",730,652,694,959,978,1011,772,756,684,714,737,588
"PIANP",1,2,1,0,1,1,0,3,2,1,2,3
"SLC38A4",2,5,3,1,4,0,8,3,2,2,4,1
"AMIGO2",470,521,711,916,883,1177,735,805,600,673,644,713
"SCAF11",2388,2289,2634,2427,2283,2646,3187,2421,2092,2433,2247,2629
"COL2A1",0,1,1,0,0,2,0,0,0,2,0,3
"PPFIA2",0,0,0,0,0,0,2,0,0,0,0,0
"ANP32D",0,0,1,0,0,0,0,0,1,0,0,0
"LLPH",628,592,579,628,608,634,859,959,719,773,928,801
"LRIG3",1657,1849,2042,2095,2156,2772,2103,1844,1504,1795,1686,1684
"MARCHF9",64,54,64,42,53,68,72,90,69,61,84,72
"INHBE",0,0,0,1,2,1,0,0,0,0,0,0
"GLIPR1",1608,1503,1301,1981,1718,1739,1489,1052,1017,1371,1449,1261
"TPH2",3,3,1,0,1,0,2,2,0,0,0,1
"PHLDA1",4464,4384,4554,5089,4454,4672,3901,3964,3338,3937,4142,3743
"TMEM19",315,354,417,331,356,398,463,531,421,382,450,502
"LGR5",1,0,0,0,0,0,0,0,0,0,0,0
"PTPRQ",0,0,1,2,1,0,0,0,0,0,1,1
"DUSP6",2426,1994,1971,4472,4278,4966,3219,2382,2705,2648,2853,2751
"POC1B",248,241,278,279,272,296,276,225,203,254,230,250
"TMTC3",608,601,665,824,737,768,947,637,709,718,713,732
"LUM",15,21,44,12,19,34,15,34,15,22,19,29
"KERA",0,0,0,0,0,0,0,0,0,0,0,0
"SNRPF",971,752,834,956,866,963,1298,1616,1225,1284,1460,1169
"AMDHD1",3,1,1,1,0,1,1,0,0,0,0,2
"NEDD1",755,716,652,889,850,904,924,669,788,850,831,864
"SYCP3",2,3,4,3,1,5,1,4,1,2,0,2
"ASCL1",0,0,0,0,0,0,0,0,0,0,0,1
"GAS2L3",755,757,745,715,668,723,504,489,346,514,405,508
"TMEM132B",1,3,1,0,2,0,2,1,0,0,2,0
"SLC15A4",695,638,725,704,685,696,921,767,745,817,812,746
"TDG",1014,912,994,1330,1199,1294,1464,1169,1202,1233,1356,1265
"RITA1",718,622,630,907,846,864,811,732,663,746,742,690
"SDSL",543,382,410,525,497,399,526,574,496,522,618,398
"MMAB",495,443,538,451,479,518,561,736,556,540,610,587
"GLTP",1617,1545,1677,1654,1615,1757,1753,1725,1535,1581,1871,1597
"GIT2",1246,1203,1490,1176,1107,1342,1548,1319,1164,1229,1245,1344
"TCHP",875,877,790,792,775,746,1061,871,857,918,897,860
"FAM222A",60,45,24,90,71,83,39,29,37,50,39,26
"FOXN4",0,0,0,0,0,0,0,0,0,0,0,0
"NUP58",1360,1327,1189,1812,1509,1626,1821,1224,1278,1526,1558,1605
"MTMR6",1260,1262,1192,1682,1601,1914,1574,1136,1276,1333,1233,1428
"SLC46A3",108,107,146,161,132,146,113,96,103,84,110,111
"SLC7A1",2470,2347,2402,4677,4788,6188,3540,2068,2364,2333,2423,2483
"PDX1",0,0,0,0,0,0,0,0,0,0,0,0
"LNX2",353,349,391,442,374,416,459,365,360,389,371,420
"SUOX",527,546,689,535,580,627,432,478,389,406,368,402
"CCDC65",1,4,4,1,2,3,2,3,4,1,5,2
"SLC39A5",3,1,1,0,0,0,1,1,1,2,1,2
"TARBP2",968,905,1050,1041,931,1170,1285,1493,1255,1171,1364,1198
"RDH16",1,1,1,1,2,1,1,0,1,1,0,0
"DHH",121,76,104,85,98,112,139,97,93,102,95,98
"ACVRL1",10275,9297,10945,7345,6966,7843,11125,11157,9709,9258,9504,9520
"GPR84",2,9,2,2,4,2,3,5,5,5,5,1
"NPFF",26,20,30,17,13,12,19,36,26,23,14,7
"NABP2",1155,1004,1176,1097,1075,1266,1409,1525,1410,1352,1507,1389
"N4BP2L1",26,22,21,15,17,27,25,19,13,15,15,17
"CELA1",1,0,0,0,0,0,0,2,0,0,0,0
"SMARCC2",1920,1862,2247,1690,1602,2125,2656,2457,1955,2187,1999,2212
"BRCA2",470,480,481,462,457,484,608,312,354,403,392,431
"KANSL2",919,756,753,903,776,744,990,902,816,921,890,731
"CERS5",1144,1053,1118,1231,1173,1287,1293,1281,1163,1132,1249,1064
"MAP3K12",584,664,785,479,552,569,676,882,619,619,532,587
"ITGB7",0,2,1,2,4,2,4,1,2,2,2,1
"GALNT6",2532,2364,2427,2550,2273,2438,2935,2210,2225,2251,2460,2278
"CSAD",163,165,162,97,116,100,157,226,124,145,99,92
"LMBR1L",1311,1274,1345,1159,1216,1299,1450,1612,1270,1408,1377,1255
"MYG1",41,26,29,49,41,34,36,22,28,32,36,39
"ESYT1",6399,5904,6971,5988,5988,6838,7455,7117,6418,6150,5812,6071
"TMBIM6",13557,11995,12734,14103,13072,13876,16234,14074,14250,14671,15516,13535
"ANKRD52",3319,3273,3542,3151,3058,3272,4135,2986,2944,2944,2445,2917
"KRT71",0,0,0,0,0,0,0,0,0,0,0,0
"ZNF740",746,809,794,749,637,708,1047,915,854,937,916,852
"SMIM2",0,0,0,0,0,0,0,0,0,0,0,0
"WDFY2",313,276,300,257,278,301,384,322,287,310,328,322
"HNRNPA1L2",0,0,0,0,0,0,0,0,0,0,0,0
"LPAR6",401,411,448,561,657,639,393,348,309,393,418,386
"ESD",1561,1381,1473,1576,1550,1616,1907,1884,1800,1780,1994,1776
"RB1",916,980,955,1264,1225,1177,1154,742,883,1024,1022,1056
"SBNO1",1130,1111,1296,1207,1028,1220,1793,1516,1445,1514,1363,1527
"MORN3",11,8,11,8,9,12,7,15,7,11,22,12
"SETD1B",1882,1761,1734,1743,1698,1532,1858,1332,1273,1463,1010,1144
"VPS33A",547,481,519,521,504,526,668,592,541,616,611,574
"VPS37B",1860,1601,1724,2412,2283,2580,2090,1966,1837,1902,2013,1899
"RHOF",509,470,479,501,455,427,720,623,566,604,563,483
"DENR",1547,1614,1665,1651,1613,1819,2160,2278,1961,1964,2122,2138
"DIAPH3",1070,973,998,1083,1048,1166,1380,1059,1106,1176,1135,1173
"SLAIN1",39,38,47,39,46,62,37,40,30,44,38,38
"RBM26",1360,1356,1477,1457,1394,1460,1857,1533,1311,1412,1327,1518
"SRRM4",1,1,0,0,0,1,0,1,2,2,1,1
"METTL21C",0,0,0,0,0,0,0,0,0,0,0,0
"MBNL2",2073,2165,2404,3142,3312,3931,2611,1925,1928,2196,2077,2436
"RNF113B",0,0,0,0,0,0,0,0,0,0,0,0
"ZIC5",0,0,0,0,0,0,0,0,0,0,0,0
"ABHD13",527,547,492,603,593,679,575,519,505,536,575,566
"RAB20",27,12,16,18,9,23,26,34,21,19,32,22
"GRTP1",0,1,0,0,0,0,1,0,0,0,0,0
"CUL4A",2838,2675,2666,2676,2649,2632,3353,2987,2790,2803,2935,2702
"TTC6",7,7,8,12,8,3,14,7,4,8,4,9
"SSTR1",49,33,35,46,26,44,57,31,45,38,39,36
"CDH24",672,654,739,670,624,740,926,994,802,883,839,879
"REM2",8,12,12,7,1,5,8,5,9,7,13,6
"CBLN3",128,129,146,66,68,49,103,181,112,119,87,112
"TSSK4",3,0,0,0,0,2,0,0,0,0,0,0
"NOVA1",55,47,67,80,73,74,97,82,76,91,87,69
"FITM1",5,2,3,2,1,0,2,3,3,5,2,3
"MDGA2",0,0,0,0,0,0,0,0,0,0,0,0
"TMX1",1664,1604,1620,1883,1804,1814,2151,1601,1678,1887,2128,1764
"FRMD6",4429,4272,5031,3639,3258,3678,5383,4546,4209,4291,4281,4864
"PELI2",130,109,146,59,87,125,143,143,122,128,103,131
"RTN1",2,0,1,6,6,1,12,2,8,1,4,4
"ARMH4",15,17,20,16,12,24,23,18,15,14,16,28
"SYT16",17,26,12,20,17,11,23,7,11,12,14,9
"SLC38A6",218,197,178,226,212,200,198,168,157,208,181,164
"NAA30",1159,1206,1279,1030,950,1076,1674,1442,1282,1440,1406,1464
"ADAM21",11,6,7,3,10,0,9,6,5,6,6,10
"RDH12",0,0,1,0,1,0,0,0,0,0,2,0
"DCAF5",1390,1358,1524,1298,1282,1339,1610,1264,1148,1330,1265,1249
"RAB15",1437,1410,1842,1367,1439,1808,1980,2148,1791,1764,1726,1944
"WDR89",398,306,357,373,336,354,496,389,410,404,415,382
"ESR2",14,20,17,18,6,5,11,5,13,11,5,5
"KCNH5",1,0,1,0,2,1,0,0,1,0,0,0
"STON2",0,0,0,0,1,0,0,2,0,1,0,0
"EFCAB11",121,95,98,72,67,107,139,146,120,134,150,125
"GPR65",1,0,3,0,0,2,0,1,0,0,1,0
"PTGR2",75,63,69,58,54,82,103,79,59,79,66,89
"JDP2",13,14,20,62,108,135,26,30,26,18,34,25
"AK7",7,7,5,9,11,20,8,8,6,11,8,12
"FAM181A",0,0,0,0,0,0,0,0,0,0,0,0
"SLC24A4",0,0,1,1,0,2,1,4,1,2,0,2
"FBLN5",63,89,76,76,73,75,82,74,95,80,87,73
"SERPINA10",1,1,0,0,0,0,0,0,1,0,0,0
"CLBA1",147,150,132,163,169,162,193,175,185,140,136,138
"WARS1",12694,11792,12936,14694,15896,17200,12914,8031,7103,9754,11207,8235
"SLC25A47",0,0,0,0,0,0,4,0,0,0,1,0
"WDR20",578,481,521,583,514,539,502,404,357,467,494,455
"NIPA2",1102,1022,1031,1212,1251,1466,1480,1313,1256,1280,1411,1332
"SLC12A6",890,989,958,930,870,847,1043,748,697,755,723,799
"DUOXA1",1,2,2,0,1,0,0,1,0,1,2,0
"MFAP1",1403,1226,1298,1460,1376,1309,1740,1504,1447,1522,1660,1318
"TCF12",2031,2121,2424,2114,1957,2343,2532,1870,1729,1999,1857,2328
"SORD",430,432,447,419,400,402,443,338,369,389,382,328
"SERF2",6518,5549,6239,6619,6442,7275,8233,11943,8943,7856,9403,7780
"ZSCAN29",352,368,374,320,332,336,430,389,319,361,321,318
"DUOXA2",0,1,0,0,0,0,0,0,0,0,1,0
"DUOX2",0,0,1,1,0,0,0,0,0,0,1,0
"LYSMD2",124,121,117,196,219,225,213,202,199,202,213,181
"SLC27A2",1,0,0,1,0,1,1,3,1,0,1,0
"FGF7",1,1,1,0,0,0,0,0,0,1,0,0
"HDC",0,0,1,0,1,0,0,0,1,1,0,0
"GCNT3",0,0,0,1,0,0,0,1,0,0,0,0
"BNIP2",2141,2124,2351,2545,2652,3284,2931,2758,2589,2704,2644,2751
"GTF2A2",1121,1003,1020,1179,1154,1243,1291,1280,1089,1227,1421,1284
"SRP14",4657,4187,4561,4799,4728,5454,5582,6092,4975,5318,6239,5541
"BAHD1",1078,1004,1046,1023,967,1053,1349,1223,1084,1104,1138,1040
"DISP2",29,26,25,17,18,24,35,31,31,18,29,27
"CDAN1",608,543,532,475,528,542,688,721,616,655,612,618
"TLE3",1428,1267,1414,1279,1207,1274,1436,1231,1056,1204,1124,1071
"ANP32A",3213,2705,3415,3107,3033,3914,4056,4828,4016,3903,3982,4019
"COMMD4",1184,893,1082,1096,971,1065,1370,1944,1487,1370,1521,1185
"UBE2Q2",1175,1194,1281,1220,1312,1534,1418,1303,1102,1194,1342,1438
"PSTPIP1",0,0,0,0,0,0,0,0,0,1,1,0
"ETFA",2039,1764,1829,2210,2000,2172,2182,2254,2043,2115,2376,2168
"BCL2A1",43,20,9,77,55,33,54,20,43,43,75,21
"HMG20A",868,887,1054,1105,1020,1210,913,742,727,796,795,822
"SCAPER",117,104,130,124,150,139,157,128,107,130,114,142
"TSPAN3",5741,4965,5474,6549,6300,7033,7326,6774,6471,6486,7166,6032
"SKIC8",771,644,707,745,775,703,908,876,850,851,887,743
"NCOA2",219,280,329,184,228,272,289,197,201,202,200,229
"NEIL1",159,181,180,62,108,99,159,265,143,154,107,100
"MAN2C1",2346,2301,2267,1786,1811,1864,2611,2968,2103,2473,1926,1939
"DNAJA4",685,725,584,678,646,571,674,468,498,544,550,481
"TLNRD1",2560,2250,2207,3639,3496,3834,3177,2617,2828,2676,3015,2598
"TPM1",7090,6620,7233,6351,6153,7006,9434,9862,8834,8740,9170,8640
"IGF1R",1317,1156,1291,1220,1146,1300,1705,1211,1285,1219,1200,1243
"ARRDC4",30,20,20,36,25,15,28,20,29,25,35,18
"PIF1",446,442,547,260,287,320,514,831,512,552,370,439
"USP3",1115,1053,1091,1321,1192,1251,1466,1139,1132,1303,1341,1271
"CYP11A1",0,3,0,1,0,0,0,0,0,0,0,1
"BBS4",246,162,234,196,168,163,224,193,184,177,214,184
"PML",5991,5703,5462,5303,5067,4379,5162,3586,3382,4259,4460,3216
"CYP1A1",220,209,262,147,122,129,160,194,165,179,179,163
"ADAMTS17",7,2,5,3,2,0,5,2,5,3,6,5
"LINS1",325,317,290,389,300,249,296,215,219,275,305,238
"ULK3",824,751,842,783,691,734,940,969,852,819,863,815
"GOLGA6D",0,0,0,0,0,0,0,0,0,0,0,0
"PCSK6",4,6,4,2,5,5,4,1,3,5,2,4
"CCDC33",0,0,0,0,0,0,0,0,0,0,1,0
"CELF6",0,0,0,0,0,0,0,0,0,2,0,1
"SCAMP2",2177,1936,2223,2239,2150,2578,2639,2348,2140,2382,2428,2105
"CYP1A2",1,1,0,0,0,0,0,0,0,1,0,0
"LMAN1L",3,1,1,1,1,1,1,2,1,1,0,0
"HAPLN3",1203,988,1280,1055,1187,1351,1613,1602,1305,1296,1395,1226
"RHCG",0,2,0,2,3,1,0,1,1,1,4,2
"POLG",3188,2876,2831,3167,2796,2935,3531,2816,2941,3087,3068,2750
"RLBP1",0,0,0,0,0,0,0,0,0,0,0,0
"FANCI",1534,1320,1542,1607,1484,1418,1931,1535,1526,1634,1570,1561
"ABHD2",1392,1367,1556,2065,2047,2339,1342,933,942,1026,963,1142
"WDR93",0,0,0,1,0,0,1,2,2,0,0,0
"TICRR",481,463,539,468,411,424,667,514,497,493,455,536
"NTRK3",0,0,0,0,0,0,1,1,0,0,0,0
"DET1",19,15,11,5,18,15,20,18,12,11,8,18
"MFGE8",555,494,605,521,491,620,645,744,638,580,602,572
"ZNF710",750,723,702,785,728,806,905,652,705,669,693,656
"UNC45A",3832,3365,3761,3653,3442,3692,4500,4571,4111,4142,4226,3625
"ST8SIA2",71,70,87,52,50,78,90,89,52,76,60,65
"MCTP2",31,32,33,50,63,57,33,23,16,37,34,34
"FURIN",5601,5266,5753,5875,5470,5980,6436,5048,5242,5516,5597,5271
"IQGAP1",12293,12320,13929,13810,13302,15783,14960,10749,9854,10671,9797,11953
"CRTC3",944,862,988,869,868,854,995,760,732,818,777,844
"EFL1",1071,999,916,1120,877,797,1138,901,862,1000,1027,888
"SH3GL3",0,1,0,0,0,1,1,0,0,0,0,1
"SEC11A",2520,2242,2318,2718,2621,2778,3081,3410,2991,2800,3393,3029
"SEPTIN12",0,0,0,0,0,0,0,0,0,0,0,0
"GLYR1",3599,3348,3643,3704,3425,3679,4255,3558,3419,3788,3739,3735
"PMM2",1981,1733,1960,2282,2131,2303,1934,1656,1555,1802,1881,1515
"SLC5A2",1,1,0,2,0,0,0,1,0,3,2,1
"ITGAX",13,9,13,10,11,9,16,12,8,12,7,10
"TGFB1I1",1409,1398,1412,1216,1154,1362,1647,1830,1507,1518,1512,1502
"RUSF1",1234,1078,1253,1371,1317,1405,1476,1388,1192,1343,1313,1107
"ARMC5",962,747,863,896,815,849,1098,1258,1126,1064,1099,973
"PARN",735,719,755,791,661,701,927,822,826,830,866,765
"FTO",440,412,451,431,463,464,509,402,394,468,451,419
"UQCRC2",3074,2700,3092,3340,3117,3363,3474,3178,2769,3290,3440,3112
"CDR2",1782,1602,1662,2492,2230,2540,2120,1870,1897,2142,2146,1925
"IGSF6",0,0,0,1,1,0,0,0,0,1,0,0
"ARHGAP17",3732,3422,3618,4024,3610,4211,4631,3625,3328,3610,3581,3547
"MYLK3",0,6,2,3,3,3,3,7,2,2,1,2
"ABCC12",0,0,0,0,0,0,0,0,0,0,0,0
"NKD1",20,22,18,29,17,19,12,5,7,9,10,5
"DHX38",3964,3580,3522,4070,3790,3718,4208,3884,3403,3722,3707,3254
"TXNL4B",398,360,397,431,421,387,420,380,379,427,463,408
"MARVELD3",0,0,0,1,0,0,0,0,0,0,0,1
"CHST4",0,0,0,0,0,0,0,0,0,0,0,0
"ZFHX3",517,433,528,483,408,517,496,299,317,272,323,343
"CLEC18B",2,5,3,2,2,4,2,4,0,1,2,0
"CPNE2",1803,1577,1820,1812,1845,2246,2136,1972,1791,1960,1888,1900
"NLRC5",3041,2878,2656,2435,2490,1755,2746,1520,1456,2164,2199,1123
"KATNB1",413,351,437,436,465,532,603,595,530,556,526,505
"KIFC3",1686,1458,1407,2154,1917,2028,1905,1745,1700,1779,1981,1470
"ADAMTS18",1040,1056,1584,1554,1600,2180,2144,1894,1597,1443,1382,1963
"NUDT7",50,51,49,35,29,50,77,78,63,57,60,60
"GCSH",68,67,73,89,78,78,82,128,92,95,98,103
"CMTM3",1000,885,997,959,949,1098,1412,1505,1143,1188,1297,1303
"CMTM2",2,1,1,1,0,1,2,4,3,0,2,0
"CDH11",1522,1511,1735,2587,2722,3091,2309,1796,1773,1901,1817,1818
"NOL3",259,223,228,211,241,263,304,388,302,263,291,264
"MAP1LC3B",4145,4052,3903,5036,4826,5026,5085,4848,4572,4816,5241,4655
"MBTPS1",2813,2778,3343,2925,2811,3514,5604,4836,4740,4739,4694,4900
"CDH13",653,653,708,757,735,834,894,725,648,781,727,786
"ZCCHC14",1009,1004,994,1774,1853,2227,1058,845,813,854,749,930
"MEAK7",555,514,634,580,545,611,753,612,567,596,649,588
"ADAD2",2,1,4,1,0,0,2,0,0,2,0,0
"OSGIN1",1423,1151,884,1722,1318,1038,949,574,755,951,1113,614
"IRF8",6,2,0,4,1,2,0,2,2,1,0,0
"RHOT2",2302,2060,2081,2030,1927,2039,2526,2865,2381,2406,2301,1991
"RPL3L",0,1,0,1,0,0,2,2,2,2,0,1
"ZSCAN32",399,397,361,471,441,376,508,356,414,435,427,367
"RPS2",31898,26100,29830,32408,31160,36174,37624,47947,40530,37474,44399,39181
"NDUFB10",1598,1471,1583,1677,1600,1862,2162,2713,2053,2085,2357,1960
"PDPK1",1219,1179,1289,1382,1311,1413,1692,1122,1172,1262,1214,1255
"TIGD7",203,195,204,217,189,250,225,197,185,242,211,198
"DEF8",2076,1823,1849,1978,1830,1854,2256,2356,2145,2099,2249,1940
"TCF25",2965,2730,2972,3047,3136,3425,3522,4030,3340,3255,3391,3048
"GALNS",972,917,980,962,981,1052,1078,1062,999,1038,1047,1061
"GAS8",427,411,467,410,395,422,465,494,379,446,401,376
"MED9",343,318,325,347,309,325,305,239,235,248,330,275
"NCOR1",3394,3379,3947,3845,3426,4102,4158,2930,2818,2801,2801,3247
"COPS3",1516,1514,1374,1800,1608,1777,1682,1590,1548,1596,1726,1669
"GID4",440,429,523,534,485,568,582,513,490,506,533,509
"ZNF287",60,52,50,61,67,63,104,102,79,85,79,72
"MYOCD",0,0,0,0,1,0,0,0,0,0,0,0
"KSR1",1509,1486,1560,1290,1136,1266,2351,1871,1827,1775,1580,1725
"UTP4",2089,1813,1715,2134,1875,1828,2475,1753,1848,2271,2285,1953
"RANBP10",1330,1236,1305,1219,1132,1151,1440,1101,993,1246,1122,1041
"CTRL",5,2,1,4,1,0,2,3,0,1,1,1
"DPEP3",1,0,0,0,0,0,0,1,0,0,0,0
"GFOD2",1236,1100,1300,1030,1062,1174,1564,1671,1375,1437,1400,1373
"NOB1",2064,1793,1787,2128,1809,1889,2478,2183,2071,2257,2558,2044
"PRPSAP2",648,599,613,659,646,656,801,853,776,760,829,723
"UNC45B",0,1,0,0,0,0,0,0,0,0,0,0
"PCTP",348,310,315,347,303,373,455,423,419,404,446,389
"OR4D1",0,0,0,1,0,0,0,0,0,0,0,0
"TOM1L1",23,33,29,40,22,20,35,30,24,32,29,17
"KIF2B",0,0,0,0,0,0,0,0,0,0,0,0
"MTNAP1",506,464,534,557,558,575,644,528,482,600,579,543
"TOB1",491,470,475,521,598,594,405,373,398,430,436,437
"VPS53",1219,1092,1141,1136,1163,1160,1109,956,823,922,866,838
"SPATA22",5,5,6,2,5,2,7,3,1,7,9,3
"SGSM2",1739,1821,1856,1549,1543,1580,1870,1856,1589,1623,1481,1555
"NPEPPS",2526,2504,2601,2309,2339,2443,3299,3158,2629,2577,2532,2673
"SKAP1",23,18,31,19,13,23,23,39,20,28,29,25
"LRRC46",6,5,7,1,8,4,3,9,4,7,7,5
"SCRN2",145,141,174,130,118,151,211,273,198,166,158,180
"SSH2",1835,1794,1984,2811,2844,3484,2452,1730,1708,1731,1749,1935
"RHBDL3",0,1,0,0,0,0,0,4,0,1,1,0
"SPACA3",2,0,0,2,0,0,0,0,0,0,1,0
"ARSG",57,73,79,71,57,87,113,74,63,92,84,84
"ABCA8",9,4,20,10,3,7,8,3,12,4,8,4
"G6PC3",1361,1166,1242,1407,1253,1577,1395,1259,1285,1268,1395,1241
"CLTC",13365,13295,14608,14406,13691,15560,16645,13245,11427,12324,10723,12707
"CHCT1",0,0,0,2,2,2,5,2,2,2,5,3
"BCAS3",105,106,142,113,110,134,177,168,131,163,134,147
"PTRH2",692,655,635,811,772,817,891,914,881,895,959,796
"SS18",1369,1352,1640,1346,1382,1527,2050,1805,1543,1749,1666,1806
"TAF4B",111,88,81,116,115,89,143,56,92,104,110,96
"AFG3L2",1930,1781,1771,2047,1857,1935,2323,2301,2197,2124,2279,2037
"PRELID3A",141,120,133,138,143,146,117,134,135,124,142,138
"IMPA2",20,22,38,14,24,27,49,35,37,42,51,49
"GNAL",13,9,11,10,7,7,9,9,3,6,13,5
"SLC39A6",590,610,568,656,569,550,1006,774,875,822,963,831
"RPRD1A",1010,953,1039,1115,1044,1209,1022,884,804,865,943,895
"C18orf21",310,263,301,281,294,274,360,365,301,350,372,367
"GALNT1",12647,12583,14864,14219,14336,16617,18840,15759,15114,16215,16599,17388
"ASXL3",10,6,5,8,8,3,12,4,8,10,6,9
"ADCYAP1",1,0,2,1,1,0,2,1,0,0,0,0
"MEP1B",0,1,1,1,1,0,3,0,3,0,0,0
"SLC25A52",0,0,0,1,0,2,0,0,0,0,0,0
"GAREM1",28,40,17,42,24,31,41,18,13,18,35,20
"ESCO1",434,401,458,552,563,557,527,426,383,421,471,456
"OSBPL1A",544,510,537,525,521,605,593,518,519,497,522,505
"GATA6",667,655,607,842,729,743,867,653,705,811,793,693
"GREB1L",269,269,294,261,221,235,419,254,242,270,243,313
"RMC1",772,694,621,867,749,746,788,736,733,738,789,678
"PELP1",2400,1900,2050,2212,1985,1959,2738,2585,2445,2363,2445,2071
"NPC1",2242,2170,1987,2426,2294,1959,2535,1667,1695,1802,1763,1656
"SLC14A1",0,0,0,0,0,0,0,0,0,0,0,0
"ARRB2",262,290,336,283,287,333,400,409,397,417,372,377
"SLC13A5",1,0,0,1,0,0,0,1,0,0,0,0
"ZMYND15",8,3,5,9,11,12,14,1,4,5,12,4
"WRAP53",646,570,539,714,573,544,891,866,745,769,836,661
"MINK1",3489,3411,4131,3142,3217,3705,3789,3794,3071,3343,2757,3108
"SAT2",635,514,630,574,621,618,642,887,730,657,659,570
"ASGR1",91,90,95,101,89,77,129,155,128,111,105,68
"PIK3R5",1,1,0,0,0,0,1,0,0,0,0,0
"TP53",2356,2314,2638,2235,2222,2628,2992,2998,2709,2902,2786,2881
"CCDC40",16,18,18,27,20,23,23,32,19,16,9,21
"ARHGDIA",16773,14488,15491,17738,16028,17146,20038,17349,17944,18798,19830,16546
"TMC6",401,326,340,277,286,293,412,401,392,362,354,315
"SLC16A3",3989,3463,3949,4021,3540,3961,4207,3861,3592,3812,4240,3639
"CARD14",1,0,2,5,2,0,5,0,4,2,1,1
"TTYH2",46,34,53,49,46,41,48,40,28,48,40,35
"RAB40B",104,91,92,104,106,132,122,172,131,116,121,116
"EIF4A3",3410,2745,2754,3541,3190,3140,4048,3357,3585,3859,4239,3364
"CSNK1D",4658,4176,4210,4663,4252,4434,5787,5202,4847,5084,5180,4531
"ANAPC11",1652,1326,1424,1641,1576,1742,1855,2466,2016,1837,2155,1688
"TBCD",2604,2269,2548,2453,2376,2607,3114,3019,2714,2701,2549,2531
"FN3KRP",833,720,717,776,742,701,1015,959,959,973,1009,797
"NARF",1900,1694,2047,1691,1866,2042,2184,2902,2276,2030,2338,2129
"RPTOR",1512,1473,1622,1624,1406,1524,2129,1432,1614,1640,1524,1482
"FOXK2",2486,2283,2640,2443,2217,2685,3034,2552,2478,2444,2709,2530
"TRIM65",829,779,820,743,634,722,1075,1060,926,859,907,838
"CBX8",85,68,62,117,121,134,89,112,98,71,82,75
"SECTM1",771,564,462,572,524,374,823,283,346,673,889,276
"RNF157",1,0,0,1,1,0,2,1,1,2,2,1
"CEP131",425,376,370,337,340,378,455,581,482,491,419,417
"ZNF750",9,5,9,13,6,4,8,4,6,14,20,13
"WDR45B",2835,2512,2819,3239,3018,3523,3359,3010,2869,3163,3327,3032
"CBX4",524,456,415,594,542,573,535,467,444,524,544,442
"ARK2C",0,0,0,0,0,0,0,0,0,0,0,0
"DYM",786,745,852,901,846,967,943,774,735,851,825,826
"MAPK4",0,0,1,0,1,0,0,1,0,0,0,1
"ELAC1",144,141,125,143,135,149,211,193,157,157,197,159
"MBD1",2645,2492,2333,2722,2493,2497,2757,2354,2272,2533,2490,2158
"SMAD4",943,924,1030,980,957,1074,1249,1048,934,1068,1098,1001
"TNFRSF11A",615,671,756,673,714,876,808,721,615,681,734,703
"ZCCHC2",1287,1310,1320,1453,1434,1376,1342,860,922,1071,1149,1045
"FBXO15",1,3,1,3,0,0,2,0,3,4,3,3
"CBLN2",12,7,5,18,9,6,4,3,1,6,5,2
"PMAIP1",4906,4687,2236,5569,4013,1943,3347,1468,2386,3907,4622,1675
"P3H4",1370,1204,1384,1342,1221,1407,1793,1714,1625,1531,1707,1557
"NT5C3B",1048,925,1031,1051,1001,1113,1264,1415,1196,1151,1332,1229
"RETREG3",802,683,781,728,667,703,947,916,781,782,901,797
"ERBB2",559,491,613,462,504,624,742,692,686,630,605,569
"GRB7",1,2,2,1,1,1,2,1,1,2,0,1
"MIEN1",446,403,408,419,415,495,610,679,604,539,656,563
"PNMT",0,0,0,0,0,1,1,0,0,0,0,0
"ARL5C",0,0,0,0,0,0,0,0,0,0,1,0
"STAC2",1,0,0,0,0,1,0,0,0,1,0,0
"IGFBP4",9644,7783,9439,7437,7748,8855,11638,12704,10494,10162,11347,9697
"FKBP10",3162,2987,3343,3245,3151,3507,3916,3932,3330,3631,3629,3189
"TXNL4A",1644,1352,1498,1788,1637,1881,1822,2353,1867,1766,2240,1955
"CACNA1A",40,30,26,33,33,21,40,53,29,21,39,28
"MISP3",12,9,8,1,2,4,5,4,3,8,3,7
"SAMD1",511,431,525,445,407,453,717,766,634,625,659,715
"BRD4",3207,3250,3163,2887,2840,2963,3315,3109,2311,2896,2426,2522
"SLC39A3",611,483,481,615,521,549,795,667,730,695,766,647
"NFIC",2842,2629,2931,2970,2845,3147,3293,2793,2617,2631,2541,2525
"TPGS1",331,281,348,408,460,532,453,614,469,459,512,442
"PLPP2",230,185,192,201,199,219,276,270,259,208,241,203
"ZIM3",0,0,0,0,0,0,0,0,0,0,0,0
"PRDM15",325,303,358,334,316,351,407,343,359,333,301,384
"PFKL",4556,4212,4805,4276,4257,4880,5443,5694,4758,4746,4815,4480
"FEM1A",1216,1073,1055,1329,1182,1202,1444,1044,1199,1199,1370,1095
"VAV1",0,0,0,2,0,0,0,1,0,0,1,0
"MVB12A",573,457,545,525,535,523,606,741,576,644,699,563
"CIB3",0,1,0,0,0,0,0,1,2,0,0,0
"SH3GL1",5557,4875,5924,5571,5439,6148,5559,5091,4617,4810,4864,4804
"DUS3L",652,593,556,680,644,644,875,851,719,753,734,650
"DPP9",4869,4579,4873,5349,5024,5536,5265,4413,4257,4446,4509,4217
"DMRTC2",0,0,0,0,0,0,0,0,0,0,0,0
"CCDC97",1037,979,1004,1104,1057,1092,1182,1002,981,1113,1123,956
"TMEM91",104,108,86,77,83,94,117,105,96,87,96,74
"ZFP14",43,62,65,54,38,50,76,87,57,65,75,81
"SIRT3",408,353,392,318,328,412,418,506,410,389,384,346
"IFITM3",32531,26729,27570,30792,30008,26600,37058,26986,26595,32472,39056,22323
"PGGHG",725,732,819,558,610,566,725,989,615,713,441,582
"HUNK",1,2,1,2,0,0,1,0,1,0,0,0
"COL6A1",573,599,675,576,544,667,652,689,544,559,537,539
"OR1E3",0,0,0,0,0,0,0,0,0,0,0,0
"IFNAR1",1606,1612,1927,1736,1734,2079,2321,1962,1807,1859,1950,2080
"SOD1",4292,3354,3674,3999,3772,4104,4961,5984,5056,4712,5294,4404
"COL6A2",20,36,35,40,32,25,32,29,27,22,31,33
"SIK1",25,21,9,11,13,12,28,24,21,15,16,8
"DNMT3L",0,0,0,0,0,0,0,0,0,0,0,0
"TRPM2",1,0,0,2,2,0,1,1,0,0,1,0
"SCYL1",3734,3350,3575,4831,4878,5476,4447,4243,3843,4181,4271,3666
"TMEM50B",510,526,539,1632,1961,2483,586,604,509,590,573,578
"APP",50310,46311,52909,50708,51713,59182,62712,52158,50886,51814,51037,52511
"DOP1B",363,394,434,415,375,344,366,290,273,253,255,297
"URB1",1899,1788,1726,2132,1834,1878,2213,1410,1572,1681,1508,1532
"AKT1",5233,4619,5129,5299,4925,5675,6319,5732,5529,5674,5896,5481
"IL19",2,0,1,0,0,0,0,0,0,0,0,0
"EMP3",2048,1638,1757,1951,1743,1710,2135,1972,1764,1883,2265,1676
"SAE1",6303,5426,6262,6541,6248,7272,7809,7512,7275,7193,7588,6914
"NTN5",2,4,0,0,2,2,1,2,1,0,3,0
"LMTK3",12,10,12,10,8,12,13,18,17,14,7,5
"GEMIN7",609,521,503,626,547,538,744,805,692,691,751,589
"CBLC",0,0,0,0,0,0,0,0,0,1,0,0
"WTIP",697,621,717,746,761,865,1024,1082,907,875,963,927
"ADAMTS10",94,85,127,54,37,64,87,128,70,83,63,77
"SLC6A3",3,0,1,0,1,1,0,1,0,0,0,0
"RNPEPL1",1719,1560,1683,1657,1563,1842,1965,2002,1801,1748,1661,1770
"CAPN10",805,685,699,795,709,781,917,1007,869,777,725,678
"MYO1F",20,9,18,15,14,18,25,16,17,28,25,25
"NLRP12",15,9,9,4,6,9,17,17,5,13,9,8
"CACNG8",225,239,239,112,115,113,206,297,122,175,108,129
"ZNF787",1111,881,911,1116,966,1028,1388,1262,1308,1194,1492,1167
"TIMM29",454,349,365,464,422,428,527,555,523,510,526,394
"FBN3",0,0,0,1,0,0,0,0,0,0,1,0
"CARM1",2558,2311,2591,2531,2419,2687,3120,2872,2667,2782,2783,2692
"EVI5L",1041,956,1021,1125,1155,1307,1134,1041,1004,1051,1058,906
"TM4SF5",0,0,0,0,0,0,0,0,0,0,0,0
"SLC47A1",106,90,95,101,124,122,147,104,86,127,108,114
"PSMB6",3423,2896,3239,3594,3411,3682,4072,5257,4134,3965,4787,3842
"GPR32",2,0,1,0,1,0,0,1,0,0,0,0
"SIGLEC10",1,0,0,0,0,0,0,0,0,0,0,0
"ACP4",0,0,0,0,0,0,0,0,0,0,0,0
"KLK3",0,0,0,0,0,0,0,0,0,0,0,0
"ZNF473",263,271,237,286,269,255,275,218,220,264,247,221
"GARIN5A",12,0,4,3,5,3,13,6,9,9,9,4
"RPS11",17515,14467,16924,17937,17676,20676,20617,25555,19866,20045,24901,21570
"PTH2",0,0,0,0,0,0,0,0,0,0,0,0
"RPL13A",32962,26714,29850,31960,32173,38248,38360,59466,45368,38893,44395,41199
"CTU1",300,250,238,339,285,300,430,484,476,419,456,371
"NOSIP",1894,1545,1572,1867,1665,1687,2081,2503,1974,2005,2291,1756
"IGLON5",0,0,1,0,0,0,0,0,1,0,0,0
"RCN3",2709,2309,2526,2939,2823,3077,3461,3400,3023,3182,3515,2728
"ZNF614",268,253,211,348,277,341,290,208,180,254,255,231
"SLC2A5",4,4,6,2,4,3,2,3,6,5,5,1
"RERE",4621,5207,5335,3458,4030,4038,4797,5034,3118,3847,2408,3585
"MMEL1",9,6,9,5,10,10,9,12,5,6,5,6
"CFAP74",2,0,0,0,0,0,2,1,0,0,0,0
"PRDM16",0,0,0,0,0,0,0,1,0,0,0,0
"CELA2A",1,0,0,0,0,0,0,0,0,0,1,0
"PADI3",0,0,0,0,0,0,0,0,0,1,0,0
"FHAD1",18,16,13,11,10,3,5,4,9,12,14,6
"PADI1",2,2,3,4,4,9,2,6,2,0,3,5
"EPHA2",7336,6612,6516,8334,8043,8404,9389,7337,7353,7887,7858,6932
"ARHGEF19",157,145,142,136,141,171,190,206,183,190,144,149
"EFHD2",4428,3881,4090,4227,4043,4083,5591,5222,5220,5140,5704,4549
"PEX14",613,544,575,579,559,544,785,692,683,711,753,662
"PGD",9859,9020,10660,10635,10282,12248,13620,13647,11932,12421,12549,13155
"MYOM3",10,14,11,12,6,5,13,11,13,11,11,12
"SH3BGRL3",8453,7189,7740,8370,7950,8733,9123,9242,7885,8614,9766,7886
"CNKSR1",4,5,5,6,6,1,10,2,5,10,7,4
"RPL11",15316,12605,14040,15453,14677,16492,17953,21023,17321,17399,21519,18477
"IL22RA1",1,1,0,0,0,0,0,0,0,0,0,0
"ZNF593",391,290,262,379,353,406,528,664,534,518,575,413
"C1orf216",663,579,646,634,633,653,814,880,779,740,815,747
"KIAA0319L",1473,1337,1509,1410,1339,1427,1800,1488,1409,1521,1554,1383
"EVA1B",1267,998,1173,1242,1116,1363,1490,2055,1625,1453,1667,1393
"C1orf94",0,0,0,0,0,0,0,0,0,0,0,0
"DMRTA2",0,3,0,1,1,0,0,1,0,0,0,1
"PLK4",717,636,707,729,696,729,996,760,800,902,887,844
"MAP3K6",206,231,210,214,187,233,357,298,256,249,229,217
"FCN3",7,5,5,8,4,4,11,9,8,5,3,4
"GPN2",884,781,733,967,856,813,872,826,773,836,842,731
"SYTL1",1,4,0,2,2,0,1,3,4,3,1,0
"WDTC1",945,915,1185,904,902,1240,1393,1211,1155,1170,1110,1245
"CELA3A",0,0,0,0,0,0,0,0,1,1,0,1
"NBPF3",161,139,184,180,149,196,227,181,228,203,181,218
"HSPG2",101933,103674,123694,92359,101333,121920,115696,96556,74697,77220,58728,82856
"ITGB3BP",238,241,275,268,218,241,315,315,286,270,318,338
"SERBP1",8441,7686,8455,9057,8391,9607,11653,10723,10020,10435,10971,10485
"BCL10",1958,1829,1799,2437,2175,2494,2487,2366,2194,2203,2353,2420
"CCN1",21883,19168,20429,26304,25300,29443,31843,28633,27915,28209,29740,26789
"PRKACB",2401,2429,2893,2234,2056,2506,2994,2600,2519,2768,2752,3073
"PIGK",879,876,930,980,965,1094,1205,1085,1034,1086,1107,1127
"TINAGL1",7679,7293,8162,8299,8190,8702,13026,12570,11065,11486,12155,10579
"AZIN2",19,18,24,6,15,16,25,38,12,16,21,17
"RPS8",17897,15611,16734,19175,18311,21545,20719,27783,20487,20742,25843,23829
"KIF2C",1630,1672,1882,1631,1604,1736,2297,2284,2060,2177,2128,2129
"PTPRF",12185,11740,14253,12041,11712,14740,10185,7822,7425,7187,7056,7916
"BEST4",2,3,3,6,4,2,8,10,0,5,5,3
"MOB3C",319,308,293,270,290,263,250,207,180,218,223,155
"CYP4B1",0,0,0,0,0,0,0,0,0,0,0,0
"TMEM61",0,0,0,0,0,0,0,0,0,0,0,0
"DMRTB1",0,0,0,0,0,0,0,0,0,0,0,0
"LMO4",372,358,379,366,369,403,436,430,368,402,454,475
"SYPL2",3,4,2,8,4,4,2,0,2,2,1,2
"BARHL2",0,0,0,0,0,0,1,0,0,0,0,0
"MTF2",632,593,633,647,629,618,732,619,607,666,664,656
"SLC44A3",6,3,6,18,29,24,5,3,1,4,4,6
"IGSF3",14,19,7,10,10,18,13,17,14,6,9,17
"ZNF697",1128,1002,815,1287,1031,961,657,427,396,552,567,490
"CTTNBP2NL",2387,2370,2576,2861,2706,3029,2802,2046,1950,2300,2222,2408
"STRIP1",1236,1064,1155,1171,1025,1071,1398,1230,1153,1235,1134,1146
"KCNA10",0,1,0,0,0,0,0,0,1,0,0,0
"PSMA5",3344,2801,2851,3595,3532,3728,3460,3808,3258,3383,4152,3162
"FNDC7",1,1,1,2,0,0,3,0,0,4,4,1
"C1orf162",28,25,11,29,30,14,16,6,9,17,21,11
"CD53",0,0,0,0,0,0,0,0,0,0,0,0
"PROK1",1,0,0,0,0,0,0,0,0,0,1,0
"CELSR2",27,24,28,16,25,37,29,18,24,29,9,33
"ITGA10",612,728,847,744,943,1064,591,639,411,513,369,473
"GPR161",611,572,764,551,500,684,1021,894,875,761,804,984
"ALDH9A1",1300,1205,1306,1297,1306,1423,1631,1441,1461,1429,1511,1422
"ATP1B1",1618,1473,1123,2672,2413,2106,2050,1096,1508,1580,1956,1167
"TIPRL",1083,1018,1117,1318,1298,1373,1501,1444,1270,1289,1428,1453
"NME7",422,367,390,454,451,437,455,434,427,417,499,467
"POGK",1307,1215,1369,1533,1391,1545,985,758,701,783,693,767
"MPC2",626,518,545,697,668,692,681,721,733,622,856,758
"CREG1",272,308,295,331,383,422,473,432,375,381,413,405
"DCAF6",1084,1072,1295,1087,1087,1242,1336,1245,1027,1095,1144,1311
"GPA33",0,0,0,0,0,0,0,0,0,0,0,0
"RXRG",1,0,0,3,0,0,2,0,0,0,1,0
"TBX19",64,45,65,51,61,44,61,37,38,57,38,31
"UCK2",1502,1293,1228,1657,1541,1656,2104,1747,1812,1752,2000,1591
"TMCO1",1458,1325,1215,1631,1514,1431,1796,1579,1563,1680,1860,1544
"XCL1",0,0,0,0,0,0,0,0,0,0,0,0
"XCL2",0,0,0,0,0,0,0,0,0,0,0,0
"POU2F1",318,276,286,259,249,245,327,233,233,268,244,220
"MAEL",0,0,0,0,0,0,0,0,0,0,0,2
"ILDR2",1,0,0,0,0,1,0,0,0,0,0,0
"DPT",0,0,0,0,0,0,0,0,0,0,0,0
"MGST3",1780,1523,1710,1798,1723,1888,1987,2355,1934,1838,2172,1882
"ADCY10",5,3,2,4,0,0,3,3,4,3,3,0
"COP1",999,940,1074,942,984,1174,1052,1081,959,1009,1074,1082
"NECTIN4",10,6,5,7,5,3,3,5,3,4,6,1
"UFC1",1661,1488,1638,1834,1689,2000,2095,2216,1806,1939,2181,1914
"PPOX",90,100,122,68,83,105,153,211,142,127,105,125
"FCGR2A",0,1,0,1,0,0,0,2,1,1,1,0
"NUF2",609,560,602,649,592,721,971,810,786,906,958,912
"RGS5",14566,14689,17194,17314,16627,20470,18276,17527,15556,16472,16424,19130
"SDHC",724,610,771,742,708,781,900,838,787,801,924,780
"PFDN2",2021,1495,1476,2154,1975,1947,2196,2335,2190,2085,2531,1970
"NR1I3",0,0,0,0,0,0,0,0,0,0,0,1
"USP21",536,468,514,420,449,458,668,680,480,636,555,548
"F13B",1,2,0,2,1,0,0,0,0,0,0,0
"PRCC",1865,1675,1743,1939,1676,1822,2379,2104,2044,2139,2403,1916
"FCRL5",0,0,0,0,0,0,0,0,0,0,0,0
"METTL25B",299,295,227,331,291,230,304,324,272,332,345,206
"MRPL24",1028,832,822,933,894,907,1105,1320,1056,1075,1288,1066
"PIGM",264,268,257,276,247,262,303,287,279,280,283,224
"CASQ1",0,0,0,0,0,0,0,0,0,0,0,0
"ISG20L2",1103,869,877,1172,1014,1027,1277,1090,1075,1142,1262,1035
"CRABP2",21,20,19,16,14,9,17,15,9,17,19,15
"HDGF",11529,10391,11405,11642,10878,11744,14373,13844,13976,13546,14483,12697
"ABL2",5873,5229,4930,7132,5992,5728,6985,4051,4370,4788,4845,4603
"XPR1",1011,1056,1282,1156,1182,1487,1137,910,805,986,910,1095
"RGS16",9,13,11,16,10,9,6,1,3,5,6,3
"TOR1AIP1",1559,1533,1483,1841,1748,1813,1997,1349,1381,1691,1851,1554
"FAM163A",0,0,1,0,3,3,1,2,2,0,2,4
"HMCN1",116,153,223,385,474,625,177,164,140,139,121,152
"RGL1",1183,1131,1247,2168,2305,3083,1464,1166,1145,1254,1284,1428
"LYPLAL1",255,216,215,231,246,247,292,330,269,251,317,280
"LHX9",0,0,0,0,0,0,0,0,0,1,0,0
"PRUNE1",197,164,213,204,184,209,241,232,207,235,206,220
"RORC",0,0,0,0,0,0,2,0,0,0,1,0
"TUFT1",195,170,129,196,143,113,180,112,140,154,196,144
"SF3B4",2212,1998,2007,2326,2083,2204,2789,2217,2124,2443,2561,2167
"ECM1",155,154,160,132,146,136,163,178,116,152,135,137
"ZNF687",697,695,791,734,674,691,771,692,687,751,719,690
"TARS2",556,475,491,510,468,486,668,590,589,647,688,524
"CGN",27,18,24,15,18,10,31,33,28,28,17,24
"SNX27",312,292,283,278,274,332,378,319,257,299,330,320
"SETDB1",841,743,847,699,706,694,1006,915,714,885,814,784
"ADAMTSL4",13,15,11,12,13,13,27,29,23,21,19,14
"MCL1",6999,6570,6435,7261,6784,6821,11360,8564,9222,9798,9963,8776
"CTSK",259,216,229,163,194,248,274,240,235,206,252,236
"RFX5",1242,1274,1421,1250,1382,1596,1499,1283,1253,1377,1256,1228
"PI4KB",2403,2029,2175,2419,2199,2311,2718,2226,2117,2370,2547,2017
"PIP5K1A",1861,1775,1759,2411,2189,2284,2076,1438,1710,1932,1948,1721
"ANP32E",2021,1853,2111,2352,2197,2510,3467,3195,3208,3124,3026,3209
"MINDY1",172,195,226,195,151,189,175,187,172,164,171,161
"ANXA9",1,0,1,0,0,1,1,1,1,0,0,0
"SELENBP1",143,142,178,105,119,143,150,158,123,140,140,107
"CERS2",3593,3167,3433,3775,3520,3811,4360,3785,3649,3758,4010,3781
"ENSA",2650,2293,2613,2786,2753,2950,3473,3871,3357,3250,3682,3322
"SEMA6C",671,727,1005,257,347,456,819,1219,865,891,634,933
"MRPL9",1675,1414,1534,1668,1497,1580,1980,2142,1899,1903,2119,1806
"ARNT",896,980,1058,857,861,1028,1153,972,903,966,836,942
"POGZ",864,801,907,725,743,726,1018,864,666,756,683,705
"C1orf56",72,57,88,84,56,68,105,66,57,70,65,63
"OAZ3",50,60,53,53,61,55,49,62,49,51,62,52
"HORMAD1",1,2,0,0,2,0,2,0,0,1,1,1
"GOLPH3L",729,809,902,881,940,1161,902,958,776,846,872,864
"GABPB2",126,98,133,131,134,130,153,133,111,139,137,124
"SYT14",164,156,162,170,149,150,213,119,118,135,150,160
"KCNH1",0,0,0,0,0,0,0,1,0,0,0,0
"DTL",626,591,567,706,623,508,825,468,536,743,690,562
"DYRK3",658,549,463,754,639,677,668,415,474,532,580,485
"EIF2D",1108,999,1111,1129,1011,1272,1266,1250,1127,1216,1204,1117
"INTS7",736,647,728,805,750,757,860,606,666,767,765,695
"VASH2",3,7,4,4,4,5,10,12,11,7,10,14
"TAF1A",78,68,50,76,95,61,104,81,67,78,77,71
"SMYD2",350,324,346,370,324,384,465,507,422,451,458,472
"SUSD4",0,0,0,3,0,2,0,0,0,0,0,0
"DUSP10",147,105,79,121,117,83,129,87,91,113,143,89
"HHIPL2",2,0,2,1,2,2,1,0,1,0,0,1
"TP53BP2",1362,1338,1292,1498,1361,1321,1519,1236,1141,1324,1331,1290
"ATP8B2",2076,1984,2519,2926,2931,3471,2722,2107,2039,2195,1973,2174
"FLG2",0,0,0,0,0,0,0,1,0,0,0,0
"CRNN",0,0,0,0,0,0,1,0,0,0,0,0
"ADAM15",13417,12475,14266,13061,12673,14568,18098,16406,15340,15182,16423,13827
"JTB",1083,909,1012,1127,1135,1189,1175,1502,1108,1153,1462,1065
"RAB13",1795,1497,1580,1665,1670,1845,2147,2919,2208,2068,2283,2130
"S100A8",0,0,0,0,0,0,0,0,0,0,0,0
"TPM3",19686,18075,19098,21225,19899,20900,23385,19540,19987,20934,22384,20090
"NUP210L",6,4,1,2,2,1,3,1,1,2,3,0
"SNAPIN",454,383,434,449,433,488,526,600,488,531,538,505
"SLC27A3",286,200,233,203,208,214,362,340,272,259,260,205
"S100A7",0,0,0,0,0,0,0,0,0,0,0,0
"UBAP2L",5818,5669,6270,5976,5530,6030,6769,5157,4556,5493,5074,5159
"SLC39A1",182,157,196,184,184,241,221,211,217,204,199,162
"HAX1",1420,1218,1249,1696,1557,1725,1639,1632,1505,1610,1809,1499
"CREB3L4",87,86,95,98,129,92,132,150,96,141,132,128
"EFNA3",12,23,27,18,12,26,23,27,21,21,30,15
"AQP10",0,0,4,1,2,2,2,3,2,3,1,3
"KCNN3",29,32,52,54,45,63,54,45,49,35,42,57
"C1orf43",5152,4434,4702,5911,5476,5551,5759,5413,5091,5512,6344,5141
"GATAD2B",693,692,755,619,568,615,815,678,631,683,629,572
"ILF2",6373,5379,5931,7626,7331,8031,8472,8660,8053,8084,8832,7857
"RIT1",1325,1177,1184,1253,1237,1059,1236,1133,1163,1272,1339,1137
"INTS3",1639,1493,1847,1496,1529,1711,2133,1989,1707,1788,1545,1659
"PKLR",0,0,1,0,0,0,0,0,0,0,0,0
"HCN3",62,62,56,33,27,41,72,85,75,84,40,65
"FLG",0,0,0,0,0,0,0,0,0,0,0,0
"ACTA1",7,7,5,5,3,1,1,3,0,1,1,0
"GALNT2",5455,5101,6001,5658,5542,6652,6709,6376,6230,6177,6018,6204
"TTC13",499,453,496,523,503,506,619,515,490,539,521,534
"SCCPDH",1406,1253,1398,1464,1347,1508,1687,1759,1605,1542,1786,1640
"LYST",280,278,359,324,319,352,317,225,208,220,193,236
"MAP3K21",12,16,14,7,8,13,14,15,11,15,11,16
"CEP170",2254,2115,2343,2466,2206,2532,3898,2334,2439,2616,2530,2869
"ACP1",1765,1534,1661,1807,1733,1729,2025,2178,1856,1899,2043,1950
"SNAP47",590,519,599,656,646,679,728,727,624,683,696,708
"SRP9",2322,2298,2418,2485,2495,2820,3169,3872,3244,3069,3345,3448
"NVL",944,776,833,948,823,705,932,757,782,891,899,724
"SDE2",594,583,485,736,682,717,708,547,582,660,651,558
"DEGS1",2723,2358,2480,2909,2774,2835,3478,2969,2899,3057,3358,3122
"FBXO28",1491,1515,1375,1608,1539,1546,1693,1223,1263,1398,1486,1439
"ARF1",10945,9800,11139,12393,11364,13333,14826,13175,12919,13725,14875,13187
"LEFTY2",6,0,0,0,1,1,0,1,1,2,2,0
"CNIH4",1045,961,987,1100,1021,1124,1359,1500,1301,1246,1462,1363
"ITPKB",932,865,1131,1267,1492,1966,1300,1234,1088,1054,978,1146
"GUK1",4182,3629,3758,4446,4378,4699,4763,5451,4361,4399,5190,4052
"CDC42BPA",3434,3491,4642,3081,3114,4130,4529,3276,2938,2903,2816,3783
"CNIH3",17,14,23,32,30,41,22,23,19,15,29,20
"C1orf35",825,748,665,721,702,717,1015,1258,959,918,1048,913
"MBOAT2",206,205,226,177,185,196,239,241,196,206,192,247
"PARP1",3412,3134,3480,3594,3126,3686,4879,3983,3878,4072,4058,4276
"PSEN2",36,44,47,33,32,58,49,50,42,38,49,39
"PYCR2",1014,912,993,1158,1102,1186,1281,1311,1122,1169,1254,1064
"LBR",2290,2342,2729,2078,2061,2474,3629,2954,2992,3045,2928,3274
"WNT9A",283,368,454,108,108,173,234,396,278,245,200,319
"EPHX1",596,522,636,634,620,680,591,555,520,488,533,500
"REN",4,0,1,0,2,0,3,2,0,2,3,0
"SOX13",751,775,927,477,448,422,901,968,692,763,664,754
"ETNK2",223,183,265,272,266,287,360,344,307,332,360,304
"PPFIA4",4,7,3,6,2,5,2,7,1,6,1,1
"PLEKHA6",562,453,423,508,408,366,560,332,407,421,399,371
"PTPN7",10,5,9,22,23,14,13,6,11,6,10,4
"SYT2",0,0,0,0,0,0,1,0,0,0,0,0
"ARL8A",1071,968,1047,1183,1189,1257,1321,1121,1033,1156,1397,1183
"OSR1",0,1,0,0,3,0,0,0,1,0,0,0
"GDF7",87,64,113,51,53,118,227,308,221,181,164,216
"PDIA6",17318,16040,17470,21915,22517,24735,22749,20822,19762,20432,21932,18825
"RHOB",9191,7787,8202,5797,4934,4902,17159,17210,15251,15740,17350,15097
"ATP6V1C2",6,6,3,8,4,6,2,3,0,5,7,4
"HNRNPLL",1336,1211,1374,1389,1347,1675,1851,1718,1600,1599,1687,1802
"GALM",127,98,131,87,83,102,151,131,121,134,143,117
"CAMKMT",59,43,55,68,44,61,64,71,61,53,68,65
"ABCG8",0,0,0,0,1,0,0,0,0,0,0,0
"EML4",840,769,902,707,721,811,1045,829,752,818,696,873
"CALM2",10319,9431,9553,11132,10217,10415,13059,13184,12085,12414,13687,12270
"CHAC2",201,208,203,264,236,235,299,278,230,280,287,264
"RPS27A",8956,7586,7968,8900,8899,10041,10113,16181,11971,10180,12419,10841
"WDPCP",74,77,84,81,72,81,120,71,82,70,82,88
"VPS54",723,703,755,681,775,798,883,758,705,747,731,804
"REG3G",0,0,0,0,0,0,0,0,0,0,0,0
"ASXL2",1419,1378,1605,1549,1467,1586,1423,787,840,986,930,1067
"ETAA1",375,362,389,330,359,385,455,393,345,386,367,415
"SNRPG",857,748,803,831,836,1012,978,1365,1138,1092,1300,1205
"ABHD1",0,0,0,1,0,0,1,0,0,0,0,0
"MEIS1",176,160,174,173,150,174,195,152,139,204,177,161
"TRIM43B",0,0,0,0,0,0,0,0,0,0,0,0
"TRIM43",0,0,0,0,0,0,0,0,0,0,0,0
"CIAO1",1832,1595,1711,1645,1555,1690,2366,2287,2084,2001,2095,1963
"ZNF514",208,160,218,114,123,124,201,228,173,213,130,188
"SNRNP200",5279,5076,5456,5246,4917,5288,6626,4865,4563,4890,4346,4598
"MRPS5",1359,1208,1324,1377,1257,1284,1610,1676,1540,1482,1704,1427
"ANKRD53",12,15,9,11,9,10,22,8,14,13,14,8
"TPRKB",516,474,464,516,481,534,587,706,547,589,725,640
"NAT8",0,0,1,2,0,0,0,0,0,0,0,0
"EXOC6B",1289,1315,1632,1387,1312,1590,1618,1200,1103,1128,1124,1322
"SFXN5",848,712,860,882,805,906,884,782,715,804,718,671
"TEX261",1575,1528,1857,1760,1729,1998,2043,1737,1628,1801,1963,1922
"DQX1",8,4,2,1,1,2,1,2,2,1,1,1
"DUSP11",530,486,547,583,585,661,638,620,597,641,678,582
"ST6GAL2",1,0,0,0,0,0,0,0,1,0,0,0
"NPHP1",106,72,105,78,82,85,100,86,104,71,86,82
"MALL",599,623,653,971,874,1022,631,389,505,509,446,408
"THNSL2",0,1,0,0,1,0,0,0,0,0,0,0
"RALB",3377,3169,3759,3714,3748,4740,4405,4658,3921,4117,4479,4473
"C1QL2",0,0,0,0,0,0,0,0,0,0,0,0
"TMEM177",246,220,217,269,224,272,386,324,318,293,348,313
"NT5DC4",1,2,2,0,0,0,0,1,3,0,0,0
"RABL2A",53,54,58,42,48,52,59,80,47,57,35,38
"SLC20A1",4220,3689,3562,3819,3561,3577,5789,4164,4537,4419,4758,4180
"FBLN7",49,40,56,38,40,42,48,52,39,42,43,36
"ZC3H8",133,139,146,198,164,141,185,160,161,183,198,178
"LIPT1",115,129,103,93,98,79,117,108,92,125,132,111
"CNGA3",0,0,0,1,0,0,0,0,2,0,0,1
"FAHD2B",27,26,26,19,28,29,37,30,28,35,34,24
"LYG1",20,22,13,12,13,9,26,24,18,15,28,14
"AFF3",132,145,89,186,128,82,113,47,54,89,89,59
"UBXN4",3538,3421,3790,3825,3832,4386,4844,4084,3833,4053,3947,4395
"NXPH2",0,0,0,0,0,0,0,0,0,0,0,0
"SPOPL",486,499,448,488,412,521,548,475,423,523,458,520
"THSD7B",0,2,0,2,0,0,1,1,0,0,1,0
"GPR17",0,2,1,0,0,0,1,1,0,1,0,0
"POLR2D",1008,981,886,1062,963,990,1321,1212,1109,1346,1305,1181
"AMMECR1L",1026,867,984,965,834,938,1263,1017,990,1100,1046,1082
"GALNT13",9,10,13,16,14,18,14,6,11,11,11,12
"PKP4",1176,1149,1321,1128,1018,1380,1504,1351,1182,1324,1305,1290
"SCN1A",0,0,0,0,1,0,0,1,0,1,0,0
"SLC4A10",1,3,0,5,0,1,1,0,3,5,5,3
"SCRN3",187,187,214,229,202,254,263,256,222,271,248,240
"LNPK",324,271,287,362,366,332,439,291,340,369,422,386
"ZNF385B",0,0,0,0,0,0,0,0,0,1,0,0
"TMEFF2",15,16,24,8,18,21,17,23,22,12,10,11
"CDCA7",236,262,220,265,217,243,423,319,331,351,339,347
"DLX1",1,0,0,2,2,1,0,0,1,2,1,4
"UBR3",1016,986,1125,1024,1006,1096,1234,919,858,884,883,1000
"PHOSPHO2",12,23,18,7,19,14,29,25,14,20,26,20
"GULP1",269,261,326,629,655,842,297,264,247,265,268,349
"FAM171B",376,349,462,551,507,668,408,287,284,332,324,411
"HSPD1",8910,7720,8267,9563,8786,9157,11978,11107,11077,11139,11313,10403
"CCDC150",275,222,223,280,221,214,295,270,291,286,244,270
"METTL21A",169,150,148,192,183,167,227,198,174,187,214,194
"UNC80",1,0,0,0,1,0,0,0,0,0,0,0
"PTH2R",0,0,0,0,0,0,0,0,0,0,0,0
"CPO",1,7,0,1,1,0,2,1,0,0,0,2
"NBEAL1",335,309,373,452,498,688,432,280,274,249,280,399
"KANSL1L",256,255,266,249,252,214,194,195,166,224,209,219
"SPAG16",129,128,127,132,144,154,144,194,164,141,198,198
"ABCA12",0,1,0,1,0,0,2,0,0,1,0,0
"SUMF1",752,730,879,854,755,1110,837,1196,890,892,904,997
"NYAP2",0,0,0,0,0,0,0,0,0,0,0,0
"RHBDD1",209,237,224,267,226,326,306,215,232,242,232,260
"ACKR3",210,214,293,512,582,890,641,595,448,395,460,502
"TRPM8",0,1,0,1,1,0,0,0,0,0,0,0
"HES6",41,32,42,55,36,45,33,72,45,58,55,48
"ESPNL",8,4,5,6,1,2,2,0,2,2,1,1
"ANKMY1",253,251,233,238,213,195,243,215,250,228,223,230
"COPS7B",1029,962,992,1016,1008,1116,1347,1238,1234,1192,1245,1121
"DIS3L2",419,405,400,405,376,382,438,373,351,402,412,356
"CPNE9",1,1,2,1,1,2,2,1,1,1,0,0
"FANCD2",939,937,887,970,949,919,1252,987,959,1051,929,857
"TAMM41",264,260,241,254,280,268,290,301,284,276,294,230
"VGLL4",802,786,937,1822,1976,2449,1137,1104,905,1041,1069,1121
"RAB5A",2047,1910,1973,2511,2256,2406,2197,1820,1742,1926,2107,2018
"RETREG2",2183,2037,2296,2196,2087,2326,2741,2456,2428,2489,2547,2244
"CTDSP1",2005,1957,2263,1927,2007,2384,2571,2651,2544,2512,2474,2358
"CNOT9",1878,1618,1738,2495,2316,2524,2267,1867,1874,2002,1969,1793
"MARCHF4",1740,1541,1631,1339,1180,1148,2123,1648,1596,1786,1801,1757
"STK11IP",435,413,415,409,412,429,599,621,559,602,525,462
"GMPPA",1003,852,842,1208,1158,1177,1179,1061,924,1097,1129,934
"GRIP2",5,6,2,1,8,1,5,4,0,3,7,1
"EAF1",989,948,811,1239,1130,1048,1168,757,905,1023,1007,839
"CNTN4",0,0,0,0,0,0,0,0,0,0,1,0
"DYNC1LI1",1702,1564,1626,1792,1654,1733,2208,2012,1970,2057,2148,1976
"RBMS3",162,155,174,167,128,147,174,137,128,175,179,122
"GADL1",5,5,4,4,2,3,8,1,4,5,3,0
"OSBPL10",852,833,1062,880,822,1124,1118,1135,976,997,985,1074
"POMGNT2",173,186,171,264,245,261,331,244,269,250,326,274
"ACKR2",0,1,1,0,3,1,0,0,1,1,0,1
"GASK1A",0,0,0,0,0,0,0,0,0,0,0,1
"CSRNP1",1800,1562,1209,2099,1665,1261,1615,1021,1316,1529,1804,1051
"SLC25A38",736,667,681,803,696,804,877,883,780,832,898,709
"ITGA9",11,8,3,7,8,7,3,3,3,2,3,1
"SLC22A14",2,2,0,1,0,0,0,0,1,5,1,2
"GOLGA4",3143,3081,3387,4446,4319,5240,4015,2923,2742,2963,2887,3347
"CTDSPL",851,824,1058,610,625,757,1275,1229,1140,1133,1188,1247
"STAC",8,13,13,11,14,6,13,7,4,4,7,9
"IQSEC1",652,577,744,537,510,602,873,663,616,572,470,639
"CAND2",54,33,36,35,47,40,41,41,30,34,30,29
"RPL32",8767,7472,8338,9211,8931,10047,10255,12882,9956,9824,12078,10622
"PTPRG",655,675,767,694,714,979,896,652,593,600,571,718
"IL17RD",32,31,41,27,24,28,52,50,61,33,39,59
"SHQ1",444,346,341,436,400,448,516,405,433,470,492,473
"SLC25A26",340,285,293,289,319,347,365,430,348,375,375,378
"UBA3",1547,1435,1617,1615,1492,1682,1871,1832,1636,1805,1755,1826
"ARL6IP5",4137,3592,4284,4338,4241,4701,4249,3983,3755,3748,4122,3732
"TMF1",1896,1814,1844,2541,2384,2581,1740,1232,1177,1379,1380,1280
"LRIG1",1730,1641,2178,2409,2406,3362,2451,2203,2016,1945,1892,2359
"LRTM1",0,0,0,0,0,0,0,0,0,0,0,0
"LIMD1",1028,984,1108,1323,1384,1640,1255,1025,916,961,912,1050
"ZNF660",17,12,14,7,10,17,15,13,9,8,8,10
"NFKBIZ",305,330,297,442,392,323,267,173,162,225,222,179
"COL8A1",4407,4414,5777,3809,3989,4876,9015,6944,6336,7052,6968,6797
"NXPE3",799,804,955,723,689,810,930,763,704,801,753,752
"ADGRG7",0,0,0,0,0,1,0,0,0,0,0,0
"MYH15",27,23,17,22,22,17,19,34,28,24,20,16
"PHLDB2",2498,2544,3084,2079,2107,2486,3890,3481,2972,2988,2895,3621
"ABHD10",769,692,766,783,811,946,1119,1121,997,956,1013,1044
"TAGLN3",1,1,0,2,2,1,7,1,3,2,2,2
"PLA1A",45,30,30,46,27,20,95,30,49,49,62,27
"RABL3",470,477,502,528,553,556,693,515,517,554,574,570
"ADPRH",80,72,77,84,80,70,105,84,80,56,72,53
"IGSF11",0,0,1,0,0,0,0,0,0,0,0,0
"ATG3",1933,1813,1816,2170,2078,2111,2317,2094,2001,2068,2404,1967
"NR1I2",0,1,0,0,0,0,0,0,0,1,0,0
"BOC",1,2,1,1,3,2,0,2,2,2,2,2
"SRPRB",2023,1638,1608,2604,2429,2471,2139,1822,1850,1953,2165,1638
"TMEM108",8,2,9,5,6,1,5,6,11,5,6,7
"AGTR1",0,0,0,0,0,0,0,0,0,0,1,0
"MED12L",3,4,2,4,4,9,4,4,2,3,1,3
"EIF2A",2746,2627,2622,3495,3239,3516,3328,2853,2656,2986,3354,3076
"ALDH1L1",0,0,0,0,0,0,0,0,0,0,0,0
"OSBPL11",679,606,690,699,615,709,809,651,567,663,664,663
"TRPC1",62,57,49,83,73,82,65,62,71,49,62,66
"NCEH1",1556,1374,1295,2709,2256,2473,2124,1250,1414,1638,1696,1558
"SPATA16",0,1,1,0,3,2,1,0,1,0,2,1
"FAM86B2",3,0,2,0,3,0,0,0,0,0,0,0
"LPP",752,717,776,724,634,965,633,416,364,400,388,539
"TMEM44",1138,1111,1311,727,726,845,1332,1658,1197,1148,1055,1227
"RUBCN",996,899,951,1236,1287,1409,1017,806,811,896,768,748
"AMT",10,10,12,5,10,2,8,15,13,8,6,13
"TCTA",818,764,850,914,854,955,898,827,850,879,908,839
"NICN1",1,0,0,0,1,1,1,0,0,0,0,0
"UCN2",0,0,0,1,2,0,1,1,0,1,0,0
"DCAF1",1108,991,929,1080,1036,1095,1238,780,804,911,806,808
"MANF",2714,2196,2332,6123,6591,7511,3215,3332,3113,3192,3687,2983
"STXBP5L",0,3,0,2,2,1,0,0,1,0,1,1
"EAF2",36,18,18,72,68,59,40,31,24,24,43,27
"ILDR1",0,0,0,1,0,0,0,0,0,0,0,0
"TM4SF19",0,0,0,0,0,0,2,0,0,0,0,0
"MUC4",10,15,9,9,15,19,8,13,6,2,8,7
"SLIT2",1367,1273,1299,1660,1380,1545,1522,906,888,1083,988,968
"EIF2B5",1644,1585,1443,1626,1499,1546,1915,1692,1558,1732,1814,1507
"AHSG",0,0,0,0,0,1,0,0,0,0,1,0
"ECE2",0,0,0,0,0,0,0,0,0,0,0,0
"VWA5B2",0,2,0,2,2,1,1,1,0,0,0,0
"DGKQ",612,601,599,579,651,576,849,783,659,698,491,603
"FIP1L1",797,763,756,919,822,925,1036,813,709,937,956,835
"SLC26A1",6,2,5,5,3,11,6,7,1,2,1,2
"LYAR",1056,844,755,1169,1076,979,1470,1254,1229,1288,1538,1102
"CENPC",443,437,404,408,378,460,497,427,375,466,456,413
"EPHA5",21,22,16,22,21,15,25,14,25,19,20,24
"CORIN",2,1,2,3,3,2,2,3,1,3,7,3
"ATP10D",770,753,811,1431,1446,1771,1001,625,699,713,711,797
"OCIAD2",750,578,572,701,591,681,662,717,582,621,737,627
"SLC10A4",0,1,0,0,1,0,1,0,2,0,0,1
"SLC10A6",0,0,0,0,0,1,1,0,0,0,0,1
"SCD5",687,694,841,502,524,651,986,941,874,922,886,927
"PLAC8",636,510,600,605,633,699,877,931,702,755,856,711
"ENOPH1",1035,951,964,1311,1173,1303,1196,1026,1077,1101,1240,1134
"CABS1",0,0,0,0,0,0,0,0,0,0,0,0
"GC",0,0,0,0,0,0,0,0,0,0,0,0
"TRMT10A",132,153,140,150,134,222,174,167,142,148,152,185
"KLHL8",308,269,320,409,400,429,412,341,299,380,318,406
"SNCA",1313,1185,1583,1784,1794,2448,3135,3319,2775,3004,3102,2935
"PYURF",0,0,0,0,0,0,0,0,0,0,0,0
"TBCK",360,357,374,342,300,349,394,319,260,331,290,307
"CAMK2D",916,910,957,957,873,905,1089,913,792,909,919,908
"CISD2",494,462,479,778,714,919,662,649,599,628,697,612
"DDIT4L",94,114,73,123,96,87,307,282,308,267,310,236
"ANK2",1,3,1,7,3,1,2,3,2,1,2,2
"TIFA",448,461,401,521,431,454,478,407,392,410,569,435
"AFG2A",155,141,133,130,131,145,164,153,154,152,150,142
"FABP2",0,0,0,0,0,0,0,0,0,0,0,0
"CCNA2",1946,1909,2213,2188,1900,2451,3044,2559,2586,2610,2719,3001
"METTL14",462,481,498,560,509,531,575,527,486,535,583,543
"USP53",1058,1154,1181,988,854,884,1314,910,1015,1133,1039,1233
"SETD7",1977,2094,2310,2649,2552,3304,2968,2184,2166,2237,2095,2642
"NAF1",351,304,361,403,385,399,461,342,352,378,417,330
"MARCHF1",0,0,0,0,0,0,0,0,0,0,0,0
"SFRP2",0,0,0,1,1,0,1,0,0,0,1,0
"RPS3A",3078,2632,2712,3074,2904,3473,3319,5521,4122,3491,4154,3919
"RNF175",0,0,0,0,0,0,0,0,0,0,0,0
"PDGFC",157,152,117,195,188,191,152,136,167,165,215,142
"CBR4",336,310,345,339,313,386,434,473,394,391,412,405
"GLRA3",0,0,0,0,0,0,0,0,0,0,0,0
"CYP4V2",36,34,58,40,26,26,44,27,38,34,49,32
"ROPN1L",21,12,15,22,20,18,8,16,10,16,18,26
"NDUFS6",1626,1314,1467,1531,1467,1709,1792,2516,1917,1758,2258,1784
"MARCHF6",1897,1945,2176,1867,1897,2090,2419,2192,1828,2015,1792,1942
"NKD2",4,3,3,6,5,3,2,0,3,2,0,2
"CDH18",0,1,1,1,1,0,0,0,0,0,1,1
"ADAMTS16",22,30,25,27,17,10,31,17,20,23,25,23
"SRD5A1",176,211,217,251,252,301,294,264,221,241,218,237
"MYO10",8243,7100,7357,9507,8981,9824,9558,6439,6345,6436,6227,6719
"OTULINL",2,6,1,2,5,4,17,11,7,3,3,4
"RPL37",8473,6739,7294,8132,7951,8796,9991,13965,10121,9713,11724,10191
"SKP2",616,567,521,596,531,535,873,623,685,724,714,700
"OSMR",463,400,375,527,493,494,588,296,306,396,383,391
"UGT3A1",0,0,0,0,0,0,0,0,0,0,0,0
"PLK2",11260,10972,11193,11556,10758,11038,14121,12519,11440,12776,13506,12420
"SHISAL2B",0,1,0,0,0,0,0,0,0,0,0,0
"GZMA",0,0,3,0,1,2,1,1,4,3,1,0
"PIK3R1",1071,1010,1087,1441,1312,1458,1064,736,719,846,742,850
"HAPLN1",3,3,3,1,6,3,2,5,4,1,2,1
"LHFPL2",1893,1767,2210,1778,1741,2081,2830,2163,2284,2143,2125,2381
"SSBP2",151,150,182,192,218,221,165,118,105,137,159,152
"BHMT",0,0,0,0,0,0,0,0,0,0,0,0
"ANKRD31",1,1,0,1,0,1,1,1,0,0,0,0
"IQGAP2",107,90,131,79,99,104,116,108,116,98,119,122
"CRHBP",0,2,3,2,1,0,1,3,3,1,4,0
"RASA1",1375,1467,1664,1251,1150,1597,1666,1449,1271,1299,1210,1555
"LIX1",1,1,1,0,0,0,0,0,0,1,1,0
"GIN1",110,93,103,121,102,126,137,112,107,118,126,126
"PPIP5K2",902,889,995,1006,1119,1317,1215,884,877,925,844,1053
"PAM",3349,3353,3941,3885,3898,4668,3807,3052,3083,3100,3078,3370
"BDP1",1508,1460,1519,1726,1534,1825,1922,1079,1181,1239,1107,1464
"GTF2H2",13,12,10,17,18,16,19,17,27,9,19,16
"SLC30A5",1051,1028,1107,1436,1442,1513,1471,1185,1174,1326,1332,1341
"BTF3",9063,7895,8320,9312,8703,9819,10816,12381,10015,10583,12365,11126
"FBXL17",123,112,131,106,115,136,197,143,108,132,141,142
"SPATA9",2,4,3,0,6,1,4,4,4,4,4,2
"TSLP",28,23,15,39,35,20,18,5,9,20,18,3
"TNFAIP8",216,179,165,289,280,282,204,144,177,186,180,171
"FEM1C",944,933,787,992,826,915,1032,679,772,875,920,839
"COMMD10",337,321,304,339,263,357,356,364,312,315,351,368
"ATG12",1172,1208,1180,1249,1250,1253,1502,1415,1245,1375,1554,1458
"MEGF10",3,4,7,4,7,6,11,9,9,8,2,8
"ADAMTS19",1,0,1,1,1,0,0,1,0,1,0,1
"YIPF5",2158,1990,1952,2558,2434,2612,2553,2169,1973,2364,2537,2166
"ARHGAP26",311,256,265,415,372,485,293,234,213,247,252,239
"CXCL14",0,0,0,0,0,0,0,0,0,0,0,0
"LECT2",0,0,0,0,0,0,0,0,0,0,0,0
"SLC25A48",0,0,0,0,0,0,0,0,0,0,0,0
"DDX46",2274,2134,2298,2332,2229,2662,3014,2958,2422,2544,2445,2641
"IL9",0,0,0,0,0,0,0,0,0,0,0,0
"TIMD4",0,0,0,0,0,0,0,0,0,0,0,0
"RNF145",1888,1812,2032,2927,3001,3789,2841,2443,2212,2349,2362,2437
"C1QTNF2",5,5,3,5,3,3,7,6,3,10,6,8
"GABRA6",0,0,0,0,0,0,0,0,0,0,0,0
"GABRB2",0,0,0,0,0,0,1,0,0,0,0,0
"FBXO38",1174,1127,1192,1196,1107,1175,1262,1023,1021,1091,1170,1120
"SPINK7",0,0,0,0,0,0,0,0,0,0,0,0
"PCYOX1L",405,401,466,348,355,399,576,547,468,524,533,489
"GLRA1",0,0,0,0,1,0,0,0,0,0,0,0
"TNIP1",4011,3724,4024,4364,4120,4404,4476,4067,3872,4081,4376,3606
"G3BP1",4981,4493,4908,5420,5122,5339,6892,5247,5730,5840,5725,5407
"ZNF300",338,327,352,324,348,346,338,289,288,277,254,274
"N4BP3",1636,1587,2102,863,990,1276,2062,2399,2069,1740,1709,2171
"NHP2",2912,2362,2492,2968,2749,2993,3453,4205,3598,3240,3938,3130
"RMND5B",594,625,708,653,605,648,811,873,754,722,724,689
"BOD1",925,756,834,981,871,971,1594,1724,1450,1561,1660,1536
"CPLX2",0,0,1,0,0,0,0,0,0,0,0,0
"TENM2",1,0,0,0,0,1,1,2,0,0,0,0
"KCNMB1",3,3,1,1,0,4,3,4,2,0,5,2
"FAM50B",264,224,252,218,243,258,385,301,365,360,403,314
"MYLK4",25,19,13,11,14,19,16,21,28,21,17,16
"FAM217A",0,0,0,0,0,0,0,0,0,0,0,0
"TBC1D7",630,607,615,662,596,658,805,999,825,736,872,662
"FARS2",250,204,227,243,249,236,288,323,252,282,322,275
"GFOD1",415,410,496,354,303,427,502,429,400,423,400,394
"CDKAL1",273,230,243,208,238,223,253,225,215,227,258,195
"PSD2",1,0,0,0,1,0,0,2,0,1,0,0
"LRRTM2",24,23,35,17,11,21,43,16,17,19,16,22
"ZMAT2",2114,1720,1879,1948,1940,1934,2262,2269,2162,2285,2396,1900
"GFRA3",1,0,0,1,0,0,0,0,0,1,1,1
"KLHL3",617,548,619,318,263,272,663,461,429,477,413,416
"DCDC2",0,0,0,0,1,0,0,1,0,0,0,0
"SLC17A4",0,0,0,0,0,0,0,0,0,0,0,0
"H2BC1",0,0,0,0,0,0,0,0,0,0,0,0
"TRIM7",31,22,32,27,24,26,27,26,30,30,23,23
"TRIM41",686,654,692,552,583,610,864,929,767,795,667,742
"HIGD2A",845,725,966,874,844,1031,1152,1355,1105,1106,1283,1081
"FAM193B",789,714,729,673,676,661,885,939,708,808,719,693
"PLA2G7",9,7,4,7,8,7,8,7,10,6,8,7
"TNFRSF21",3100,2876,3640,2362,2252,2902,4208,3903,3826,3514,3563,4011
"RNF44",963,952,1015,785,716,833,1111,956,911,969,845,927
"MMUT",889,786,753,925,860,886,935,812,761,809,802,796
"RASGEF1C",0,0,0,0,2,0,0,0,0,0,0,0
"DOK3",78,91,91,96,89,96,97,102,74,85,53,84
"ABT1",1017,881,858,1126,1108,1140,1345,1133,1179,1222,1395,1150
"PPP1R18",5859,5205,5138,5912,5443,4928,6005,4709,5093,5417,5522,4490
"DAAM2",7,5,18,4,11,12,6,4,6,5,6,5
"PRIM2",259,207,221,280,237,224,318,240,283,294,311,252
"MLIP",138,103,125,133,125,145,143,128,120,116,134,102
"HMGCLL1",0,0,0,0,0,0,0,0,0,0,0,0
"LGSN",7,4,1,3,3,0,0,0,2,1,1,0
"FGD2",1,0,0,0,1,0,2,0,0,0,0,0
"SCUBE3",5,10,11,7,6,6,7,17,3,3,5,11
"ANO7",29,21,11,8,18,24,32,22,19,26,27,16
"CRIP3",0,0,0,0,0,0,0,0,0,0,0,0
"TTBK1",1,1,4,1,6,2,3,1,2,3,0,0
"TCTE1",2,1,1,0,1,2,1,0,1,1,0,1
"RPL7L1",3465,3043,3109,3630,3263,3535,4406,3929,3810,3934,4193,3846
"NFKBIE",1008,760,618,1112,854,687,885,673,763,885,1121,589
"CYP39A1",1,0,0,3,0,0,1,0,0,1,0,0
"TPBG",241,222,234,288,290,342,445,328,355,323,325,371
"IRAK1BP1",96,77,83,77,70,94,93,71,57,68,67,86
"PHIP",1679,1575,1894,1765,1593,1874,2169,1563,1412,1445,1414,1655
"PRSS35",0,0,1,1,3,1,0,2,1,0,0,0
"MMS22L",315,271,304,296,253,265,337,205,247,280,261,263
"FAXC",11,8,5,14,8,7,4,9,8,10,6,11
"GABRR1",0,0,0,1,0,0,0,0,0,0,0,0
"PNRC1",1172,1103,1106,1389,1498,1675,947,961,847,1014,1028,875
"PM20D2",213,195,202,273,259,269,266,233,269,241,236,285
"RARS2",831,811,845,896,832,930,986,948,823,970,987,990
"SCML4",0,0,0,0,0,0,0,1,0,0,0,0
"TBC1D32",58,52,61,82,66,67,80,71,59,64,58,66
"CLVS2",0,0,0,0,0,0,0,0,1,0,0,0
"GPR6",0,0,0,0,0,0,0,0,0,0,0,0
"RNF217",483,477,566,513,526,614,598,463,444,485,488,472
"RSPO3",77,70,60,96,91,60,172,108,88,100,157,110
"ARHGAP18",3691,3494,4103,3787,3740,4884,4948,4741,4458,4339,4558,4972
"TAAR2",0,0,0,0,0,0,0,0,0,0,0,0
"TAAR6",0,0,0,0,0,0,0,0,0,0,0,0
"TAAR8",0,0,0,0,0,0,0,0,0,0,0,0
"ABRACL",1290,1157,1262,1384,1358,1459,1562,1897,1538,1630,1716,1628
"TAAR1",0,0,0,0,0,0,0,0,0,0,0,0
"SLC18B1",285,266,303,219,231,287,341,281,247,261,301,264
"MTFR2",144,155,138,176,131,172,205,153,180,183,193,177
"SLC2A12",267,247,274,96,121,125,505,455,350,433,417,440
"SHPRH",387,345,388,378,354,414,441,316,306,335,328,379
"AIG1",156,117,149,156,139,210,180,179,120,146,163,158
"DYNLT1",1918,1542,1520,1696,1868,1835,2237,2474,2043,2072,2523,2018
"TIAM2",219,203,231,283,340,372,244,208,178,208,195,187
"TMEM181",1626,1626,1893,1709,1691,2201,2231,1916,1744,1702,1705,1953
"PNLDC1",5,9,5,5,6,3,6,3,4,2,1,2
"WTAP",2039,1702,1730,2181,2096,2168,2323,2147,2119,2243,2542,2155
"ZMYM4",2171,2114,2429,2251,2050,2390,2690,1954,1911,2017,2019,2235
"VIP",36,34,32,25,36,18,34,27,29,38,28,25
"ARMT1",805,852,821,977,903,1023,914,870,773,803,893,869
"SLC22A3",0,0,0,0,1,0,0,0,0,0,0,0
"VWDE",36,28,48,34,31,26,62,39,36,30,34,43
"GNA12",3299,3133,3517,3557,3410,4020,4250,3506,3604,3571,3573,3718
"SDK1",17,15,13,15,15,10,28,17,12,18,16,9
"CCZ1B",217,208,243,247,231,255,308,280,239,268,281,304
"INTS15",755,622,658,723,690,756,852,905,853,852,823,749
"RBAK",307,294,336,343,347,325,383,317,301,347,305,306
"CREB5",336,288,166,434,284,216,240,118,142,215,259,158
"FERD3L",0,0,0,0,0,0,0,0,0,0,0,0
"EGFR",676,554,601,537,418,401,722,385,391,426,443,431
"CDCA5",1451,1311,1402,1630,1510,1589,2243,1912,2134,2076,2183,1734
"IGFBP3",114,114,125,386,442,466,194,127,116,141,159,151
"PURB",1356,1307,1409,1596,1541,1758,1951,1372,1383,1372,1403,1605
"IGFBP1",7,1,3,4,5,4,13,5,4,16,4,3
"SSC4D",14,8,8,20,15,13,11,11,18,12,16,20
"MDH2",4583,3998,4267,4634,4178,4798,5230,5453,4921,5051,5601,4672
"POMZP3",169,169,139,215,144,153,174,148,160,157,196,122
"NIPSNAP2",955,1008,1112,1005,1023,1222,833,803,662,725,817,898
"CCT6A",9203,8448,9504,9958,9397,10492,11824,11128,10481,10670,11341,10461
"PSPH",292,266,357,323,311,417,325,399,367,345,339,337
"TRIM50",0,0,1,0,0,0,0,1,0,0,0,0
"ZNF92",293,261,262,349,277,274,441,293,295,366,392,333
"ATXN7L1",246,244,225,193,181,158,248,177,157,190,232,190
"TMEM168",228,221,306,271,273,360,283,273,254,221,242,307
"ASB15",0,0,0,0,0,0,0,0,0,1,0,0
"TRAPPC14",483,416,467,495,449,409,545,557,443,484,442,390
"SLC12A9",1053,1090,1159,867,898,912,1222,1440,1082,1159,1069,1002
"GIGYF1",2812,2599,2779,1962,1932,1856,3009,3065,2499,2775,2098,2213
"TRIM4",631,622,682,706,659,644,846,709,696,685,715,689
"MEPCE",2480,2255,2176,2310,1877,1922,2570,2498,2422,2579,2638,2409
"ZAN",1,0,0,0,0,1,0,0,0,0,0,0
"TMEM209",371,317,326,391,341,337,422,284,281,345,360,286
"AGBL3",47,34,34,43,38,30,47,47,45,34,38,34
"STRA8",0,0,0,0,0,0,0,0,0,0,0,0
"ZC3HAV1L",55,64,69,77,54,114,76,54,55,45,49,57
"TMEM140",801,754,758,891,978,907,529,314,248,480,547,303
"TLK2",1118,1045,1013,1229,1132,1146,1067,847,838,972,1004,930
"EPHA1",2,6,1,1,0,3,2,1,0,4,2,3
"NOM1",975,965,998,783,776,828,1288,1174,1047,1052,937,1080
"CNPY1",0,0,0,0,0,0,0,0,0,0,0,0
"NCAPG2",1686,1771,1877,1865,1845,2138,2625,2162,2236,2327,2222,2422
"ASB10",1,0,0,0,0,0,0,0,0,0,0,0
"NLGN4X",0,0,0,1,0,0,0,0,0,0,2,0
"SHROOM2",710,747,866,563,507,551,945,650,600,660,585,727
"RAB19",0,0,0,0,0,0,0,0,0,1,0,1
"LUC7L2",832,775,882,843,855,1022,1074,976,951,964,953,981
"DENND2A",0,0,0,1,2,3,0,2,0,0,0,1
"CLTRN",0,1,0,2,0,0,4,1,3,2,3,0
"SH3KBP1",900,811,868,851,773,848,740,543,516,547,575,592
"TMEM47",1240,1345,1741,2992,3117,4091,1611,1369,1354,1421,1465,1718
"LANCL3",28,18,21,40,28,29,48,20,25,25,25,27
"SYTL5",6,7,4,13,9,7,6,3,3,1,8,1
"CASK",401,399,433,424,433,470,529,446,449,450,398,456
"KDM6A",665,728,663,792,701,748,605,469,408,531,507,465
"SPIN2A",0,0,0,0,0,0,0,0,0,0,0,1
"MSN",30701,28851,29586,35123,32712,35487,36608,26623,27710,31240,30000,28694
"AKAP4",2,0,0,3,0,0,1,0,0,0,0,0
"CCNB3",35,39,21,34,20,17,11,11,16,18,19,10
"HDAC8",197,159,174,172,179,204,248,233,207,234,241,216
"SLC16A2",58,56,71,69,77,88,65,61,53,62,47,61
"DIPK2B",2393,2224,2735,2417,2473,2965,2864,2349,2305,2329,2308,2597
"ZNF157",0,0,0,1,0,0,1,0,0,0,0,0
"ZNF182",117,117,124,110,98,119,164,151,131,152,114,114
"CHST7",292,262,316,387,344,394,454,479,412,371,401,370
"KRBOX4",192,189,174,209,170,179,205,194,175,190,187,188
"NDUFB11",1215,1000,1120,1188,1201,1354,1509,1933,1639,1455,1818,1418
"ZNF41",201,189,221,262,208,251,314,199,208,217,214,223
"RAB41",0,0,0,0,0,0,0,0,0,0,0,0
"ZMYM3",850,884,1035,679,643,751,1115,1136,796,912,700,920
"TAF1",1200,1160,1411,991,986,1227,1553,1309,1095,1089,1070,1183
"GPR174",0,0,0,0,0,0,0,0,0,0,0,0
"NONO",7467,6816,7990,8026,7673,9018,10373,10226,8666,9559,9481,9752
"CCDC120",74,93,83,64,59,76,100,100,85,99,74,82
"LPAR4",4,3,3,3,5,3,4,2,7,5,6,9
"EBP",512,438,508,426,410,436,669,817,701,677,697,587
"AWAT2",1,0,1,0,1,0,4,1,1,1,3,1
"OGT",2611,2757,3223,3247,3400,3319,1713,1285,1066,1292,1016,1197
"SNX12",2141,1887,2085,2106,2110,2305,2564,2226,2384,2280,2494,2184
"ITGB1BP2",9,13,14,14,11,10,15,20,5,6,13,16
"IL2RG",1,1,0,0,1,0,1,0,0,0,0,1
"GCNA",136,122,96,139,101,96,57,69,71,65,57,56
"ZNF711",15,16,16,19,25,23,23,14,20,19,8,14
"CPXCR1",0,0,0,0,0,0,0,0,0,0,0,0
"DIAPH2",502,445,515,506,499,582,660,450,448,456,549,465
"NXF3",12,8,2,22,4,1,1,2,6,4,2,0
"RIPPLY1",0,0,0,0,0,1,0,0,1,2,1,0
"PRPS1",1173,956,976,1242,1141,1219,1297,1087,1181,1280,1265,1150
"RADX",1,5,1,3,1,1,2,1,1,1,3,1
"FRMPD3",0,0,0,0,0,0,0,0,0,0,0,0
"HTR2C",0,0,0,0,0,0,0,0,0,0,0,0
"DOCK11",44,41,61,43,63,70,50,36,40,42,34,60
"IGSF1",1,1,1,0,0,0,0,1,0,0,1,0
"ARHGAP36",1,0,0,2,0,0,0,0,0,1,0,1
"GPC3",0,0,0,0,0,0,0,0,0,0,0,2
"GPR119",0,0,0,0,0,0,0,0,0,0,0,0
"RBMX",4724,4492,4980,4978,4385,4834,6285,5518,5047,5714,5848,5616
"MCPH1",464,471,499,586,523,535,628,428,439,487,548,498
"MFHAS1",842,796,878,985,854,957,1131,748,857,796,841,831
"FBXO25",171,169,224,216,205,297,246,249,186,230,227,216
"FATE1",0,0,0,0,0,0,0,0,0,1,0,0
"MAGEA4",0,0,0,0,0,0,0,0,0,0,0,0
"NSDHL",1190,1074,1223,1298,1321,1564,1404,1457,1246,1254,1401,1340
"ZNF185",2548,2192,2066,2515,2065,1914,2984,1940,2189,2428,2281,2159
"CETN2",759,635,736,877,814,948,831,978,796,815,837,776
"RPL10",20596,17125,19529,20853,20788,24154,23245,28212,22405,22270,25432,23442
"CSGALNACT1",260,270,382,222,271,305,395,370,377,338,309,375
"ATP6V1B2",5403,4985,4400,6114,5303,4546,4793,3563,4111,4642,4683,3599
"CCDC25",1522,1487,1662,1600,1465,1727,1831,1717,1466,1509,1633,1625
"HMBOX1",187,219,266,217,241,343,339,255,203,220,221,284
"CHRNB3",6,2,7,0,2,7,7,8,4,4,5,5
"CHRNA6",3,3,2,1,1,1,0,6,2,2,0,1
"GNRH1",42,42,32,14,24,19,57,45,31,31,21,17
"BIN3",595,503,500,748,710,636,644,542,545,563,628,511
"DOK2",2,1,4,1,4,4,3,0,0,2,1,4
"SLC25A37",1554,1432,1452,1425,1358,1314,1780,1603,1304,1538,1407,1300
"CHMP7",1105,973,1131,1273,1129,1219,1646,1283,1406,1472,1490,1253
"DOCK5",986,935,1138,972,929,957,1263,938,847,923,779,857
"STAR",1,1,2,3,2,2,5,6,2,3,1,0
"PLPBP",1523,1511,1577,1747,1641,1682,1765,1663,1561,1637,1660,1564
"ERLIN2",1292,1250,1280,1270,1191,1459,1166,1038,1016,1056,1018,1099
"SNTG1",6,3,5,4,5,3,3,3,5,2,10,1
"PXDNL",1,2,3,0,2,3,0,1,2,1,5,0
"ST18",0,0,0,0,0,0,0,1,0,0,0,0
"RGS20",330,295,223,386,309,249,303,215,232,266,315,223
"TACC1",9377,9847,11926,9314,9545,12382,12977,10731,9928,9264,9229,11089
"GOLGA7",1258,1147,1278,1413,1324,1455,1621,1474,1279,1542,1693,1525
"PLPP5",713,687,790,835,862,940,863,895,747,766,782,708
"GINS4",613,570,549,647,649,654,717,623,571,621,659,690
"NSD3",1513,1589,1777,1700,1593,1722,1868,1423,1351,1469,1416,1599
"DNAJC5B",0,0,0,0,0,0,0,0,0,0,0,1
"CRH",0,0,0,0,0,0,0,0,0,0,0,0
"TRIM55",3,2,2,3,0,3,3,3,1,3,2,2
"ADHFE1",14,14,9,11,8,5,17,13,7,4,5,10
"MRPS28",317,241,289,293,324,330,403,472,436,393,454,387
"PMP2",0,0,0,0,0,0,0,0,0,0,0,0
"LACTB2",197,172,194,242,233,240,236,209,212,236,256,251
"PRDM14",0,0,0,0,0,0,0,0,0,0,0,0
"TERF1",497,446,513,554,507,570,635,598,532,562,619,527
"RPL7",10453,8519,9509,10329,9917,11362,12287,16430,13008,12349,13956,12721
"SLC26A7",2,0,4,3,3,0,2,2,1,3,3,1
"PSKH2",0,0,0,0,0,0,0,0,0,0,0,0
"ATP6V0D2",0,0,0,0,0,0,0,0,1,0,0,0
"SYBU",19,26,27,43,41,79,16,23,29,26,24,21
"DPYS",0,0,0,0,0,0,1,0,0,0,1,0
"MTDH",4379,4069,3822,5749,5360,5663,5659,4183,4418,4820,4959,4499
"LRP12",291,270,313,362,346,368,385,320,385,328,323,395
"EBAG9",338,253,266,365,355,379,356,296,264,325,403,340
"RSPO2",0,0,1,0,1,0,0,1,0,1,1,0
"POLR2K",662,624,598,773,665,744,858,914,766,822,1032,870
"MAL2",44,57,76,52,39,57,75,96,83,71,80,75
"EIF3H",4088,3621,3914,4663,4153,4543,4588,4526,3988,4404,5164,4477
"UTP23",478,411,329,548,483,474,622,518,481,547,587,535
"NDUFB9",2259,1741,1753,2231,2012,2213,2355,3003,2680,2405,2622,2205
"TATDN1",325,291,266,351,329,328,357,412,407,381,468,355
"FAM83A",0,0,0,0,0,0,0,1,0,0,0,0
"GSDMC",115,93,112,99,87,59,198,124,136,159,188,123
"FAM135B",0,0,0,0,0,0,0,0,0,0,0,0
"ZNF7",459,415,367,427,367,380,458,397,398,478,457,334
"ARHGAP39",202,207,214,269,230,342,214,230,219,190,208,190
"SLC39A4",40,39,47,48,34,45,41,55,32,30,17,43
"NAPRT",384,313,394,362,337,387,451,586,421,421,453,369
"VLDLR",563,618,775,431,468,513,841,665,578,654,677,587
"AK3",869,872,1061,966,950,1233,1245,1133,1010,991,1069,1289
"UHRF2",2541,2307,2406,2580,2582,2601,3040,2379,2538,2750,2521,2484
"NFIB",1823,1802,2404,1311,1334,1734,2712,2434,1779,1874,1877,2248
"CER1",0,0,0,0,0,0,0,0,0,0,0,0
"PLIN2",1879,1561,1464,1707,1519,1214,1735,1309,1461,1602,1720,1273
"IFNA5",1,1,2,1,0,0,1,0,0,2,0,1
"HAUS6",653,570,595,711,582,701,959,668,759,792,716,776
"CDKN2B",521,472,405,497,377,358,545,391,400,452,444,379
"IFNA16",0,0,0,0,0,0,0,0,0,0,0,0
"CDKN2A",593,459,491,612,553,512,609,675,675,579,759,544
"C9orf72",155,114,139,205,184,197,174,144,131,163,159,164
"IFNK",0,0,0,0,0,0,0,0,0,0,0,0
"ZCCHC7",457,474,460,578,458,502,537,427,446,554,549,463
"FBXO10",321,275,311,274,257,255,397,344,296,321,327,281
"SIGMAR1",1974,1722,1803,2063,1869,1902,2215,1682,1844,1904,2000,1688
"ZNG1E",97,96,100,116,93,105,144,124,120,109,110,133
"CEP78",599,516,598,566,510,516,873,726,697,778,762,838
"NTRK2",1,1,1,1,0,3,3,5,2,2,1,1
"IDNK",151,127,156,158,154,138,186,176,147,179,146,138
"SHC3",327,329,349,489,434,444,500,304,356,326,332,334
"AUH",91,82,89,83,97,86,95,94,75,101,86,92
"MFSD14B",2091,2022,2218,2372,2253,2288,2706,2043,2243,2375,2482,2241
"AOPEP",452,428,468,834,794,765,642,577,499,519,595,466
"PLPPR1",11,20,12,32,29,28,13,15,7,13,15,25
"OR13C4",0,0,0,0,0,0,0,0,0,0,0,0
"ZNF462",422,374,363,343,340,337,532,330,341,369,293,335
"INIP",538,468,556,579,573,687,794,754,708,692,719,798
"UGCG",920,945,940,1018,908,1014,2130,1686,1815,1753,1931,1910
"ACTL7B",0,1,0,0,0,1,2,1,2,0,0,1
"SNX30",193,212,282,230,233,271,258,236,231,205,242,273
"STOM",10888,10456,10623,13077,12308,12892,12958,8869,9300,11270,12030,9673
"GSN",3781,3645,4231,3485,3814,4538,4726,4921,3848,4067,4224,3985
"MRRF",760,719,828,825,684,766,852,811,677,737,803,704
"NR6A1",14,12,6,10,8,14,18,19,13,15,11,5
"CRB2",0,0,0,0,0,0,0,0,0,0,0,0
"OR5C1",0,0,0,0,0,0,0,0,0,0,0,0
"ALAD",557,570,632,579,514,671,786,797,731,673,692,707
"ASTN2",55,49,54,42,53,54,71,50,54,66,61,48
"WDR31",25,28,29,21,22,32,27,29,35,33,25,17
"POLE3",2151,1839,1942,2384,2019,2147,2842,2374,2425,2630,2715,2382
"SURF4",9533,8475,9179,11934,11521,12848,11652,10114,10376,10538,11415,10092
"GBGT1",284,218,259,192,229,238,360,365,351,336,337,305
"SURF1",316,312,292,328,320,361,406,509,405,372,450,379
"SURF2",236,184,195,224,224,204,295,345,318,286,309,235
"SURF6",1961,1598,1556,1860,1660,1507,2094,1769,1964,1905,2119,1665
"MED22",977,899,1004,1001,819,1014,1215,1127,1109,1122,1062,1130
"REXO4",1029,907,991,1109,969,1030,1273,1217,1135,1134,1307,1068
"RPL7A",19239,16114,18467,19724,19265,23084,24178,31647,25870,24012,27367,25018
"GTF3C5",1948,1593,1795,1855,1710,1857,2451,2559,2267,2363,2574,2215
"ASB6",972,871,907,1011,978,993,1166,1109,1029,1036,1136,896
"PTGES2",1216,1046,1120,1272,1118,1233,1449,1428,1328,1299,1418,1244
"NTMT1",999,792,734,1131,914,958,1038,1030,964,1014,1280,863
"CIZ1",2753,2623,2851,3009,2657,2872,3258,2979,2703,2967,2908,2740
"SLC25A25",1397,1197,870,1964,1700,1543,1341,907,1048,1235,1278,824
"SH3GLB2",945,838,985,908,894,864,1169,1196,1057,1059,1001,919
"MIGA2",1193,1126,1131,1167,1035,1077,1308,1177,1189,1190,1236,1032
"PTGES",0,1,0,0,0,0,0,0,0,0,1,0
"LCN2",0,0,0,0,0,0,0,0,0,0,0,0
"LRSAM1",1165,1030,1028,1095,971,956,1079,977,975,997,958,826
"HMCN2",10,3,4,2,4,0,4,5,1,5,3,2
"GPR107",2900,2677,3101,2936,2806,3196,3480,2760,2688,2969,2903,2830
"PAXX",555,443,459,553,471,503,557,678,615,589,642,567
"IDI2",1,0,0,0,1,0,1,0,0,2,0,0
"INPP5E",804,914,873,685,662,665,1012,1006,822,892,805,797
"LCN9",0,0,0,0,0,0,0,0,0,0,0,0
"SEC16A",4492,4213,4332,5006,4587,5092,5000,3546,3522,3670,3215,3585
"DPH7",724,654,698,790,676,721,964,959,770,874,844,720
"NOTCH1",6579,6347,7078,5990,5974,7028,7747,6407,5499,5361,4604,5846
"CACNA1B",3,1,4,2,7,0,1,2,0,2,3,1
"NACC2",2203,2066,2639,2111,2105,2596,2445,2308,2296,2086,1920,2336
"PROSER2",384,326,344,447,375,464,504,440,474,442,454,423
"USP6NL",1072,1111,1304,1003,973,1168,1434,1102,1022,1112,1055,1217
"COMMD3",231,245,296,231,227,281,282,422,320,323,360,331
"MSRB2",231,186,215,220,239,221,284,326,249,262,287,238
"PDSS1",249,231,209,249,228,186,351,273,311,343,360,314
"FAM171A1",2840,2577,3045,2770,2720,3343,3580,3563,3513,3226,3233,3684
"MINDY3",457,420,425,505,471,471,574,441,452,528,502,477
"SLC39A12",0,0,0,1,0,0,0,0,0,0,0,0
"TMEM236",13,18,13,16,12,10,23,16,14,9,15,11
"RSU1",2068,1963,2094,2335,2179,2431,2669,2323,2073,2382,2445,2438
"ST8SIA6",119,101,126,85,99,76,186,134,105,113,120,139
"PARD3",839,773,733,934,809,817,821,664,692,722,727,630
"ANKRD30A",0,0,0,0,0,0,0,0,0,0,0,0
"ZEB1",2951,2850,3035,3592,3301,3435,3538,2216,2386,2626,2489,2704
"FAM13C",0,0,0,0,1,2,0,1,0,0,1,0
"NRBF2",372,351,406,445,414,485,715,687,587,705,757,724
"A1CF",0,0,0,0,0,0,0,0,0,0,0,0
"CDHR1",0,1,1,0,1,2,1,1,3,2,2,0
"LRIT1",0,0,0,0,0,0,0,0,0,0,0,0
"RGR",0,0,0,0,0,0,0,0,1,0,0,0
"POLR3A",2271,2061,1704,2639,2060,1658,2128,1284,1453,1756,1822,1372
"HERC4",1760,1668,1718,1981,1790,1753,2299,1839,1764,1859,1924,1929
"LRMDA",65,59,65,74,70,72,86,71,50,62,80,67
"CAMK2G",829,751,881,696,676,735,1125,1129,874,1007,1003,974
"ADIRF",719,599,644,693,606,650,690,804,669,627,837,566
"GLUD1",3389,3143,3292,4149,3801,4164,4374,3346,3619,3890,3810,3632
"ANKRD1",18289,16738,15732,16073,14970,14037,30366,26712,26013,26534,28996,24246
"HTR7",5,4,4,7,3,6,6,11,12,4,6,6
"RPP30",766,677,662,771,657,731,953,868,789,850,982,848
"FRA10AC1",675,636,617,599,560,587,779,838,651,725,829,684
"ADD3",1443,1647,2214,1519,1702,2484,1762,1770,1476,1562,1506,1949
"HABP2",0,1,0,0,1,1,0,0,0,0,0,0
"VAX1",0,0,0,1,0,0,0,0,0,1,0,0
"DNAJB12",1735,1540,1753,1859,1774,2054,2062,1821,1656,1762,1839,1760
"EIF4EBP2",2262,2148,2589,2475,2376,2708,2954,2464,2423,2454,2455,2618
"NPFFR1",0,0,0,0,0,1,0,0,0,0,0,0
"PLEKHS1",4,3,4,3,0,1,2,1,1,2,3,1
"TCF7L2",292,304,325,285,254,260,286,294,206,255,266,270
"MKI67",3489,3550,4341,3446,3027,4172,5495,3517,2774,3033,2904,4007
"CYP17A1",0,0,0,0,0,0,0,0,0,0,0,0
"INA",20,20,11,24,11,8,20,3,7,2,10,8
"FUOM",119,90,77,101,74,138,129,162,135,112,117,112
"LRRC27",137,139,169,139,142,138,181,211,176,183,159,164
"MTG1",646,583,616,561,568,570,782,897,693,715,727,576
"NKX6-2",0,0,0,0,0,0,1,0,0,1,0,0
"PAOX",15,16,18,9,9,16,23,22,11,14,13,11
"GSTO1",2672,2293,2017,2408,2341,2343,2743,3006,2618,2638,3102,2299
"TAF5",286,259,229,265,254,244,356,281,287,372,322,303
"PPRC1",2181,2033,1808,2097,1752,1677,2363,1657,1789,1830,1722,1567
"ITPRIP",3029,2667,2805,4545,4402,4542,4053,2170,2700,2872,3232,2450
"CNNM2",169,158,177,218,180,202,182,147,138,170,154,131
"PDCD11",3502,3027,3046,3543,3185,2974,3777,2780,2953,3092,2879,2564
"ADAM12",83,73,88,92,86,89,103,73,80,65,74,77
"RGS10",341,305,328,422,365,441,424,543,415,448,507,448
"BTBD10",2296,2172,2164,2470,2293,2467,2226,1797,1774,1818,1881,1879
"ADM",1388,1316,1457,1224,1295,1370,1944,2459,1949,1921,2049,1917
"GAS2",21,18,21,34,28,35,33,42,30,14,27,31
"SLC5A12",0,0,0,0,0,0,0,0,0,0,0,0
"LIN7C",488,438,487,615,597,577,597,483,473,496,552,554
"LRRC4C",3,0,0,2,1,0,1,0,0,0,3,0
"IMMP1L",112,85,133,96,105,113,150,162,104,117,126,116
"SAA4",0,0,0,0,0,0,0,0,0,0,0,0
"PGAP2",312,311,332,309,310,333,393,374,348,368,401,298
"TUT1",692,551,511,641,600,537,767,641,628,629,748,496
"SCGB1A1",0,0,0,0,0,0,0,0,0,0,0,0
"SYT8",0,0,0,1,0,0,0,0,0,0,0,0
"ZNF214",28,35,36,33,34,42,40,35,25,33,37,25
"ZNF215",126,96,106,144,120,138,139,97,102,111,109,99
"HSD17B12",1989,1789,1995,2118,2058,2166,2255,1746,1666,1939,1889,1741
"APIP",463,400,426,482,435,496,598,698,623,568,676,632
"PAMR1",0,2,3,0,8,1,2,2,2,2,3,2
"DGKZ",3975,3623,3929,3568,3466,3660,4312,4480,3797,4069,3900,3719
"EIF3M",4691,4096,4035,4796,4457,4503,5390,5558,5209,4985,5617,4766
"TNKS1BP1",5905,5438,6075,5239,5283,5756,6766,6303,5545,5670,5381,5078
"GLYAT",0,0,0,0,0,0,0,0,0,0,0,0
"SERPING1",13,14,11,10,8,11,25,8,3,13,12,10
"OR5F1",0,0,0,0,0,0,0,0,0,0,0,0
"SSRP1",7351,6294,7208,7250,6952,7791,9892,9353,9054,8902,9338,8721
"SLC43A1",265,243,281,272,293,263,337,236,209,246,262,205
"PTPRJ",630,697,763,706,600,691,744,468,501,504,560,518
"CSTPP1",325,297,352,276,328,357,429,478,432,363,420,405
"ARFGAP2",3226,2801,2929,3440,3060,3135,3577,3466,3217,3448,3471,2848
"CELF1",2397,2148,2234,2164,2090,2081,2644,2239,2067,2200,2061,2008
"HIKESHI",730,636,660,728,656,751,745,1043,743,776,897,843
"CCDC81",26,22,26,17,33,21,33,17,26,20,33,20
"SESN3",226,269,410,263,281,422,474,464,377,376,362,553
"ENDOD1",1939,1765,1968,2241,2177,2297,2137,1475,1508,1629,1674,1638
"CCDC82",1362,1249,1250,1390,1352,1411,1740,1465,1324,1539,1521,1436
"KLHL35",53,49,43,42,49,51,50,70,48,50,58,53
"TENM4",2,6,4,1,2,8,7,4,2,2,6,3
"SERPINH1",18799,15672,18376,21181,21289,24154,23477,20306,19133,19772,22787,19710
"CAPN5",533,559,609,529,495,618,576,504,404,388,405,453
"INTS4",962,911,992,966,1033,971,1168,1026,926,1042,1003,965
"PAK1",183,191,176,244,159,223,250,182,218,204,227,188
"RPS3",31512,26312,29772,30657,31469,37349,38575,54807,45225,39052,44503,40624
"ZC3H12C",597,625,551,1195,1157,1247,489,289,305,391,367,393
"TTC12",138,137,162,141,135,152,174,161,134,155,140,151
"NCAM1",0,1,0,1,2,1,1,5,1,4,1,0
"DRD2",0,0,0,2,1,0,0,1,0,0,0,1
"C11orf52",0,0,0,0,0,0,0,1,0,1,0,0
"HTR3B",0,0,0,0,0,0,0,0,0,0,0,0
"NPAT",749,797,884,889,842,931,914,578,589,764,692,759
"ATM",1110,1050,1230,1165,1123,1204,1376,868,904,951,802,1016
"AASDHPPT",1598,1391,1516,1614,1422,1611,1939,1608,1639,1687,1758,1686
"GLB1L2",11,16,17,15,20,24,21,19,27,24,36,20
"SLX4IP",87,108,102,84,83,89,108,94,74,81,87,100
"LAMTOR1",2963,2506,2752,3068,2711,3198,3393,3685,3334,3264,3680,3165
"P4HA3",442,438,497,566,607,763,645,623,567,567,543,586
"GRIK4",42,37,29,45,30,37,38,34,33,27,25,32
"ST14",114,73,40,95,76,33,37,20,37,47,49,21
"HYOU1",13170,12092,13385,30710,34754,44291,17613,14853,13956,15218,14648,13809
"GGTLC1",0,0,0,0,0,0,0,0,0,0,0,0
"ADAM33",1,0,2,0,2,1,0,0,0,0,0,0
"SLC22A8",0,0,0,0,0,0,0,1,0,0,0,0
"KAT14",209,219,221,225,163,203,298,248,238,256,280,247
"TKFC",576,516,621,521,531,582,759,730,682,697,611,683
"MTA2",8419,7324,8149,7739,7326,8065,10605,9008,8527,9168,9492,8753
"TMEM138",653,571,605,687,563,572,721,656,580,659,674,612
"FADS1",4827,5074,6788,4816,4932,6166,6498,6039,5091,5395,5154,6181
"TMC2",0,0,0,0,0,0,0,0,0,0,0,0
"ROM1",131,78,77,84,105,106,128,150,131,108,162,117
"EML3",1818,1722,1868,1464,1589,1687,2197,2532,1907,2034,1744,1643
"INCENP",1617,1526,1820,1526,1544,1810,2063,1669,1632,1841,1617,1789
"ZP1",0,0,0,0,0,0,0,0,0,0,0,0
"OOSP2",0,0,0,0,0,0,0,0,0,0,0,0
"MS4A3",1,0,1,0,0,0,0,0,0,0,0,0
"PLCH2",3,4,2,2,7,4,5,6,2,5,0,2
"CPSF7",3240,3153,3196,3200,2987,3195,3882,3414,2972,3396,3229,3239
"MS4A2",1,0,0,0,0,0,0,0,0,0,0,0
"B3GAT3",606,518,614,715,698,704,853,910,753,800,869,656
"EI24",7324,6524,7252,7512,7006,7890,8809,8717,8382,8440,9078,8336
"CCDC15",267,212,238,198,171,171,347,264,262,277,268,270
"CHEK1",1237,1152,1252,1500,1377,1560,1755,1468,1468,1486,1560,1539
"FEZ1",1006,978,1191,980,1016,1244,1398,1629,1308,1254,1303,1372
"ESAM",13137,11824,13335,13273,13015,14050,14953,13442,12607,12875,13724,11723
"KIRREL3",1,0,0,0,0,0,0,0,0,0,1,0
"MPZL2",964,814,865,775,780,906,2145,1576,1688,1501,1585,1739
"SCN2B",0,0,0,0,0,0,0,0,0,0,0,0
"SIDT2",907,827,937,878,912,925,1088,907,722,794,816,731
"TMEM25",164,158,210,154,161,211,181,220,160,177,128,187
"TAGLN",774,618,696,768,694,770,976,985,958,1027,1142,804
"JPH2",7,2,0,4,1,0,9,2,5,7,1,7
"DUSP15",0,1,1,0,2,0,2,1,0,3,1,0
"COMMD7",802,713,825,831,797,920,860,908,871,833,1002,869
"C20orf144",4,3,3,2,3,0,3,2,2,2,1,1
"KIAA1755",4,6,3,2,3,1,6,4,3,4,11,3
"SPATA25",19,19,13,17,11,8,15,17,7,11,12,8
"OCSTAMP",0,0,0,0,0,0,0,1,0,0,3,0
"DSN1",550,507,452,632,579,516,803,702,688,758,764,675
"MTCL2",879,873,1115,859,914,1062,1359,870,832,801,724,1089
"CNBD2",86,72,60,83,97,77,88,129,84,100,89,97
"SPINT4",0,0,0,0,0,0,0,0,0,0,0,0
"CDH22",2,0,1,0,1,1,0,1,2,1,0,0
"LSM14B",800,763,796,806,708,831,991,892,886,899,930,857
"YTHDF1",1602,1480,1489,1773,1550,1532,1842,1496,1503,1624,1650,1388
"CABLES2",304,290,305,493,483,620,372,315,320,323,304,305
"LTO1",866,770,745,800,792,756,931,890,808,866,883,666
"GPHA2",0,0,0,1,0,0,0,0,0,0,1,0
"SLC22A9",0,0,0,1,0,0,0,0,0,0,0,0
"TRPT1",294,238,326,284,296,350,405,545,399,350,378,356
"NUDT22",479,451,485,460,504,534,626,744,608,560,612,488
"FERMT3",4236,3587,3642,4348,4054,3825,4190,3707,3624,3599,3895,3296
"PLCB3",3705,3472,3680,3078,2904,2886,4019,3962,3265,3412,3089,3177
"MRPL49",2328,2136,2415,2654,2421,2635,2578,2385,2367,2503,2687,2358
"CDC42EP2",133,141,98,139,122,107,199,96,115,135,169,127
"FAU",9348,7280,7637,9069,8763,9549,10449,13609,11232,9963,12396,9599
"TM7SF2",292,319,429,235,281,384,386,611,381,411,372,402
"VPS51",1960,1713,2215,1953,1909,2560,2940,3309,2791,2539,2734,2713
"TBX6",6,3,6,4,6,9,6,7,6,3,7,6
"PPP4C",3031,2587,2741,3022,2815,3123,3776,4172,3466,3459,4092,3399
"ALDOA",5560,5066,5213,5676,5196,5620,6060,5136,4880,5395,5787,4692
"TLCD3B",6,8,5,2,1,6,7,9,1,12,1,1
"DOC2A",6,2,3,4,0,9,8,8,1,6,6,5
"HIRIP3",289,260,283,323,336,294,429,418,397,383,413,334
"TAOK2",5060,4744,5214,4740,4540,4837,5778,5213,4933,4846,4590,4479
"TMEM219",1251,1121,1284,1136,1223,1248,1504,1645,1363,1330,1613,1111
"HMGA2",1721,1406,1452,3157,2737,2984,3375,1916,2394,2779,2856,2742
"MMP3",0,0,0,0,0,0,0,0,0,0,0,0
"CNKSR2",0,0,1,1,0,0,0,0,0,1,1,0
"CNTN5",0,0,0,1,0,0,1,0,0,0,0,0
"KLRF1",0,0,1,0,0,0,0,0,0,0,1,0
"CLEC1A",516,494,610,365,425,510,702,736,660,615,733,746
"MKX",0,0,0,0,0,1,1,0,1,0,0,0
"MPP7",1,2,3,5,4,5,7,1,2,4,3,4
"ITGB1",27113,27642,31464,30798,30848,36979,35141,29117,27972,29173,29114,33698
"FXYD4",0,0,0,0,0,1,0,0,0,0,0,0
"TRIM48",0,0,0,0,0,0,0,0,0,0,0,0
"OR8K1",0,0,0,0,0,0,0,0,0,0,0,0
"OR5M9",0,0,0,0,0,0,0,0,0,0,0,0
"PCDH15",15,8,3,7,6,6,5,4,2,3,5,6
"CTF1",10,8,18,4,9,10,12,8,18,22,12,19
"CWC15",1200,1085,1130,1230,1161,1318,1851,2098,1706,1678,1996,1597
"FCGR1A",0,0,0,0,0,0,0,0,0,0,0,0
"ARID5B",257,262,301,451,420,498,211,130,125,183,211,166
"KLHL1",7,4,2,7,1,1,1,0,1,0,2,2
"CDH8",0,0,0,0,1,0,0,0,0,0,0,1
"DCUN1D2",269,230,252,246,217,249,261,302,248,288,272,290
"TMCO3",2348,2292,2425,2562,2592,2836,2822,2612,2697,2669,2686,2580
"TMEM218",337,331,315,320,346,401,394,468,361,357,378,388
"TIRAP",142,156,157,161,134,160,221,167,140,174,175,159
"EEF1AKMT1",106,103,120,93,100,109,166,225,174,175,179,202
"LATS2",2396,2426,2736,3133,2977,3346,2770,1791,2036,2138,2047,2163
"SAP18",3371,2811,2918,3454,3017,3084,3858,3856,3501,3702,4354,3408
"ADGRL3",0,0,0,0,0,0,0,1,0,0,0,0
"KIAA1328",111,85,84,109,91,82,106,109,99,96,116,119
"FAM124A",402,371,446,611,597,648,611,378,393,380,481,450
"MIA2",594,513,622,690,635,717,757,616,602,690,644,665
"HNMT",166,164,191,106,114,136,209,197,145,170,182,166
"LYPD1",2337,2062,2141,2425,2088,2084,2890,2679,2838,2668,2942,2468
"LYPD6B",0,0,0,0,0,0,0,0,0,0,0,0
"PDCD4",984,1035,1451,786,901,1209,907,1207,861,879,824,1004
"ADRA2A",2,3,3,3,3,3,3,7,3,4,4,3
"GPM6A",0,3,6,1,3,0,0,1,0,0,0,2
"WDR17",0,0,0,1,0,0,0,0,0,0,0,0
"SPATA4",0,1,1,3,1,0,0,1,0,1,3,4
"VEGFC",799,690,607,1512,1331,1204,910,595,701,836,1050,695
"CCDC102B",19,11,16,16,8,4,20,20,16,8,9,17
"CD226",1,1,0,0,1,0,0,3,1,0,0,1
"CNDP1",0,1,2,1,0,0,1,5,2,0,0,2
"FSIP1",27,28,36,37,22,49,33,45,17,28,27,38
"DLG2",12,17,8,10,19,15,19,10,7,11,14,9
"CCDC83",0,0,0,0,0,0,0,0,0,0,1,0
"RGS18",0,0,0,0,0,0,0,0,0,0,0,0
"PRSS23",29905,27163,28842,31640,29260,31895,37034,33063,30639,32798,36470,32392
"MTMR12",1450,1461,1517,1813,1696,2026,1628,1274,1321,1343,1314,1477
"PPP1R1C",19,11,13,23,12,10,16,15,13,11,16,14
"POU2AF2",0,0,0,0,0,0,0,0,0,0,0,0
"CCT5",10247,8746,9411,10545,9864,10133,13709,12363,12062,12503,13519,11493
"ATPSCKMT",173,158,196,127,141,185,256,334,247,194,230,274
"DOCK1",2313,2291,2708,2505,2324,2938,2930,2435,2269,2362,2294,2647
"DIXDC1",606,526,706,822,800,952,864,669,567,691,670,693
"DLAT",1843,1680,1860,2090,1984,2090,2307,1711,1830,2027,1979,1893
"PIH1D2",31,50,34,35,36,36,27,38,45,45,37,36
"NKAPD1",1123,1035,986,1207,1034,1068,1430,1188,1228,1331,1361,1265
"TIMM8B",1486,1157,1188,1475,1318,1492,1621,2270,1655,1587,1928,1708
"IL18",18,13,18,9,7,18,16,12,11,14,11,9
"TEX12",0,0,1,1,2,0,0,0,3,0,5,1
"PTS",427,447,428,577,577,630,673,718,586,566,680,575
"PIP4K2A",993,927,1084,1577,1491,1608,1805,1453,1427,1377,1447,1510
"FREM2",0,0,0,0,0,0,0,0,0,0,0,0
"FOXO1",1390,1300,1568,1587,1515,1989,1920,1795,1484,1513,1438,1780
"CRIM1",18837,18424,21853,20907,21391,27348,27946,21872,21233,20792,19278,22455
"SEC24D",4074,3827,4334,6576,6539,7274,5069,3423,3297,4003,4038,3978
"ABCB9",270,201,233,214,225,205,258,241,225,253,283,244
"RILPL2",269,231,273,366,402,483,397,457,383,358,436,350
"DHX37",1931,1809,1681,2100,1903,1770,2446,1773,1973,2141,2149,1736
"UBC",14847,12097,11498,14768,13156,12010,14437,11323,12171,13017,15248,10795
"ITPR1",436,371,404,524,435,400,384,210,241,277,280,259
"TKTL2",1,2,0,0,0,0,0,0,0,0,0,1
"PRSS53",70,59,76,40,42,61,83,88,57,70,36,54
"SLC7A11",4716,4711,5648,5474,5211,7191,5345,4011,4164,3973,3923,4838
"NOCT",1521,1411,912,1943,1448,1019,1015,600,696,1048,1211,677
"ENKUR",34,26,16,35,22,6,31,16,13,16,30,7
"GPR158",5,6,4,6,1,1,2,0,1,2,1,3
"LYZL2",0,0,0,1,2,0,0,0,0,0,0,0
"CACNA2D4",6,7,1,4,6,7,6,8,7,9,3,2
"DCP1B",352,326,389,319,307,326,435,313,306,355,356,345
"CACNA1C",0,2,0,0,0,0,1,2,0,0,0,0
"KCNA6",69,54,39,63,46,54,76,33,42,44,47,53
"THRB",2,0,1,1,1,1,0,0,0,2,0,1
"NGLY1",1024,930,932,1073,965,974,1190,975,1047,994,1166,1021
"OXSM",236,182,194,272,229,237,276,245,262,253,291,228
"UEVLD",857,917,925,1002,892,944,1077,925,837,981,1039,1088
"TMEM86A",126,113,82,124,112,86,109,74,90,109,113,66
"NOPCHAP1",217,187,198,236,202,195,256,304,246,245,265,251
"TMEM263",2136,2109,2418,3203,3282,4140,3059,2870,2675,2796,2758,3100
"ABTB3",122,124,116,180,134,150,136,87,96,116,115,103
"UBE3B",1405,1329,1482,1271,1229,1301,1487,1150,1110,1221,1160,1287
"ANK3",336,360,336,372,286,333,324,207,221,266,248,290
"IPMK",423,482,430,722,644,686,531,355,424,458,419,516
"RAD9B",9,8,9,6,7,9,22,10,9,12,5,8
"PLBD2",2754,2628,2901,2944,2730,3074,3173,2076,2040,2298,2226,2334
"DLG5",943,888,940,904,828,849,1020,699,744,756,723,832
"MAT1A",0,1,0,0,0,0,0,0,0,0,1,0
"SLC2A13",94,90,93,109,104,124,99,72,95,83,81,79
"GXYLT1",1206,1328,1402,1425,1318,1521,1912,1600,1541,1445,1469,1810
"TWF1",1523,1612,1701,1793,1721,2018,1535,1236,1162,1292,1360,1428
"DIP2C",254,248,284,357,356,491,260,227,213,164,180,229
"EIF4E",585,616,563,786,758,815,801,671,663,670,796,756
"MAGI1",609,635,834,561,632,866,904,748,630,615,600,791
"TEX30",424,349,283,424,347,320,409,452,394,395,453,361
"CSNK1G3",664,602,658,741,709,744,920,685,748,764,780,786
"SRFBP1",476,469,395,571,468,424,519,347,382,426,449,438
"AKAP6",9,7,11,10,17,9,9,5,6,5,5,8
"NPAS3",8,7,17,13,15,6,7,9,7,10,8,11
"FAM177A1",713,622,655,883,884,967,934,898,819,819,870,818
"MBIP",260,251,273,316,315,291,317,290,253,307,305,307
"MIPOL1",336,348,407,371,309,345,382,298,246,296,336,308
"EXT2",3696,3539,3788,3885,3765,4425,4685,3830,3784,4133,4153,4124
"TMEM18",461,450,421,427,455,466,591,596,548,531,585,483
"ALLC",4,4,2,1,4,0,0,0,1,3,0,1
"KCTD14",20,17,14,14,10,7,15,9,12,10,9,10
"THRSP",0,0,0,0,0,0,0,0,0,0,0,0
"NDUFC2",938,762,798,853,888,901,1151,1788,1252,1192,1270,1081
"ME3",1134,1040,1063,1086,927,974,1212,1204,1042,1065,1084,928
"MSGN1",0,0,0,0,0,0,0,0,0,0,0,0
"ADAMTS12",32,34,33,34,40,58,51,33,34,26,36,49
"NUBPL",114,132,160,162,115,152,165,157,157,166,150,162
"NEK7",2888,2845,2853,4310,3962,4609,5714,4057,4547,4925,4978,5013
"ATP6V1G3",1,3,0,1,0,0,1,6,0,0,0,0
"FER",518,488,499,664,534,646,610,376,417,447,380,520
"VIPAS39",848,757,760,885,800,880,980,817,745,796,802,732
"ANKRD50",2319,2229,2544,1984,1778,2101,2832,1920,1992,1955,1792,2243
"UPF2",1390,1258,1349,1345,1234,1280,1523,1214,1083,1245,1183,1261
"CDC123",2206,1970,2091,2435,2219,2488,2780,2641,2638,2589,2965,2604
"SCLT1",496,434,491,457,470,412,577,517,510,554,553,551
"CCDC3",14,8,6,10,13,15,15,14,1,11,5,13
"C4orf33",237,201,202,200,222,217,259,182,174,181,234,194
"FRMD4A",3963,3749,4092,3629,3409,3784,4125,3372,3210,3385,3435,3712
"SLC25A31",0,0,0,0,0,0,0,0,0,1,0,0
"PTPRO",0,0,0,0,0,0,0,1,0,0,0,0
"EPS8",693,701,706,850,797,888,1010,748,707,815,841,871
"ACAD8",892,867,917,811,790,782,977,913,816,887,817,751
"THYN1",728,600,709,660,677,756,952,1032,790,856,941,844
"VPS26B",1805,1614,1978,1653,1658,1897,2278,2066,1975,2083,2056,2042
"NCAPD3",1671,1513,1562,1733,1648,1707,2247,1590,1587,1751,1581,1708
"VTI1A",561,458,543,508,431,533,573,535,485,520,505,494
"QDPR",688,620,608,713,672,675,1013,1053,1001,953,1060,816
"FHIP2A",1167,1202,1341,1079,1131,1334,1542,1293,1067,1195,1077,1204
"ANO4",26,21,28,22,20,17,32,17,22,27,19,20
"TEX9",9,14,6,7,11,16,17,14,8,17,11,11
"QTRT2",1008,921,972,1008,1005,1021,822,639,667,693,667,657
"DRD3",0,0,0,0,0,0,0,0,0,0,0,0
"MMAA",155,143,129,168,156,170,212,197,175,198,213,191
"ZNF827",341,337,402,454,470,513,454,287,256,316,256,310
"POU4F2",1,2,4,10,1,1,6,2,2,3,3,9
"EDNRA",3,3,2,1,1,3,4,5,3,1,2,5
"NR3C2",549,520,550,584,518,494,653,412,471,521,520,492
"AKR1C2",2,0,0,1,1,3,4,4,2,3,1,2
"DPYSL4",1237,1137,1283,1145,1113,1303,1368,1272,1110,1190,1142,1133
"VENTX",0,0,0,0,0,0,0,0,0,0,0,0
"ADAM8",67,61,60,46,39,38,71,61,64,68,40,54
"ITIH2",0,0,0,0,0,0,0,0,0,0,0,0
"KIN",427,376,357,423,399,398,493,522,418,480,514,454
"PIGF",126,130,127,116,128,144,160,205,167,125,128,150
"ANKAR",51,74,66,66,51,64,73,47,52,64,74,54
"INPP1",1157,1111,1153,1544,1497,1487,1377,1183,1127,1314,1378,1145
"MFSD6",73,84,96,93,115,126,86,68,59,65,61,98
"RNF144A",132,151,235,75,69,104,219,249,181,207,187,246
"ASAP2",3073,3050,3414,3425,3186,3671,799,660,551,637,486,618
"ADAM17",2080,1932,2219,2397,2442,2944,2527,2214,2276,2211,2168,2351
"FLI1",5964,5885,6970,6973,7211,9107,9035,7585,6436,7040,7612,7582
"KCNJ1",0,0,0,0,2,4,1,1,0,1,2,0
"TMEM45B",39,32,27,47,44,37,38,34,23,35,36,25
"WWC2",1641,1724,1910,1848,1850,2084,2209,1607,1671,1698,1588,1950
"CENPU",784,700,770,823,732,768,1033,907,842,889,1030,1000
"ACSL1",646,662,646,842,696,800,861,593,688,687,688,633
"SLC25A4",367,301,351,470,409,452,362,359,339,330,379,300
"AMN1",139,137,141,177,173,201,168,226,172,161,188,186
"BICD1",384,343,340,419,373,379,447,331,341,376,386,373
"SAV1",919,818,908,1198,1168,1484,970,907,795,961,1048,1062
"CCDC122",76,81,86,76,73,105,93,87,76,77,78,98
"SERP2",3,1,2,1,1,2,2,5,2,0,2,1
"NBAS",2101,1919,2213,2000,1970,2149,2274,1879,1831,1725,1764,1899
"ZNF385D",17,16,9,35,46,54,34,30,18,19,32,17
"TDO2",0,0,0,0,0,0,0,0,0,0,0,0
"GUF1",947,938,1020,1012,991,1028,1121,911,888,943,913,955
"SLC35F4",0,0,0,0,0,0,0,0,0,0,0,0
"GABRA2",0,0,0,0,0,0,0,0,0,0,0,0
"SACS",1471,1320,1452,1879,1642,2098,2061,1257,1384,1140,1204,1730
"CCDC175",0,0,1,0,0,1,1,0,0,0,0,0
"PABPC3",13,15,14,15,10,13,17,16,12,17,17,15
"FBXO4",178,175,197,184,210,207,243,232,185,232,232,189
"TMEM267",155,163,172,181,194,197,261,190,205,215,225,204
"CCL28",14,11,14,14,8,14,13,11,10,10,10,18
"PARP8",2,2,1,8,5,4,3,2,1,1,1,4
"GFRA1",1,1,0,0,0,0,4,1,2,0,2,0
"CACUL1",1209,1184,1371,1423,1326,1638,1258,983,988,1006,1049,1069
"DST",4961,4662,5072,5891,5527,6809,6186,3447,3789,3502,3560,4536
"BEND6",61,60,75,63,58,55,50,71,59,64,58,63
"TIAL1",2327,2277,2277,2501,2209,2330,2725,2745,2357,2437,2670,2564
"BAG3",3741,3213,3233,4352,3920,4120,4129,3093,3000,3627,3984,3219
"GLT1D1",0,0,0,0,0,0,0,0,0,0,0,0
"TMEM132D",0,0,0,0,0,0,0,0,0,0,0,0
"RBM46",0,0,0,0,0,0,0,0,1,0,1,0
"SCHIP1",237,259,353,178,211,253,322,375,235,295,281,352
"MCHR2",0,0,0,0,0,0,0,0,0,0,0,0
"KCNE4",1,0,1,0,1,1,0,2,0,0,0,0
"AP1S3",34,43,26,36,38,51,59,60,47,58,63,41
"RABGAP1L",281,245,262,269,262,256,334,296,257,271,305,274
"CCDC74B",6,2,6,4,4,3,9,8,8,6,3,9
"TLCD4",14,12,17,20,12,30,12,21,12,10,13,15
"MZT2B",2196,1865,1886,2243,2078,2441,2507,3532,2808,2534,2996,2635
"TUBA3E",0,0,0,0,0,0,0,0,0,0,0,0
"ASTN1",0,0,0,0,2,0,0,1,0,1,0,0
"CFC1B",0,0,0,0,0,0,0,0,0,0,0,0
"FAM168B",3177,3005,3769,3409,3241,3854,4171,3937,3778,3667,3734,4281
"PTPN14",2872,2605,3238,3849,3531,4646,4319,2887,2747,2502,2518,3313
"MGAT5",2811,2687,3166,3480,3115,3771,3698,2646,2826,2671,2426,3109
"TMEM163",155,146,204,147,150,185,208,181,186,180,171,170
"GPATCH11",317,288,303,483,444,489,509,396,420,456,432,471
"HSPB8",845,662,588,973,699,585,594,340,452,554,635,376
"GEMIN6",322,231,264,296,273,275,412,435,376,348,417,339
"TMEM178A",2,4,3,1,1,1,6,5,5,2,2,2
"POU4F1",42,43,49,43,38,46,49,59,38,52,32,30
"OBI1",659,549,601,619,577,495,363,346,357,419,426,334
"CYSLTR2",3,2,0,1,0,3,2,4,3,3,4,3
"GRID2",0,0,1,0,1,0,0,0,1,0,1,0
"ARL11",8,6,10,11,8,17,9,4,3,4,9,8
"RIT2",2,0,0,1,0,0,1,1,0,0,0,0
"SETBP1",24,15,30,27,23,35,22,28,15,13,18,23
"ARL14EP",746,645,621,780,687,637,781,645,625,684,774,671
"EPG5",1665,1513,1650,1869,1598,1633,1723,1041,1111,1292,1197,1156
"PSTPIP2",279,293,313,407,381,399,372,309,326,298,285,312
"ATP5F1A",8754,7515,8619,8963,8531,9803,11003,11222,10427,10093,10569,9807
"HAUS1",826,687,758,819,787,909,1035,1032,950,996,1029,978
"ARK2N",514,485,476,549,481,452,545,398,399,468,478,366
"SPC25",277,272,322,288,274,348,509,490,453,497,526,519
"G6PC2",0,0,0,0,0,0,0,0,1,0,0,0
"PDK1",331,353,349,372,341,343,441,360,305,413,362,340
"PTH",0,0,0,0,0,0,0,0,0,0,0,0
"PDE3B",11,9,6,7,2,14,14,13,12,14,14,19
"TCF7L1",444,411,513,322,274,400,544,590,527,486,480,547
"TGOLN2",5092,4709,5489,4824,4573,5129,6867,5567,5099,5423,5696,5829
"SH2D6",0,0,0,1,1,0,0,1,0,1,0,0
"KCNK13",2,0,0,1,1,3,1,0,2,1,3,1
"UHMK1",2050,2049,2138,2541,2378,2703,1998,1245,1378,1437,1498,1642
"ATG10",88,97,111,84,89,123,126,121,115,114,124,135
"POC5",163,144,142,168,184,173,223,135,170,179,193,152
"SPOCK1",11329,11544,12965,12155,11624,12872,14468,10018,10052,11321,11565,11992
"FAM151B",35,33,30,45,45,40,30,37,25,32,29,35
"TADA1",160,134,138,163,145,165,213,168,221,228,213,211
"GUCY1A2",35,37,49,40,36,59,27,27,22,30,24,34
"CWF19L2",703,646,612,775,669,652,780,687,654,692,728,623
"JMY",343,336,345,317,301,344,351,301,269,281,241,314
"HOMER1",122,100,101,159,142,158,123,77,124,121,106,130
"XRCC4",135,136,118,158,136,163,184,201,170,203,234,209
"BOLL",0,0,0,0,0,0,0,0,0,0,0,1
"ZNF547",50,46,42,52,57,41,58,53,37,63,56,40
"ZNF773",151,122,105,141,131,109,129,111,117,130,115,96
"ZNF776",370,365,362,412,364,300,375,262,275,317,310,294
"ZNF256",124,115,88,137,115,94,112,64,104,118,122,85
"SUV39H2",403,358,409,469,373,421,595,523,498,520,593,561
"DCLRE1C",458,439,449,497,478,491,518,407,359,401,485,396
"OLAH",1,1,3,3,3,2,8,4,4,1,5,3
"RPP38",275,237,239,205,216,215,352,317,297,295,346,281
"NMT2",2862,2910,3264,3177,3107,3481,3300,3627,3009,3144,3158,3474
"ZSCAN1",0,1,0,0,0,1,0,0,0,0,0,0
"ZNF837",26,41,39,40,43,58,69,62,76,71,87,60
"USP12",1652,1551,1501,2253,2123,2151,2216,1512,1628,1717,1960,1928
"CCDC50",4572,4111,4355,5066,4732,5379,5767,4818,4938,4887,5182,5131
"CAMK4",24,33,26,31,21,29,49,40,41,33,39,42
"TRIM36",28,31,24,30,27,32,32,24,20,28,20,18
"ZFP36L2",1957,1969,2206,1665,1690,1971,2773,2456,2193,2216,2275,2421
"PAN3",623,605,684,578,554,685,604,441,417,471,495,571
"PLEKHH2",23,41,32,29,27,32,35,35,26,26,20,24
"PFKM",1579,1386,1564,1482,1449,1440,1921,1739,1533,1636,1576,1379
"TMEM123",10843,10740,11847,11000,10687,11165,12808,9638,9363,11484,12370,11475
"GRIA4",0,0,0,1,1,0,0,0,1,0,0,0
"IGSF10",0,0,0,1,0,1,1,0,1,0,0,0
"SPEF2",16,30,28,22,26,22,28,17,12,33,20,22
"SPARCL1",0,2,0,1,0,0,1,1,0,0,1,0
"DSPP",0,0,0,0,0,0,0,0,0,0,0,0
"DMP1",0,0,0,0,0,0,0,0,1,0,0,0
"MEPE",0,0,0,0,0,0,0,0,0,0,0,0
"MBNL1",5425,5477,6133,10577,10673,13486,6491,4865,4612,5324,5245,6169
"CAPSL",0,0,0,0,0,0,0,0,0,0,0,0
"NADK2",630,544,607,579,487,533,766,700,658,676,708,680
"GPD1L",307,320,260,297,325,310,385,290,297,315,291,313
"GJA1",7738,6742,6229,10368,9218,9076,8377,5743,6064,6529,7058,6383
"CCNO",4,7,4,20,17,16,14,13,6,13,8,13
"DDX4",0,0,1,0,0,1,1,0,1,0,0,0
"CLEC4F",0,0,0,0,0,0,0,0,0,0,0,0
"SLC30A6",524,496,571,615,588,659,746,575,528,648,602,661
"PELO",1164,1008,917,1523,1311,1295,1236,904,1075,1138,1365,844
"RASGRP3",668,636,706,927,995,1032,573,517,406,522,514,434
"SAR1B",866,766,848,943,997,1033,1132,991,945,1010,1026,950
"CATSPER3",2,4,11,7,8,9,8,7,5,10,9,11
"GPR180",733,788,737,896,968,962,1111,734,752,880,896,872
"DYNLT5",48,68,57,39,31,24,72,93,55,70,63,76
"DNAI4",44,41,37,45,51,40,59,47,42,47,41,47
"ANKRD22",0,0,0,0,0,0,0,0,0,0,0,0
"FARP1",1413,1372,1551,1459,1466,1922,1654,1594,1379,1278,1290,1637
"IFIT5",1492,1534,1335,1678,1946,1272,1414,608,658,1182,1648,655
"SLC16A12",0,0,0,0,1,0,0,1,0,0,0,0
"PANK1",90,66,81,94,89,100,101,111,107,93,107,116
"PRDM8",149,130,96,171,112,62,99,65,78,89,93,55
"BMP3",0,0,0,0,1,0,0,0,0,0,0,0
"HNRNPDL",6402,5945,6079,6786,6599,6799,8515,7836,7190,7740,8037,7302
"HHEX",2384,2361,2379,2468,2354,2422,3092,2953,2602,2719,3072,2759
"UTRN",6226,6163,8150,6124,6503,8520,8625,5062,4829,4799,4845,6412
"GRM1",3,3,5,3,6,7,5,5,6,3,3,3
"PTPRK",2938,2816,2788,3414,3169,3475,3890,2561,2790,2703,2784,2818
"GGPS1",431,387,420,448,388,450,596,554,497,514,614,540
"CNTNAP4",0,0,0,0,0,0,0,0,0,0,0,0
"ZNF117",457,561,619,358,405,405,459,513,309,386,281,392
"RAB3C",7,4,11,7,6,5,14,18,10,7,12,11
"LMNTD1",0,0,0,1,1,0,0,2,1,0,0,1
"MARVELD2",54,60,74,24,30,49,71,94,65,66,76,84
"RAD17",490,542,564,529,541,569,633,604,521,571,599,616
"MED21",471,460,537,477,417,551,617,600,494,530,606,616
"PLOD2",11407,10787,12083,14150,13519,15679,17439,12849,14227,14710,14615,15356
"STK32B",240,220,255,213,204,221,365,355,340,346,333,313
"NRSN1",0,0,0,0,0,0,0,0,0,0,0,0
"JAKMIP1",0,0,0,0,0,0,0,0,0,0,1,0
"ZIC1",0,0,0,0,0,0,0,0,2,0,0,0
"ADGRA3",525,533,641,602,608,773,907,715,740,663,695,872
"CPB1",1,0,0,0,0,0,0,0,0,0,0,0
"SREK1IP1",858,781,824,819,813,837,1110,1113,941,990,1041,1022
"LGI2",0,0,0,0,0,0,0,0,0,0,0,0
"CWC27",853,774,813,859,746,883,949,961,857,944,1056,919
"MR1",74,55,65,58,45,52,68,51,51,56,73,49
"SRP19",897,812,842,1145,1216,1275,1140,1242,961,1094,1204,1030
"CENPH",214,185,200,200,207,244,448,448,415,428,474,425
"CDYL",688,660,698,892,873,1003,1035,848,831,851,876,875
"CARHSP1",867,769,875,680,674,907,896,1198,872,882,1015,943
"TEKT5",0,0,1,0,0,0,2,0,0,0,0,0
"BANK1",12,4,12,7,9,5,16,3,8,5,5,7
"TXNDC11",2254,1975,2156,3467,3299,3665,2526,1999,1836,2062,2193,1920
"DAB2",7737,7877,10177,6023,5761,6995,10228,8729,7560,8577,7980,9375
"ACMSD",0,0,0,0,0,0,0,0,0,1,0,0
"ACOXL",0,0,1,0,1,0,0,0,0,1,0,1
"BCL2L11",282,292,354,403,482,619,344,351,330,336,354,386
"ANAPC1",1088,1057,1160,1122,1076,1154,1280,842,865,967,929,984
"CAST",6348,6158,6743,6380,6157,6826,8165,6440,6142,6503,6477,6730
"SCOC",1168,1127,1131,1368,1235,1430,1325,1296,1202,1257,1335,1370
"CLGN",31,33,24,22,26,32,45,52,39,43,51,38
"CETN3",199,165,187,189,193,247,276,358,292,291,279,277
"SMARCA5",4916,4660,4943,5473,5560,6060,6848,4993,4681,5320,5474,5045
"SYCP2L",0,0,0,0,0,0,0,1,0,0,0,0
"BMP6",6808,6282,7549,7850,7739,9585,9995,8003,7982,8028,8293,8851
"RGPD3",4,1,5,5,2,2,2,5,2,3,4,0
"RASSF3",2013,1853,2014,1732,1569,1660,2809,2106,2311,2536,2635,2277
"HNRNPU",14497,13413,13964,14681,13681,14311,20142,16690,15233,16382,15755,15599
"RANBP2",2587,2283,2651,2722,2583,3020,3316,2273,2047,2058,1988,2353
"AHCTF1",1218,1151,1213,1275,1272,1393,1656,1073,1114,1125,1072,1172
"MERTK",2089,2028,2247,2008,2083,2240,2551,2192,2151,2239,2094,2185
"TMEM87B",2544,2678,2760,2875,2761,3134,3231,2602,2432,2567,2531,2760
"OR14K1",0,0,0,0,0,0,0,0,0,0,0,0
"PTPRR",12,18,10,21,29,7,13,2,14,11,15,9
"NR4A2",21,37,26,120,135,214,69,29,57,49,46,32
"CCDC148",2,2,1,0,0,1,4,5,2,1,5,1
"PLA2R1",361,313,429,354,394,458,479,367,338,322,332,376
"RBMS1",2064,2001,1938,2919,2646,2883,3129,2355,2320,2618,2655,2515
"SCN3A",41,42,24,47,26,7,11,2,0,13,17,1
"FEZF2",0,0,0,0,0,0,0,0,0,0,0,0
"CD96",0,0,0,0,0,0,0,0,0,0,0,0
"SLC25A27",16,8,9,11,11,5,8,16,9,8,5,8
"ADGRF1",0,0,0,0,0,1,0,0,0,1,0,0
"ADGRF4",1,3,5,5,3,4,5,7,5,2,4,2
"FRMD1",0,0,0,0,1,0,0,0,0,0,0,0
"CYRIB",588,534,599,646,643,762,1073,1046,1001,950,1043,1109
"ASAP1",5673,5886,6696,6406,6136,6945,7136,5062,4575,5145,4657,5646
"TRAPPC8",1603,1681,1703,1695,1543,1712,1884,1375,1352,1554,1515,1579
"FAM81B",1,0,0,0,0,0,2,0,0,1,0,0
"INO80C",791,731,735,823,773,823,1113,1151,950,1038,1091,922
"LPCAT1",3052,2737,2868,3886,3728,4024,4214,3277,3613,3630,3679,3284
"PLEKHG4B",0,1,0,0,2,2,0,0,0,1,0,0
"NMRAL1",792,672,760,701,713,737,954,1004,875,867,968,809
"UBALD1",669,692,710,646,629,661,837,937,856,775,795,742
"C16orf89",1,0,0,0,2,0,0,0,0,0,0,0
"LYSET",282,220,207,297,193,219,231,226,236,192,314,198
"ING1",422,376,363,514,484,518,536,458,472,496,550,511
"TEX29",18,24,11,12,16,12,8,14,7,9,6,5
"SPACA7",0,0,0,0,0,0,0,0,0,0,0,0
"ADPRHL1",28,46,48,49,36,54,66,31,51,52,59,43
"CMTM7",1020,872,1002,893,789,930,957,1041,930,880,900,837
"FBXL2",679,631,745,493,473,517,784,797,635,665,673,703
"UBP1",2749,2788,3050,3017,2810,3111,3610,3007,2865,2931,2948,3179
"RMND5A",1058,877,885,1068,958,1072,1168,933,1000,1090,1057,953
"CD8A",0,0,0,0,0,0,1,0,0,0,0,0
"RPIA",726,613,615,907,823,832,971,906,856,854,1002,840
"GOLGA8F",0,0,0,0,0,0,0,0,0,0,0,0
"PTPRD",401,417,563,587,552,739,620,427,413,420,395,457
"LURAP1L",96,89,90,122,89,125,107,78,79,105,115,85
"CNKSR3",290,266,283,1425,1501,1773,255,200,208,227,259,279
"GTF2E1",610,530,544,555,498,550,819,656,652,715,747,635
"CFDP1",909,767,763,895,858,856,1065,1250,984,1029,1249,947
"TGIF2LX",0,0,0,0,0,0,0,0,0,0,0,0
"ZDHHC7",1149,1039,1120,1283,1186,1289,1460,1226,1319,1417,1327,1300
"CIBAR2",0,2,2,0,0,0,0,0,0,0,0,0
"SPMIP4",51,49,39,57,44,29,52,26,32,19,47,28
"TMPRSS11D",1,2,0,0,0,1,0,0,0,0,1,0
"JAZF1",182,175,216,231,238,297,249,192,203,188,244,216
"CMIP",2733,2447,2796,2928,2939,3516,2914,2559,2273,2270,2163,2290
"SPHKAP",0,0,0,0,0,0,0,0,0,0,0,0
"KCNJ16",0,0,0,0,1,0,0,1,0,0,1,0
"PID1",0,0,1,1,0,1,0,0,0,1,1,0
"TRIP12",6665,6393,7357,6918,6581,7375,8215,5702,5521,5722,5476,6401
"FBXO36",32,33,32,38,30,37,25,28,40,26,32,35
"CEBPG",1043,966,970,1341,1317,1433,1266,1195,1133,1175,1273,1202
"KCTD15",782,875,974,730,680,894,1111,1121,935,901,885,950
"ZNF599",61,62,65,62,63,48,112,99,84,71,101,98
"MCOLN2",0,6,0,0,2,0,0,4,1,0,0,1
"LGI4",2,1,2,2,1,1,4,1,3,1,3,1
"DDAH1",3462,3338,3401,3870,3567,4062,3856,2711,3038,3367,3286,3312
"SREK1",1393,1454,1467,1379,1357,1334,1735,1443,1160,1402,1323,1340
"CHD1",1616,1527,1610,1772,1749,1937,2159,1303,1341,1485,1445,1515
"ANKFN1",0,0,0,0,0,0,0,0,0,0,0,0
"DGKE",368,348,407,401,425,494,471,489,365,405,360,395
"HS2ST1",891,872,975,996,979,1126,1247,1059,1035,1054,1088,1205
"MSI2",205,259,347,221,201,384,253,359,259,248,221,303
"CACNA2D1",1289,1419,1674,1539,1560,2023,2029,1569,1427,1321,1307,1626
"ZUP1",291,245,197,269,259,215,269,254,209,319,246,231
"HS3ST3A1",0,0,0,0,0,0,0,0,0,0,0,0
"GDPD1",67,86,94,86,92,103,103,116,107,101,96,129
"NUS1",630,573,546,966,1011,1214,776,619,650,704,745,707
"SEMA3D",773,820,952,1275,1333,1541,964,690,654,668,653,784
"PPP2R5E",1365,1341,1568,1738,1704,2148,1965,1644,1537,1703,1679,1752
"ASB17",0,0,0,0,0,0,0,0,0,0,0,0
"GRAP",1061,916,1293,609,617,784,1325,1727,1295,1332,1389,1343
"SLC5A10",3,2,0,1,1,2,0,0,0,3,5,0
"AK5",247,230,330,327,288,410,468,533,517,455,449,483
"CABYR",76,74,104,53,43,75,67,86,74,86,81,97
"IMPACT",856,912,966,878,952,1028,1200,1035,999,1027,1020,1083
"ANKRD29",8,18,12,6,10,7,10,15,14,6,15,14
"SDHAF4",58,72,51,68,62,61,79,124,76,84,82,74
"CHST9",0,0,0,0,0,0,0,0,0,0,0,0
"THY1",1,2,8,13,12,3,3,3,4,12,3,4
"DNAAF1",2,0,1,1,2,1,4,3,0,3,2,1
"C16orf74",473,419,376,508,435,473,584,567,534,589,574,519
"TBCEL",641,644,639,597,622,707,716,616,627,665,655,703
"JPH3",17,16,31,2,8,8,25,21,17,13,12,21
"ANKH",497,389,490,555,608,717,599,539,555,568,545,541
"OTULIN",535,570,569,609,519,660,856,693,636,637,647,669
"UBASH3B",848,730,665,1048,954,1059,1260,766,993,901,1003,982
"ROBO4",20385,19045,20979,14229,15031,15833,26538,24540,22109,21915,20857,19623
"ROBO3",97,129,152,146,124,160,161,208,131,136,162,161
"PANX3",0,0,0,0,0,0,0,0,0,0,0,0
"TBRG1",1271,1205,1167,1365,1370,1405,1444,1380,1215,1270,1347,1287
"NRGN",1154,947,1098,1610,1618,1930,1542,1931,1601,1476,1587,1526
"RETREG1",3,1,3,1,3,0,2,1,1,1,1,0
"CDH12",7,4,11,4,8,6,14,9,7,7,7,7
"GPR15",0,0,0,0,0,0,0,0,0,0,0,0
"TOMM70",1577,1508,1549,1945,1745,1823,2060,1593,1643,1759,1853,1761
"ABI3BP",1610,1648,2082,1565,1573,1951,2127,1702,1185,1382,1050,1612
"ANGPT1",93,92,91,87,51,77,127,60,67,104,90,79
"PITPNC1",96,97,87,219,244,305,182,168,143,151,173,160
"CC2D1B",1791,1701,1900,1700,1748,1792,2116,2179,1990,1967,1784,1781
"CERS3",0,0,1,0,2,0,0,1,1,2,0,0
"PRKCA",806,793,871,1067,1027,1316,1164,918,835,879,829,1070
"LRRK1",1265,1180,1226,1192,1062,1028,1256,876,905,947,840,887
"CEP112",230,239,258,222,212,260,304,277,201,252,250,271
"GAL3ST2",2,1,0,1,2,1,3,1,0,2,2,1
"ABCA9",43,51,54,30,37,28,64,53,45,42,36,55
"ABCA6",242,258,355,213,210,289,343,298,280,253,257,295
"ABCA10",11,8,16,13,17,15,16,20,15,19,11,15
"ABCA5",414,434,501,478,492,549,583,445,438,443,405,486
"ENPP3",1,1,0,0,1,0,1,1,0,1,2,1
"UCHL1",7451,6393,6971,7460,7181,7959,8291,8517,7964,7730,8275,6964
"MIA3",1768,1696,1872,2201,2302,2322,2098,1515,1282,1572,1661,1552
"DISP1",119,113,104,140,134,152,118,120,101,104,107,106
"TNIK",3341,3406,3829,3633,3419,3830,4662,3251,3274,3287,3164,3468
"FAM167A",9,8,1,11,5,4,6,0,2,5,2,1
"NEIL2",297,303,242,279,227,280,320,310,315,351,319,271
"PGM5",1,1,0,0,0,0,0,0,4,1,0,1
"WNT3A",2,1,1,2,0,0,1,0,3,1,2,0
"OBSCN",47,46,46,51,41,40,55,66,47,50,44,50
"LONRF1",289,306,260,285,301,349,437,406,405,374,374,419
"TRIM11",991,805,785,932,932,833,1105,1002,978,1033,1099,805
"ENAH",2694,2680,3139,3869,3858,5016,3535,2955,2710,2991,2808,3318
"PPP1R3A",0,0,0,0,0,0,0,0,0,0,0,0
"CCSAP",199,203,235,215,240,254,270,222,238,174,218,272
"ASZ1",0,0,0,0,0,0,0,0,0,0,0,1
"SH3RF1",987,976,771,1302,988,818,817,518,627,759,750,562
"GBP5",158,102,45,174,85,25,48,16,30,49,79,12
"BUB3",2985,2844,3021,3173,2984,3429,5161,4795,4548,4796,5043,4594
"GPR26",0,0,0,0,0,0,0,0,0,0,0,0
"CFAP210",0,0,1,1,4,0,1,1,0,0,0,0
"MMP21",2,1,2,0,0,2,2,0,1,0,0,0
"C10orf90",0,0,0,0,0,0,0,0,1,0,0,0
"DIPK1A",4,6,2,1,7,4,3,5,6,6,6,3
"ATP5MC3",2640,2272,2445,2911,2587,2958,3166,3743,3164,3168,3538,3020
"CNTNAP3B",269,264,329,240,219,298,354,320,342,265,312,347
"MAGED4",0,0,0,1,0,0,0,0,1,0,0,0
"SRSF12",0,1,0,2,0,1,1,1,1,0,0,0
"PDLIM3",88,68,62,120,98,134,100,73,78,93,80,79
"SORBS2",1176,1221,1343,1033,949,1127,1213,1104,902,1023,1005,1023
"ELOC",1579,1333,1382,1667,1614,1750,1906,2046,1874,1776,1944,1730
"LY96",193,146,168,208,195,208,150,199,160,162,226,177
"PSMA8",0,0,0,0,0,0,0,0,0,0,0,0
"TMSB4Y",6,10,13,9,11,14,15,23,16,12,13,14
"CXADR",275,290,373,312,301,419,431,530,425,409,375,619
"BTG3",769,676,587,979,891,771,744,603,618,735,853,620
"C21orf91",199,186,160,260,210,201,224,153,170,192,175,191
"CHODL",0,0,0,0,0,0,0,1,1,0,0,1
"TMPRSS15",0,0,0,0,0,0,0,0,0,0,0,0
"NCAM2",44,65,63,64,64,73,73,56,56,57,64,75
"L3MBTL4",2,1,3,2,2,0,0,0,0,0,0,1
"PDE1C",68,46,42,48,45,19,56,47,46,61,49,52
"RABGEF1",97,107,82,112,91,124,123,121,92,108,129,93
"MRPL39",537,478,464,528,608,535,573,523,483,522,588,492
"JAM2",3,8,6,12,5,10,12,7,9,4,8,7
"ATP5PF",1219,1127,1260,1266,1273,1483,1477,1615,1358,1482,1710,1594
"GABPA",457,458,608,491,496,612,696,582,551,596,571,722
"ADAMTS1",1542,1261,971,6243,6499,7381,2485,1076,1430,1645,1834,1315
"ADAMTS5",0,0,0,3,4,8,2,0,1,1,1,4
"TSEN2",174,167,174,161,133,121,227,210,206,222,205,198
"SLFN13",44,30,47,75,56,74,32,30,29,29,27,34
"WNT7A",0,0,0,0,2,0,0,0,0,0,0,0
"XPC",2318,2110,2154,2299,2046,1997,2602,2168,2050,2224,2101,1887
"CCDC174",487,440,467,576,556,525,537,508,430,473,550,468
"FGD5",7332,6913,8162,7373,7378,8665,9149,7642,7324,7296,7011,7589
"FLCN",1580,1583,1341,1503,1246,974,1348,1166,1040,1299,1223,890
"DPH3",947,926,973,1143,1094,1258,1325,1260,1081,1109,1289,1166
"OXNAD1",195,180,195,272,277,265,292,245,260,208,247,232
"PLCL2",533,463,546,627,557,540,611,498,510,502,592,528
"CXXC1",984,1019,982,987,954,997,1395,1589,1258,1271,1285,1167
"SKA1",517,462,535,534,531,566,768,645,638,743,681,702
"PPP4R1",3350,3189,3668,3142,3047,3677,4727,4031,4133,4013,3861,4062
"APCDD1",2,5,17,1,3,3,6,18,11,8,8,9
"PIEZO2",390,481,537,421,420,588,724,633,484,468,473,642
"MPPE1",296,279,298,282,277,257,322,259,247,288,271,235
"USP43",1,0,0,0,0,1,0,0,0,2,0,1
"RAB6B",42,50,45,31,31,36,55,49,48,48,44,56
"EME1",145,146,118,149,130,113,205,170,156,152,160,161
"EPHB1",50,48,64,66,71,122,76,90,70,76,66,81
"ACSS1",376,347,474,283,299,316,462,424,423,412,418,415
"ANKRD40",1315,1315,1318,1846,1664,1941,1556,1155,1134,1344,1327,1350
"ZNF18",178,155,174,141,130,168,214,199,158,214,155,157
"CA10",0,0,0,0,0,0,0,0,0,0,0,0
"VOPP1",2154,1942,1993,2434,2166,2513,2037,1943,1931,1863,1991,1756
"SEPTIN14",0,0,0,0,0,0,0,0,0,0,0,0
"APOOL",390,431,462,507,492,514,505,376,441,430,434,481
"DKK2",2,2,1,451,575,501,5,2,2,25,23,30
"CYP2U1",196,195,186,155,149,203,200,171,142,159,165,213
"RSPH10B",2,3,3,0,0,2,2,3,1,0,1,0
"FBXL18",1060,890,1003,1040,1016,1063,1080,937,872,934,879,842
"CNTNAP5",0,0,0,0,0,0,0,0,0,0,0,0
"PROM2",2,4,5,0,1,3,1,1,3,2,3,1
"AK9",172,154,164,148,158,149,154,116,157,160,136,149
"ODF1",0,0,0,0,0,0,0,0,0,0,0,0
"KLF10",2050,1933,1341,1977,1481,1005,1951,1183,1335,1945,2036,1347
"PTPRN2",18,11,10,13,12,15,14,17,13,12,16,13
"AZIN1",2396,2236,2120,2635,2465,2433,2605,2030,2309,2368,2371,2266
"ATP6V1C1",2033,1879,1943,2349,2024,2211,2259,1783,1857,1915,1998,1909
"PIP4P2",200,193,191,177,168,187,207,159,147,185,187,153
"OTUD6B",494,527,478,636,555,710,676,555,570,558,582,653
"CDK19",162,160,204,136,126,196,273,302,219,208,218,316
"GTF3C6",1499,1261,1395,1473,1403,1559,1654,2016,1609,1655,1918,1627
"TTC39B",155,143,175,171,164,181,176,162,124,145,173,150
"AGPAT5",1386,1409,1541,1611,1461,1705,1905,1814,1670,1625,1720,1944
"MMS19",1937,1851,2158,1931,1855,2100,2568,2397,2149,2152,2089,1983
"OR4K1",0,0,0,0,0,0,0,0,0,0,0,0
"PI4K2A",1207,1179,1221,1593,1447,1689,1497,1176,1176,1284,1452,1194
"MARVELD1",2008,1751,2152,2092,2028,2462,2686,2460,2256,2260,2291,2331
"ZFYVE27",670,650,617,785,832,857,730,678,717,708,679,595
"GOLGA7B",2,2,0,2,4,0,4,2,0,2,3,7
"GPR78",1,1,0,0,0,0,0,0,0,0,0,1
"TRMT44",376,334,321,434,349,400,433,341,331,356,365,292
"SLC25A28",1024,932,803,986,972,847,723,613,533,637,832,478
"HSPA13",1922,1911,1923,3338,3421,3835,2548,1802,1959,2380,2283,2168
"SAMSN1",110,76,96,168,149,145,127,70,79,98,98,87
"USP25",2927,2716,2846,2934,2709,2886,3143,2318,2285,2616,2622,2516
"GRAMD2B",20,6,14,22,21,30,13,10,11,6,12,12
"ZCCHC10",559,522,456,520,506,579,569,508,513,582,612,503
"C16orf87",270,253,258,341,291,295,332,260,308,315,348,300
"MOV10",4928,4487,4933,4066,4169,4058,5690,4239,3790,4643,4563,3381
"RHOC",12651,11323,12501,14134,13765,15397,13910,15034,12954,13348,15680,13180
"PPM1J",13,10,16,9,10,10,13,16,14,20,15,11
"DBI",2063,1863,2104,2077,2064,2222,2551,3348,2415,2476,2919,2411
"SLC16A1",4360,4163,4388,4018,3775,3900,5889,5026,4774,4962,4831,4982
"HEATR3",566,441,464,614,512,575,671,623,674,605,640,564
"TRIM74",2,2,1,0,3,0,1,1,2,2,0,1
"NIFK",1036,922,888,1082,1007,938,1287,1172,1185,1242,1320,1168
"OXA1L",4631,4535,5136,4835,4960,5603,6117,6333,5262,5572,5888,5688
"SLC7A7",392,425,485,371,413,606,521,578,470,446,431,488
"MAGEC1",0,0,0,0,0,0,0,0,0,0,0,0
"LARP1",6423,5993,6840,6458,6182,6998,8861,6426,6521,6507,6309,6489
"CNOT8",1204,1209,1206,1212,1229,1313,1470,1523,1364,1379,1511,1480
"GRIA1",3,0,0,0,3,0,0,0,0,1,0,0
"LRGUK",4,2,4,1,4,3,5,2,2,2,0,0
"SETD9",89,83,90,73,87,100,95,112,95,90,121,103
"MIER3",457,457,467,489,452,485,435,329,312,357,312,378
"NUP205",2802,2615,2535,2979,2609,2565,3683,2509,2573,2694,2686,2579
"ZKSCAN2",185,201,179,181,167,187,244,183,168,185,193,184
"C9orf85",190,166,201,213,190,190,224,167,168,245,213,209
"XAGE2",0,0,0,0,0,0,0,0,0,0,0,0
"PIK3AP1",4,6,11,8,12,5,7,4,5,8,7,3
"RBM45",226,193,238,184,188,209,277,245,240,252,271,275
"TTN",5,9,12,14,15,18,9,10,6,3,5,10
"VSIG4",0,1,0,0,0,0,0,0,0,0,0,0
"PDIA4",8894,7382,9120,20004,22280,28645,15576,13680,12860,13938,15278,12696
"KDM8",88,92,127,97,78,103,134,165,138,115,122,116
"PDZD9",1,1,1,1,0,0,0,1,1,1,0,1
"OTOA",3,2,0,3,2,1,2,1,0,1,5,0
"KCTD18",174,164,170,158,180,193,235,202,212,206,187,190
"HYCC2",452,477,470,471,461,486,515,409,369,418,411,435
"FLACC1",32,34,39,38,26,32,41,31,21,21,22,24
"C2CD6",0,5,2,1,1,1,0,0,1,1,1,1
"TMEM237",886,814,979,941,890,1036,1268,1305,1115,1195,1292,1292
"FZD7",28,17,14,29,21,7,12,12,5,15,25,14
"SPAG17",1,0,0,2,2,2,7,1,0,1,1,0
"DEPTOR",1,1,1,1,2,3,2,2,4,1,0,1
"FMN2",1,1,0,2,0,0,1,0,0,1,0,0
"RNF20",796,818,852,854,804,806,1093,876,969,1015,887,899
"CYLC2",0,0,0,0,0,0,0,0,0,0,0,0
"PPARGC1B",50,54,38,52,60,45,79,42,43,43,44,54
"ELMO1",621,511,717,822,877,1210,732,693,526,595,594,695
"SLC26A2",892,844,873,1394,1253,1454,1303,851,922,959,926,1071
"LSM11",407,404,405,349,329,351,630,507,558,570,502,561
"MED7",273,256,260,304,236,259,346,361,307,336,343,297
"SAXO1",0,0,0,1,0,0,0,0,0,1,0,0
"RRAGA",2020,1613,1845,2118,2071,2096,2331,2186,2095,2241,2402,2134
"SLC24A2",1,0,0,0,0,0,0,0,0,0,0,0
"TRIM42",0,0,0,1,0,0,0,0,0,0,0,0
"PXYLP1",9,12,11,20,19,15,31,16,10,22,20,26
"ADCY8",0,0,0,0,2,0,1,0,1,0,0,0
"RASA2",672,648,625,615,608,591,1065,758,802,817,807,811
"RMND1",477,468,435,469,424,429,541,428,457,457,554,471
"RAET1L",0,2,0,2,3,1,0,0,1,2,0,0
"SLA",0,0,0,0,0,0,0,0,0,0,0,0
"TMBIM4",544,465,503,543,500,609,675,757,623,686,725,700
"VBP1",1380,1319,1333,1538,1416,1599,1664,1828,1618,1689,1888,1740
"RAB39B",1,0,0,2,0,1,0,0,0,1,1,0
"CLIC2",317,315,345,319,289,281,333,276,239,348,402,307
"AFF2",18,18,5,25,17,35,25,16,17,16,15,18
"MICU3",66,68,74,74,83,101,124,114,118,118,104,115
"GRIP1",0,1,1,0,1,1,1,1,2,1,0,3
"VPS37A",1028,877,829,1279,1175,1105,1148,813,892,1053,1098,885
"KIF5A",7,5,8,9,5,5,2,4,4,8,4,0
"NAT2",1,0,0,0,2,1,1,1,0,1,2,3
"MAGEA8",0,0,0,0,0,0,0,0,0,0,0,0
"PSD3",399,393,476,394,396,435,555,334,426,355,338,461
"CARNMT1",294,303,291,402,436,418,511,400,379,421,413,439
"MCU",707,679,808,832,783,964,885,768,813,796,831,889
"MIDEAS",1425,1312,1447,1315,1257,1356,1826,1155,1166,1132,1061,1153
"CFAP70",14,14,9,8,11,8,8,9,9,4,12,5
"GNA14",49,53,51,44,44,33,98,67,51,61,70,70
"FAM161B",165,156,154,147,141,161,173,167,130,144,161,163
"GNAQ",1694,1685,2003,1586,1583,2017,2357,1895,1740,1699,1831,1957
"WIF1",2,2,1,0,0,0,0,0,0,0,3,0
"UGT2B4",0,0,0,0,0,0,0,0,0,0,0,0
"GPR61",0,0,0,2,0,1,1,0,0,0,0,0
"MMP16",377,402,536,467,453,658,473,330,316,314,315,398
"ADK",990,840,894,995,928,969,1141,1105,1024,1061,1181,997
"KCNMA1",56,55,53,53,40,43,52,49,63,40,80,61
"BATF",4,1,0,3,1,0,0,0,0,0,2,0
"DCK",468,503,507,562,504,508,688,523,556,671,597,670
"ADAMTS3",12,8,14,17,26,20,13,9,10,10,13,19
"ALX3",0,0,0,0,0,0,0,0,0,0,0,0
"DPY19L4",557,560,602,540,528,599,718,542,540,675,605,615
"NDUFAF6",244,229,229,270,246,293,289,288,231,277,290,249
"DRAM2",315,327,361,349,319,395,472,478,432,460,510,452
"CFAP418",54,61,53,70,50,69,65,65,51,63,62,75
"PPEF2",1,4,1,1,3,0,3,2,1,2,2,1
"CFAP161",32,24,28,28,42,41,34,26,16,37,34,23
"ADAMTSL3",1,2,0,0,0,0,0,1,1,0,1,0
"ART3",13,6,8,7,6,1,8,5,2,9,9,2
"SLC28A1",0,1,0,0,0,0,1,1,1,1,3,0
"WHAMM",911,805,722,925,819,799,751,541,541,779,733,565
"CXCL13",0,0,0,0,0,0,0,0,0,0,0,1
"N6AMT1",181,180,187,206,181,207,253,234,207,238,231,222
"RWDD2B",513,434,440,510,473,494,549,483,427,525,523,470
"USP16",1394,1260,1380,1717,1619,1918,1747,1457,1396,1566,1592,1547
"CCT8",6327,5588,5758,6478,6071,5987,7682,7548,7423,7374,7678,6544
"MAP3K7CL",141,136,113,200,147,144,102,70,91,94,110,95
"NAA11",0,0,0,0,0,0,0,0,0,0,0,0
"BACH1",553,494,459,653,508,506,696,398,470,525,563,611
"CLDN17",0,0,0,0,0,0,0,0,0,0,0,0
"CLDN8",0,0,0,0,0,0,0,0,0,0,0,0
"TSPAN7",23,21,24,24,18,31,31,16,23,21,40,15
"TIAM1",1,0,0,1,3,1,4,1,3,3,0,4
"SCAF4",1338,1183,1223,1336,1218,1181,1473,1095,1017,1190,1054,1061
"RPGR",206,197,232,275,229,275,347,238,218,282,271,290
"CDK20",11,14,7,11,14,7,18,11,7,25,12,11
"PCGF6",288,256,261,295,285,287,410,330,353,363,374,334
"ANKRD9",618,591,656,772,722,859,828,827,824,794,872,747
"SFR1",340,332,231,387,305,193,313,210,245,315,346,255
"SORCS3",0,0,0,0,0,0,0,0,0,0,0,0
"SFXN2",123,100,123,118,153,136,177,144,126,147,129,134
"ATP5MJ",969,847,878,954,901,935,1105,1647,1312,1014,1231,1146
"FUT6",0,0,0,0,1,0,0,0,1,0,0,0
"TDRD9",11,4,12,14,21,12,16,16,15,9,5,16
"FGF18",51,44,22,29,37,15,19,13,19,23,18,7
"PCDH1",3573,3286,3889,3064,2949,3230,4085,3107,2832,3088,2974,2955
"SH3RF2",29,21,31,18,14,17,21,20,19,39,29,25
"GDF6",254,188,271,414,507,784,421,427,418,402,383,462
"UQCRB",3341,2874,3121,3366,3298,3593,4059,5858,4234,4009,4831,4005
"MTERF3",326,315,312,341,289,311,451,383,406,424,426,401
"PTDSS1",2852,2519,2783,3103,2840,3064,3609,2856,3031,3224,3261,3104
"PPP2R2B",0,0,0,2,2,2,0,0,0,0,1,3
"RPL30",8575,7405,7914,8663,8510,9379,10049,12651,9604,9726,11823,10320
"KCNS2",0,0,0,0,0,0,0,0,0,0,0,0
"PABIR3",90,72,73,99,81,99,104,81,75,86,93,84
"SUPV3L1",713,669,572,825,621,601,832,619,586,720,736,649
"PABIR2",432,403,445,480,459,594,594,658,484,535,529,588
"EEF1A1",92881,83510,95636,100390,98758,119887,115239,136195,119834,110993,120301,118322
"FBXO43",31,32,29,32,28,33,59,53,52,68,63,57
"HKDC1",12,5,6,5,8,4,12,4,12,7,10,6
"HK1",4695,4111,4409,5146,4780,4814,5528,4504,4433,4610,4420,4018
"TYSND1",310,283,273,229,246,213,299,281,259,262,217,227
"PHF6",827,834,947,928,899,1151,1036,778,741,866,784,935
"CD109",3632,3895,5017,4590,5016,6723,4315,3605,3075,3097,2960,4036
"LRFN2",0,0,0,0,0,0,0,0,0,0,0,0
"NODAL",0,0,0,0,0,0,0,0,0,0,0,0
"PRG3",0,0,0,0,0,0,0,0,0,0,0,0
"UBE2L6",8054,6513,6134,6633,6202,4514,7865,3784,4653,6786,7914,3251
"ZDHHC5",4988,4484,4948,5536,5372,5888,5904,4321,4150,4932,5080,4696
"MED19",910,778,824,1050,941,1037,982,1037,890,906,1177,922
"ZFAND3",2392,2217,2311,2542,2351,2721,3184,2665,2512,2941,3074,2789
"NPTN",2175,2081,2245,2415,2222,2578,2850,2635,2431,2753,2999,2752
"KAT6B",343,328,372,412,366,423,422,277,295,305,279,338
"SAMD8",858,944,1053,1339,1262,1455,1143,838,828,898,917,1013
"RAB11FIP1",66,66,70,92,81,127,130,104,104,108,94,113
"UNC5D",0,0,0,0,0,0,0,0,0,0,0,0
"GLYATL2",0,1,1,0,0,2,0,2,1,0,1,2
"UTP14A",1361,1124,1057,1386,1247,1092,1522,1011,1110,1367,1363,1138
"AIFM1",1064,861,958,1135,1112,1213,1186,1122,1042,1056,1118,994
"MAPK13",219,194,229,197,220,241,237,191,143,166,157,139
"BAG4",507,474,471,477,492,467,631,438,495,636,614,535
"MS4A1",0,0,0,0,0,0,0,0,0,0,0,0
"TBC1D31",184,211,213,212,236,213,287,239,220,247,221,222
"NTAQ1",112,143,173,160,158,191,178,221,193,192,210,181
"ATAD2",1268,1086,1044,1505,1238,1330,1400,991,1062,1207,1164,1240
"FBXO32",184,174,202,419,470,608,216,228,201,257,231,226
"NSMCE2",452,370,386,458,401,419,474,506,417,421,544,451
"ZNF689",353,366,346,392,370,360,433,319,371,375,379,339
"PRR14",1131,947,1039,1159,992,960,1085,1162,926,1055,1089,936
"FBRS",4198,4044,3835,4316,4035,3984,3701,3245,2860,3599,3266,2887
"FRRS1",58,46,56,91,86,93,40,25,37,48,54,21
"PHKG2",506,515,463,506,507,499,544,676,481,513,522,441
"MFSD14A",144,169,180,227,174,223,169,126,129,151,156,148
"SASS6",198,203,181,214,204,232,252,147,176,237,230,220
"COX6A2",0,0,0,0,0,0,0,0,0,0,0,0
"ITGAD",0,0,0,0,0,0,0,0,0,0,0,0
"ADGRG4",0,1,0,0,1,2,1,4,2,1,0,2
"ZIC3",0,0,0,0,0,0,0,0,0,1,0,0
"MALSU1",333,268,268,307,254,304,422,499,407,403,503,369
"VPS8",1538,1484,1568,1488,1464,1459,1716,1362,1297,1461,1287,1479
"GALK2",674,558,499,776,691,637,637,478,496,569,569,443
"LHFPL4",0,1,0,0,0,0,0,0,0,0,0,0
"B3GNT7",8,9,6,9,10,24,9,9,7,7,13,5
"MPV17L",2,1,0,0,0,0,2,2,1,0,1,0
"BUB1B",1262,1277,1465,1235,1223,1412,1890,1698,1679,1764,1648,1883
"PDE6D",402,282,386,375,360,413,457,484,436,450,502,395
"EIF4A2",6976,6817,5941,6943,6647,5906,7944,7750,7279,7713,7504,6700
"BRPF1",1024,962,974,1162,1068,985,1116,914,848,970,962,789
"RPUSD3",545,560,550,521,491,553,750,773,689,682,749,639
"SST",0,0,0,0,0,0,0,0,0,0,0,0
"TATDN2",669,568,650,707,725,779,807,717,705,734,760,602
"GHRL",2,1,2,0,2,5,3,1,2,6,2,1
"SEC13",4041,3405,3901,4543,4408,4844,5308,5046,4549,4743,5187,4278
"EXOG",346,306,327,379,339,346,451,413,374,382,370,363
"NTAN1",1516,1319,1500,1503,1376,1577,1874,1763,1616,1616,1848,1714
"SHCBP1L",0,0,1,0,0,0,0,0,0,0,1,0
"NMNAT2",6,5,6,14,12,29,5,3,1,8,6,11
"ZFYVE9",807,733,751,925,830,888,988,670,670,732,686,744
"ATP2B2",0,0,0,1,0,0,0,0,0,0,0,0
"LYZL4",3,2,1,1,2,1,1,2,0,0,0,2
"SLC6A1",0,0,0,1,1,0,0,0,0,0,0,0
"SMG1",3558,3311,3844,3827,3552,4202,4317,2306,2485,2391,2388,3157
"FCHO2",773,870,1003,970,1145,1303,968,783,699,849,722,861
"RBPMS",366,381,389,408,407,450,497,463,335,389,468,398
"TMEM171",291,353,312,283,267,324,532,440,456,443,598,427
"KLHL40",0,0,0,0,0,0,0,0,0,0,1,0
"C8A",0,0,0,0,0,0,0,0,0,0,0,0
"TIMP4",1,0,1,2,1,1,3,0,1,3,1,0
"SYN2",7,1,11,4,1,4,4,9,8,6,7,5
"NRG1",2978,2748,3235,3811,3862,4448,4920,3598,3690,3742,3786,4100
"ODR4",807,772,751,1044,896,862,871,633,627,805,840,725
"CPT2",334,342,298,353,332,323,391,321,319,318,333,282
"NECAP2",2700,2404,2718,2867,2796,3073,3010,2971,2755,2763,3053,2590
"LRP8",930,907,992,1024,1102,1085,1403,854,882,947,875,919
"CDCP2",0,0,0,0,0,0,0,0,0,0,0,0
"PAXIP1",366,396,388,377,370,370,504,443,416,427,479,447
"STEAP2",113,132,158,113,96,102,144,91,89,128,108,123
"SSBP3",1539,1403,1529,1184,1008,1244,1545,1533,1233,1342,1461,1436
"HTR5A",0,0,0,0,0,0,0,0,0,0,0,0
"CLDN12",419,389,388,477,443,423,511,339,382,401,427,413
"MMP14",17824,16968,20790,25580,27164,34504,25674,27714,23102,22080,23145,24628
"FZD1",136,139,144,212,181,214,167,111,134,142,132,132
"GATAD1",618,595,631,517,529,614,670,806,577,705,631,662
"SUSD3",0,0,1,0,0,0,0,0,0,0,0,0
"TMED6",1,3,3,0,2,1,0,3,4,4,2,2
"CLEC18A",0,1,0,1,1,3,0,0,0,0,1,1
"DHRS4",287,239,278,279,257,284,366,389,371,345,351,296
"CFAP107",0,0,0,0,0,0,0,0,0,0,0,0
"CLEC18C",0,0,0,0,0,0,0,0,0,0,0,0
"ARMC12",3,4,9,3,5,1,11,11,4,7,4,8
"DDX19B",282,224,255,271,274,296,299,334,255,271,329,326
"ST3GAL2",1572,1486,1748,1585,1549,1939,2076,1920,1804,1648,1838,1778
"FCSK",352,340,309,335,299,309,378,405,361,366,354,314
"IL34",12,19,20,24,26,37,20,22,17,13,8,9
"DHRS1",244,203,232,187,187,215,238,315,203,230,164,214
"CACNA1D",0,0,2,1,1,0,0,0,2,0,1,1
"ARSL",70,73,112,78,85,91,101,136,94,87,89,80
"KIT",286,315,375,194,213,349,838,795,740,668,643,968
"HYDIN",3,2,1,2,2,1,4,0,0,2,1,0
"AASDH",146,162,171,171,162,166,215,174,164,181,167,168
"ZNF19",24,26,24,24,27,14,21,26,24,22,27,27
"CACNA2D3",0,0,0,0,0,0,0,0,0,0,0,0
"RNF111",1038,1160,1250,1443,1244,1426,1218,866,821,1003,939,976
"CCNB2",951,905,1127,972,893,1193,1388,1581,1349,1441,1473,1637
"FAM81A",4,2,6,3,3,2,4,3,0,2,3,4
"MYO1E",1905,1780,1997,2506,2579,2924,2405,1761,1607,1762,1756,1743
"APPL1",1174,1146,1254,1290,1202,1246,1608,1263,1210,1317,1306,1536
"PWWP3B",0,0,0,0,0,0,0,0,0,0,0,0
"AFAP1L1",1360,1488,1674,1180,1209,1597,1538,1460,1236,1241,1220,1332
"TSC22D3",320,348,384,345,330,382,379,448,368,344,383,369
"VPS26C",1491,1519,1566,1680,1554,1620,1775,1446,1356,1638,1573,1569
"DYRK1A",1143,1104,1198,1167,1086,1107,1017,843,727,791,757,775
"KCNJ6",3,0,0,0,1,0,0,0,0,2,1,1
"KCNJ15",11,16,18,12,7,15,25,13,21,19,15,17
"ERG",5868,5725,6683,7030,7023,8175,8401,7085,6205,7074,7371,7336
"ETS2",1726,1556,1355,2028,1845,1978,1436,1150,1170,1167,1366,1150
"TSPAN18",1524,1729,2493,1396,1581,2378,2087,2214,1679,1809,1730,2159
"LCA5L",13,8,8,13,17,22,15,19,14,14,14,17
"SLC35B2",1267,1111,1345,1331,1339,1483,1857,1914,1774,1683,1856,1728
"TMEM164",753,731,781,654,653,662,893,708,595,758,732,672
"MX1",31806,29057,28013,27419,27160,18319,31886,11649,14579,26411,30201,10952
"CREB3L1",62,88,110,36,52,89,128,199,138,116,104,156
"C2CD2",1213,1264,1411,1126,1167,1314,1325,1071,956,985,992,1039
"TAB3",530,533,589,626,571,665,618,410,438,464,471,525
"SLC38A10",5077,4646,5164,4832,4593,5258,6398,5522,5422,5372,5793,5045
"C9orf43",19,17,10,24,16,19,21,13,11,19,16,11
"PALM2AKAP2",13488,12561,12716,16871,15477,16423,18751,11224,12661,12767,12603,13418
"ZNF618",2143,2049,2407,2277,2129,2493,2503,1958,1839,1876,1721,2008
"DGKI",19,22,22,36,27,19,20,4,14,16,10,16
"TMEM268",157,159,150,138,176,169,222,150,140,158,177,146
"SVOPL",0,0,0,1,0,0,0,1,0,0,0,0
"SNX22",25,7,8,14,16,9,6,4,12,6,7,9
"UBN2",296,331,291,366,273,332,276,183,176,190,204,218
"BRAF",556,608,612,756,643,691,675,459,482,520,580,623
"SLC34A2",1,0,0,0,0,2,0,0,0,0,0,0
"ACAN",0,0,0,0,0,0,0,0,0,0,0,0
"PSMG3",378,289,275,406,394,406,411,535,395,445,496,361
"CABP1",2,0,1,3,5,1,3,0,4,6,1,3
"WDR19",549,615,687,657,627,723,731,649,479,536,471,588
"SLC37A3",742,785,803,873,811,902,1074,914,921,989,986,943
"AP3S2",197,182,208,179,161,181,240,194,206,231,224,196
"FMNL2",1587,1748,1976,1596,1590,1742,2262,1779,1701,1748,1478,1873
"GAREM2",143,133,133,143,139,131,196,181,129,157,148,119
"SPPL3",1006,952,1065,863,902,1012,1242,1200,1042,1185,1153,1090
"DPYSL5",3,4,0,5,1,1,0,1,0,2,1,0
"DRC1",5,0,1,4,5,4,6,6,8,3,5,6
"RAB28",244,236,253,311,330,320,316,316,270,295,328,288
"PRXL2B",1703,1575,1639,1438,1380,1641,1848,1641,1649,1524,1700,1544
"TNFRSF14",1055,955,995,817,805,758,985,1075,846,931,888,672
"PANK4",724,633,585,653,616,580,943,803,769,777,754,686
"CIB4",0,0,0,0,0,0,0,0,0,0,0,0
"MEGF11",2,2,0,1,0,0,1,0,0,0,0,1
"C12orf43",782,722,744,788,768,769,992,915,894,878,996,850
"PEX10",932,862,955,943,919,996,1074,1056,1047,1033,1195,1102
"RER1",3217,2891,3175,3359,3141,3434,3839,4213,3677,3656,3923,3205
"RADIL",2,4,6,4,2,5,3,5,5,3,2,8
"SKI",2239,2198,2214,2240,2064,2272,2778,2113,2160,2208,2131,2138
"WIPI2",2761,2444,2639,2424,2373,2613,3479,3504,3016,3168,3358,3077
"LDLRAP1",1070,1015,1212,979,909,952,1505,1389,1239,1285,1311,1211
"AGAP1",277,306,346,315,304,390,326,281,247,275,230,307
"KRTCAP3",21,16,15,7,14,11,14,25,8,16,10,10
"ANKRD61",3,4,5,4,3,3,3,3,2,4,6,7
"PAFAH2",268,266,284,259,244,302,300,272,286,275,297,244
"EXTL1",0,0,0,0,0,0,1,1,0,2,0,1
"SLC30A2",0,0,0,0,1,0,0,1,0,0,0,0
"BABAM2",424,308,367,365,341,431,541,480,368,405,466,400
"TRIM63",1,0,0,0,0,0,0,0,0,0,0,0
"CFAP251",155,154,136,138,133,106,124,107,90,113,92,99
"MRPL17",2594,2082,2176,3147,2898,3005,2934,2846,2660,2658,3136,2461
"DUSP2",7,8,13,19,19,7,14,5,12,14,11,10
"GRHL3",3,0,0,2,1,0,2,0,0,0,2,0
"UBXN11",183,162,151,172,192,172,209,244,166,201,149,169
"NLRP14",19,25,19,21,23,35,14,30,16,12,22,12
"PTPDC1",210,193,239,217,207,213,233,179,177,181,165,158
"GALNT14",0,0,0,0,1,0,0,3,0,0,2,0
"NCK1",932,839,931,965,918,1106,1261,1170,1125,1157,1055,1134
"HPD",0,1,0,0,0,0,0,0,1,0,0,0
"RHPN1",294,314,360,179,212,277,401,600,366,378,281,339
"TPRG1L",2109,1848,1943,2094,1957,2187,1862,1837,1591,1672,1861,1663
"LRRC43",16,22,22,18,19,25,25,23,16,25,25,20
"PRXL2C",325,338,342,418,451,432,459,386,387,431,465,399
"XDH",0,0,0,1,0,0,0,0,0,0,0,0
"XKR8",372,274,372,330,320,293,407,340,331,261,308,328
"CNNM4",233,200,182,232,219,167,247,148,184,195,214,183
"EYA3",986,910,962,986,885,895,1323,1004,971,1032,1006,991
"DZIP1L",69,65,83,83,80,98,85,79,55,56,62,58
"TMSB15A",11,4,8,7,4,9,6,18,7,11,14,15
"FANCC",314,284,352,245,315,326,429,401,362,416,402,358
"MRAS",146,157,175,154,145,189,210,189,188,189,203,189
"WASF2",7644,7062,8283,6659,6507,7851,9388,8209,7497,7784,7233,7772
"ABHD3",137,134,126,115,112,98,169,137,141,151,160,143
"ESYT3",2,0,0,1,1,0,0,1,0,1,1,1
"FAIM",109,112,137,129,145,157,175,187,185,168,165,182
"TENT5B",36,30,28,30,25,20,33,26,27,43,39,17
"CLSTN2",3,1,3,2,4,2,1,3,6,0,3,4
"COLEC12",1448,1719,2239,1238,1493,1889,2374,2580,1972,2009,2076,2260
"RNF207",37,48,40,23,41,28,55,36,46,52,38,24
"CUL4B",3167,2888,3180,3557,3330,3549,3901,2811,2707,3136,3152,2936
"GPR153",73,70,79,72,93,94,106,86,83,69,84,70
"SLC13A3",38,18,34,25,30,22,47,19,23,29,40,16
"GPRASP2",233,215,219,235,216,200,289,263,272,297,246,298
"RHBDL2",10,5,6,13,11,5,7,10,7,6,5,4
"AUTS2",93,96,108,63,56,94,96,91,76,93,60,100
"SHROOM4",1248,1195,1510,2005,1979,2615,1360,939,885,997,947,1110
"H2BC5",177,134,106,164,136,83,142,88,85,129,182,79
"CDC25C",250,218,271,243,209,213,382,337,300,351,366,323
"H4C8",310,253,133,314,221,73,149,72,123,175,174,69
"MITD1",561,528,479,554,484,485,596,594,473,558,621,462
"EIF5B",4941,4398,4511,4947,4527,4738,6368,6754,4823,5384,5926,5109
"RIBC1",13,5,2,8,5,10,7,4,5,8,10,5
"TMSB15B",3,8,5,5,8,8,7,11,9,8,14,9
"CATIP",0,0,0,0,0,0,0,0,0,0,0,0
"CNOT11",1136,1068,1193,1201,1205,1318,1382,1286,1228,1309,1256,1245
"KCNB1",0,0,1,0,1,0,1,1,0,0,0,2
"TSPAN33",8,2,10,7,12,10,10,7,10,4,9,5
"NRG2",30,29,41,19,6,13,18,34,12,22,23,21
"AHCYL2",596,546,612,543,550,587,607,436,481,512,470,558
"B4GALT5",2848,2834,3098,5929,6315,7720,4098,3061,3056,3241,3353,3440
"CD1D",2,1,2,0,0,0,0,1,0,1,1,0
"CD1A",0,0,0,0,0,0,0,0,0,0,0,0
"SPATA2",381,336,322,399,348,389,489,324,345,335,411,320
"CD1C",0,0,0,0,0,0,0,0,0,0,0,0
"CD1B",0,0,0,0,0,0,0,0,0,0,0,0
"DNAH3",53,40,15,66,35,14,10,6,6,25,15,4
"CD1E",0,0,0,0,0,0,0,0,0,0,0,0
"HMHB1",0,0,0,0,0,0,0,0,0,0,0,0
"CPA2",5,7,1,4,4,2,1,1,1,4,1,0
"NCF1",3,2,0,2,4,1,3,0,0,2,0,0
"CPA5",0,0,0,0,0,0,0,0,0,0,0,0
"TSR2",1063,829,971,1068,994,1051,1237,1184,1246,1211,1281,1075
"PPP1R9A",37,36,54,39,47,65,37,31,36,23,27,41
"ZC3H18",2368,2029,1990,2237,2009,2077,2795,2168,2301,2297,2227,2188
"ZFAND2B",468,390,476,400,404,451,540,746,594,545,607,510
"POM121L2",0,0,1,0,0,0,0,0,0,0,0,0
"GDPD5",1423,1521,1959,1215,1301,1711,1849,2102,1592,1548,1454,1670
"DYNC1I1",15,13,28,31,20,25,28,23,22,19,23,25
"PFKFB1",0,0,5,1,1,1,4,3,1,1,0,0
"ALAS2",0,0,0,0,0,0,0,0,0,0,0,0
"TMED4",1373,1199,1372,1524,1525,1584,2011,1763,1765,1763,1786,1654
"PPP1R15B",1044,993,833,1163,1110,1075,1195,772,908,1018,1074,939
"COPG2",303,282,335,260,283,315,439,462,385,406,362,388
"EMSY",797,787,779,1001,891,946,864,614,514,700,638,767
"PAGE5",0,0,0,0,0,0,0,0,0,0,0,0
"GPAT4",2471,2220,2428,2550,2759,2957,3250,3084,3076,2944,2798,2604
"PKD1L1",113,129,137,226,274,261,152,139,107,144,129,121
"ZSCAN12",214,207,224,223,209,178,279,186,170,208,197,182
"TAGLN2",19102,16719,17694,20346,18497,19937,22048,20717,21582,21250,22688,19160
"ELK4",1174,1146,1324,1213,1231,1520,1249,1012,901,934,955,1004
"SLAMF8",0,0,0,0,0,0,0,0,0,0,0,0
"SLC45A3",381,333,444,334,331,392,405,385,344,332,313,351
"DUSP23",308,243,308,357,306,346,477,553,470,434,480,406
"RNF166",777,697,693,730,689,697,974,923,891,920,900,787
"NBL1",1510,1260,1346,1590,1567,1692,1535,1523,1649,1486,1593,1363
"HTR6",0,0,0,0,0,0,0,0,0,1,0,2
"ITLN2",1,0,0,0,0,0,0,0,1,0,0,0
"F11R",2061,1910,2434,2080,2310,2781,2459,2781,2270,2177,2328,2211
"USF1",1392,1204,1362,1298,1275,1327,1682,1755,1453,1444,1605,1351
"PLA2G2F",0,0,0,0,0,0,0,0,0,0,0,0
"SPATA2L",282,246,255,372,328,298,333,361,344,308,398,301
"NIT1",309,254,300,287,294,351,332,393,292,292,338,335
"DEDD",1077,1048,1059,1136,1051,1079,1436,1268,1140,1285,1362,1163
"ZNF276",1168,1027,1123,1022,983,924,1178,1076,942,1030,977,903
"NPM2",0,0,0,2,1,0,1,0,1,2,1,2
"EDA",16,10,22,4,8,16,28,22,18,16,23,13
"FGF17",0,0,0,0,0,0,1,0,0,0,0,0
"VWA5B1",0,0,0,0,0,0,0,0,0,0,0,0
"CDA",5,0,6,4,3,4,4,1,1,5,0,4
"PINK1",576,534,645,490,456,654,773,950,738,777,735,751
"B4GALT3",829,712,798,944,869,982,1050,1059,1016,986,1017,930
"DMTN",458,492,621,429,505,682,626,758,670,577,564,619
"ADAMTS4",476,425,389,802,786,906,472,254,341,310,312,237
"FHIP2B",1413,1337,1515,1295,1313,1513,1643,1645,1314,1428,1313,1317
"NDUFS2",2739,2495,2852,2767,2747,3036,3903,3949,3777,3523,3780,3247
"SLC5A11",24,19,24,32,18,16,22,11,12,20,13,24
"FCER1G",5,7,12,7,8,9,7,9,10,8,9,4
"APOA2",0,0,0,1,0,0,0,0,0,0,1,0
"TOMM40L",694,534,589,603,510,612,726,684,634,668,710,649
"MPZ",44,34,53,45,53,54,34,33,32,25,29,42
"WFDC8",0,0,0,0,0,0,0,0,0,0,0,0
"CCAR2",3739,3302,3333,3520,3191,3396,4893,4371,4216,4086,4228,3714
"WNT9B",0,0,1,0,0,0,0,0,0,0,0,0
"CACHD1",378,349,395,391,375,451,400,274,254,305,289,320
"CDC42SE2",685,723,776,691,720,861,754,674,686,722,695,774
"RAPGEF6",196,175,181,220,215,181,175,144,119,144,163,152
"EPB41",884,971,1139,858,922,1079,1017,938,794,938,936,962
"MIS18A",380,297,335,397,359,399,600,588,540,557,664,584
"ALG8",976,863,942,1020,882,941,1118,956,932,1018,1073,976
"FBXW5",2487,2236,2334,2678,2597,2889,3146,3121,2771,2929,3047,2793
"CFAP298",351,328,293,406,360,397,458,491,371,375,480,380
"SYNJ1",878,859,825,880,831,845,835,615,585,686,599,591
"PAXBP1",847,789,899,823,798,842,1109,987,870,943,833,868
"IFNAR2",370,300,411,312,295,352,464,454,319,347,435,407
"MRPL10",1193,1032,1096,1278,1106,1171,1354,1211,1150,1250,1447,1191
"IFNGR2",941,845,883,1075,933,1032,1374,1174,1138,1200,1416,1090
"GART",2036,1883,2019,1951,1854,2044,2633,2122,1956,2172,2253,2108
"SON",6898,6538,7020,6885,6251,6990,8350,5875,5273,5504,5315,5699
"DONSON",701,655,735,925,815,897,949,820,826,889,916,866
"SV2A",20,31,39,30,31,28,39,38,29,22,29,32
"LAD1",0,1,0,1,0,0,0,0,0,1,0,0
"STC1",78,64,42,1298,1488,1999,137,44,49,138,181,121
"TNNI1",0,0,2,1,0,2,0,0,0,2,2,1
"CSRP1",9422,7827,8827,9948,9215,10802,12532,11270,11151,10567,11862,10808
"PRAC1",0,0,0,0,0,0,0,0,0,0,0,0
"HOXB13",0,0,0,0,0,0,0,1,0,1,0,0
"C1QC",0,0,0,0,0,0,0,0,0,0,0,1
"KCNE2",0,0,1,0,0,0,0,1,0,0,0,0
"ATP5MC1",788,636,663,880,736,866,894,1070,876,867,991,840
"RCAN1",820,707,528,4959,5231,6576,913,613,691,986,1089,864
"UBE2Z",3890,3482,3527,3870,3801,3827,4821,4035,4204,4211,4368,3724
"CIART",252,214,169,209,167,96,104,75,89,139,145,71
"SNF8",1565,1373,1413,1657,1509,1661,1921,2409,1943,1807,1983,1685
"CLIC6",0,0,0,0,0,0,0,0,0,0,0,0
"CCDC24",40,49,61,26,38,44,48,68,47,49,36,47
"RUNX1",744,655,550,756,645,542,862,579,752,687,743,635
"IGF2BP1",1932,1852,2011,1813,1703,1860,2646,1957,1793,2000,1783,1958
"GIP",0,0,1,0,0,0,0,0,0,0,0,0
"CBR1",1176,958,949,1292,1084,1078,1155,1016,990,1052,1237,944
"CBR3",284,283,265,373,327,345,401,434,383,380,432,324
"GJD2",0,1,0,0,0,0,0,0,0,0,0,0
"ACTC1",1,3,0,0,1,2,1,0,2,1,2,1
"MORC3",722,757,796,791,794,853,949,769,727,764,768,874
"CHAF1B",407,357,344,389,358,353,503,398,408,423,475,363
"CLDN14",70,41,21,72,44,28,49,27,38,26,48,26
"SIM2",2,1,0,0,0,0,3,0,1,0,1,0
"HLCS",162,139,166,186,150,186,183,136,149,177,184,181
"GOLGA6A",1,1,1,1,0,0,2,0,1,0,1,2
"SCUBE1",64,59,66,72,70,83,89,67,48,73,73,60
"ARHGAP27",1741,1829,2055,1234,1269,1260,1872,2081,1616,1713,1586,1638
"ADPGK",1387,1284,1300,1467,1397,1445,1991,1499,1491,1633,1671,1510
"PTMS",7797,6609,7743,6793,7185,9064,10135,15044,10905,9916,10826,10548
"PLA2G4D",1,0,0,1,0,0,0,0,0,1,0,0
"PADI4",1,1,0,0,0,0,0,0,0,0,0,1
"ADIPOR1",2038,1848,2034,2266,2182,2387,1823,1472,1413,1615,1852,1563
"CYB5R1",603,488,519,590,619,621,663,642,691,668,684,559
"PSMD4",3995,3170,3442,3841,3734,3819,4626,5044,4412,4440,5148,4025
"ATP13A2",2062,1849,2042,1926,1771,1967,2484,2122,2139,2067,2006,2026
"M1AP",0,0,0,0,0,0,0,1,0,0,0,0
"PSMB4",4463,3800,4096,4613,4462,4712,6074,7018,5658,5563,6317,5102
"IRX6",0,0,0,0,0,0,0,0,0,0,0,0
"BTG2",2986,2623,3064,2354,2274,2453,3470,3511,3181,3461,3525,3345
"CES5A",0,0,0,0,0,0,0,0,0,0,0,0
"HK2",666,585,408,766,628,553,826,401,584,611,658,485
"C1R",78,83,69,73,80,75,101,87,69,82,114,67
"CELF3",0,0,0,0,0,0,0,1,0,0,0,0
"ALDH4A1",509,507,564,550,635,747,624,637,589,528,578,567
"STARD9",440,443,534,404,366,494,586,388,330,406,314,430
"THEM4",438,412,477,377,360,372,486,515,410,467,472,541
"TCHH",3,4,3,4,2,6,5,5,5,4,3,2
"LCE2B",0,0,0,0,0,0,0,0,0,0,0,0
"UBR1",1679,1615,1706,2023,1847,1875,2127,1301,1477,1583,1506,1615
"AMFR",2386,2168,2364,2528,2291,2604,3081,2708,2737,2656,2898,2592
"MED8",1286,1163,1219,1567,1451,1587,1575,1363,1331,1420,1495,1281
"TGM7",0,0,0,0,0,0,0,0,0,0,0,0
"RGL4",1,0,0,0,0,1,2,1,0,1,0,0
"SPRR2G",0,0,0,0,0,0,0,0,0,0,0,0
"PGLYRP3",0,0,0,0,0,0,0,0,0,0,0,0
"ISL2",0,1,0,4,1,0,1,1,1,1,0,2
"RSPRY1",1587,1494,1604,1639,1574,1763,1899,1652,1599,1685,1722,1634
"CCDC17",72,66,42,47,34,27,30,37,17,33,13,15
"GPBP1L1",1821,1745,1868,1906,1781,1863,2054,1675,1591,1673,1829,1739
"NAE1",1197,1113,1258,1250,1221,1274,1518,1527,1496,1430,1472,1508
"TMEM69",602,532,570,576,567,571,672,634,536,664,682,612
"ADGRG5",2,0,0,0,0,0,0,0,0,0,3,0
"DRC7",6,3,1,6,1,8,1,2,4,5,5,1
"ACE",448,403,491,376,430,485,417,399,306,371,303,337
"SPMIP8",7,5,5,8,2,3,6,8,2,6,7,2
"UROC1",0,0,0,1,0,0,0,0,0,0,0,0
"EFCAB14",2751,2941,3652,2802,2846,3404,3353,2709,2626,2926,2780,3058
"SPON2",8,5,8,3,4,1,1,0,1,3,4,5
"CHCHD6",113,116,118,116,127,171,173,158,163,141,176,180
"CTBP1",2884,2673,3038,2766,2765,3144,3837,4038,3629,3524,3673,3489
"LRRC36",6,7,9,8,6,5,7,6,5,8,9,7
"TPPP3",10,11,10,9,12,9,12,13,7,8,5,8
"ZDHHC1",152,126,163,142,156,158,174,201,150,177,136,168
"ATP6V0D1",3755,3282,3275,4128,3741,3753,3863,3783,3510,3751,4228,3141
"AGRP",0,0,0,0,0,0,0,0,0,0,0,0
"ZFYVE28",267,241,261,243,214,246,292,267,239,237,234,218
"CARMIL2",29,26,18,26,24,20,26,23,23,19,17,24
"C16orf86",3,6,15,7,3,13,9,7,4,5,8,2
"PIP",0,0,0,0,0,0,0,0,0,0,0,0
"FAM131B",25,21,35,35,41,56,49,31,37,29,41,31
"RGS12",1443,1359,1698,1125,1161,1394,1748,1917,1568,1575,1429,1558
"PSKH1",1112,1023,1303,1373,1373,1650,1392,1275,1083,1211,1234,1174
"ZYX",15179,13332,13613,17334,17008,18746,19272,17637,16576,16926,17197,15630
"ABR",2794,2688,3102,2976,2811,3386,3485,2740,2765,2797,2751,2678
"LYPD5",12,6,9,7,13,1,16,16,11,17,15,10
"CCDC117",799,775,803,840,845,847,915,801,817,905,856,816
"ZNF230",65,61,57,52,75,63,82,71,60,77,62,59
"CCDC107",312,263,299,283,294,330,353,409,399,369,422,347
"ZNF222",119,106,85,125,124,84,79,70,63,93,96,77
"NPR2",457,463,551,407,390,429,599,535,360,447,398,401
"ZNF221",29,17,29,22,18,22,36,18,7,17,9,12
"ZNF233",14,20,9,19,11,15,14,10,4,15,16,14
"ZNF235",44,41,61,55,48,66,67,51,47,62,67,55
"GNE",291,308,392,429,398,530,462,431,417,415,403,438
"TNFRSF13C",2,0,1,3,1,2,6,5,5,1,8,6
"OR3A3",1,0,0,0,0,0,0,0,0,0,0,0
"ARHGAP35",2644,2512,3109,3158,3050,3802,3150,2282,2302,2331,2380,2583
"PTGIR",7,9,16,8,13,16,16,27,13,12,9,12
"CALM3",8708,7835,9217,8847,8610,10149,13377,12500,11548,11916,12473,11629
"DFFA",1406,1222,1359,1259,1287,1341,1794,1694,1495,1603,1605,1549
"CCDC28B",191,123,160,155,148,181,228,252,189,217,222,182
"IQCC",60,63,54,54,50,50,71,65,67,71,73,63
"TMEM234",222,242,254,264,257,291,269,293,262,276,278,241
"BSDC1",1641,1489,1753,1510,1509,1717,2443,2183,2034,2121,2106,2025
"ZBTB8A",179,170,210,204,205,301,240,268,196,193,217,228
"ATAD3B",1887,1594,1334,1868,1710,1623,2036,2087,1942,1874,1957,1484
"SSU72",3100,2692,2981,3105,3015,3284,3785,4013,3971,3649,3815,3529
"UBE2J2",2189,1864,1888,2276,2105,2118,2599,2879,2645,2540,2758,2395
"ZNF362",568,530,622,471,486,523,668,646,528,579,604,639
"FNDC5",3,3,5,7,2,4,5,6,4,6,3,5
"CPAMD8",20,17,21,9,15,27,9,37,19,16,12,18
"NR2F6",1106,929,1169,855,868,974,1406,1522,1426,1255,1422,1343
"ANKLE1",68,65,66,46,52,43,86,85,59,82,71,46
"MIX23",379,331,321,395,347,360,438,493,377,365,471,420
"VMA21",370,352,341,394,373,481,492,453,442,454,414,504
"KALRN",130,139,162,103,121,147,242,271,211,200,186,216
"CILP2",9,8,11,10,10,12,5,10,10,7,7,5
"ABCG1",332,303,449,285,302,479,591,552,414,451,433,426
"TFF3",21,29,30,27,23,38,31,65,31,38,52,41
"TFF2",0,0,0,0,0,0,0,0,0,0,0,0
"TFF1",0,0,0,0,1,0,0,0,0,1,0,0
"TMPRSS3",0,0,0,0,0,0,0,0,0,0,0,0
"UBASH3A",0,0,0,0,0,0,0,0,0,0,1,0
"RSPH1",0,1,1,1,1,0,2,3,4,4,3,3
"SLC37A1",228,247,253,302,301,264,263,185,170,253,231,185
"PDE9A",0,0,0,0,0,1,0,1,0,0,0,0
"WDR4",478,394,439,499,471,499,721,660,631,617,597,552
"NDUFV3",891,860,846,971,879,961,1078,1094,953,1003,1168,972
"PKNOX1",480,471,463,514,470,497,553,473,459,482,499,495
"CBS",15,18,30,30,32,37,18,33,18,30,14,25
"U2AF1",0,1,1,0,0,0,0,0,1,0,0,1
"CRYAA",0,0,0,0,0,0,0,0,0,0,0,0
"HSF2BP",12,9,6,12,19,9,15,8,14,11,16,10
"RRP1B",1868,1620,1756,1774,1629,1647,2220,1588,1780,1803,1706,1713
"PDXK",1854,1564,1558,2238,2273,2264,2019,1682,1668,1704,1918,1347
"G6PD",2676,2724,3254,2752,2744,3359,3344,3379,2721,3060,3042,3030
"CSTB",3845,3246,3260,3804,3501,3653,3861,3616,3176,3604,4250,3202
"RRP1",1500,1154,1207,1607,1428,1344,1901,1911,1841,1809,2051,1558
"AGPAT3",3092,2762,3206,2915,2815,3264,3251,2463,2566,2634,2589,2464
"TRAPPC10",874,811,797,854,839,930,964,669,749,754,686,700
"GAB3",147,153,178,109,106,125,182,182,127,150,130,140
"GATD3",27,23,40,35,17,38,38,28,42,30,33,49
"ICOSLG",1,1,1,4,5,6,1,1,4,1,2,2
"AIRE",0,1,0,0,0,0,0,1,0,1,0,0
"CFAP410",134,118,131,128,144,145,161,200,171,168,190,159
"ZNF66",25,14,29,22,24,27,30,24,15,34,14,25
"LRRC3",200,221,216,226,248,270,267,207,208,181,220,228
"ITGB2",11,11,3,9,3,8,13,8,11,9,16,6
"SLX9",646,546,529,629,580,559,815,709,789,733,849,649
"RALGDS",371,357,468,252,274,308,450,651,401,429,379,427
"FTCD",5,3,3,0,2,1,4,8,4,3,1,0
"SPATC1L",154,145,181,144,143,176,189,224,209,197,194,178
"LSS",3813,3852,5118,3025,3238,3832,4521,5119,4123,4025,3861,4146
"VAV2",1859,1662,1948,1708,1708,1854,2205,1896,1881,1813,1746,1803
"MCM3AP",2563,2329,2573,2620,2495,2599,3260,2504,2412,2589,2415,2343
"C21orf58",221,215,233,166,179,178,272,314,293,271,229,231
"PCNT",2173,2010,2123,1965,1831,1974,2476,2023,1932,1961,1821,1933
"DIP2A",1786,1794,2026,1784,1731,2103,1954,1860,1548,1560,1351,1587
"S100B",0,0,0,0,0,0,0,0,0,0,0,0
"PRMT2",2079,1998,2396,2081,2048,2489,3198,3439,2968,2947,3043,2953
"CLDND2",8,6,4,13,3,5,6,6,2,5,6,4
"ZNF208",0,0,0,0,0,0,1,1,0,0,0,1
"ADAMTS13",66,78,65,47,55,41,67,97,66,65,43,59
"CACFD1",149,112,172,153,172,166,191,286,251,202,208,234
"SLC2A6",1351,1284,1452,1404,1352,1732,1284,1472,1156,1166,1268,1116
"ZNF761",352,324,333,347,322,303,408,326,346,312,354,302
"FCN2",0,0,0,0,0,0,0,0,0,0,1,0
"PIERCE1",39,25,35,45,54,73,39,64,39,44,47,41
"LCN1",0,0,0,0,0,0,0,0,0,0,0,0
"ZNF714",182,184,216,185,190,184,240,222,192,209,167,239
"GPSM1",1019,911,1043,1053,981,1017,1356,1285,1152,1229,1083,1106
"C19orf47",464,411,425,591,463,502,569,421,433,549,575,512
"HIPK4",3,1,1,1,0,2,3,2,0,0,3,1
"CFAP157",3,2,0,1,0,1,2,2,1,5,0,0
"TOR2A",415,361,375,394,344,324,505,497,438,453,496,416
"ST6GALNAC6",36,37,43,60,44,58,44,43,52,40,37,43
"SHKBP1",1516,1446,1586,1513,1469,1683,2021,2015,1727,1876,1887,1679
"RDH13",182,164,118,178,159,143,210,197,206,194,202,158
"ZER1",723,755,831,776,743,900,956,834,802,799,782,774
"ZDHHC12",603,481,591,534,521,652,781,867,810,704,824,720
"PKN3",1411,1243,1368,1413,1518,1552,1803,1823,1586,1642,1590,1407
"SPTBN4",1,2,2,0,5,2,3,3,1,2,3,0
"BRSK1",4,3,3,2,3,2,11,5,8,5,11,4
"COX6B2",0,0,0,0,0,0,0,1,0,0,0,0
"TMEM190",0,0,0,0,0,0,0,0,0,0,0,0
"NLRP4",0,0,0,0,1,0,0,0,0,0,0,0
"PLPP7",16,16,27,29,14,17,25,19,19,17,23,20
"TAOK1",1939,1868,2335,2102,1950,2675,2461,1502,1460,1370,1478,2031
"MED27",532,424,455,547,485,474,586,561,590,552,636,488
"DEDD2",834,777,822,889,819,928,878,743,841,894,946,730
"SIK3",1195,1213,1192,1731,1605,1758,1282,913,862,1037,977,967
"MPZL3",234,231,211,238,239,251,319,258,247,242,255,261
"JAML",0,0,1,3,2,1,2,0,0,0,3,0
"NEK8",95,106,96,77,60,69,94,109,85,109,96,79
"TLCD1",62,44,64,71,56,63,60,49,62,55,63,50
"PCSK7",1862,1624,1742,1960,1690,1824,2424,1926,1873,2064,2062,1746
"SAFB",3512,3178,3208,3179,3148,3133,4466,4348,3630,3897,3830,3485
"CD3G",0,0,0,0,0,0,0,0,0,0,0,0
"S100A1",0,1,0,1,0,0,0,0,2,2,0,1
"CHTOP",2063,1742,1810,1964,1868,1888,2404,2488,2223,2224,2506,2028
"CXCR5",1,0,1,0,0,1,0,0,0,1,1,0
"ZBTB7B",1156,1039,1110,1069,1109,1090,1235,1112,1066,1098,1124,961
"FLAD1",861,726,772,827,818,773,968,893,774,852,917,702
"SHC1",11357,10444,12294,12085,12031,13799,12555,11207,10155,10746,11021,10563
"VPS11",2442,2165,2038,2567,2392,2144,2244,1650,1704,2043,2226,1633
"NLRX1",727,642,780,645,570,660,867,775,693,789,705,727
"ADAR",12308,11586,12863,12010,11527,11281,14038,8286,8501,10578,11103,8496
"IL6R",417,400,440,378,303,331,628,438,481,426,460,418
"UBE2Q1",2762,2577,3018,3092,2958,3191,3376,3242,2948,3086,3153,3021
"CHRNB2",0,1,0,4,0,2,0,5,0,1,2,1
"CRTC2",1090,1033,1013,1075,1036,1058,1213,1135,984,1072,1083,1016
"ANO10",1167,991,1194,1251,1138,1292,1438,1234,1214,1212,1258,1193
"FDPS",4480,4260,5122,3847,4050,4945,5550,7521,5348,5183,5286,5281
"RUSC1",1271,1193,1271,1333,1440,1533,1629,1547,1329,1501,1463,1160
"ENTREP3",1160,1053,1183,1047,1065,1231,1164,1043,896,881,926,917
"PAQR6",25,11,16,14,12,10,19,27,14,16,10,15
"PMF1",475,436,487,530,440,586,594,656,558,582,616,538
"SLC25A44",1320,1188,1262,1511,1415,1344,1336,1073,1119,1294,1304,1053
"LMNA",30890,27335,27711,32447,31002,32666,36364,35841,32741,32153,34926,28130
"CCR5",0,0,0,0,0,0,0,0,0,0,0,0
"NBEAL2",5117,5170,5489,4048,4024,3963,4664,4416,3539,3722,2933,3289
"CCDC12",1069,761,852,936,899,962,1277,1514,1245,1171,1360,1142
"PTH1R",0,0,0,0,0,2,0,0,1,1,0,2
"UBQLN4",1362,1297,1410,1341,1249,1389,1565,1416,1250,1361,1319,1356
"MYL3",0,0,0,0,0,0,0,1,1,0,0,0
"PPP1R35",399,339,416,325,360,364,512,673,570,466,521,461
"GPATCH4",1917,1726,1570,2065,1706,1685,2036,1836,1674,1943,2221,1709
"LRRC71",64,46,63,28,24,18,69,72,54,53,45,58
"FCRL3",0,0,0,0,0,0,0,0,0,0,0,0
"AZGP1",0,0,0,0,0,0,0,0,0,0,0,0
"FGFR4",53,36,75,47,48,46,73,77,72,54,71,62
"CYP3A4",1,0,0,0,1,0,0,0,0,0,0,0
"CYP3A7",0,0,0,0,0,0,0,0,0,0,0,0
"NACC1",3157,2903,3207,3270,2904,3117,3608,2779,3012,3157,3259,3033
"CYP11B1",0,0,0,0,0,0,0,0,0,0,0,0
"HK3",4,10,2,4,0,4,5,0,1,2,1,0
"LY6K",94,92,56,83,46,46,99,97,80,122,112,95
"IER2",4259,3659,3146,4284,3570,2956,3877,3322,3412,3830,4389,2885
"ZNF394",749,671,566,752,691,572,718,583,595,712,730,504
"CPSF4",597,547,537,541,551,516,728,740,716,672,729,624
"LY6E",9249,7004,7379,7918,7812,6250,11326,6974,7823,9439,11308,5460
"VPS28",1250,1054,1296,1149,1136,1402,1678,1933,1544,1492,1579,1382
"TONSL",811,714,692,765,644,671,963,782,808,865,804,703
"PTGER1",5,9,6,3,6,2,3,3,3,2,4,0
"PWWP3A",919,813,949,651,630,719,1130,1149,1042,1004,881,1014
"RECQL4",1304,1192,991,1258,1181,1079,1500,1380,1347,1409,1220,1080
"LRRC14",939,810,890,930,909,964,1223,1035,1099,1028,1141,917
"ZNF333",520,484,455,486,472,388,517,378,378,452,415,392
"COL26A1",6,5,0,8,3,2,1,0,3,1,4,0
"PPP1R16A",702,642,729,665,641,753,851,925,831,774,716,643
"FOXH1",3,1,1,1,0,0,1,2,0,0,1,1
"ORAI2",2488,2326,2748,2664,2696,3469,3372,3597,3022,2844,3081,3181
"ALKBH4",210,199,221,248,249,242,312,338,320,322,356,277
"TEKTL1",0,0,0,0,0,0,0,0,0,0,0,0
"SH2B2",12,19,12,10,18,16,19,22,20,27,19,20
"MRNIP",295,312,328,262,260,222,379,361,300,353,303,252
"SQSTM1",38313,32434,29260,39524,33664,30192,32474,24866,28583,30059,34824,22917
"MGAT4B",4346,4002,4583,4120,4228,5118,5205,5882,4853,4691,4912,4944
"RPL8",24465,20334,21763,25401,23598,26706,28473,33737,29542,27853,33193,27849
"MAML1",1705,1627,1696,1766,1671,1762,1946,1436,1375,1542,1392,1516
"PGLYRP2",0,1,0,0,3,0,1,6,2,1,1,1
"LRWD1",773,717,697,692,654,735,1015,949,875,905,925,812
"FBXL13",126,100,135,172,160,146,135,101,124,116,133,115
"NAPEPLD",137,108,130,115,113,95,136,115,116,99,117,106
"SCGB3A1",1,0,1,0,1,1,3,0,0,0,0,0
"PSMC2",3372,2998,3105,3756,3306,3437,4108,3544,3287,3514,3770,3351
"CELF5",0,1,0,1,2,0,1,1,0,0,0,0
"MFSD12",1822,1503,1431,1856,1759,1585,1978,1612,1533,1756,1830,1203
"YDJC",947,729,765,988,857,937,1168,1070,1152,1015,1181,851
"CCDC116",1,5,4,5,2,7,2,5,11,5,7,1
"DVL3",2131,2174,2472,1944,2053,2349,2373,2135,1709,1943,1702,1972
"AP2M1",12375,11156,12674,12403,11729,13357,13997,13966,11859,12710,13540,12692
"ABCF3",1561,1391,1378,1727,1574,1618,1803,1845,1631,1748,1678,1481
"PCYT1A",2885,2744,2774,3429,3174,3354,3194,2465,2519,2752,2639,2446
"FBXO27",45,29,53,43,48,53,49,62,71,55,49,50
"DMKN",0,1,0,2,0,0,0,0,0,0,1,0
"U2AF1L4",101,107,109,89,96,122,122,176,110,134,92,87
"BDH1",48,43,37,45,43,42,63,73,52,54,64,51
"NPHS1",1,1,1,3,1,0,0,0,0,0,2,0
"THAP8",91,101,97,83,94,71,121,102,105,113,92,88
"COX7A1",173,130,134,134,148,176,161,242,176,167,187,148
"ZNF382",89,63,65,60,64,54,63,70,57,61,72,70
"LRRC56",51,43,35,44,45,39,55,50,32,53,55,36
"PLXDC1",0,3,0,0,0,0,1,1,0,1,0,0
"PGAP3",79,74,73,93,71,84,120,112,78,87,121,86
"IKZF3",0,1,0,0,0,0,0,0,0,0,0,0
"GRIN2C",27,27,15,29,23,9,7,14,6,19,15,2
"FDXR",1040,1025,1105,820,832,966,1171,1630,1177,1091,1080,1057
"SAP30BP",2915,2414,2389,2867,2696,2456,3026,2912,2616,2875,3341,2466
"ACOX1",946,905,964,859,792,1009,1019,950,841,859,831,866
"PRPSAP1",1198,1151,1425,1045,1106,1304,1733,1847,1581,1498,1664,1709
"CYGB",1,1,3,3,4,4,4,2,5,3,1,3
"SRSF2",6017,5411,5385,6165,5613,5911,7729,7289,6813,6958,7190,6940
"ZNF577",64,63,58,45,72,46,59,69,69,52,49,38
"TMEM143",121,95,124,96,126,144,176,177,140,157,139,141
"KLHL10",1,0,0,3,0,1,1,0,0,0,0,2
"KASH5",0,1,0,0,0,0,0,0,0,0,0,0
"HCRT",0,1,0,0,0,0,0,1,0,0,0,0
"ALDH16A1",1123,1029,1117,1071,1033,1188,1654,1850,1665,1522,1549,1159
"DCD",0,0,0,0,0,0,0,0,0,0,0,0
"ITGA5",62970,58623,64145,60318,57861,60770,76790,56987,54121,59637,60029,52883
"SIGLEC11",0,0,0,0,0,0,0,0,0,0,0,0
"ZNF385A",511,464,432,410,401,322,339,311,226,281,274,230
"SIGLEC16",0,1,0,0,0,0,0,0,0,0,0,0
"MPP3",186,187,208,197,161,166,232,181,210,200,208,171
"CD300LG",0,0,1,0,0,0,0,0,0,0,0,0
"IZUMO2",0,0,0,0,0,0,0,0,0,0,0,0
"NAGS",44,31,43,37,26,37,36,34,48,40,51,39
"LSM12",194,178,234,218,179,230,292,241,242,278,279,248
"ASB16",1,1,2,1,0,0,0,1,0,2,0,1
"EMC10",2879,2686,2946,3358,3273,3836,3768,3972,3522,3451,3934,3594
"JOSD2",469,362,408,394,430,403,609,772,560,587,604,486
"SHANK1",70,65,68,41,61,55,65,55,53,58,33,47
"FAM171A2",251,268,306,189,204,247,315,390,325,288,300,321
"DBF4B",725,715,687,646,561,540,742,694,575,717,627,596
"PLCD3",832,929,1170,717,697,998,1170,1300,1096,1072,1037,1200
"FMNL3",2396,2310,2831,2429,2584,3116,2741,2158,1960,1965,1764,2147
"AQP5",7,6,23,8,3,12,7,25,9,7,7,9
"RACGAP1",1190,1053,1232,1182,1068,1292,1796,1668,1634,1665,1560,1604
"OR7G1",0,0,0,0,0,0,0,0,0,0,0,0
"LARP4",1309,1335,1378,1441,1379,1494,2164,1599,1493,1722,1666,1893
"TAMALIN",2013,1739,1815,1998,1844,1883,2059,2359,2163,2034,2053,1807
"RAVER1",922,867,869,984,871,1015,1177,855,996,984,788,828
"KRT84",0,0,0,0,0,0,0,0,0,0,0,0
"KRT82",0,0,0,0,0,0,0,0,0,0,0,0
"SYCE2",11,11,16,7,11,4,13,10,14,7,8,7
"SPC24",425,392,417,367,318,309,556,669,543,574,674,495
"IP6K3",6,2,2,2,3,1,4,1,3,2,5,1
"LEMD2",1783,1587,1799,1746,1580,1716,2083,2123,2015,1977,2055,1738
"ALOX15",3,7,1,0,2,0,0,0,1,1,1,2
"TREML1",0,0,0,0,0,1,0,0,0,0,0,0
"ZNF653",85,93,111,108,140,133,126,165,128,117,148,126
"MED11",270,203,216,228,226,221,324,362,345,303,329,305
"CXCL16",200,148,179,150,179,165,227,144,142,195,189,146
"SCIMP",0,1,0,0,0,0,0,0,0,0,0,0
"BCL6B",3818,3695,4167,6532,6945,8849,4992,4508,3957,4104,4081,4196
"ASGR2",0,1,0,0,0,0,0,0,0,0,0,0
"TNFSF13",38,43,48,44,45,52,49,52,41,50,42,40
"SENP3",745,681,702,821,730,831,969,787,864,848,927,829
"FGF11",2,1,1,3,0,1,2,1,5,5,1,3
"EIF4A1",1257,1049,996,1038,996,857,1271,1196,1114,1154,1055,952
"RPL26",5073,4102,4339,4730,4901,5531,5753,8586,6648,5864,6875,6342
"CCDC42",0,0,1,0,0,0,0,0,0,0,0,0
"POLR3K",472,340,399,470,438,453,586,701,638,558,693,525
"SNRNP25",885,739,860,885,816,956,1076,1361,1143,1058,1186,1081
"PRR35",2,7,4,5,2,1,2,1,2,0,2,1
"WDR90",850,794,729,716,675,595,853,796,664,792,516,606
"JMJD8",1238,1139,1264,1307,1195,1396,1572,1488,1345,1492,1597,1446
"CCDC78",8,10,10,4,5,4,7,19,9,13,7,8
"SSTR5",1,0,1,1,0,0,0,2,1,1,3,3
"SPSB3",619,510,577,544,486,704,806,1026,858,746,793,768
"MEIOB",1,2,0,1,1,0,1,3,1,3,0,1
"HS3ST6",0,0,0,0,0,0,0,0,0,0,0,0
"TEDC2",192,193,181,193,214,177,289,278,252,264,329,224
"CCNF",2016,1887,2183,2029,1891,2112,3053,2652,2609,2728,2545,2539
"TBC1D24",387,370,341,386,446,414,476,430,391,368,345,354
"AMDHD2",925,844,813,720,789,712,947,1047,840,873,700,643
"NTN3",1,0,0,0,0,0,1,0,1,0,0,0
"BICDL2",0,1,0,0,1,0,0,1,1,0,1,0
"PAQR4",247,215,227,243,225,255,352,315,321,340,292,288
"FLYWCH2",245,257,235,307,252,318,279,354,295,263,326,299
"ZG16B",1,0,3,0,2,1,3,2,0,0,0,3
"ZNF75A",504,528,465,466,423,372,454,426,406,480,463,415
"ADCY9",377,363,374,387,356,350,507,365,307,341,306,332
"SHANK2",0,0,0,0,1,0,0,1,0,0,0,0
"CLPB",947,825,942,931,843,966,1231,1028,998,1043,1047,911
"NEU3",249,275,325,234,238,292,350,275,247,273,271,341
"CYB561A3",1505,1343,1547,1445,1337,1630,1823,1787,1776,1719,1823,1666
"SAXO4",5,15,14,10,6,6,17,10,12,14,10,5
"ASRGL1",409,417,505,401,407,539,709,918,613,657,673,718
"GNG3",0,1,0,3,1,0,2,0,0,0,1,1
"UBXN1",3461,3051,3175,3605,3528,3677,4018,5105,4046,3928,4517,3640
"LBHD1",141,130,128,90,109,90,144,168,113,139,103,92
"TTC9C",939,741,887,941,851,926,1090,1001,879,993,1063,950
"TAF6L",870,740,894,719,732,810,1052,1084,919,993,989,971
"NXF1",5561,5240,4836,5047,4757,3964,5309,5071,4358,4971,4373,3757
"STX5",1984,1701,1888,2536,2467,2716,2123,2110,1877,2008,2207,1944
"SLC25A45",99,81,94,77,86,84,90,82,69,83,75,69
"RPL29",9162,7614,9065,9823,9412,10806,10443,12094,9690,10410,12402,11477
"ITIH3",1,0,0,0,0,0,1,0,0,1,1,1
"SYVN1",1507,1454,1673,3012,3398,4146,1819,1750,1341,1560,1401,1349
"ZFPL1",752,719,735,849,881,1051,955,1053,802,889,956,879
"RPS6KA4",2542,2195,2296,2503,2326,2284,2897,2491,2635,2601,2664,2216
"LRP5",4408,4222,5426,3970,3977,5181,5797,5130,4734,4717,4261,4742
"TPCN2",383,395,421,461,455,479,466,421,387,454,355,362
"FGF19",0,0,0,0,0,0,0,0,0,0,0,0
"CYP4A22",0,0,0,0,0,0,0,0,0,0,0,0
"PDZK1IP1",2,1,1,3,1,0,0,1,0,2,2,3
"TAL1",1480,1289,1588,1141,1212,1389,1652,1560,1391,1401,1256,1354
"CMPK1",2591,2565,2738,3103,2999,3371,3373,3266,3108,3207,3199,3370
"BEND5",1,0,0,1,0,0,0,0,0,0,0,0
"ELAVL4",0,0,0,0,0,0,0,0,0,0,0,0
"COA7",1370,1155,1190,1327,1087,1165,1781,1211,1409,1441,1493,1365
"ZYG11B",611,654,706,629,577,757,773,573,551,508,512,676
"SLC1A7",0,0,0,0,0,0,0,0,0,0,0,0
"CZIB",804,673,731,694,676,704,935,1113,926,858,959,903
"MAGOH",751,586,592,773,742,726,1030,1129,955,996,1202,886
"ACOT11",64,68,69,70,62,82,86,64,65,85,61,44
"FAM151A",1,0,0,0,0,0,0,0,0,0,0,0
"PARS2",150,122,131,155,134,111,198,127,160,154,177,135
"CIMAP2",0,0,0,0,0,0,0,0,0,0,0,0
"BSND",0,0,0,0,0,0,0,0,0,0,0,0
"USP24",1421,1473,1745,1512,1498,1681,1724,1242,1140,1210,1066,1328
"PLPP3",745,558,586,1557,1488,1495,917,448,480,618,656,480
"NOL9",650,531,554,610,563,520,661,620,584,582,607,518
"PRKAA2",36,46,47,34,34,29,57,29,27,26,25,44
"KLHL21",4373,3844,2811,4684,3651,2608,3472,1915,2675,3189,3497,2042
"ZSWIM5",36,35,40,31,22,33,47,42,22,18,27,27
"GMEB1",504,426,462,447,418,489,611,513,502,470,524,493
"SLC45A1",21,9,14,23,15,28,32,48,34,28,34,40
"SELENON",8811,8715,10101,8902,8912,10810,9550,7687,6988,7904,7446,7851
"AK4",112,99,123,136,140,144,173,123,122,113,143,129
"JAK1",14258,14138,15204,16465,15814,18008,17764,12645,12161,13030,12557,13012
"RAVER2",189,181,195,136,128,175,238,159,162,197,181,192
"CTRC",3,2,2,1,2,2,2,4,2,4,1,2
"LZIC",746,709,708,735,695,764,886,855,792,816,837,794
"RBP7",1,0,0,0,0,0,1,0,0,0,1,0
"KNCN",0,0,0,0,0,0,0,0,0,0,0,0
"FBLIM1",9478,8506,10144,7884,7572,9273,11171,11081,9882,9721,9796,10158
"TMEM82",0,0,0,0,0,0,0,0,0,0,0,0
"SLC25A34",26,19,15,14,24,9,12,13,9,18,9,7
"AKR7A3",5,3,5,0,5,4,7,4,4,4,2,4
"DRAXIN",7,8,13,7,4,12,9,5,3,5,2,13
"PDPN",0,1,0,0,0,0,0,0,1,0,0,0
"LRRC38",0,0,0,0,0,0,0,0,0,0,0,0
"DHRS3",414,453,664,543,584,763,431,519,421,440,461,484
"MATN1",2,2,3,7,3,5,3,3,3,2,5,1
"LAPTM5",1436,1404,1576,1499,1479,1665,1518,1309,1104,1209,1383,1290
"SDC3",569,578,647,669,636,772,809,594,631,611,697,709
"PEF1",1752,1486,1622,1808,1710,1958,2305,2206,1909,1983,2329,1806
"SYNC",172,195,219,133,127,159,193,201,193,188,188,193
"RBBP4",2418,2324,2608,2930,3104,3658,3239,3090,2611,2833,2962,2996
"NHSL3",1510,1647,1992,1126,1190,1386,1737,1872,1489,1550,1200,1562
"TSSK3",2,0,1,3,5,0,2,2,2,1,1,0
"TMCO4",199,210,235,184,135,200,287,200,190,206,210,196
"UBXN10",0,1,0,0,0,0,0,0,0,0,0,0
"CAMK2N1",219,225,236,202,206,211,276,280,271,230,233,266
"ALPL",5,7,4,9,6,13,3,2,6,4,5,1
"WNT4",3,3,5,3,0,3,3,4,3,4,0,1
"TTLL10",0,0,0,0,0,0,0,0,0,0,0,0
"SCNN1D",47,43,54,53,40,24,47,45,24,37,32,32
"MXRA8",0,6,0,5,1,0,0,1,0,1,0,1
"FAAP20",926,783,796,760,708,879,1003,1349,1081,975,1116,923
"MEGF6",1519,1516,1696,1229,1263,1469,1671,1770,1429,1365,1150,1384
"CCDC27",0,0,0,0,0,0,0,0,0,0,0,0
"IL23R",0,0,0,0,0,0,0,0,0,0,0,0
"DIRAS3",569,523,659,483,554,546,1021,940,980,871,901,869
"C1orf87",0,0,0,0,0,0,0,0,0,0,0,0
"NFIA",298,235,348,176,209,220,261,264,247,243,236,260
"OMA1",86,79,85,71,66,75,133,108,85,106,116,135
"MYSM1",418,432,369,445,420,359,363,294,279,296,278,290
"TM2D1",379,302,298,344,307,369,396,402,361,356,382,348
"USP1",1378,1292,1260,1457,1503,1549,1739,1386,1492,1615,1771,1590
"FUBP1",3154,3112,3676,3490,3336,3644,3917,3193,2809,3472,3348,3445
"NEXN",512,476,515,651,647,665,684,624,518,575,641,610
"DNAJB4",5128,5202,5960,5204,5056,5675,5825,5616,4893,6002,5781,5906
"ADGRL4",6252,6103,6693,7174,7116,8033,7431,6553,5764,6794,6860,7162
"LRRIQ3",8,7,10,12,9,12,15,16,16,10,22,17
"LRRC53",0,0,0,0,0,0,0,0,0,0,0,0
"TYW3",637,610,612,752,690,813,736,756,650,737,708,735
"LHX8",0,0,0,0,0,0,0,0,0,0,0,0
"SNX7",916,887,1007,944,913,1034,1236,1369,1045,1169,1406,1165
"B3GALT2",1,0,4,0,1,4,4,2,2,9,8,3
"NTNG1",0,0,0,2,0,2,0,0,0,0,1,1
"EEIG2",128,104,141,98,115,122,160,122,109,107,97,145
"HENMT1",69,59,63,58,61,67,84,104,90,91,80,91
"AKNAD1",2,1,0,3,3,0,0,2,1,1,2,0
"C1orf52",699,653,612,761,802,799,897,881,724,816,929,734
"DNAI3",3,4,4,2,1,2,2,0,1,2,0,3
"GBP2",1175,1207,1303,1491,1704,1672,1397,1133,935,1178,1255,1009
"ATXN7L2",139,121,131,108,111,117,141,170,140,146,143,150
"GBP4",1128,1230,1042,872,864,655,1318,534,518,757,896,553
"ZNF326",840,815,1015,819,738,866,1224,1220,1004,1088,988,1029
"HFM1",2,0,1,0,1,0,0,2,1,3,0,2
"BRINP3",0,0,0,0,1,1,0,1,0,1,0,0
"GFI1",6,5,5,5,6,5,2,4,2,2,2,0
"KCNT2",1,6,2,2,7,5,4,3,3,6,5,2
"AGL",253,308,289,282,283,352,392,268,251,264,212,313
"VCAM1",73,56,80,1591,1797,2286,144,115,104,231,186,237
"EXTL2",744,629,665,891,827,949,988,718,765,736,836,803
"SLC30A7",847,761,728,966,1038,1153,941,615,636,713,764,706
"ZNF281",680,679,733,964,813,933,965,631,632,768,781,749
"ARPC5",5182,4813,5278,5676,5614,6574,6974,7291,6353,6483,7137,7140
"CADM3",34,18,28,24,23,19,31,26,19,34,37,23
"NLRP3",4,6,3,10,5,8,6,3,6,4,5,5
"ZNF496",1323,1288,1442,1331,1324,1442,1744,1506,1382,1512,1509,1532
"TRIM58",14,12,9,12,7,9,9,9,7,15,8,6
"SLAMF9",0,0,0,0,0,0,0,0,0,0,0,0
"OR2M5",0,0,0,0,0,0,0,0,0,0,0,0
"KCNJ9",0,0,0,0,0,0,0,0,0,0,0,0
"IGSF8",183,183,191,163,182,192,234,233,182,185,210,171
"DDR2",1590,1587,1999,2830,2976,4054,2276,1278,1358,1435,1314,1591
"PEA15",14670,12310,12570,15325,12926,13216,14446,11314,12291,13647,14705,12070
"PEX19",799,738,811,877,859,966,1027,854,830,911,934,863
"NCSTN",2989,2800,3199,3191,3105,3640,3860,3025,2701,3104,3093,2858
"VANGL2",0,0,0,0,0,0,0,0,0,1,0,0
"SLAMF6",0,0,0,0,0,0,0,0,0,0,0,0
"OLFML2B",4,2,1,6,5,3,11,7,3,9,1,9
"FCRLB",36,18,24,11,12,17,43,20,33,21,22,22
"FCGR3B",0,0,0,0,0,0,0,0,0,0,0,0
"SLC9C2",3,2,1,0,1,1,3,2,0,2,1,1
"KLHDC9",2,3,3,6,2,5,5,9,2,4,2,2
"C1orf74",82,71,59,100,107,103,114,93,83,109,101,85
"LMX1A",0,0,0,0,0,0,0,0,0,0,0,0
"LRRC52",0,0,0,0,0,0,0,0,0,0,0,0
"FLVCR1",222,216,239,303,277,297,267,227,191,217,200,242
"GARIN4",41,31,12,48,42,11,4,3,3,6,3,3
"ATF3",4986,4183,2040,6201,4110,1947,2452,968,1786,2942,3529,1197
"RBM15",273,258,230,286,235,243,318,214,253,279,246,213
"DENND2D",14,11,9,7,8,6,15,7,4,3,7,6
"AXDND1",3,3,2,0,2,0,1,1,3,1,1,3
"TDRD5",1,0,0,1,0,0,0,0,0,2,0,0
"IER5",2215,1865,1524,2041,1742,1565,2272,1959,2231,2147,2548,1676
"SNED1",372,408,475,390,420,511,547,507,403,365,326,423
"BPNT1",535,489,525,629,625,698,614,669,565,591,581,546
"SPATA17",1,0,0,0,0,1,1,0,0,0,1,0
"C1orf115",1468,1335,1459,1325,1209,1254,2106,1860,1907,1949,1967,1637
"BROX",1006,985,1006,1007,933,1029,1243,1056,1063,1127,1159,1181
"NBPF20",151,115,106,120,136,146,143,109,96,121,125,123
"ACP6",104,118,113,91,104,94,120,126,106,113,104,89
"WDR64",0,0,0,0,0,0,0,0,0,0,1,0
"KIF26B",5,3,5,2,3,6,3,2,4,4,1,5
"TFB2M",397,377,346,442,437,474,564,534,533,543,591,450
"CNST",511,542,480,736,733,763,645,477,458,517,487,479
"PPP1R21",565,491,553,500,512,577,599,514,508,559,512,558
"KLHDC8A",0,0,0,0,0,0,0,0,0,0,0,0
"PM20D1",2,0,2,1,1,2,0,1,0,0,0,0
"PKDCC",18,21,20,23,29,35,24,33,24,25,23,14
"OXER1",0,0,0,0,0,0,0,0,2,0,0,0
"HAAO",1,0,1,1,1,1,1,3,1,0,1,1
"B3GALNT2",919,817,960,995,879,1023,1140,807,899,1015,917,943
"MAPKAPK2",2117,1899,1777,2790,2694,2657,2714,2260,2265,2315,2629,2133
"IL20",0,0,0,0,0,0,0,0,0,0,0,0
"IL24",0,0,0,0,0,0,0,0,0,0,0,0
"FCMR",0,0,0,0,1,1,0,0,0,0,0,0
"PIGR",0,0,0,0,0,0,0,0,0,0,0,0
"FCAMR",0,0,0,0,0,0,0,0,0,0,0,0
"CAPN2",23453,22267,24832,23633,22626,24779,28477,26211,24388,24783,25013,24643
"MRPL55",415,377,357,461,440,462,545,697,566,497,538,423
"WDR26",3706,3689,4073,4432,4352,5096,4351,3858,3326,3823,3578,3905
"REL",150,162,187,185,181,189,166,99,97,119,90,157
"PUS10",198,192,215,229,221,260,217,225,217,207,225,227
"PEX13",557,537,544,591,602,711,679,725,614,606,704,635
"SANBR",386,413,494,357,438,425,480,472,418,419,377,433
"TRIM17",1,1,1,1,0,0,0,0,0,1,0,0
"RFTN2",33,29,53,60,73,92,29,28,22,45,24,29
"DISC1",103,85,118,57,78,82,113,79,74,102,97,90
"CAPN13",0,0,0,0,0,0,0,0,0,0,0,0
"LRRTM1",0,0,0,0,0,0,0,0,0,0,0,0
"MEMO1",91,58,108,88,84,94,119,87,108,90,85,95
"DPY30",610,514,552,596,617,720,772,1031,748,765,884,758
"TYW5",487,428,367,533,434,391,433,387,363,422,430,351
"MAIP1",485,408,402,476,471,469,474,439,379,399,506,424
"KCNF1",2,2,1,3,1,9,4,1,1,0,1,2
"SLC66A3",287,303,341,337,344,354,340,376,329,316,359,322
"ARL5A",636,598,650,647,678,825,810,649,560,639,708,734
"LRATD1",9,7,15,9,17,17,11,7,8,16,6,9
"KCNJ3",0,0,1,0,0,0,0,0,0,0,0,1
"NEUROD1",1,0,0,0,0,0,0,0,0,0,0,0
"CLHC1",70,52,56,63,45,47,73,63,65,66,56,67
"FRZB",16,6,1,5,4,4,9,5,5,9,7,2
"DUSP19",14,17,12,12,8,13,9,19,20,15,23,15
"CFAP36",471,418,513,502,545,643,576,714,534,579,625,616
"NUP35",355,307,313,390,381,383,446,365,411,498,474,424
"CCDC138",151,156,129,166,138,137,189,145,152,160,178,182
"ZSWIM2",0,0,0,0,0,0,0,0,0,0,0,0
"FBXO41",37,40,58,34,39,53,48,45,39,40,33,30
"ACTG2",0,0,0,1,0,0,0,0,0,0,0,0
"WDCP",455,356,403,399,340,345,517,371,429,429,448,412
"SMC6",1885,1755,1952,1777,1725,1840,2086,1717,1672,1854,1781,1856
"VSNL1",0,0,0,0,0,0,0,0,0,0,1,0
"CCDC74A",80,69,84,58,62,95,94,124,74,78,77,92
"H3-3A",174,155,221,145,170,225,357,521,338,375,375,447
"ANKRD30BL",0,0,0,0,0,0,0,0,0,0,0,0
"COQ8A",15,21,23,17,24,11,26,21,21,35,25,18
"SLC16A14",2,11,23,11,18,19,7,7,3,1,4,8
"TEKT4",0,0,0,0,0,0,0,0,0,0,0,0
"EN1",0,0,0,0,1,0,0,0,0,0,0,0
"SGCB",1719,1719,1893,1816,1879,2114,2213,1859,1763,1981,2072,2034
"SPATA18",385,429,486,335,310,444,534,484,478,499,440,521
"NOSTRIN",12,14,13,29,15,15,17,11,8,15,11,11
"CFAP221",0,1,0,0,0,2,0,1,0,0,0,0
"SGPP2",0,0,0,37,37,39,0,0,0,4,3,6
"INHBB",4,5,5,13,7,11,5,5,8,1,4,7
"XIRP2",189,167,146,251,210,173,199,100,172,158,203,141
"BBS5",95,105,112,106,108,131,144,141,126,138,135,120
"SMARCAD1",1003,1039,1177,1237,1256,1495,1289,1124,1099,1162,1037,1333
"HPGDS",0,0,0,0,0,0,1,0,0,0,0,1
"PDLIM5",4291,4142,4478,5437,5409,6630,6338,5511,4887,5135,5063,5698
"PDHA2",0,0,0,0,0,0,0,0,0,0,0,0
"STPG2",0,3,0,0,0,0,3,0,1,0,0,2
"NEURL3",985,730,308,1131,560,196,291,76,256,418,612,95
"RPRD2",1169,1171,1102,1151,1021,1022,1008,717,676,854,764,744
"ANKRD23",10,6,14,12,11,9,15,15,19,14,10,6
"CTSS",816,653,643,645,630,539,875,434,466,653,764,467
"MSX1",208,201,177,215,260,266,240,190,180,201,245,184
"PACRGL",225,222,210,262,257,294,207,262,254,273,271,251
"BNIPL",4,6,1,0,6,2,9,3,3,2,2,1
"C1QTNF7",0,0,0,0,0,0,0,1,0,0,0,0
"TNFAIP8L2",3,1,0,5,0,0,2,4,4,1,0,2
"LYSMD1",109,112,109,139,115,130,135,128,100,111,120,89
"SCNM1",765,710,600,776,658,689,907,804,820,860,1019,748
"TMOD4",32,33,29,10,21,14,17,25,27,18,10,11
"VPS72",905,825,898,976,927,994,1245,1186,1036,1066,1361,1133
"ERCC3",941,896,925,943,850,1065,1312,1121,1071,1110,1142,1105
"RNF149",3076,2873,2621,3114,2907,2756,2111,1735,1640,1647,1892,1444
"IWS1",1667,1552,1467,1610,1592,1559,1897,1583,1622,1745,1752,1544
"BOLA3",495,390,387,583,475,488,592,556,495,483,622,480
"CDC42EP3",1409,1317,1164,1088,993,879,1459,1109,1165,1214,1450,1295
"S100A11",5918,5061,5405,5934,5332,5623,6766,6583,5465,6075,7173,5664
"LCE3D",0,0,0,0,0,0,0,0,0,0,0,0
"SMCP",0,0,0,0,0,0,0,0,0,0,0,0
"IVL",0,0,0,0,0,0,0,0,0,0,0,0
"SPRR3",0,0,0,0,0,0,0,0,0,0,0,0
"DHX57",678,590,665,742,714,838,738,591,529,590,630,591
"SPRR2D",0,0,0,0,0,0,0,0,0,0,0,0
"BMP10",0,0,0,0,0,0,1,0,0,0,0,0
"PGLYRP4",0,0,0,0,0,0,0,0,0,0,0,0
"ARHGAP25",5,13,13,35,41,27,9,7,16,10,10,7
"S100A9",0,0,0,0,0,0,0,0,0,0,0,0
"S100A12",0,0,0,0,0,0,0,0,0,0,0,0
"TGFA",6,7,16,6,4,5,5,15,10,12,5,13
"TDRD10",132,120,102,143,119,164,135,143,101,84,111,99
"CCNYL1",2758,2575,2559,3318,3117,3110,2837,2015,2085,2472,2465,2340
"FZD5",113,166,142,153,103,104,183,145,148,147,167,148
"CRYGC",0,0,0,0,0,0,0,0,0,0,0,0
"DCAF16",506,473,483,507,471,593,715,587,565,627,604,615
"CFAP141",3,2,1,3,3,1,2,4,4,3,4,2
"NPPC",1,2,0,4,0,1,1,0,0,0,1,1
"GNPDA2",359,290,378,393,388,384,276,257,198,258,244,272
"ALPP",0,0,0,2,0,0,0,0,0,0,0,0
"GABRG1",0,0,0,0,0,0,0,0,0,0,0,0
"ALPG",0,0,0,0,0,0,0,0,0,0,0,0
"GABRB1",0,0,1,0,0,0,0,0,0,0,0,0
"PAQR3",468,476,390,564,514,510,731,516,601,639,638,654
"NIPAL1",108,99,119,91,85,106,186,125,127,137,128,171
"ALPI",0,0,0,0,0,0,0,0,0,0,0,0
"ANTXR2",1627,1547,1700,2045,2088,2291,2102,1670,1610,1664,1676,1832
"HELQ",448,417,313,500,415,314,417,322,345,430,466,306
"MRPS18C",855,614,693,787,764,759,970,980,811,827,1066,809
"CGGBP1",1882,1929,1967,1984,1857,2057,2323,2055,1942,2062,2088,2231
"ABRAXAS1",559,522,651,533,560,678,692,614,499,591,606,705
"GPR155",36,29,39,32,28,47,39,30,29,26,25,27
"DAPL1",0,0,0,0,0,0,0,0,0,0,0,0
"PMVK",839,683,719,817,767,826,913,1178,1078,919,1080,749
"PBXIP1",1848,1865,2245,1480,1745,2131,2590,3247,2419,2369,2242,2425
"CLDN1",33,33,25,42,29,28,77,35,65,63,51,48
"PYGO2",439,405,435,396,345,396,730,729,663,579,636,610
"HIPK1",1445,1394,1700,1634,1451,1856,2054,1435,1360,1437,1474,1861
"LENEP",0,0,0,0,1,0,0,0,0,0,0,0
"DCST2",1,2,6,4,2,2,4,3,8,4,4,6
"DCST1",1,0,0,0,0,0,0,0,0,0,0,0
"COL6A3",0,0,0,0,0,0,0,0,0,0,0,2
"INAVA",0,1,0,0,0,0,0,0,0,0,0,0
"YY1AP1",1760,1531,1427,1886,1616,1381,1704,1222,1289,1550,1644,1301
"KBTBD8",153,124,102,190,158,131,202,100,140,178,165,123
"TAFA4",0,0,0,1,0,0,0,1,5,0,0,1
"EOGT",1476,1454,1747,1540,1470,1838,2032,1643,1461,1632,1562,1750
"LMOD3",4,3,2,0,2,0,0,2,2,2,0,3
"NAXE",1231,1079,1330,1124,1281,1454,1432,1988,1500,1438,1619,1459
"POGLUT1",479,467,536,583,509,567,727,528,518,597,637,580
"SLC22A15",1,1,0,0,1,0,0,0,0,0,0,0
"CCKAR",0,0,0,0,0,0,0,0,0,0,0,0
"IGFN1",0,1,2,1,0,0,0,0,0,0,0,0
"ATP1A1",13177,11840,12811,14948,14509,15262,16204,12440,12595,13182,12730,12011
"SLC15A2",8,12,18,22,18,18,4,4,7,10,7,8
"EIF4E3",55,49,76,50,54,76,75,68,64,57,75,77
"PROK2",0,0,0,0,0,0,0,0,0,0,0,0
"TEX55",0,0,0,0,0,0,0,0,0,0,0,0
"LRRC58",713,698,663,786,684,794,1299,813,871,888,844,973
"FSTL1",21468,20720,23214,23393,22254,25121,29439,23922,25018,25792,25958,26074
"LMOD1",4,4,3,2,5,2,6,3,8,5,4,3
"ELF3",6,7,1,2,2,2,0,0,0,1,0,0
"PDCL2",0,0,0,0,0,0,0,0,0,0,0,0
"TMEM183A",815,784,762,896,840,904,964,996,1002,967,1024,914
"TMEM169",4,2,1,1,1,4,5,1,4,2,5,4
"IGFBP7",8784,7532,8640,8615,8374,10095,11656,13029,11381,11219,12775,11525
"TRIM46",190,195,225,157,151,160,234,243,203,198,177,183
"KRTCAP2",432,353,414,455,433,453,598,573,503,534,562,460
"CXCR1",1,0,0,0,0,0,0,0,0,0,0,0
"ARPC2",11877,10654,11508,12286,11673,13106,13310,13924,12860,12893,14440,13434
"TSACC",5,3,1,2,2,2,4,4,4,3,7,4
"CCT3",9889,8496,9212,10247,9401,9923,12631,11941,11068,11476,12149,10844
"TMEM79",147,152,145,168,134,147,150,134,155,142,181,99
"SSR2",6246,5143,5615,7157,6627,6997,7510,7640,7160,7193,8257,6568
"RNF25",957,731,774,949,905,859,1029,1058,987,963,1122,812
"STK36",474,436,479,401,384,405,509,491,424,442,352,402
"ADORA1",1,0,1,0,0,0,0,0,0,0,0,0
"NEK10",138,135,131,189,157,170,121,113,132,108,127,93
"CCDC141",1,0,0,1,2,1,0,0,0,0,0,0
"FEV",3,0,0,1,1,3,1,0,0,1,1,0
"CRYBA2",2,0,1,0,1,0,0,0,1,2,2,0
"IHH",1,0,0,2,1,0,2,1,1,2,1,0
"CIP2A",967,931,951,1096,947,1034,1172,949,1031,1060,1037,1068
"EOMES",0,0,0,0,0,0,0,0,0,0,0,0
"CWC22",671,620,619,789,717,778,864,669,664,716,738,757
"AZI2",1366,1311,1252,1547,1398,1274,1367,1060,1079,1284,1423,1101
"TGFBR2",13256,12562,14323,17246,16662,20116,13221,9481,9304,10456,10589,11206
"RETNLB",0,0,0,0,0,0,0,0,0,0,0,0
"ANKZF1",609,577,559,407,435,374,641,694,513,582,489,439
"HDAC11",215,182,213,199,175,183,170,188,195,158,201,174
"FCRL4",0,0,0,0,0,0,0,0,0,0,0,0
"TRAT1",0,0,0,0,0,0,0,0,0,0,0,0
"FBLN2",8,6,12,7,6,10,10,11,7,8,10,7
"GLB1L",122,97,100,114,101,131,126,107,89,121,131,127
"STT3B",3477,3396,3630,4745,4698,5385,4508,3391,3513,3579,3678,3527
"CHCHD4",312,256,302,326,312,307,430,335,307,380,434,357
"DPPA2",0,0,0,0,1,0,0,0,0,0,0,0
"NFASC",0,0,2,1,1,1,0,2,0,1,3,2
"FCRL1",0,0,0,0,0,0,0,0,0,0,0,0
"SGO2",743,745,825,813,712,853,1067,886,887,940,949,1009
"SERPINI1",32,17,28,32,21,20,24,16,23,35,28,26
"CLASP2",1090,1089,1253,1598,1627,2182,1478,1095,1109,1174,1130,1287
"SUCLG1",1356,1167,1243,1414,1310,1399,1627,1528,1433,1531,1661,1439
"NUAK2",282,250,130,284,251,162,181,76,117,142,190,84
"SPTA1",8,8,10,8,10,6,16,14,18,16,7,10
"PRKCI",615,639,662,732,651,761,927,729,742,822,797,932
"MNDA",1,0,0,0,0,0,0,0,0,0,0,0
"PYHIN1",0,0,0,0,0,0,0,0,0,0,0,0
"IFI16",9650,8999,8160,8901,8031,6431,9650,6012,6078,8459,9477,6405
"AIM2",0,0,1,1,0,0,3,1,0,0,0,0
"EFHB",11,7,6,12,5,2,14,4,5,11,8,10
"EIF5A2",214,223,225,265,253,262,248,226,205,247,229,226
"SLC2A2",0,0,0,1,0,0,1,0,0,0,1,0
"RPL22L1",1217,1049,1000,1319,1120,1367,1522,1940,1630,1482,1861,1742
"FABP1",0,0,0,0,0,0,0,0,0,0,0,0
"PPM1L",26,26,32,21,14,23,37,30,23,22,26,34
"ICA1L",36,35,35,44,33,53,39,43,40,35,47,32
"CTLA4",0,0,0,0,0,0,0,0,0,0,0,0
"ICOS",0,0,0,1,0,0,0,0,0,0,0,0
"RYBP",788,725,609,953,812,750,771,498,542,701,698,564
"PPP4R2",1618,1640,1659,1737,1646,1928,2053,1762,1774,1869,1907,1890
"CD200R1",6,1,1,2,1,1,2,2,5,3,2,2
"GTPBP8",372,351,372,448,428,472,453,487,425,435,404,402
"NEPRO",908,851,890,894,836,827,1079,913,870,916,965,930
"SPICE1",33,25,32,39,31,33,26,24,27,24,31,37
"CCDC191",68,51,80,52,51,56,99,91,59,71,59,88
"CADPS",0,0,0,0,1,0,1,0,0,0,1,0
"NKX6-1",0,2,0,1,1,1,0,0,0,1,0,0
"CDS1",1,0,0,0,0,0,0,1,1,1,0,0
"WDFY3",3417,3085,3468,3387,2929,3539,4332,2394,2757,2635,2563,3065
"COX18",257,207,243,292,246,270,359,345,281,272,314,276
"PTPN13",36,37,56,92,80,113,60,40,38,40,38,65
"SYNPR",0,0,0,0,0,0,0,0,0,0,0,0
"ALB",5,2,4,9,1,2,5,2,2,1,4,2
"C3orf49",0,0,0,0,0,0,0,0,0,0,0,0
"C4orf36",4,3,2,6,3,4,3,2,2,1,2,2
"THOC7",1218,1007,1092,1215,1082,1164,1292,1452,1289,1268,1487,1316
"ATXN7",558,576,571,575,553,591,627,483,430,431,398,465
"PSMD6",2249,1901,2014,2460,2148,2235,2820,2579,2384,2471,2829,2455
"PRICKLE2",209,183,224,199,180,198,237,160,151,153,158,188
"ADAMTS9",789,739,788,2231,2276,2876,1244,744,865,854,801,831
"PPM1K",350,333,288,421,488,377,354,207,165,280,338,198
"ERICH6",2,2,0,1,0,3,1,0,1,4,1,4
"CLRN1",0,0,0,0,0,0,0,0,0,0,0,0
"GMPS",1693,1548,1626,1783,1735,1804,2221,1885,1839,1905,1977,1865
"TIPARP",1807,1662,1901,2302,2035,2071,2220,1506,1592,1781,1873,1776
"CCNL1",2358,2276,1954,2402,2064,1603,2229,1778,1579,2010,1909,1508
"PTX3",20164,16334,14257,19493,15626,12893,29791,19922,23919,26073,30222,19693
"HESX1",2,4,4,7,6,4,5,6,5,8,6,5
"DCLK3",2,5,1,1,0,1,0,0,2,2,1,1
"SLMAP",1278,1253,1186,1363,1285,1355,1514,1075,1104,1229,1320,1238
"RPL9",4794,3978,4229,4843,4586,5360,5179,8023,5731,5402,6294,5720
"SMIM14",535,517,512,685,723,864,544,444,394,517,539,461
"RPP14",240,157,188,205,162,187,280,231,206,236,216,195
"ABHD6",132,98,140,113,118,148,183,152,115,125,150,131
"DNASE1L3",33,14,17,21,18,27,31,30,26,34,29,26
"CFAP20DC",77,55,52,89,68,56,81,44,51,69,78,53
"RBM47",1,0,2,2,0,3,2,0,1,0,0,0
"APBB2",3003,2998,3535,3018,2966,3674,3974,3050,2927,3120,3172,3567
"IL17RE",65,60,58,44,59,52,34,31,28,35,28,32
"IL17RC",144,106,149,148,163,140,151,172,125,149,176,140
"CRELD1",98,133,98,157,229,225,117,161,101,111,75,80
"PRRT3",41,38,49,38,40,41,60,51,51,55,74,42
"FANCD2OS",0,3,0,0,0,0,0,0,0,0,0,0
"PCOLCE2",0,0,0,0,0,1,0,0,1,1,0,1
"U2SURP",2383,2158,2403,2344,2164,2265,3468,2670,2752,2913,2854,2723
"MTMR14",1271,1118,1070,1360,1167,1243,1460,1249,1297,1259,1509,1238
"TTC14",577,539,736,530,577,601,777,704,509,635,608,603
"CXCL3",93,55,30,151,90,77,46,30,30,58,69,27
"CXCL5",10,15,10,39,34,46,22,11,13,19,12,17
"PPBP",0,0,0,0,0,0,0,0,0,0,0,0
"PF4",0,0,0,0,1,0,0,0,4,0,0,2
"MTHFD2L",239,257,238,278,244,326,319,311,265,267,309,323
"CXCL1",454,342,265,594,586,704,598,556,497,502,599,487
"RCHY1",480,522,498,462,466,466,675,559,587,595,652,581
"PLSCR2",2,4,1,0,2,1,0,2,0,3,2,1
"CCDC158",0,0,0,0,1,0,0,0,0,0,0,0
"CPA3",27,14,23,19,17,26,27,31,28,19,28,28
"GYG1",1543,1429,1469,1666,1510,1641,1602,1414,1299,1445,1570,1532
"HPS3",524,493,619,603,608,648,701,487,462,535,548,573
"TM4SF18",3238,3384,4306,4482,4668,6265,4566,4740,3846,4226,4364,4782
"TOPBP1",1342,1166,1319,1466,1249,1392,1654,1170,1212,1372,1338,1464
"RYK",664,634,668,641,581,708,955,819,761,806,792,862
"SNRK",3134,3139,3585,3298,3191,3913,4199,3268,2889,3063,3017,3441
"TCF23",0,0,0,0,0,0,0,0,0,0,0,0
"DNAJC5G",2,2,0,2,3,0,1,0,1,0,1,1
"UCN",10,5,9,8,11,4,10,12,5,16,14,7
"ZNF513",499,415,422,540,486,559,559,577,524,527,533,489
"SLC4A1AP",970,904,903,1114,1009,1039,1211,1043,973,1056,1065,865
"PLB1",32,30,20,49,47,40,24,17,20,25,28,20
"SPDYA",7,6,2,6,9,2,12,4,5,4,6,4
"KIAA1143",470,451,515,482,470,524,664,485,467,540,550,586
"KIF15",539,562,582,564,550,596,833,673,638,745,710,802
"TGM4",8,3,5,6,3,7,21,9,9,16,8,7
"WDR43",2360,2117,2015,2652,2172,2279,2905,1955,2141,2453,2547,2184
"ZDHHC3",1740,1625,1862,1803,1654,1930,2140,1828,1905,1896,1943,1971
"CDCP1",192,164,125,262,173,162,270,108,139,144,172,111
"CLEC3B",7,9,3,2,4,1,5,3,5,3,4,6
"SLC6A20",0,0,2,0,2,0,0,1,1,0,0,0
"LZTFL1",220,244,257,337,291,374,406,353,350,401,415,409
"FYCO1",1511,1586,1659,1654,1464,1638,1167,736,724,759,714,858
"CCR1",0,0,0,0,0,0,0,0,0,0,0,0
"RTP3",0,0,0,0,0,0,0,0,0,0,1,0
"LRRC2",11,6,6,7,7,7,20,8,6,7,9,2
"ELP6",606,580,610,601,609,660,871,1042,825,867,905,801
"FBXO40",0,0,0,0,0,0,0,0,0,0,0,0
"DTX3L",2511,2508,2188,2335,2402,1834,2414,1091,1284,1889,2131,1255
"ZNF148",949,986,1079,1164,1088,1305,999,775,727,887,810,923
"NMNAT3",3,1,3,2,2,1,0,4,2,6,1,1
"SMIM12",1088,897,1044,1154,1047,1254,1411,1505,1364,1322,1420,1276
"ZMYM6",281,330,290,322,275,255,341,249,245,297,306,272
"TPRA1",931,808,906,888,836,885,1067,1034,972,897,1017,854
"YEATS2",2751,2600,2928,2787,2690,2860,3138,2356,2181,2411,2384,2363
"GRIK3",1,0,0,0,0,0,0,0,0,0,0,0
"ZC3H12A",309,246,212,337,294,249,218,190,171,230,243,168
"MEAF6",859,820,837,861,881,918,1183,1052,1045,1102,1111,1025
"SNIP1",534,461,474,577,513,563,642,509,516,608,596,478
"DNALI1",74,73,83,90,88,101,105,99,82,71,84,71
"POLR2H",1292,1120,1128,1317,1265,1238,1489,1796,1425,1423,1400,1250
"KLF15",74,73,54,80,60,29,46,28,45,54,58,43
"CFAP100",0,0,0,0,0,0,0,0,0,0,0,0
"CAMK2N2",2,2,1,1,3,0,3,3,1,2,2,2
"LIPH",1,0,1,1,0,1,0,0,0,0,0,0
"TMEM41A",542,463,434,534,467,442,703,629,622,602,623,517
"RPN1",9188,8174,8882,11615,11058,12280,11430,9204,9212,10408,11468,9051
"SENP2",1133,1083,1088,1421,1327,1526,1294,1091,1037,1225,1274,1151
"HEYL",0,0,0,1,0,0,0,0,1,0,1,1
"IFT122",584,551,754,586,568,676,825,802,636,670,586,691
"RHO",1,0,0,0,0,0,0,1,0,0,0,0
"RFC4",356,284,266,341,326,300,479,509,475,512,535,416
"RPL39L",194,168,167,218,167,187,230,310,202,223,291,211
"BAP1",2292,2077,2346,2481,2442,2790,3016,2779,2522,2620,2436,2510
"TKT",13258,11610,13411,13309,12445,14863,14572,13944,12125,13160,14758,13753
"PRKCD",579,487,533,413,446,422,600,515,482,500,513,486
"RFT1",556,510,495,621,518,555,701,615,615,601,692,580
"SFMBT1",147,109,129,154,115,142,232,146,140,159,154,175
"GNL3",3020,2588,2478,3855,3714,4044,3939,3566,3541,3601,3828,3247
"PBRM1",1731,1725,1972,2039,2052,2506,2379,1836,1659,1731,1674,2007
"UVSSA",280,251,227,227,233,186,299,200,207,221,166,192
"TASOR",1446,1463,1573,1528,1392,1465,1780,1365,1311,1398,1434,1531
"ARHGEF3",1202,1268,1430,1030,1070,1216,1529,1390,1182,1251,1097,1310
"SLBP",1902,1794,1629,1891,1759,1653,2197,1898,1949,2134,2253,1870
"LRPAP1",4203,3493,3893,4063,3928,4300,4798,4684,4559,4330,4755,4156
"ZDHHC19",0,0,0,1,1,0,0,0,0,0,0,0
"SLC51A",1,0,1,0,0,0,2,0,0,1,0,1
"UBXN7",1007,1038,1139,963,916,1020,1237,928,831,830,961,991
"RNF168",759,764,753,722,767,766,963,739,820,898,758,830
"PIGX",241,259,261,270,278,293,312,308,287,270,334,275
"MELTF",104,89,131,91,111,110,161,153,131,141,141,82
"OTOP1",0,0,0,0,0,0,0,0,0,0,0,0
"S100P",0,0,0,0,0,0,0,0,0,1,0,0
"ABLIM2",2,3,3,4,7,5,9,5,5,9,11,9
"EXO5",306,254,280,309,258,285,373,266,312,307,340,289
"CLDN19",0,0,0,0,0,0,0,0,0,0,0,0
"C1orf50",73,65,71,56,77,76,89,78,64,73,57,70
"ERMAP",186,210,231,178,174,202,240,257,245,214,210,261
"ZNF691",156,150,170,116,162,130,177,220,172,187,184,179
"AIMP1",1624,1368,1362,1872,1812,1838,1731,1658,1418,1599,1828,1500
"SGMS2",872,846,811,1472,1317,1406,1511,808,1001,971,1089,1037
"METAP1",1019,920,1086,1078,1018,1136,1287,1173,1150,1178,1121,1187
"DNAJB14",854,837,815,931,864,1027,832,662,618,729,720,772
"H2AZ1",8723,6944,7915,8582,8238,9445,11948,14369,12554,11588,12810,11654
"EMCN",1893,1995,2454,2994,3325,4140,2663,2961,2069,2451,2581,2768
"SLC9B1",9,4,12,10,10,8,9,7,6,12,10,8
"SLC9B2",742,676,652,778,717,663,815,590,630,727,684,653
"BDH2",439,403,475,414,402,493,622,686,494,521,568,573
"PGRMC2",2177,1727,1976,2126,2075,2218,2855,2402,2231,2476,2679,2493
"CDC25A",746,640,558,999,821,781,1266,754,930,1066,1027,851
"CAMP",0,0,0,0,0,0,0,0,0,0,0,0
"ZNF589",453,429,460,404,334,333,467,400,405,392,336,326
"FBXW12",0,0,0,0,1,0,0,0,0,0,1,3
"PLXNB1",1142,1189,1399,1063,1088,1251,1334,1468,1211,1209,1027,1125
"CCDC51",406,304,316,388,354,341,393,447,412,432,494,347
"ATRIP",464,420,370,478,389,343,490,424,423,454,480,358
"SHISA5",9911,8634,9752,10504,9786,9688,11196,8179,8989,10286,11927,7977
"SPRY1",30,29,34,31,38,48,73,53,61,52,48,48
"BSN",19,16,12,13,17,12,28,9,22,15,20,26
"APEH",699,608,644,698,651,740,968,973,805,790,966,806
"INTU",110,134,113,108,127,113,135,137,86,121,119,112
"RNF123",916,823,951,777,741,843,1115,944,942,972,786,868
"HSPA4L",655,642,655,669,682,755,896,647,659,792,680,765
"MFSD8",335,309,335,354,336,360,495,367,333,345,325,387
"ABHD18",216,216,184,206,180,177,238,216,180,209,226,206
"CAMKV",0,0,0,0,0,1,0,0,0,0,0,0
"MON1A",564,539,519,665,592,572,757,613,604,650,710,576
"MST1R",25,9,16,5,18,7,22,22,6,11,13,10
"RAD54L2",649,590,737,811,743,822,1161,768,826,854,819,788
"TEX264",894,667,817,786,779,844,1086,1029,861,949,1116,868
"GRM2",5,4,9,7,9,4,3,1,4,5,2,3
"DUSP7",877,791,690,1060,935,933,1022,660,809,898,944,738
"POC1A",495,427,469,521,463,554,723,731,686,681,697,633
"PPM1M",129,88,162,104,97,152,192,183,166,164,152,150
"ETNPPL",1,2,6,2,3,8,2,3,3,1,3,2
"WDR82",3637,3337,3631,3704,3383,3708,4301,3190,3339,3762,3751,3640
"PITX2",2,1,0,3,1,2,4,2,0,1,0,0
"PRSS12",80,85,87,99,75,118,120,108,106,95,99,104
"NDST3",43,60,47,27,25,36,88,94,72,73,64,80
"HMGB2",3559,3335,3969,3308,3086,3939,4819,5820,4571,4763,5378,5316
"SAP30",673,598,638,695,640,720,954,1085,891,910,985,819
"SCRG1",0,0,0,0,0,0,0,0,0,0,0,0
"HAND2",0,0,0,0,0,0,0,0,0,0,0,0
"MAD2L1",718,652,679,799,775,829,1229,1201,1124,1126,1249,1222
"ANXA5",21659,19437,19265,24224,21897,21620,24226,21409,21991,23224,24878,20748
"SMIM43",5,2,0,0,1,3,2,4,3,5,4,2
"ADAD1",0,0,0,0,0,0,0,0,0,0,0,1
"MAP9",15,18,16,18,29,24,31,20,12,17,33,23
"GUCY1A1",22,29,42,84,79,113,5,20,8,15,15,27
"FBXO8",256,283,279,342,321,296,305,243,219,273,313,235
"CEP44",168,164,184,178,145,197,225,204,214,204,220,229
"HPGD",0,0,0,1,0,0,0,0,0,0,0,0
"ASB5",1,1,0,1,0,0,0,0,0,1,0,0
"SPMIP2",0,0,0,0,2,0,0,0,0,0,0,0
"TMEM144",85,94,95,109,82,99,136,103,95,117,112,80
"GASK1B",4576,4741,5820,6728,7423,10790,5371,4404,4191,4715,4630,5418
"NPY1R",7,5,8,5,1,3,6,4,0,5,4,2
"NPY5R",0,0,0,0,0,0,0,0,0,0,0,0
"NAA15",2332,2196,2150,2499,2297,2241,2794,1801,1958,2172,2139,2175
"IL15",115,108,98,100,85,92,136,86,91,121,117,81
"FHIP1A",11,13,17,10,14,11,7,5,5,3,6,7
"ARFIP1",603,583,613,670,652,743,749,674,656,703,694,728
"ICE1",1525,1489,1723,1876,1794,1994,2020,1214,1207,1298,1343,1579
"HHIP",22990,20955,24875,20226,19926,22843,29398,25732,23215,23556,24119,23986
"ANAPC10",139,129,120,147,133,124,179,152,135,123,218,167
"ABCE1",4568,4091,4345,4880,4478,4875,5934,4536,5070,5243,5165,5379
"OTUD4",2085,2216,2395,2731,2905,3229,2963,1874,2021,2125,1920,2203
"LSM6",282,194,203,283,251,260,374,374,377,324,402,319
"TMEM184C",881,887,876,1093,969,1021,1040,755,829,940,924,1026
"PRMT9",228,222,221,246,234,241,224,199,187,188,182,210
"ITGA2",4380,4003,4412,5123,4749,5328,5568,3259,3372,3467,3424,4051
"MOCS2",663,645,751,788,754,800,876,1066,911,832,913,989
"SLC45A2",1,1,0,0,0,0,0,0,0,1,0,0
"EDIL3",690,641,778,953,974,1236,877,726,788,763,769,947
"TMEM161B",213,215,222,276,254,240,259,218,216,249,258,237
"ELOVL7",1,0,3,1,4,3,2,2,2,4,1,3
"NDUFAF2",459,398,390,500,433,490,508,484,424,516,553,500
"ZNF474",4,7,0,6,4,1,3,2,2,3,3,1
"LMBRD2",239,255,252,289,290,309,311,194,211,246,230,248
"RANBP3L",1,2,0,5,3,1,0,0,0,1,0,0
"NIPBL",1737,1649,2044,1759,1748,1974,2134,1449,1278,1496,1365,1756
"RNF180",27,26,28,25,24,28,25,23,11,14,21,20
"ADGRV1",8,4,2,4,9,12,5,6,7,3,7,10
"SLC25A46",953,947,916,1191,1065,1223,1145,916,973,1052,1058,1050
"STARD4",1612,1736,1969,2776,2995,3594,1657,1410,1308,1535,1342,1453
"PGGT1B",545,495,467,599,544,572,672,551,517,542,574,551
"F2RL2",441,427,539,632,700,883,506,393,317,380,387,506
"CCDC112",227,211,223,200,204,224,252,255,204,217,296,261
"ANKRD33B",599,639,604,539,490,523,789,475,590,632,658,532
"CMBL",440,418,563,398,347,399,592,586,483,572,597,578
"C5orf63",27,26,24,16,25,25,31,26,16,20,20,22
"PRRC1",1619,1558,1746,2724,2662,3362,1922,1458,1296,1576,1511,1588
"F2RL1",1146,940,930,641,585,618,1678,1247,1355,1280,1467,1366
"AGGF1",371,322,337,404,392,423,481,433,330,386,387,416
"WDR41",696,580,629,705,673,710,479,532,424,388,453,446
"PRDM9",0,0,0,0,0,0,0,0,0,0,0,0
"NDUFS4",716,617,638,742,711,726,812,985,773,818,1026,858
"SCGB3A2",0,0,0,0,0,0,0,0,0,0,0,0
"SPINK1",0,0,0,0,0,0,0,0,0,0,0,0
"HTR4",1,2,0,1,1,0,0,1,0,0,0,0
"ESM1",8998,7733,6248,15835,13059,11734,10719,7154,9490,10266,11451,8049
"GRPEL2",374,302,313,363,366,400,545,434,423,379,444,400
"CDC20B",1,3,4,1,5,5,3,0,5,3,3,0
"ARSK",336,309,315,392,310,305,435,280,279,439,405,357
"RHOBTB3",1409,1556,1611,1948,1896,2156,1853,1445,1387,1567,1475,1603
"GPX8",1848,1816,2103,3422,3553,4349,2309,2020,1870,2077,2181,2172
"TIGD6",267,220,203,292,239,220,221,167,168,253,244,189
"SPZ1",0,0,0,0,0,0,0,0,0,0,0,0
"SERINC5",353,311,346,354,366,484,380,299,300,307,317,304
"ENPP6",0,0,1,1,0,0,0,0,1,0,0,0
"CAGE1",2,6,2,4,3,2,5,0,2,3,6,1
"CASP3",2624,2534,2514,2767,2545,2686,3734,3026,3372,3464,3661,3272
"PRIMPOL",189,187,174,200,139,157,226,199,193,235,229,217
"ERAP1",2794,2879,2919,3011,3094,3218,3138,2063,2019,2408,2420,2298
"ERAP2",4967,4860,5043,4959,4826,4991,6327,4423,4183,4884,5169,4530
"CMYA5",14,8,6,13,8,5,6,3,4,8,4,1
"EGFLAM",17,20,11,35,35,22,14,11,8,18,14,12
"CFAP97",508,444,516,485,486,533,625,513,498,547,497,576
"TMEM174",0,0,0,0,0,0,0,0,0,0,0,0
"CARTPT",0,0,0,0,0,0,0,0,0,0,0,0
"RICTOR",1799,1993,2241,1949,1924,1926,2135,1373,1254,1393,1374,1584
"TENT2",774,749,692,853,777,813,883,669,688,773,811,737
"EBF1",17,17,27,24,36,40,24,12,14,20,13,15
"ANKRA2",233,215,222,202,179,203,268,262,201,254,261,211
"UBLCP1",381,399,461,443,410,480,571,528,465,464,534,510
"FAM170A",0,0,0,0,0,0,0,0,0,0,0,0
"UTP15",613,458,454,621,554,528,679,522,540,599,600,543
"TLR3",623,585,530,528,522,388,499,187,188,331,422,213
"KLKB1",0,0,0,1,0,0,1,1,0,0,0,0
"NSA2",1452,1254,1354,1639,1429,1721,1819,2000,1636,1778,2018,1906
"GFM2",726,691,724,761,774,874,985,862,762,833,854,887
"TERT",0,0,0,0,0,0,0,0,0,1,0,0
"SLC6A18",0,1,0,0,0,0,0,0,0,0,0,0
"CCDC127",543,502,509,553,479,521,756,697,650,611,690,591
"FOXQ1",0,0,0,0,0,0,0,1,0,0,0,0
"ACSL6",1,0,0,0,0,0,0,0,0,0,0,0
"IL3",0,0,0,0,0,0,2,0,0,0,0,0
"CSF2",34,15,3,13,16,4,9,3,11,9,15,9
"SEPTIN8",1819,1774,2052,1633,1623,1895,2546,2233,2100,2163,2028,2129
"SHROOM1",169,167,176,181,176,195,257,326,237,242,234,237
"GDF9",16,5,10,7,4,3,3,5,6,7,6,6
"UQCRQ",1041,947,985,1160,1085,1206,1282,1947,1380,1196,1485,1209
"LEAP2",3,3,1,3,2,1,7,1,4,2,2,2
"GJB7",0,0,0,0,0,0,1,1,0,0,0,0
"SLC35A1",159,139,185,152,143,171,203,216,186,180,222,227
"GRIK2",0,1,1,0,0,0,0,0,0,0,0,1
"CGAS",122,110,82,148,124,89,133,116,88,113,114,117
"FABP7",0,0,0,0,0,0,0,0,0,0,0,0
"TLX3",0,0,0,0,0,1,0,0,0,0,0,0
"TXLNB",15,6,11,9,7,6,11,7,8,6,4,7
"CITED2",3867,3335,2900,5312,4613,4745,4586,3295,3677,4265,4943,3714
"CALHM4",0,2,9,2,4,7,3,0,3,4,4,2
"TBXT",0,0,0,0,0,0,0,0,0,0,0,0
"CREBRF",434,499,446,394,372,287,359,259,260,338,275,266
"DCBLD1",2002,1776,2016,2140,2186,2523,2301,1961,1852,1969,1778,1896
"SFXN1",1364,1232,1308,1451,1312,1430,1581,1315,1278,1368,1405,1298
"SAMD3",2,0,1,2,0,3,0,0,5,1,2,2
"TMEM200A",318,321,390,572,581,671,432,368,367,408,372,427
"IL22RA2",0,0,0,0,0,0,0,0,0,0,0,0
"DACT2",0,0,0,1,1,0,0,0,0,0,0,0
"PDSS2",189,204,234,188,186,234,234,211,218,219,251,200
"SPMIP7",0,0,0,0,0,0,0,0,0,0,0,0
"STXBP5",757,800,929,803,752,837,745,579,597,564,584,654
"H2AC1",0,0,0,0,0,0,0,0,0,0,0,0
"IL31RA",41,34,24,53,55,35,37,29,31,22,28,35
"ANKRD55",120,59,92,191,153,213,111,75,82,83,97,85
"RAET1E",6,1,2,0,3,2,2,3,1,5,1,3
"PI16",11,11,8,8,9,7,22,15,6,13,16,12
"TBX20",3,2,5,4,4,7,2,5,6,2,7,8
"DAGLB",801,808,724,845,761,707,922,818,815,829,880,669
"MATCAP2",18,20,17,19,18,18,19,20,20,20,18,22
"STK17A",1933,1742,1839,1650,1401,1442,2410,2324,2091,2246,2286,2135
"TRA2A",1480,1420,1266,1496,1374,1325,1492,1470,1270,1375,1600,1415
"GALNT10",2709,2559,3105,3046,3098,3724,2962,2332,2293,2486,2374,2528
"SAP30L",917,764,946,785,715,909,1231,1179,1108,1033,1093,1020
"RPS14",13137,11260,12231,13688,13312,15665,15781,23294,17872,15790,19012,15920
"HCN1",1,0,1,0,0,0,0,0,0,0,0,0
"MYOZ3",4,7,15,8,6,5,8,7,6,7,6,7
"COG5",945,913,891,1076,1031,1160,1066,810,731,813,861,916
"NEUROD6",0,0,0,0,0,0,0,0,0,0,0,0
"GPR85",11,19,21,17,13,21,11,17,20,13,16,12
"SLU7",1242,1092,1128,1255,1150,1135,1392,1298,1148,1257,1478,1181
"RP9",228,216,177,210,202,199,329,336,301,325,395,331
"PTTG1",1527,1223,1430,1396,1339,1576,2073,2753,2246,2023,2359,2018
"CAMLG",1003,826,996,981,946,991,1207,1325,1112,1163,1341,1249
"BMPER",0,2,5,3,4,8,9,4,4,7,6,7
"RELL2",84,77,68,72,57,67,84,92,60,69,73,76
"KCNK5",0,0,0,0,1,0,0,0,0,0,1,2
"KIF6",0,0,0,0,1,0,0,0,0,0,0,0
"ZNF12",348,345,336,365,373,362,558,428,411,422,367,398
"SLC29A4",66,67,63,42,72,90,76,92,57,69,65,95
"TEX47",0,0,0,0,0,0,0,1,0,0,0,0
"STEAP1",1013,871,852,865,769,832,1111,987,989,994,1273,946
"CDCA7L",1623,1321,1606,1316,1248,1345,2248,1799,1832,1889,1853,1881
"SP8",70,69,49,65,76,40,47,35,51,53,64,32
"MIOS",369,352,352,379,338,326,417,341,386,378,355,391
"ELAPOR2",1205,1282,1541,1188,1266,1595,1708,1447,1325,1360,1341,1501
"USP49",98,78,93,57,56,53,79,69,68,73,77,70
"SYTL3",93,68,76,67,66,62,64,46,54,65,78,48
"IQUB",3,4,6,1,3,3,3,6,3,5,4,8
"HEY1",62,57,79,123,122,150,85,73,62,60,72,47
"ZNF704",157,111,153,162,142,201,199,141,167,142,135,191
"FABP5",870,778,901,796,734,915,927,1232,931,927,1069,972
"SHH",13,6,4,13,4,5,15,4,6,13,9,2
"TAGAP",0,0,0,1,0,0,1,0,0,2,0,0
"COL1A2",84,82,162,203,287,389,185,184,114,117,100,126
"FNDC1",2,1,2,4,3,1,2,4,2,0,1,1
"CHMP4C",2,1,1,0,0,2,2,4,1,2,3,3
"SLC13A4",0,0,0,0,0,0,0,1,0,0,0,0
"PGAM2",1,1,0,1,3,0,3,1,0,1,1,1
"BRI3",3499,3098,3285,3322,3170,3538,4311,4657,3876,3964,4715,3890
"LMTK2",722,644,722,747,699,711,860,642,600,604,583,658
"SLC35G3",0,0,0,0,0,0,0,0,0,0,0,0
"CTSB",27475,24120,27092,28082,27025,30401,32795,29201,26719,28294,31527,28528
"SOX17",1899,1788,2135,3539,3617,4137,1778,2361,2011,2166,2110,2206
"DLC1",3917,3570,3848,4494,4326,4873,4879,3507,3670,3892,3827,3757
"ADCY1",9,10,9,15,9,9,11,5,19,19,10,7
"C8orf48",60,50,62,50,52,39,65,76,61,78,70,70
"SUN3",0,0,0,0,0,0,0,1,0,0,0,0
"C7orf57",1,0,2,15,13,24,2,1,2,4,5,4
"HNF4G",0,0,0,0,0,0,0,0,0,0,0,0
"PEX2",338,267,330,290,271,326,379,446,374,357,387,382
"RAD21",4245,4209,4694,4314,4267,4872,6380,5287,5033,5667,5646,5935
"SLC30A8",0,0,0,0,0,0,0,0,0,0,0,0
"MED30",129,99,103,199,155,181,224,227,171,230,239,187
"TNFRSF11B",22,17,17,91,101,82,38,27,28,47,34,22
"SBSPON",0,0,0,0,0,0,0,0,0,0,0,0
"PHKG1",19,13,6,13,9,7,14,17,10,13,12,4
"EN2",2,6,3,9,8,3,2,2,7,5,7,4
"KCNV1",0,1,0,0,0,0,0,0,0,0,0,0
"CSMD3",24,13,19,13,16,9,6,6,4,13,3,4
"SPIDR",357,322,465,396,363,436,533,476,432,455,450,446
"ORC5",431,477,448,473,424,401,549,491,483,494,563,543
"DEFA5",0,0,0,0,0,0,0,0,0,0,0,0
"DNAAF5",1653,1522,1568,1824,1700,1834,2021,1624,1761,1768,1658,1596
"DEFA4",0,0,0,0,0,0,0,0,0,0,0,0
"DEFA6",0,0,0,0,0,0,0,0,0,0,0,0
"OSGIN2",1163,1070,1125,1138,1029,1105,1227,1163,1095,1271,1150,1194
"DEFB1",0,0,0,0,0,0,0,0,0,0,0,0
"SUN1",2794,2973,3292,3312,3270,3754,3729,3223,2997,3115,2847,3112
"OXR1",613,579,635,733,758,854,528,475,505,531,517,526
"TMEM74",5,0,4,2,3,8,5,3,7,9,3,5
"GPR146",154,137,222,62,74,79,178,218,142,185,173,213
"GPER1",135,129,143,126,100,117,143,123,90,125,131,123
"UNCX",0,0,1,1,0,0,0,0,0,0,0,0
"TMEM184A",8,7,4,5,6,7,3,3,3,10,9,4
"NOS3",2995,2989,3267,2652,2654,2561,3478,3004,2725,2720,2471,2517
"SPAG11B",0,0,0,0,0,0,0,0,0,0,0,0
"MICALL2",1004,945,938,733,657,674,942,1162,738,782,634,707
"CA3",3,2,1,4,2,0,1,0,0,0,1,0
"INTS1",3984,3589,3961,3862,3755,4103,4896,4267,4041,3933,3729,3822
"CDK5",240,219,240,243,242,273,330,423,374,349,315,310
"SLC4A2",3874,3594,3880,4292,4207,4511,5051,4568,4385,4496,4591,4220
"SLC7A13",0,0,0,0,0,0,0,0,0,0,0,0
"FASTK",1364,1131,1330,1291,1385,1465,1707,2034,1623,1562,1565,1420
"TMUB1",961,782,976,1017,976,1102,1300,1467,1268,1250,1369,1102
"FMC1",148,104,139,165,155,189,206,263,228,196,216,171
"GBX1",0,1,0,0,0,0,0,0,0,0,0,0
"PHAX",1137,1078,1072,1253,1187,1281,1273,1173,1140,1157,1189,1117
"ALDH7A1",1095,995,1195,950,1074,1247,1320,1487,1234,1170,1223,1255
"FOXK1",1173,1007,976,985,955,915,1504,994,1114,1157,1064,900
"COX6C",1306,983,1060,1153,1110,1196,1478,2261,1632,1428,1713,1450
"OSR2",0,1,0,0,0,0,0,0,0,1,0,0
"YWHAZ",13117,12475,13973,14000,13611,15611,17719,15620,14726,15619,16932,16482
"BAALC",13,10,7,11,12,20,13,11,7,9,13,14
"FZD6",1107,1102,1294,1352,1409,1593,1536,1189,1098,1296,1279,1455
"CTHRC1",435,365,420,553,551,768,577,746,555,559,618,644
"SLC25A32",197,158,159,243,242,300,247,208,255,235,208,242
"DCAF13",1345,1214,1263,1392,1334,1532,1802,1835,1592,1660,1817,1669
"DCSTAMP",1,0,0,0,0,0,0,0,0,0,0,0
"TP53INP1",1282,1473,1680,987,974,1064,1497,1499,1240,1440,1247,1491
"INTS8",1122,1089,1229,1109,1007,1159,1288,1096,1046,1088,1127,1216
"VIRMA",1702,1509,1673,1720,1675,1755,2076,1496,1460,1589,1545,1679
"FREM1",10,7,5,3,6,4,9,6,4,3,4,8
"GEM",757,551,283,951,561,305,383,132,261,445,597,146
"PDP1",1543,1709,1718,1162,1145,1142,1846,1547,1480,1628,1507,1581
"TMEM67",101,100,130,134,111,158,128,122,92,106,118,122
"WASHC5",1621,1639,1764,1761,1722,1839,1812,1464,1371,1489,1461,1539
"RPP25L",320,293,259,306,261,309,416,500,477,393,463,369
"FAM219A",1244,1199,1282,1250,1169,1163,1559,1223,1288,1243,1279,1227
"SPMIP6",14,17,10,10,5,3,8,5,11,6,9,6
"SNAPC3",891,931,940,1095,1069,1131,1079,820,811,916,936,859
"MYORG",484,473,580,369,374,478,481,464,409,376,389,471
"NUDT2",259,218,228,231,219,252,303,350,258,272,345,263
"TMEM65",529,590,647,759,802,1006,1010,991,862,828,887,1056
"PSIP1",1423,1437,1628,1513,1419,1831,2244,2116,1830,1902,2071,2179
"CCDC171",25,21,22,18,19,21,24,25,16,31,20,39
"UBAP1",1858,1602,1571,1923,1580,1518,1352,1113,1129,1320,1477,1213
"DIRAS2",0,0,0,0,0,0,0,0,0,0,0,0
"SYK",0,0,0,1,0,0,0,0,0,0,0,0
"NIPSNAP3B",8,9,16,4,7,10,10,10,7,4,8,9
"ABCA1",245,236,349,189,196,250,342,279,220,252,198,282
"NFIL3",464,474,373,710,647,634,413,372,377,424,487,399
"LETM2",165,167,124,212,147,122,200,115,155,160,192,127
"METTL2B",680,617,637,744,706,753,791,707,650,711,748,676
"PRKACG",0,0,0,0,0,0,0,0,0,0,0,0
"FXN",257,205,247,248,214,254,305,287,331,292,364,295
"ZMAT4",0,2,1,0,1,1,1,1,0,0,1,0
"NKX6-3",0,0,0,0,0,0,0,0,0,0,0,0
"TMEM71",106,110,145,136,121,112,114,136,123,119,113,126
"MAMDC2",96,118,108,82,112,111,132,97,104,103,97,113
"PRSS37",0,0,0,0,0,0,0,0,0,0,0,0
"CPA6",0,0,0,0,0,0,0,0,0,0,0,0
"C8orf34",0,2,0,0,0,0,0,0,0,0,0,0
"TMC1",14,13,18,8,15,17,13,11,6,8,6,12
"ALDH1A1",3619,3175,4461,2856,2914,3976,6064,6319,5325,5281,5366,6030
"KDM1B",303,284,298,473,423,421,336,261,239,293,280,282
"HGSNAT",1713,1706,2047,1673,1659,1957,2246,1748,1609,1907,1814,1985
"RASEF",5,2,9,2,3,2,3,3,1,0,2,0
"GKAP1",25,27,38,23,27,19,43,51,22,42,33,41
"KIF27",72,81,91,76,66,84,77,73,63,70,45,98
"QNG1",87,77,83,101,77,98,151,102,118,98,119,92
"HNRNPK",13922,13310,14253,14967,14073,15408,18273,15828,15129,16404,17047,16588
"SSMEM1",0,0,0,0,0,0,0,0,0,0,0,0
"SVEP1",0,0,0,0,0,1,0,0,0,0,0,0
"TRPV6",0,0,0,0,0,0,0,0,0,0,0,0
"LLCFC1",0,0,0,0,0,0,0,0,0,0,0,0
"ANKS6",645,582,612,640,624,586,793,628,605,645,624,628
"FBP1",10,14,17,9,8,12,14,15,14,9,13,14
"PGAP4",127,117,146,147,131,137,162,158,114,143,149,146
"ZHX1",856,834,969,1057,939,1060,1283,963,896,1058,1025,978
"CFAP47",0,0,0,0,0,0,0,1,0,1,0,0
"CYBB",0,1,0,0,1,0,0,0,0,0,0,1
"DYNLT3",293,277,249,428,356,356,635,598,575,620,700,659
"METTL27",80,62,82,40,53,63,78,118,71,72,82,64
"MID1IP1",675,571,754,660,740,818,906,826,826,746,802,800
"SHOC1",2,1,1,2,1,1,1,1,2,0,1,0
"CXorf58",0,1,0,1,0,0,0,0,1,0,0,1
"KIAA1958",36,36,49,25,31,39,56,38,37,45,44,46
"PTCHD1",0,0,0,0,1,0,1,1,0,3,0,0
"RNF183",0,0,0,0,0,0,0,0,0,0,1,0
"ASB11",0,3,0,0,1,0,0,0,0,0,0,0
"PCDH19",89,109,164,120,142,232,162,152,112,112,87,161
"PIGA",251,277,239,535,556,666,353,307,255,284,300,285
"VEGFD",27,25,22,10,11,13,14,20,13,27,24,11
"OR1Q1",1,0,0,0,0,0,0,1,0,0,0,0
"OR1K1",0,0,0,0,0,0,0,0,0,0,0,0
"STRBP",211,213,272,206,178,278,345,359,308,332,320,399
"CLDN3",14,18,19,12,22,31,11,18,19,20,19,20
"GAPVD1",1362,1414,1552,1485,1438,1607,1766,1377,1230,1313,1268,1337
"CARD19",567,586,589,583,547,617,680,849,634,604,692,655
"WNK2",1,1,1,0,0,1,0,1,1,1,1,0
"ATP7A",372,376,410,373,332,431,360,241,256,248,249,310
"ZNF367",327,279,268,444,356,341,475,291,348,479,450,387
"NLGN4Y",191,199,229,210,215,240,309,256,188,190,239,241
"HDX",177,171,173,227,193,197,193,151,121,153,210,184
"NDUFB6",593,562,554,667,583,692,756,920,723,760,922,793
"AQP7",2,0,0,0,0,1,0,0,1,0,0,0
"NOL6",4018,3561,3129,4193,3543,2917,4254,2973,3212,3745,3605,2666
"AQP3",45,30,50,112,125,142,97,66,49,73,67,68
"TRMT10B",218,206,230,238,179,181,211,210,180,239,237,220
"VCP",14917,13088,15142,18039,18623,21824,18988,18436,16397,16389,16515,15564
"PIGO",578,542,589,570,561,710,837,715,653,663,615,569
"STOML2",2747,2150,2506,2951,2622,2984,3442,3600,3403,3337,3601,3213
"BRWD3",519,486,606,533,525,592,584,440,361,400,391,426
"SLITRK5",1,2,0,4,1,0,2,0,0,0,1,0
"MELK",1041,1019,1061,1113,1026,1095,1571,1218,1289,1401,1526,1400
"ARMC3",0,0,0,0,0,1,0,0,0,0,0,1
"OTUD1",122,98,140,109,98,139,104,117,106,89,106,95
"ARHGAP12",599,599,656,579,604,665,693,549,475,612,552,612
"FAT3",0,0,1,0,0,0,0,0,1,1,0,0
"DEUP1",0,0,0,0,0,0,0,0,0,0,0,0
"HECTD2",274,240,276,293,257,311,268,162,152,212,181,196
"SLC7A3",0,0,0,0,0,0,0,0,0,0,0,0
"FBXO33",337,350,351,479,477,523,396,317,289,374,379,337
"INTS6L",139,119,137,129,136,168,144,152,106,135,130,102
"GPR101",0,0,0,0,0,0,0,0,0,0,0,0
"CLDN2",0,0,0,0,1,0,0,0,0,0,0,0
"LRFN5",3,3,0,3,2,6,0,1,1,2,1,1
"LRRC18",1,0,0,0,0,0,0,0,0,0,0,0
"SPTSSA",901,780,880,1018,1036,1140,1077,1079,997,1054,1079,1123
"WRN",771,743,838,778,721,848,900,673,671,750,674,739
"MARCHF8",1072,1036,1303,855,840,999,1230,1182,1002,1028,1062,1203
"TSHR",0,0,0,0,0,0,0,0,0,0,0,0
"CFL2",1637,1663,1751,1873,1820,2017,2263,2079,2051,2039,2062,2284
"SUGT1",1804,1605,1694,1869,1832,1841,2222,2259,2012,2016,2252,2038
"GTF2A1",567,605,706,696,659,848,815,641,635,671,680,752
"ZCCHC24",153,154,153,141,158,194,210,168,150,182,165,156
"PGM2L1",1080,999,1185,1812,1906,2340,1687,1377,1321,1301,1291,1729
"PHYHIPL",0,0,0,0,0,0,0,0,0,0,0,0
"SLC16A9",83,103,105,65,75,72,89,80,76,71,84,87
"FOLR2",0,0,0,0,0,0,0,0,0,0,0,0
"INPPL1",4667,4801,5500,4556,4475,5060,5037,5249,4098,4694,3814,4306
"PHOX2A",1,0,0,1,0,0,0,0,0,0,0,0
"MBL2",0,0,0,0,0,0,0,0,0,0,0,0
"GJB2",0,0,0,0,0,0,0,0,0,0,0,0
"CRYL1",609,569,569,587,553,561,711,690,594,746,714,611
"REEP3",1356,1352,1529,1797,1755,2115,1186,969,900,913,1005,1070
"HEPACAM",0,1,0,0,4,1,1,1,2,1,1,1
"SKA3",561,457,490,495,448,500,810,648,649,739,762,745
"MICU2",1034,928,931,1005,939,1030,1199,1193,1099,1174,1262,1134
"DDIAS",421,405,408,480,405,479,581,392,417,481,460,478
"PCF11",1689,1574,1540,1611,1283,1317,1673,1407,1248,1502,1457,1251
"PKNOX2",58,48,54,37,42,25,66,57,38,54,49,70
"RPL10L",0,0,0,0,0,0,0,0,0,1,0,0
"LRR1",623,524,471,666,617,615,739,720,718,704,812,671
"RPL36AL",4136,3405,3477,4079,3918,4147,4982,6373,4830,4771,5762,4363
"DNAAF2",223,236,204,265,234,298,307,295,339,306,367,327
"DEPP1",2803,2870,3974,4092,4922,6518,3853,4897,3321,4149,4257,4014
"MAGEC3",0,0,0,0,0,0,0,0,0,0,0,0
"ZNF22",954,903,1014,958,939,1175,1441,1386,1231,1286,1492,1405
"KLHDC2",481,456,591,530,589,700,657,807,605,632,686,723
"EML5",3,2,4,7,4,5,2,6,5,3,3,3
"NEMF",1664,1550,1708,1767,1689,1743,2007,2002,1535,1706,1758,1723
"RPUSD4",1104,1048,1197,1200,1094,1219,1429,1514,1350,1244,1290,1185
"ARF6",3437,2992,2890,3912,3370,3582,4440,3553,3892,3874,4218,3700
"TTC8",250,239,279,308,265,321,303,264,219,271,259,306
"TMEM63C",0,0,0,0,0,0,0,0,0,0,0,1
"NGB",0,0,0,0,2,0,0,0,0,0,0,0
"NOXRED1",21,8,10,19,10,7,16,13,8,13,16,9
"CDX2",0,0,0,0,0,0,0,0,0,0,0,0
"AMER2",0,0,0,0,0,0,0,0,0,0,0,0
"AKR1E2",99,89,129,106,127,134,109,131,82,115,123,117
"KBTBD6",256,251,299,345,329,350,415,355,372,332,358,371
"SSX5",0,0,1,0,1,0,0,0,0,1,1,0
"SSX3",0,0,0,0,0,0,0,0,0,0,0,0
"OTX2",0,0,0,0,0,0,0,0,0,0,0,0
"FAAH2",1,0,0,0,0,2,0,3,0,0,1,0
"DRGX",0,0,0,1,0,0,1,0,1,0,0,0
"NUDT5",1591,1345,1455,1595,1553,1647,1951,1877,1611,1805,1894,1716
"DACT1",4,1,1,4,5,3,1,0,3,0,2,0
"OXGR1",0,0,0,0,0,0,0,0,0,0,0,0
"UCMA",0,0,0,0,0,0,0,0,0,0,0,0
"BEND7",406,416,481,346,319,379,548,447,470,457,420,487
"ATP5F1C",2789,2420,2808,2953,2822,3029,3500,3702,3122,3202,3755,3375
"PRPF18",400,315,365,372,387,439,453,468,410,417,469,375
"TAF3",714,709,709,773,609,714,840,773,691,735,746,614
"VSTM4",2,7,5,2,3,3,3,4,3,3,7,3
"VDAC2",1641,1428,1673,1823,1793,1795,1980,1954,1771,1849,2037,1785
"SOHLH1",0,0,0,0,0,0,0,5,0,2,0,0
"COMTD1",133,113,113,107,93,129,152,213,139,148,135,143
"SLC18A2",0,0,0,0,0,0,2,0,0,0,0,0
"PDZD8",984,920,1047,1175,1111,1393,1340,1038,1004,1059,1045,1090
"ZNF503",381,326,320,458,385,325,310,234,272,326,347,262
"ABRAXAS2",770,701,692,806,755,739,921,619,669,750,713,680
"QSOX2",1527,1407,1422,1680,1520,1687,2018,1619,1677,1678,1570,1455
"FAM204A",806,753,753,872,786,846,849,861,793,780,833,797
"NSD1",2569,2411,3016,2549,2310,2922,3417,2417,2482,2323,2231,2823
"PRDX3",2900,2577,2848,3134,2988,3361,4001,4046,3694,3624,4047,3811
"ENOX2",378,333,393,408,383,413,448,344,344,389,384,401
"GHITM",4203,3805,4044,4648,4307,4932,4755,4406,4166,4325,4596,4067
"CLEC1B",0,1,0,0,0,0,5,3,1,0,3,2
"SNAPC4",1663,1567,1338,1567,1464,1361,1593,1384,1334,1496,1363,1089
"TMEM52B",0,0,0,0,0,0,0,0,0,0,0,0
"PMPCA",1882,1613,1768,2028,1909,2014,2320,2318,2246,2066,2114,1926
"ENTR1",1008,929,850,1058,876,842,1074,964,996,1012,1005,860
"FRMD7",2,4,3,1,3,0,1,0,1,2,1,1
"AK8",4,4,1,7,1,2,3,2,4,1,0,2
"SPACA9",82,76,117,61,75,90,107,133,97,99,93,115
"TSC1",1225,1152,1314,1106,1093,1138,1359,1076,1020,1099,932,1093
"GFI1B",2,1,0,0,1,0,1,1,4,1,2,2
"HPRT1",873,818,938,959,924,975,1178,1348,1157,1102,1227,1167
"BORCS5",90,101,106,109,121,100,124,154,135,106,151,110
"DIPK1B",3509,3351,4332,2575,2785,3457,5442,6246,5070,4844,5112,5077
"ZMYND19",643,576,543,742,683,651,875,798,792,784,888,684
"STOX1",1,0,4,1,6,3,3,5,2,3,5,4
"RET",21,9,16,15,9,8,25,6,3,5,16,5
"DDX21",7069,6554,5846,9217,8196,8106,7761,4599,5359,5730,5860,5407
"BMS1",1950,1685,1657,2028,1800,1916,2374,1839,1876,1920,1821,1754
"STK32C",221,165,213,203,191,228,230,309,251,215,240,211
"JCAD",2947,2986,4180,2578,2716,3589,3322,2680,2366,2316,2174,2831
"OR4K2",0,0,0,0,0,0,0,0,0,0,0,0
"FUNDC2",687,611,641,723,719,783,753,888,797,696,805,745
"PIP4P1",1122,958,1082,1097,980,991,1204,1191,1012,1121,1128,937
"METTL17",634,542,569,526,511,513,731,708,655,683,663,608
"SLC39A2",2,0,0,1,2,0,1,0,0,1,0,1
"NDRG2",0,0,1,1,2,0,0,1,1,1,0,1
"RNASE7",4,12,4,5,3,0,3,2,1,2,2,0
"ARHGEF40",182,164,163,173,190,165,165,124,112,132,137,85
"NSMF",1679,1643,1682,1675,1553,1740,1955,1882,1794,1762,1768,1686
"ZNF219",360,397,503,372,380,534,679,779,602,594,622,626
"C12orf50",8,2,2,1,2,2,1,0,3,0,3,0
"CASP7",2241,2154,2250,2410,2407,2597,3313,2933,2663,2906,3189,2851
"PPP1R36",2,5,2,2,3,5,2,3,2,2,1,2
"BTNL9",0,0,0,1,1,0,2,0,1,1,1,1
"CCDC186",427,434,508,493,508,615,583,432,409,469,416,515
"VWA2",0,0,0,0,0,0,0,0,0,0,0,0
"METTL3",1045,885,1025,938,945,1011,1367,1269,1125,1101,1058,1013
"SALL2",13,10,18,7,12,13,16,19,17,8,19,21
"PRAP1",0,0,0,0,0,0,0,0,0,0,0,0
"TRUB1",523,541,478,639,600,625,286,214,247,270,243,243
"ERICH6B",0,0,0,0,0,0,0,0,0,0,0,0
"CYP2C19",1,0,0,0,0,0,1,0,0,2,0,1
"ZFYVE1",1265,1240,1211,1144,1041,945,1247,1105,1044,1146,1114,1046
"SPMIP5",0,0,0,0,0,0,0,0,0,0,0,0
"HSPA12A",5,2,8,14,8,3,5,5,2,4,6,6
"FRAT1",62,62,55,41,37,51,78,97,72,66,72,73
"UBTD1",1868,1673,1908,1923,1837,2149,1724,2014,1572,1564,1658,1579
"ANKRD2",20,15,16,13,14,9,21,28,16,19,14,10
"E2F7",1329,1377,1275,1613,1396,1427,1549,945,1233,1288,1245,1133
"ARHGAP42",149,153,170,193,226,273,175,148,123,145,135,204
"ISCA2",326,271,327,351,325,347,359,433,384,393,482,383
"OTOGL",35,19,48,35,41,30,42,17,26,23,26,37
"LARGE2",0,0,0,0,0,0,0,0,0,0,0,0
"PACSIN3",236,193,248,209,184,269,377,433,376,333,387,359
"TTC7B",1198,1130,1207,1199,1128,1269,1425,1133,1150,1143,1209,1207
"SLC39A13",2644,2516,2831,2581,2637,3074,3333,3870,3009,3056,2826,2845
"PSMC3",8242,6581,7188,8410,8053,8317,9979,10071,9473,9631,10939,9133
"RAPSN",42,41,27,23,27,22,17,9,5,6,6,9
"AGBL2",7,4,1,3,4,1,2,2,0,3,2,2
"TC2N",0,0,0,0,0,0,0,0,0,0,0,0
"CPSF2",2308,2093,2240,2425,2233,2432,2670,2024,2029,2159,2257,2170
"SMCO2",14,9,14,15,21,14,28,15,19,20,20,11
"MOAP1",341,336,334,389,329,339,550,497,390,439,467,439
"IFI27L1",205,198,225,221,219,234,236,250,215,194,254,170
"IFI27",38495,29106,31269,34445,33745,30342,41357,36283,33725,37318,47639,26834
"SERPINA12",0,0,0,0,0,0,0,0,0,0,0,0
"CLMN",156,160,180,93,92,110,206,192,188,180,146,198
"PDZRN4",0,0,0,0,0,0,0,0,1,0,0,0
"SLC6A5",0,0,0,0,0,0,0,0,0,1,0,1
"CCDC38",0,0,0,1,0,0,0,0,2,1,2,0
"NELL1",0,0,0,0,0,1,0,0,0,0,0,0
"PTER",40,44,37,47,23,24,48,41,37,46,41,38
"C1QL3",0,0,0,1,1,1,1,1,0,1,0,1
"CACNB2",0,0,0,0,0,0,0,0,0,0,0,0
"HACD1",190,153,164,182,172,191,286,295,272,249,291,249
"ARL5B",995,1111,1194,2043,2064,2646,1250,928,897,1018,1015,1223
"SMCO4",134,103,135,165,191,205,213,209,186,197,202,212
"CEP295",925,915,1013,961,835,964,1092,725,650,810,770,904
"KCNC2",0,2,0,0,0,0,0,0,0,1,0,0
"TAF1D",4694,4348,3914,4734,4357,3757,4921,4747,4254,4736,5001,4083
"ABTB2",207,145,84,212,131,60,107,34,85,108,135,48
"R3HCC1L",470,487,494,563,451,472,515,466,440,497,523,477
"AMOTL1",1906,1758,1901,2631,2507,2887,2333,1405,1477,1479,1567,1676
"HTRA1",3011,2758,3189,2938,3251,3947,3619,3778,3120,3146,3454,3200
"LIPC",1,1,0,0,0,0,0,0,0,0,0,0
"CEP57",1250,1145,1250,1653,1765,1991,1604,1450,1306,1480,1453,1474
"TCP11L2",100,108,114,60,81,86,88,92,79,97,88,86
"PASD1",0,1,0,0,0,0,0,0,0,0,0,0
"SPRED1",326,310,238,474,407,362,377,214,288,299,358,266
"TMCO5A",0,0,0,0,0,0,0,0,0,0,0,0
"GPR176",1690,1676,1709,3087,2856,3259,2061,1455,1616,1808,1949,1689
"JAM3",4175,4114,4905,4904,4959,6241,5746,5663,5085,5067,4988,5438
"IL25",0,0,0,0,0,0,0,0,0,0,0,0
"CMTM5",0,0,0,0,0,0,0,0,0,0,0,0
"GLB1L3",0,0,0,0,0,0,0,0,0,0,0,0
"ADAMTS15",1,0,0,4,5,2,1,2,1,1,1,1
"SVOP",0,0,0,0,0,0,0,0,1,0,0,0
"SPATA19",1,0,0,0,0,0,0,0,0,0,0,0
"GPT2",412,372,418,582,603,707,587,490,534,507,530,493
"AMN",6,0,2,1,4,2,3,3,3,3,3,0
"RAB8B",1662,1647,1592,2111,2019,2073,1791,1250,1429,1578,1584,1502
"IKBIP",2621,2484,2588,3000,2851,3176,3209,3010,2799,2762,3194,2928
"RPUSD2",375,289,291,350,334,292,444,368,420,437,457,342
"HIF1AN",943,931,1064,883,827,943,1004,954,865,893,897,818
"NDUFB8",967,767,867,964,959,953,991,1440,1013,1018,1300,1027
"ZFYVE19",741,706,670,523,588,624,782,1097,840,913,775,727
"PPP1R14D",0,0,0,0,0,0,0,0,0,0,0,0
"SPINT1",26,24,29,33,29,43,34,40,32,37,41,41
"FBN1",6207,6032,7428,5852,6335,8506,9371,7032,5395,5440,4622,6195
"AVPR1A",0,0,1,1,0,0,0,0,0,0,0,0
"C16orf78",0,0,0,0,0,0,0,0,0,0,0,0
"DEPDC4",11,5,9,6,2,3,12,8,12,2,11,9
"LRTM2",0,0,0,0,0,0,1,0,2,0,0,0
"OPN1MW2",0,0,0,0,0,0,0,0,0,0,0,0
"BRD7",1759,1635,1874,1840,1805,1898,2303,2079,1938,2025,2054,1921
"CKB",14,14,9,28,13,12,20,19,23,20,24,22
"TRMT61A",559,481,504,705,533,529,710,695,656,635,818,557
"BTRC",625,578,703,664,605,653,909,747,656,765,694,730
"POLL",534,503,551,473,467,463,577,637,510,524,498,515
"BAG5",1118,1109,1084,1216,1171,1139,1413,1104,1087,1090,1132,1159
"DPCD",381,252,270,351,309,312,405,497,420,403,463,339
"LARP6",363,331,337,520,572,609,418,453,376,385,421,399
"API5",3458,3162,3660,3930,3644,4084,4385,3580,3399,3639,3619,4133
"ASPG",0,0,0,0,0,0,0,0,0,0,0,0
"ZNF319",350,327,317,358,308,344,388,342,319,362,382,335
"HPS6",914,767,802,818,748,815,1093,1034,1134,950,1068,870
"SENP8",50,64,57,47,47,55,76,59,50,63,65,52
"NOLC1",3321,2942,2781,3905,3320,3229,4468,3020,3234,3707,3744,3265
"ALKBH3",652,561,630,700,601,669,770,794,651,677,765,736
"COPS2",2702,2605,2440,3329,2920,2982,3277,2706,2722,3153,3417,3021
"GABRB3",27,15,37,21,18,24,28,11,16,31,26,17
"SPIC",0,0,0,0,0,0,0,0,0,0,0,0
"TBATA",0,0,0,0,0,0,0,0,0,0,0,0
"SGPL1",735,640,763,681,610,725,691,580,604,581,574,584
"FRS2",402,430,404,433,400,378,596,384,416,504,519,500
"CCT2",6940,5750,6052,7661,7213,7612,8804,7763,7910,8176,8860,7769
"PCBD1",773,725,788,746,685,1042,907,973,783,827,948,997
"ARIH1",1899,1725,1889,2100,1899,2183,2340,1777,1953,1928,1966,1950
"DNAAF8",4,9,8,6,11,14,10,19,7,10,12,12
"CLMP",78,74,58,97,74,72,81,61,69,62,62,70
"SCN3B",38,40,47,46,34,42,53,54,52,33,44,49
"COX11",659,607,690,727,651,808,847,817,747,744,849,794
"ZNF202",509,480,470,560,485,462,665,513,530,544,559,529
"FAM227B",12,19,22,20,16,23,38,20,15,28,40,39
"STXBP4",197,208,217,201,189,211,221,172,175,165,177,200
"CYYR1",435,400,557,313,392,465,632,581,526,525,497,602
"CUL5",1311,1420,1464,1606,1553,1717,1680,1358,1337,1331,1310,1544
"MYRFL",9,10,10,17,15,10,15,19,6,15,11,19
"WBP1L",2174,2000,2158,2317,2205,2711,2569,2361,2196,2348,2436,2270
"BORCS7",455,386,479,522,474,579,608,793,567,582,608,656
"C2",1,2,3,5,4,0,3,1,2,1,1,1
"PLEKHF1",311,284,283,471,394,407,378,297,317,285,394,296
"TMEM100",1,2,1,6,3,4,4,3,0,0,1,0
"ANAPC16",980,873,1048,998,1007,1208,1100,1368,1093,1122,1250,1137
"SMPD1",2672,2285,2446,2871,2743,2884,2854,2470,2225,2487,2549,2171
"APBB1",1227,1092,1253,1147,1184,1282,1491,1397,1367,1323,1326,1143
"SYNPO2L",0,2,1,0,4,2,0,1,2,1,0,1
"NUDT13",30,23,26,22,18,36,17,38,22,28,23,29
"C11orf65",5,9,3,5,1,4,4,0,2,4,3,4
"TRIM44",3586,3357,3819,3565,3463,3642,4895,3800,3593,3790,3905,4051
"CCDC182",0,0,0,0,0,0,0,0,1,0,0,0
"ILK",5506,4872,5100,5433,5249,5654,6621,6796,5983,6268,6450,5850
"TAF10",754,659,732,792,709,837,888,1028,951,845,909,845
"TPP1",5618,5655,5450,5626,5265,5124,5378,4264,3677,4493,4187,4120
"DCHS1",2461,2139,2340,2526,2261,2751,2873,1927,1907,1883,1514,2016
"NETO1",0,0,0,0,0,0,1,0,0,0,0,0
"MSS51",20,30,21,27,26,20,18,27,18,13,18,15
"CYB5A",253,243,245,288,268,311,391,393,373,342,428,345
"USP54",227,215,290,205,182,240,313,210,227,234,233,289
"RAG1",39,47,47,39,36,44,26,22,19,26,21,24
"POTED",0,0,0,0,0,0,0,0,0,0,0,0
"IFTAP",278,271,267,315,265,337,400,454,393,351,429,364
"WDR88",2,0,2,1,0,1,1,0,0,0,2,0
"OR10A5",0,0,0,0,0,0,0,0,0,0,1,0
"OR2D2",1,0,0,1,0,1,0,0,0,0,0,0
"ATP9B",580,537,539,585,538,552,623,482,507,543,514,521
"PPFIBP2",279,275,427,159,186,206,133,215,143,141,140,196
"MOGAT2",0,0,0,0,0,0,0,0,0,0,0,0
"CYB5R2",57,65,66,81,49,51,69,50,47,53,68,46
"SERPINB7",0,0,0,0,0,0,0,0,0,0,0,0
"GARRE1",1307,1239,1398,1225,1125,1355,1716,1358,1128,1298,1161,1311
"SERPINB8",1008,940,939,1410,1270,1506,1327,990,1077,1115,1231,1134
"TUB",35,35,38,37,41,30,35,29,36,26,19,32
"RIC3",0,0,0,0,0,1,1,0,0,0,0,0
"LMO1",0,2,1,0,0,0,0,0,0,0,1,1
"IDH3A",957,911,873,1108,1008,1042,1105,805,926,927,934,867
"WDR72",2,0,9,2,3,2,3,6,7,6,2,5
"CRABP1",0,0,0,0,0,0,0,0,0,1,0,0
"PLD4",0,0,0,0,0,0,0,0,0,0,0,0
"ZMAT1",55,64,94,48,51,44,69,75,39,62,26,50
"XRRA1",190,241,207,322,315,358,253,174,160,206,221,188
"TRIM66",382,348,395,280,250,300,397,360,255,330,278,298
"RNF169",1382,1270,1342,934,824,887,1739,1106,1162,1228,1193,1138
"RPL27A",13114,11026,11788,13089,12583,15440,14695,20226,15556,14956,18242,16218
"DENND2B",274,234,269,292,354,350,301,243,230,248,240,224
"CDYL2",1577,1494,1675,1651,1529,1729,2223,1458,1618,1569,1499,1684
"TMEM130",0,1,0,1,1,0,0,0,0,0,0,0
"PRTG",169,170,182,118,128,167,224,218,179,167,173,214
"CENPN",1958,1791,1791,1875,1864,1917,2510,2107,2111,2171,2278,2130
"AKIP1",649,590,647,744,704,806,948,859,807,856,903,797
"ATMIN",1432,1373,1526,1549,1433,1537,1916,1539,1471,1598,1657,1582
"C16orf46",3,1,1,1,0,5,2,1,3,1,1,0
"TMEM41B",709,679,642,1027,1081,1376,924,860,726,777,902,824
"PKD1L2",0,1,0,0,1,0,1,2,0,0,0,1
"LEO1",859,769,764,902,892,825,1086,970,926,1003,1056,873
"ZNF143",585,524,574,630,619,635,674,524,498,629,671,593
"TMX3",1715,1732,1955,2114,2061,2242,2414,2012,1938,2068,1998,2257
"MFAP4",0,0,0,0,0,0,0,0,0,0,0,0
"WEE1",1203,1178,1217,1146,1113,1139,1768,1519,1536,1659,1487,1590
"MAPK7",912,814,878,954,909,991,1052,984,894,910,861,835
"PRKCB",0,1,2,3,2,0,2,1,0,1,1,1
"HDGFL3",2174,2099,2511,3081,2940,3630,2974,2740,2650,2588,2958,3197
"NDST2",70,71,70,53,68,73,82,94,82,66,73,85
"MCM7",4400,3806,4067,4280,3916,3976,6244,5800,5730,5701,5956,5120
"CLEC3A",0,0,1,0,0,0,0,0,0,0,0,0
"CCDC68",76,90,72,136,114,105,117,78,61,92,68,83
"CLEC4E",0,1,0,0,0,1,0,0,0,0,0,0
"ZNF3",904,878,836,857,785,768,977,861,782,848,911,755
"CLEC4D",0,0,0,0,0,0,0,0,0,0,0,0
"ZSCAN21",183,152,141,174,181,145,208,191,169,185,179,165
"RIMKLB",1551,1430,1661,1205,1239,1237,1967,1690,1566,1494,1466,1384
"A2ML1",0,0,0,0,0,0,0,0,0,0,0,0
"BEAN1",0,1,0,3,0,0,0,0,1,0,1,2
"TK2",466,409,533,397,424,521,644,640,558,540,548,538
"TMED3",3299,2728,3140,3627,3207,3585,4024,4240,3687,3889,4464,3626
"SLC38A8",1,0,0,1,1,0,0,1,0,2,1,1
"SEC11C",751,582,639,1031,957,981,802,881,706,791,972,722
"CPLX4",3,0,1,0,0,0,1,0,0,0,0,0
"GALR1",0,0,0,0,0,0,0,0,1,0,0,0
"TMEM135",491,517,628,463,447,539,569,538,499,513,509,515
"IQCD",8,4,5,9,11,11,13,15,16,12,10,7
"NDEL1",1586,1360,1541,2093,2087,2304,1989,1620,1466,1602,1663,1511
"CENPV",429,355,377,450,408,490,461,580,455,433,471,439
"CDH16",5,5,0,3,5,2,2,0,1,2,0,1
"RRAD",553,480,262,612,490,235,355,124,318,415,521,154
"CIAO2B",854,745,691,929,862,880,985,1123,939,917,1098,865
"CFAP52",0,0,0,0,0,0,0,1,0,0,1,1
"HSP90B1",45474,40676,44089,80660,88765,100447,56586,52889,46959,49185,50467,46186
"MC4R",0,0,0,0,0,0,0,0,0,0,0,0
"BLCAP",2532,2246,2743,2103,2091,2402,3169,3234,2758,2905,2886,2672
"SERPINB12",0,0,0,0,0,0,0,0,0,0,0,0
"CHRFAM7A",3,1,3,7,5,7,5,5,1,7,7,3
"ATF7IP2",96,91,71,222,200,265,121,99,84,119,105,93
"MMP10",208,158,129,289,304,231,264,207,238,217,259,193
"TVP23A",1,1,0,0,0,1,0,0,1,0,0,0
"BEX3",2410,2001,2252,2294,2254,2611,2944,3882,3117,2899,3171,2642
"TMPRSS5",18,13,10,20,15,9,20,19,15,23,15,9
"COG1",933,869,915,893,896,884,966,767,711,800,840,730
"PLEKHA7",45,46,37,59,34,28,44,27,34,44,33,24
"ZNF606",191,199,187,198,173,151,214,205,194,197,188,173
"ZCCHC18",62,40,51,40,50,58,81,83,57,53,59,69
"B2M",40663,35309,31591,39048,36451,30619,46018,33355,35729,40147,49343,30149
"ZNF592",1239,1171,1230,1185,1040,1183,1419,1058,999,1066,1022,981
"GOLM2",939,975,1112,1093,1150,1315,1327,964,957,1136,1102,1169
"HTR3A",0,0,0,0,0,0,0,0,0,0,0,0
"NNMT",4121,3177,3991,4851,5414,6544,6999,8778,7161,6053,7284,6052
"ACSM1",0,0,1,3,0,0,2,0,0,1,0,0
"AP1G1",2176,2176,2425,2475,2327,2648,2473,1892,1818,2075,1783,2164
"SLFN5",1815,1709,1698,1671,1426,1301,1524,868,911,1161,1133,1066
"CATSPER2",18,15,13,10,20,23,30,26,18,15,20,12
"BMERB1",146,166,162,197,162,186,280,226,171,218,203,218
"MARF1",1160,1096,1210,1026,978,1049,1418,970,917,1065,973,1044
"SAAL1",517,471,461,494,475,488,670,653,615,650,676,611
"YPEL4",3,3,1,4,1,1,1,2,2,5,0,1
"PPIB",14730,11769,13080,17829,17242,18510,18085,18606,15962,16658,19946,14934
"LDHC",3,0,2,1,2,0,0,0,0,0,0,1
"CIAO2A",906,820,936,937,895,1020,1145,1422,1212,1199,1312,1142
"LDHAL6A",0,0,0,0,0,0,0,0,0,0,0,0
"FAM111A",1922,1995,2128,1522,1520,1477,2454,1918,1719,2056,1903,1800
"PCLAF",261,254,270,284,239,339,385,446,433,418,432,456
"KIF7",586,543,560,576,541,549,700,622,530,563,529,485
"LDHD",3,2,3,4,5,6,3,6,3,1,1,1
"PLIN1",5,4,2,1,1,1,1,3,1,4,3,2
"PEX11A",82,81,103,82,79,77,98,127,99,99,106,104
"TMEM170A",388,345,315,540,554,666,488,379,385,451,418,392
"MESP1",12,5,9,10,8,10,16,17,12,15,10,10
"ANPEP",16119,15174,17321,15445,15590,18772,19146,17103,14240,15260,15686,16164
"SCNN1G",0,0,0,2,0,2,0,2,0,1,1,0
"RBPMS2",6,6,8,8,4,17,8,17,8,11,13,16
"NAV2",3143,3030,3064,3365,3109,3078,3800,2254,2291,2439,2212,2447
"ANKDD1A",35,39,36,25,27,20,47,53,44,42,46,38
"GLYATL1",0,0,0,0,1,0,0,0,2,1,0,0
"C18orf54",342,388,370,289,302,340,508,371,389,410,391,504
"DCTN5",2164,2156,2468,2440,2346,2669,2629,2239,2199,2270,2206,2388
"TERF2IP",1916,1563,1609,2430,2182,2285,2122,1851,1882,1980,2155,1650
"PLK1",2621,2511,3081,2792,2640,3392,3856,3948,3546,3647,3502,3575
"CLPX",1343,1212,1267,1338,1296,1275,1642,1391,1484,1503,1504,1341
"GPR182",0,0,0,1,0,1,0,0,0,0,0,0
"ZBTB39",443,385,434,446,445,450,424,301,322,314,289,321
"CACNG2",1,0,0,0,0,0,0,0,0,0,0,0
"TAC3",1,1,1,6,1,0,1,0,0,3,1,2
"MYO1A",4,3,1,4,4,1,4,1,2,3,7,2
"CHP2",0,0,0,0,0,0,0,0,0,0,0,0
"NEMP1",779,812,827,891,760,729,984,702,770,795,780,745
"OR4D6",0,0,0,0,0,0,0,0,0,0,0,0
"NAB2",584,586,429,1035,874,838,633,469,523,569,636,466
"VPS39",2221,2044,2202,2127,2033,2209,2434,1968,1822,2011,2029,1837
"STAT6",5183,5047,5264,4731,4494,4704,5287,4561,4020,4511,4183,3883
"PATL1",4065,3817,3792,3952,3842,3723,4179,2483,2659,3542,3592,2877
"ATP23",64,59,66,52,68,70,84,78,61,47,91,67
"ELFN2",55,62,57,53,58,31,66,48,45,54,53,38
"STX3",3232,3350,3195,3593,3169,3203,4197,3372,3566,3953,3835,3596
"MRPL16",1089,887,915,974,919,1066,1396,1431,1225,1275,1490,1182
"PIP4K2C",300,276,267,290,249,258,328,214,234,284,265,240
"MTMR10",3951,4480,5505,5656,6097,7582,5532,5341,4211,4880,4572,5425
"YWHAB",7885,7158,7964,8083,7762,8735,10042,10485,8828,9177,10145,9127
"C15orf48",2,6,0,3,5,3,4,0,4,3,8,3
"SCG5",16,15,15,6,18,18,32,24,29,30,24,23
"GREM1",31,39,14,39,21,9,13,7,20,26,25,11
"NYAP1",81,119,130,45,55,68,136,165,123,121,118,140
"TSC22D4",2843,2780,2916,2286,2151,2134,3776,4186,3433,3819,3860,3395
"MS4A6E",0,0,0,0,4,0,0,1,1,0,0,0
"MS4A7",0,0,0,0,0,0,0,0,0,0,0,0
"MS4A14",0,0,0,0,0,0,0,0,0,0,0,0
"MS4A5",0,0,0,0,0,0,0,0,0,0,0,0
"DIS3L",653,612,641,599,477,592,802,594,601,739,657,644
"CCNDBP1",490,470,533,444,487,621,575,671,551,586,579,594
"EPB42",0,0,0,0,0,0,0,0,0,0,0,0
"TGM6",0,0,0,0,0,0,0,0,0,0,0,0
"SMAD3",3987,3596,3880,4629,4681,5039,5574,4501,4441,4534,4398,4529
"MS4A8",1,0,0,0,0,0,0,0,0,0,0,0
"CCDC178",26,25,36,18,15,25,23,29,14,17,14,26
"MS4A15",0,0,0,0,0,0,0,3,0,0,1,0
"MAP1A",578,480,667,589,512,537,606,312,325,340,347,328
"RCCD1",305,286,309,284,287,301,459,457,387,379,377,352
"AKTIP",377,370,457,433,443,560,572,583,518,505,588,469
"MAPRE2",6527,6682,7936,8206,8308,10271,10609,9306,8187,8821,9067,9699
"EVA1C",644,464,456,583,496,571,754,614,696,613,749,605
"MARS1",3454,3089,3216,3613,3669,3804,4640,4170,4001,4166,3978,3580
"MBD6",3389,3593,3572,2370,3002,2523,3087,3886,2225,2833,1643,2239
"CNPY4",530,491,612,578,549,614,803,929,838,801,852,792
"PDIA3",18365,16290,18570,23322,23328,26272,22784,21269,19446,20404,22302,19871
"NUDT21",893,789,902,1028,1010,1037,1210,1053,996,1099,1155,1135
"NAT16",0,0,0,0,0,0,0,0,0,0,0,0
"TERB2",0,0,0,0,0,0,0,0,0,0,0,0
"NKX3-1",53,47,30,60,58,52,53,26,26,33,46,32
"SGSM1",2,7,0,1,4,4,2,4,4,3,3,1
"DUSP18",320,340,405,322,318,361,394,358,340,313,320,334
"TEF",265,281,290,297,253,277,237,243,227,247,275,208
"MEI1",24,24,13,46,58,48,22,17,8,8,22,13
"B4GALNT2",1,0,0,0,2,1,0,1,0,1,0,1
"PBX3",650,641,679,661,619,673,925,838,731,797,840,881
"GNGT2",90,60,68,67,75,77,93,99,84,73,87,96
"PHB1",4859,4070,4352,4909,4571,4939,6112,6259,5500,5572,6706,5380
"SNRPD1",1228,1127,1205,1397,1345,1287,1892,2284,1789,1822,2224,1728
"TTC16",0,0,1,1,1,0,2,0,0,0,0,1
"SUN5",0,0,0,0,0,0,0,0,0,0,0,0
"SAMD14",221,192,201,224,260,223,214,222,188,180,182,190
"PIP5KL1",33,41,28,28,29,44,36,57,32,46,50,44
"BPIFB6",0,1,0,0,0,0,0,0,0,0,0,0
"TMEM92",5,0,1,0,2,0,0,0,0,1,1,1
"EEIG1",419,402,483,842,1055,1449,466,481,436,491,455,440
"ACSF2",297,283,321,171,195,209,331,363,316,277,287,272
"GOLGA2",2539,2570,2563,3136,3159,3611,3179,2949,2368,2590,2495,2488
"TRUB2",956,809,868,957,892,1017,1376,1308,1128,1283,1348,1163
"COQ4",740,751,765,678,809,784,898,969,852,861,889,750
"SLC27A4",1052,894,943,1105,1082,1082,1434,1252,1204,1200,1227,1188
"ANKRD40CL",0,0,0,0,0,0,0,0,0,0,0,0
"URM1",1419,1210,1590,1434,1446,1668,1796,2161,1739,1764,1884,1660
"CERCAM",1102,957,1128,1043,1103,1278,1235,1182,1074,1057,1153,1109
"DOLPP1",503,441,469,562,492,588,590,493,551,565,631,480
"ENDOG",395,287,341,375,318,394,456,581,473,428,466,430
"TBC1D21",0,0,0,0,0,0,0,0,0,0,0,0
"PRRX2",2,1,4,4,0,0,2,3,1,0,3,1
"C15orf39",1344,1273,1254,1631,1472,1535,1608,1071,1142,1244,1234,1085
"ISLR2",0,1,0,0,0,0,0,1,0,0,0,0
"SP2",482,530,559,620,540,686,604,467,403,527,503,480
"PRR15L",0,0,0,0,0,0,0,0,0,0,0,0
"COQ7",271,280,336,311,326,377,381,394,335,359,358,340
"GPRC5B",540,720,941,788,862,1037,1153,1250,1082,1044,1064,1219
"CRK",3224,3001,3257,3415,3265,3577,4834,4168,4124,4346,4426,4360
"C16orf92",0,0,0,0,0,0,0,0,0,0,0,0
"GOLGA6C",0,1,0,0,0,0,0,0,0,0,0,0
"FBXO22",1148,1073,1193,1097,1120,1158,1443,1519,1268,1286,1262,1319
"TBC1D2B",1516,1515,1804,1431,1298,1561,1982,1607,1533,1582,1456,1596
"NOD2",6,6,4,7,1,1,5,4,5,5,3,1
"SNX20",0,0,1,0,0,0,0,0,0,0,1,0
"LOXHD1",0,1,0,0,0,0,0,0,0,0,0,0
"KATNAL2",17,14,22,13,15,17,16,16,20,28,21,23
"HDHD2",72,82,62,63,98,66,108,117,94,100,116,93
"ZNF91",202,204,240,232,220,182,217,202,185,180,195,181
"IGF2",6,12,1,4,5,6,3,8,6,7,1,3
"RNF214",534,555,576,546,489,600,746,628,579,599,576,563
"CDK12",1590,1541,1621,1724,1555,1629,1761,1126,1022,1233,1188,1286
"DPEP2",1,3,1,6,1,2,4,3,3,10,4,3
"DUS2",397,385,393,418,366,335,562,473,482,486,474,369
"POP5",248,174,180,244,207,230,303,332,263,268,291,260
"ENGASE",482,423,474,391,467,465,512,605,454,484,374,399
"RBFOX3",1,0,0,1,0,0,0,0,0,0,1,2
"ATP5MG",1939,1587,1615,1881,1866,2111,2294,3385,2705,2302,2552,2210
"CD3D",0,0,0,0,0,0,0,0,0,0,0,0
"TBC1D16",2279,1932,2309,2335,2234,2621,2827,2156,2100,2021,2014,2191
"TEPSIN",1037,936,926,868,775,680,987,1017,920,954,885,757
"MYO5B",46,46,54,51,34,37,31,32,53,42,37,24
"ART5",0,0,0,0,0,0,0,0,1,0,0,1
"ACAA2",927,848,990,964,866,1000,1103,1308,1153,1121,1151,1191
"STIM1",2388,2298,2642,2438,2397,2591,2738,2170,2106,2279,2206,2167
"RRM1",3421,3104,3183,3462,3150,3416,4522,4037,3832,4045,3980,4062
"OR51E2",1,2,2,1,2,1,2,3,1,1,0,1
"TRIM68",636,652,770,608,585,669,808,686,680,732,680,675
"MMP26",0,0,0,0,0,0,0,0,0,0,0,0
"OR51B5",0,1,0,1,2,2,0,0,0,0,2,3
"OR51I1",0,0,0,0,0,0,0,0,0,0,0,0
"OR51Q1",0,0,0,0,0,0,0,0,0,0,0,0
"FN3K",292,241,310,355,360,390,319,318,265,274,261,271
"PRRT2",18,13,14,13,13,14,37,47,24,23,14,23
"ZNF23",26,39,32,27,33,12,35,21,23,20,31,21
"IRGQ",423,375,389,416,423,417,507,488,373,407,395,287
"ZNF226",337,313,296,322,307,305,320,395,269,306,324,295
"ZNF180",198,167,186,195,204,173,244,251,229,229,228,257
"PPP2R3B",543,463,509,453,523,525,761,870,687,699,696,645
"ZNF668",374,332,369,403,382,396,493,474,423,423,477,434
"ZNF646",1074,902,895,1161,991,824,1086,672,835,918,890,823
"VKORC1",390,315,398,432,426,425,502,561,498,506,617,424
"GNG8",0,0,0,0,0,0,0,0,0,0,1,0
"LPO",0,0,0,0,0,0,0,1,0,0,0,0
"CA4",0,1,2,0,0,1,0,1,0,5,0,0
"SMG8",732,680,664,798,740,685,885,586,708,732,729,654
"TPM4",26491,24978,26133,29669,27493,30086,33206,27644,27758,29727,31325,29949
"RAB8A",2413,2139,2237,2486,2170,2308,2861,2316,2288,2584,2851,2400
"GPX4",5818,5017,5800,5530,5484,6585,6597,8753,6919,6329,7201,6692
"MIDN",2609,2294,2060,2526,2392,2329,2962,2333,2530,2588,2578,2070
"JSRP1",22,21,44,48,32,24,33,39,21,33,34,37
"NIBAN3",11,2,5,4,6,4,7,17,12,12,9,4
"KLHL26",295,229,234,258,215,219,245,189,186,223,240,164
"GATAD2A",2990,2710,2630,3306,3003,3134,3426,2518,2744,3035,3032,2552
"MVD",2523,2355,2859,2369,2519,2829,2756,4179,2705,2844,2774,2657
"CDT1",867,761,669,913,778,748,1053,883,982,997,1065,904
"TRAPPC2L",1127,997,997,1084,1032,1062,1131,1403,1073,1136,1325,1092
"ANKRD11",4146,4131,4546,4972,4829,5893,4684,3679,3496,3543,3212,4002
"SPATA33",175,162,172,160,120,135,172,218,187,184,212,162
"RSKR",73,89,102,79,75,63,98,102,76,94,72,60
"PROCA1",28,25,29,15,16,15,25,31,29,21,12,13
"RPL13",13811,11547,12469,13834,13349,15368,17080,23971,19251,17203,20560,17384
"ZNF641",167,175,245,161,161,212,164,197,130,166,124,159
"LALBA",0,0,0,0,0,0,0,0,0,0,0,0
"CACNB3",810,770,866,627,615,712,958,966,778,814,767,880
"DHRS13",125,114,118,141,102,148,169,181,153,130,166,124
"TP53I13",472,447,468,505,511,564,616,828,569,570,622,509
"KMT2D",4094,3690,4105,3995,3608,4048,4892,2545,2589,2546,1983,2812
"CORO6",144,135,187,232,312,352,179,205,149,150,144,181
"RHEBL1",100,65,62,90,58,70,94,68,83,73,99,53
"TUBA1A",9716,8676,10611,8286,8337,10555,13170,17213,13094,11840,13276,13568
"TUBA1C",11622,9510,10160,11682,10107,11032,16143,14981,14144,14947,16331,13539
"ZNF610",87,92,74,83,90,62,84,53,48,68,75,64
"ZNF528",165,169,183,127,161,155,179,168,146,163,123,141
"ZNF701",185,192,190,230,178,169,177,172,137,169,172,169
"SERTAD3",605,529,530,664,669,790,642,632,570,624,656,573
"NCKAP5L",1526,1518,1591,1558,1506,1658,1556,1537,1265,1340,1197,1271
"RAB4B",43,31,33,20,21,18,34,45,27,24,39,29
"AQP2",0,0,0,0,0,0,0,0,0,0,0,0
"GPD1",8,8,4,1,2,3,4,3,3,5,1,8
"PROSER3",255,255,283,207,231,240,293,299,195,239,197,192
"CYP2S1",55,34,52,48,39,43,54,42,33,47,37,30
"AXL",10892,10145,9593,10546,9235,8737,13660,9277,10948,11597,11899,9471
"NFKBID",64,60,63,64,74,61,74,71,71,45,64,42
"TMC4",8,9,10,5,10,5,7,9,11,8,6,7
"ANKRD33",13,18,14,16,8,8,12,12,16,7,9,3
"LAIR1",1,0,2,0,1,0,0,0,0,0,0,0
"TTYH1",0,0,0,0,0,0,0,0,0,0,0,0
"LENG8",3793,3904,3869,2681,3059,2527,3721,4280,2760,3247,1845,2272
"CDC42EP5",711,636,830,766,837,1183,996,1494,1072,924,1103,1012
"LAIR2",0,0,0,0,0,0,0,0,0,0,0,0
"TMEM145",7,8,1,4,6,5,4,7,6,7,4,3
"ZNF526",604,546,546,805,699,712,727,525,565,596,558,520
"TRAPPC9",272,271,300,271,273,299,347,306,250,297,256,230
"KIR3DL1",0,0,0,0,0,0,0,0,0,0,0,0
"NLRP7",0,0,0,0,0,0,0,1,0,0,0,0
"ZNF146",2338,2154,2420,2741,2695,2750,3188,2705,2628,2723,2760,2799
"ZNF283",112,92,111,108,116,110,118,108,129,129,125,118
"PPP1R14A",6,1,3,2,1,2,4,3,2,1,4,4
"SPINT2",38,46,39,29,31,54,48,64,41,69,47,42
"C19orf33",11,11,10,10,7,7,11,30,16,15,21,8
"YIF1B",1241,1207,1230,1489,1410,1544,1547,1553,1333,1433,1687,1295
"DNAAF3",20,13,17,13,19,23,21,25,22,26,20,24
"PSCA",49,58,34,31,25,18,48,38,52,47,58,26
"ATCAY",0,0,0,2,0,0,0,0,0,0,2,0
"LY6D",0,0,0,0,1,0,0,0,0,0,0,0
"DAPK3",3682,3053,3352,3337,3260,3469,4193,4976,3687,3816,4307,3549
"EEF2",54589,51923,57655,61687,57211,69260,66733,65855,59052,63815,66303,68485
"TMIGD2",0,0,0,0,0,0,0,0,0,0,0,0
"CHAF1A",1085,924,860,1055,900,935,1429,1204,1213,1295,1363,1075
"UBXN6",1798,1615,1969,1889,1795,2237,2206,2729,2243,2199,2282,2224
"HDGFL2",2084,1923,2151,1780,1741,2065,2896,3222,2583,2562,2817,2442
"PLIN4",1,1,5,4,5,0,2,0,1,2,1,2
"SEMA6B",13588,11280,12568,12175,11408,12707,15042,13375,13703,12646,13353,12062
"ZNF444",826,666,769,706,715,753,1039,1099,945,944,939,810
"NXN",1432,1391,1742,1328,1312,1691,1920,1946,1732,1766,1768,1673
"TLCD3A",928,729,785,1020,925,1007,1101,929,935,970,1011,863
"GLOD4",1667,1441,1647,1595,1569,1669,2193,2050,2059,2029,2291,1942
"MFSD3",51,53,59,49,56,53,93,101,89,91,83,62
"GPT",26,20,24,17,13,17,23,20,22,13,13,18
"KIFC2",554,541,620,425,465,406,561,674,515,522,351,380
"SLC43A2",3964,3354,3672,3713,3487,3618,3812,3391,3227,3344,3655,3054
"RILP",263,205,240,273,286,271,264,281,210,231,266,192
"SERPINF2",6,7,7,7,5,3,2,4,4,4,7,2
"WDR81",1030,980,948,1051,949,777,1058,860,853,987,865,757
"SRR",329,280,311,342,282,332,421,429,339,408,387,402
"TSR1",3124,2788,2697,3382,2984,2817,3736,2850,2876,3180,2930,2728
"TRPV3",5,19,17,13,10,6,7,5,3,4,7,2
"HSD11B1L",36,34,42,29,29,28,45,66,38,40,37,55
"CYB5D2",319,272,331,303,294,365,459,505,430,412,439,400
"GGT6",0,0,0,0,1,0,0,0,0,0,0,1
"KLK1",1,2,0,0,0,0,1,2,1,1,1,1
"KLK4",0,0,0,0,0,0,0,0,0,0,0,0
"KLK2",0,0,0,0,2,0,0,1,0,0,0,0
"KLK5",0,0,0,0,0,0,0,0,0,0,0,0
"KLK6",4,2,0,10,3,2,4,5,3,5,4,4
"KLK11",0,0,1,0,0,0,0,0,0,0,0,0
"KLK13",2,0,3,2,1,0,0,0,0,0,0,0
"ZNF83",410,455,491,347,368,384,545,494,420,460,359,429
"KRT80",664,652,695,600,561,636,1037,957,945,892,895,1008
"KRT1",0,0,0,0,0,0,0,0,0,0,0,0
"ACER1",0,0,1,0,0,0,0,1,1,0,0,0
"OTUB1",2957,2606,2853,3129,2924,3200,3281,3603,2971,3090,3547,3085
"RCOR2",7,13,16,9,4,11,11,16,15,10,14,11
"ANGPTL4",1181,756,549,1310,994,853,1075,684,801,829,1044,609
"CD320",2888,2373,2580,2841,2750,3016,3675,3971,3822,3389,3858,2968
"SPRYD3",1511,1349,1384,1917,1863,1890,1602,1333,1366,1380,1381,1060
"IGFBP6",468,371,483,447,400,417,646,497,484,504,616,417
"SOAT2",1,0,0,0,0,0,3,1,0,1,0,1
"ZNF558",30,39,21,25,24,21,26,17,12,30,20,20
"CABP2",0,0,0,0,0,0,0,0,0,0,0,0
"NDUFV1",3411,2956,3084,3067,3083,3360,3728,4770,3850,3567,3699,3230
"CDK2AP2",1359,1208,1350,2416,2688,3700,1759,2168,1698,1731,1914,1773
"NUDT8",87,88,118,80,85,104,117,205,155,136,141,140
"TBX10",0,0,0,0,0,0,0,0,0,0,0,0
"PRDX2",2828,2359,2811,2905,2846,3341,3354,3869,3380,3315,3470,3194
"OR8J3",0,0,0,0,0,0,0,0,0,0,0,0
"OR5I1",0,0,0,0,0,0,0,0,0,0,0,0
"ZNF232",128,132,122,131,148,134,170,161,141,201,179,180
"MIS12",815,757,701,1461,1468,1612,1045,827,840,946,963,837
"CD300C",3,0,3,2,0,0,0,0,0,0,0,0
"CD300A",6,9,3,8,7,2,0,2,7,2,10,0
"TEKT1",1,0,0,0,0,0,0,0,0,0,0,0
"HID1",605,637,806,602,679,870,811,1031,676,724,648,710
"MRPL58",552,448,435,581,494,429,594,524,470,556,723,562
"ATP5PD",2292,1877,1705,2022,1877,2329,2696,3473,2538,2337,2894,2352
"TMEM88",432,370,498,417,357,415,382,387,350,355,389,333
"EVPL",9,2,4,4,1,0,3,5,1,3,4,0
"SRP68",3759,3233,3394,4302,4086,4194,4069,3360,3311,3735,3849,3335
"MGAT5B",122,95,104,97,112,115,184,136,159,141,144,143
"TMC8",9,5,2,7,2,1,6,4,1,3,2,4
"TK1",2543,2276,2573,2674,2418,2718,3736,3653,3701,3641,3685,3230
"TMEM68",211,225,253,269,269,257,322,290,299,272,280,304
"CYP7A1",1,1,0,3,4,0,1,2,0,2,2,2
"GSDMA",0,0,0,0,0,0,1,0,0,0,0,0
"KRT24",0,0,0,0,0,0,0,0,0,0,0,0
"GHDC",182,125,131,146,167,140,189,169,153,168,166,146
"FAM234A",2176,1980,2257,2254,2204,2632,2824,2591,2502,2429,2627,2310
"SOST",0,0,0,0,0,0,0,1,0,0,0,0
"ZNF598",1951,1822,1779,2222,2014,2090,2428,2016,1870,1989,2039,1864
"RAB26",8,4,13,2,5,6,12,18,6,13,10,6
"MLST8",684,601,711,766,673,849,835,953,858,787,927,794
"E4F1",1185,1145,1103,1151,1107,1161,1337,1340,1248,1259,1230,1136
"DNASE1L2",12,15,18,11,9,13,17,20,13,14,16,6
"ECI1",1032,918,895,1028,979,1027,1218,1469,1222,1136,1296,1118
"CASKIN1",3,3,7,3,3,4,5,16,4,9,4,13
"ABCA3",3762,3643,4257,3919,3584,4320,4429,3769,3802,3696,3494,3824
"KCTD5",1651,1342,1299,2079,1894,1841,1765,1443,1653,1600,1835,1405
"SRRM2",10195,9913,9743,8869,8410,8907,11058,8122,6331,7220,5702,6837
"ZNF597",177,165,127,204,173,147,160,106,126,138,151,115
"NLRC3",119,94,99,58,58,59,116,86,80,76,64,71
"SDHAF2",673,530,639,680,641,704,767,918,718,730,839,693
"DDB1",10774,9717,10660,10432,10116,11306,13040,11662,10197,10853,10352,10141
"VPS37C",1290,1147,1299,1512,1568,1760,1640,1569,1388,1488,1552,1399
"VWCE",727,720,791,429,513,606,666,915,677,684,560,578
"RAB3IL1",172,135,145,162,127,127,111,82,89,97,116,112
"BEST1",93,74,82,74,63,75,56,69,59,66,85,62
"FTH1",80254,60997,68328,76266,73753,80770,72058,75953,67058,68629,82959,69029
"BSCL2",278,217,294,242,209,257,299,265,218,222,283,262
"POLR2G",1333,1245,1220,1410,1346,1445,1648,2078,1723,1614,1774,1483
"SLC3A2",14741,12418,9984,16499,13893,11666,12332,8995,10485,12000,13890,7976
"PLAAT5",0,0,0,0,0,0,0,0,0,0,0,0
"SPINDOC",1839,1513,1651,1734,1491,1678,2177,2126,2076,2018,2166,1967
"ATG16L2",267,263,283,229,280,243,349,366,236,253,175,214
"C2CD3",1244,1163,1281,1416,1309,1347,1490,956,1029,1105,1117,1039
"TRANK1",1603,1595,1421,1340,1176,857,1421,616,637,907,1045,566
"TTC21A",136,134,125,123,97,110,134,135,100,114,114,70
"RPSA",13259,10748,12032,13444,13027,14773,15100,21097,17178,15154,18428,15448
"ENTPD3",2,0,1,1,3,0,0,0,0,0,0,1
"CTNNB1",8942,8372,10083,10043,10150,12383,11840,11587,9882,9999,10224,10481
"ULK4",177,153,185,172,155,183,190,167,140,172,153,140
"FADD",2251,1844,1914,2378,2259,2316,2695,2452,2357,2544,2934,2261
"LTBP3",4685,4386,4841,3911,4396,4860,5300,5617,4364,4503,4158,4365
"NAALADL1",23,17,17,14,10,14,22,29,23,23,11,19
"SAC3D1",559,525,550,488,477,563,844,992,954,771,891,739
"BATF2",1123,884,593,823,771,399,655,264,277,511,718,167
"SLC22A11",0,0,0,0,0,0,0,0,0,0,0,0
"SF1",7019,6380,6828,7391,6810,7200,8187,6366,5968,7030,6865,6191
"MAP4K2",1498,1559,1620,1295,1320,1394,1707,1761,1391,1457,1532,1335
"MAJIN",2,0,1,2,1,0,2,0,2,1,2,0
"CCDC88B",34,44,50,42,27,41,52,65,53,55,54,34
"SCARA3",3844,3902,4716,3729,4012,5133,5983,5384,4489,4870,4981,5451
"PBK",626,603,644,656,611,758,875,897,731,743,879,903
"SCARA5",0,1,0,1,0,0,1,0,0,0,0,1
"PNOC",0,1,0,1,1,1,0,0,0,0,1,0
"COPS6",4385,3643,4169,4347,4048,4540,4450,4733,4055,4154,4775,4229
"PAFAH1B2",2205,2109,2372,2337,2220,2472,2764,2312,2236,2294,2504,2358
"ANKS3",361,327,355,364,401,357,423,556,418,433,412,355
"NUDT16L1",702,543,651,707,717,715,766,867,798,735,827,702
"KIAA1586",259,267,287,283,253,244,369,269,305,323,372,358
"RAB4A",519,508,632,564,638,767,713,868,689,638,713,859
"OR1F1",3,1,2,1,1,0,4,0,1,1,0,1
"OR2B2",0,0,0,0,0,0,0,0,0,0,0,0
"KCNJ4",0,0,0,1,1,1,0,1,0,0,1,0
"SETD5",3098,2849,3377,3255,3108,3510,3827,2810,2647,2814,2615,2899
"VASN",13,14,13,23,18,27,26,17,27,17,17,21
"FAM83B",0,0,0,1,0,0,0,0,0,0,0,0
"H3-4",0,0,1,0,0,0,0,0,0,0,0,0
"THAP9",78,76,71,80,67,62,72,59,51,60,60,56
"OR2C1",0,0,0,0,0,0,0,1,0,0,0,0
"RNF187",2366,2161,2517,2371,2397,2602,3192,3452,3251,2929,3018,2614
"HOOK3",1058,1054,1171,1151,1178,1470,1531,1279,1078,1058,1043,1318
"MAPK1IP1L",1893,1677,1941,1993,1814,2175,2496,2084,1909,2095,2183,2024
"DDIT4",1146,1031,1415,1000,1254,1568,1313,1610,1203,1151,1199,1261
"RBPJ",489,477,477,454,505,556,911,763,682,733,783,813
"LMBRD1",305,372,312,354,356,438,419,406,342,403,427,399
"ZCCHC4",267,227,217,266,239,222,324,246,273,287,288,263
"PTGDR",0,0,0,0,0,0,0,0,0,0,0,0
"TTC39C",55,34,36,46,48,52,53,44,41,51,39,40
"GLYCTK",83,108,97,111,119,136,151,169,168,168,162,139
"GNG4",6,2,5,10,3,2,3,0,2,1,4,1
"UBTD2",825,755,821,737,721,843,1077,1023,890,1025,1034,1012
"NKIRAS2",2161,2051,2199,2376,2259,2558,2392,2204,2052,2257,2333,2164
"DNAJC7",2932,2702,2828,2943,2801,2835,3459,3547,3074,3187,3478,2959
"KCNV2",0,0,0,0,0,0,0,0,0,0,0,0
"IRF2BP2",1458,1329,1475,1698,1742,1926,1863,1486,1435,1628,1528,1495
"PTF1A",0,0,0,0,0,0,0,0,0,0,0,0
"NT5DC2",2332,2117,2606,2560,2636,3488,3093,4012,3293,2912,2913,3694
"FOXI1",0,1,0,1,0,0,0,0,0,0,0,1
"UQCC5",255,205,211,244,235,233,305,428,335,260,327,256
"COA6",381,311,314,387,339,398,472,514,443,473,553,415
"KIF5C",2,0,2,1,0,0,3,4,3,2,1,1
"MGAT2",4680,4362,4224,5998,5756,5691,5632,4474,4956,4938,5370,4419
"BMI1",624,640,722,760,725,799,904,847,745,857,841,835
"THAP11",746,673,746,777,735,732,1012,992,1071,962,1072,961
"MMADHC",3024,2682,2901,3459,3204,3488,3786,4019,3512,3723,4015,3581
"PDHB",1604,1386,1698,1691,1616,1869,2060,2245,1996,1928,2077,1845
"PXK",517,472,410,674,635,518,654,357,398,575,592,393
"H1-4",8,13,3,14,7,4,8,4,11,5,11,2
"PCMTD1",621,715,871,452,520,661,815,773,635,700,679,771
"KCTD6",101,74,86,84,86,81,102,85,83,103,105,102
"MPLKIP",513,446,511,499,517,597,716,820,726,706,794,740
"ACOX2",25,13,15,10,5,10,11,19,9,14,11,19
"FAM107A",644,508,593,498,400,501,890,582,546,630,709,580
"IRF2",703,678,688,905,927,1010,741,564,565,657,716,599
"MOBP",33,36,42,32,31,40,38,36,38,46,62,34
"CX3CR1",1,0,0,0,0,0,1,0,1,0,2,1
"PPDPFL",0,0,0,0,0,0,0,0,1,0,0,0
"XIRP1",0,0,0,1,0,2,0,0,0,0,0,0
"INSM2",1,0,0,4,0,0,2,0,0,0,0,1
"DEGS2",3,2,2,0,1,2,5,3,1,1,2,1
"SCN11A",4,1,1,5,3,0,4,1,0,1,2,1
"ARF4",6101,5544,5613,8239,7792,8922,7420,6695,6453,7152,7806,6925
"SEPTIN2",12172,11962,13197,13568,12869,14682,15345,13616,13288,13826,13710,14498
"FILIP1L",1757,1719,1549,2471,2116,2087,1745,1112,1100,1666,1721,1374
"MFSD2A",101,83,46,197,185,181,112,77,73,78,114,74
"DTYMK",1679,1375,1376,1642,1541,1603,2119,2663,2470,2158,2445,2042
"TAP1",5063,4260,3719,5034,5167,3821,4986,2319,2609,4074,5286,2030
"ING5",456,402,430,413,436,458,590,578,520,494,528,441
"ATG4B",1433,1332,1342,1519,1416,1485,1755,1899,1607,1761,1689,1453
"BDKRB2",0,2,0,0,1,0,2,0,0,2,0,0
"MLKL",1393,1152,1055,1436,1442,1038,1426,844,865,1141,1253,775
"RFWD3",1325,1272,1244,1510,1238,1319,1732,1157,1301,1455,1437,1458
"MTNR1A",0,0,0,0,0,0,0,0,0,0,0,0
"KCNG4",0,0,0,0,0,0,0,0,0,0,0,0
"RHOH",0,0,1,0,0,1,0,1,0,0,0,0
"KLHL30",2,1,0,0,0,0,0,0,0,1,2,0
"COG7",324,276,358,319,302,356,416,390,272,357,293,381
"CDC40",841,825,812,981,870,967,1022,780,773,921,879,818
"STIP1",10065,8724,9654,11368,10502,12238,10364,8427,7962,8946,9750,8786
"SCNN1B",1,1,0,1,0,0,2,1,0,0,1,0
"HR",2,2,4,1,2,0,3,1,0,1,1,1
"TXNDC2",1,0,0,1,3,1,3,0,0,3,0,1
"RAB31",1045,1021,1146,1251,1262,1461,1289,1120,1062,1193,1191,1120
"REEP4",965,940,1046,945,940,1111,1261,1342,1244,1177,1220,1115
"TNXB",68,66,44,51,47,35,52,32,34,49,37,27
"LGI3",1,0,1,0,1,1,0,0,0,0,0,0
"SFTPC",0,0,0,0,0,0,0,1,0,0,0,0
"BMP1",2089,1968,2122,1955,1963,2288,2365,2353,2014,2133,2021,2070
"ATXN2L",4860,4996,5081,4767,4786,5269,5655,4983,4159,4952,4101,4292
"PHYHIP",35,28,38,38,33,37,61,64,40,52,64,46
"CCDC110",1,5,0,2,3,3,3,0,7,3,2,2
"POLR3D",972,880,857,1191,1105,1265,1259,1026,1052,1148,1072,925
"FEN1",2885,2245,2136,3275,2819,2662,3767,3303,3577,3567,3940,2946
"CAVIN2",13856,14940,18876,11027,11552,13952,14832,16384,12247,14442,13732,15419
"MTCL1",1587,1393,1470,1222,1248,1487,2761,2100,1976,1850,1675,1908
"GBX2",71,59,46,70,51,41,91,60,91,95,93,64
"HJV",0,0,0,0,0,0,0,0,0,0,0,0
"SCGB1D1",0,0,0,0,0,0,0,0,0,0,0,0
"HEXIM2",119,124,100,145,106,101,149,132,129,127,158,106
"FNTA",1514,1425,1425,1438,1307,1347,1666,1411,1346,1498,1525,1450
"SERINC2",498,473,561,474,456,532,653,677,558,582,633,603
"MYL1",0,0,0,0,0,0,0,0,0,0,0,0
"TRAPPC11",972,900,1069,991,959,1119,1205,934,938,1008,994,1011
"CHRM1",1,1,1,0,0,0,0,0,0,1,0,0
"COL3A1",43,57,59,92,89,98,95,108,91,80,58,87
"GFRA2",0,0,0,0,0,0,1,0,0,1,0,1
"ING2",167,140,126,168,163,152,197,212,189,201,208,200
"CDKN2AIP",530,469,457,498,504,449,694,484,555,656,611,538
"SNRNP48",509,457,481,495,453,546,590,545,471,519,528,579
"TMEM223",319,264,298,334,300,327,391,355,355,367,408,342
"SLC20A2",754,728,768,898,765,839,943,621,737,786,833,760
"CRYGA",0,0,0,0,0,0,0,0,0,0,0,0
"DYNLRB2",0,1,2,0,0,0,5,0,1,0,0,4
"TMUB2",731,689,828,757,717,812,840,931,760,754,720,731
"ADAM29",0,0,0,0,0,0,0,0,0,0,0,0
"STAT3",6249,5840,6455,6979,7147,8074,7380,6289,5483,5881,5587,5513
"ZSWIM1",230,236,259,216,234,261,247,231,203,249,216,234
"ADAM9",15239,15136,17409,15753,16021,18302,4400,3520,3414,3459,3404,3695
"ADAM18",0,0,0,0,0,0,0,0,0,0,1,0
"GDNF",1,1,2,2,0,1,1,0,0,1,1,0
"MUCL3",0,1,0,0,0,1,1,0,0,0,0,0
"WFDC13",1,0,0,0,0,0,0,0,0,0,0,0
"AXIN2",31,35,60,24,27,21,32,49,36,26,38,30
"NDUFS5",2548,2209,2416,2630,2472,2909,3078,4503,3200,3034,3854,3198
"VWA3B",0,4,1,2,2,1,0,3,1,3,3,0
"ZNF30",89,77,69,91,91,77,135,100,106,93,91,87
"UGT3A2",1,1,0,3,1,0,1,0,0,1,0,0
"LRATD2",355,341,426,159,163,175,493,455,401,376,343,421
"LDLRAD4",67,47,26,57,36,18,40,29,25,42,42,23
"KCTD19",3,4,2,1,1,2,7,6,3,4,6,2
"SLC16A4",137,131,153,115,120,146,141,81,77,117,114,77
"IL7R",972,916,576,1066,756,415,991,358,619,865,879,519
"TMEM208",351,309,306,429,423,493,435,529,466,441,513,363
"LRP1B",3,3,4,6,12,11,4,1,5,1,1,5
"WFDC12",0,0,0,0,0,0,0,0,0,0,0,0
"AHCYL1",2361,2353,2556,2509,2336,2757,2911,2461,2344,2448,2411,2597
"DNAJC21",1455,1366,1444,1570,1539,1731,1802,1701,1469,1591,1656,1575
"PKIG",2156,1761,1933,3414,3431,3989,2751,2823,2612,2513,2846,2626
"NPNT",0,0,0,7,0,4,0,0,0,0,0,0
"CA7",0,0,0,0,0,0,0,0,0,0,0,0
"FAM178B",0,0,0,0,0,0,0,0,0,0,0,0
"TSPY2",0,0,0,0,0,0,0,0,0,0,0,0
"SEMA4C",341,264,356,371,360,407,354,410,347,344,297,324
"CNNM3",393,403,398,354,335,392,486,441,448,433,451,416
"GSTM4",14,9,18,19,16,17,24,23,9,31,28,19
"TET2",665,733,705,866,812,920,761,454,394,556,467,592
"CXXC4",0,1,0,0,0,0,0,0,0,0,0,0
"TCTN2",298,287,350,298,300,356,339,332,289,310,330,347
"SHOX2",1,0,0,0,1,0,2,2,1,1,0,1
"PPIP5K1",130,117,137,162,149,226,167,178,184,189,164,182
"TSPAN5",2828,2872,3446,2893,2731,3198,4113,4014,3751,3726,3808,3805
"ABHD15",261,234,265,228,192,221,281,251,224,248,251,216
"ZBTB5",563,556,606,677,640,746,579,466,426,493,523,459
"CHTF8",453,383,467,447,389,481,549,426,417,472,479,486
"LCMT2",190,178,181,237,237,207,284,209,223,286,284,212
"SNTB2",1643,1554,1795,1827,1807,2129,1820,1399,1251,1330,1279,1304
"IL12A",12,22,20,9,13,8,34,29,26,39,30,23
"ZNF507",645,626,661,705,689,653,874,515,554,591,579,651
"STX18",789,732,721,823,764,772,959,948,852,940,1011,808
"NSG1",17,18,31,30,26,40,29,36,29,30,19,33
"ZBTB49",164,130,117,152,148,129,153,156,153,153,156,118
"GFM1",2082,2113,2240,2247,2164,2422,2712,2262,2187,2414,2375,2415
"OR13J1",0,0,0,0,0,0,0,0,0,0,0,0
"HTR1E",0,0,0,0,0,0,0,0,0,0,0,0
"FSTL5",103,96,139,99,78,121,114,140,110,90,121,146
"DDX19A",620,546,629,641,661,608,857,719,653,752,797,707
"ATOH8",397,350,395,220,177,247,458,559,441,444,457,421
"SOX14",0,0,0,0,0,0,0,0,0,0,0,0
"ANKRD49",321,344,348,404,358,329,421,385,344,383,384,343
"SFTPB",0,0,0,0,0,0,0,1,0,0,0,0
"USP39",1599,1394,1404,1638,1450,1389,1782,1587,1585,1665,1775,1533
"TNIP2",2092,1710,1618,2066,1767,1676,1970,1863,1907,1787,2054,1595
"C2orf68",377,322,390,305,272,337,553,583,403,466,437,458
"TMEM150A",260,238,262,245,223,286,308,356,278,254,266,291
"RNF181",1419,1228,1310,1538,1403,1493,1578,1838,1515,1514,1723,1400
"VAMP5",2963,2412,2823,2745,2684,2968,3452,4196,3214,3308,4021,3113
"BTNL3",0,0,0,0,0,0,0,1,0,0,0,0
"LRRC28",192,163,225,236,206,251,274,265,274,230,268,243
"MAT2A",5393,5097,5145,5047,5072,5186,8195,6954,6819,6754,6458,6721
"PLA2G4F",0,0,2,1,2,0,0,1,0,0,0,0
"ENHO",0,0,1,1,1,5,3,7,5,8,9,4
"ZNF608",537,708,927,794,814,1072,560,566,379,493,470,609
"SLC35G2",817,624,617,1189,1123,1100,897,650,708,790,914,672
"INPP5D",1116,1123,1322,836,869,986,1266,1046,792,944,891,924
"LETM1",2270,2017,2147,2273,1905,2095,2733,2346,2303,2345,2076,2025
"CTRB1",0,0,0,0,1,0,1,0,0,0,0,0
"CTRB2",3,0,0,0,1,1,1,0,2,0,1,0
"TRIM49",0,0,0,0,0,0,0,0,0,0,0,0
"TMEM129",381,333,410,353,364,413,490,518,431,420,458,350
"PPIC",737,600,669,754,714,705,932,919,868,843,1005,733
"SPRY3",39,54,71,42,37,56,37,49,40,36,35,52
"CEP120",463,453,521,578,556,565,650,471,467,527,508,566
"STXBP6",0,0,2,0,1,0,1,0,1,0,1,0
"TM4SF20",0,0,0,0,0,0,0,0,0,0,0,0
"MFF",965,885,950,1000,962,974,1111,1237,1082,1096,1123,1084
"GRM5",5,6,3,3,3,4,4,1,1,2,3,1
"LGALS9",4665,3673,3991,3392,3570,2826,5403,2747,2711,4287,5306,2049
"CPLX1",5,6,11,9,12,12,19,25,15,14,10,13
"PXDC1",3004,2564,2768,2996,2757,3208,3675,3738,3562,3566,4042,3624
"SIGLEC7",0,0,0,0,0,0,0,0,0,0,0,0
"NTSR2",0,0,0,0,0,0,0,0,0,0,0,0
"E2F6",350,297,283,357,341,343,432,316,381,421,411,353
"FEM1B",1072,1052,1140,1234,1057,1180,1582,1182,1209,1295,1234,1344
"COMMD8",549,505,553,624,587,710,644,692,642,668,757,650
"ATP5ME",910,672,666,800,748,817,841,1525,1015,862,1068,860
"UQCRFS1",1614,1292,1460,1592,1625,1661,2003,2302,1911,1911,2322,1763
"SLC49A3",50,26,29,31,36,37,40,48,30,42,41,28
"COL4A3",0,0,0,0,0,0,0,0,0,0,0,0
"MAP2K1",2103,1878,1819,2915,2783,2908,2479,2058,2146,2278,2409,2078
"KLK7",0,0,0,0,0,0,0,0,0,0,0,0
"HNRNPH1",9199,8673,9091,7947,8152,8336,12118,13129,10416,10837,10124,10099
"IRS1",36,16,12,29,22,23,31,11,20,22,19,22
"MECP2",1449,1414,1571,1419,1319,1534,1774,1353,1347,1502,1457,1452
"VCX3A",0,0,0,0,0,0,0,0,0,0,0,0
"UPF3A",885,851,845,792,783,849,1050,1098,863,887,988,869
"ZBBX",0,0,0,0,0,0,0,1,0,0,1,0
"ACTBL2",0,0,0,1,0,2,4,1,1,0,0,0
"ROR2",0,0,0,0,0,0,0,0,0,0,0,0
"AR",419,405,503,403,383,530,512,417,360,373,348,455
"DHRSX",269,235,249,248,247,320,329,362,302,291,349,270
"VXN",1,0,1,0,0,0,0,0,0,0,2,0
"HSPBAP1",132,122,121,93,98,77,94,100,82,100,88,111
"ASMTL",1083,924,1057,1051,1031,1119,1083,1172,1046,1022,1148,898
"SLC25A6",9882,8736,10716,10877,10663,14223,13530,16937,13657,13272,15372,15395
"CHST14",754,669,797,732,674,797,1029,1011,938,950,945,923
"PARM1",8,6,4,10,7,15,10,1,5,1,6,7
"CSNK1G1",845,925,945,1149,1018,1141,1152,784,742,867,770,894
"FAM110B",8,9,6,5,4,9,11,7,8,13,13,16
"ODAD2",26,27,29,34,42,36,52,19,23,33,29,42
"AFAP1L2",2,8,22,4,11,5,11,15,18,12,5,10
"ZNF354A",206,210,168,173,149,156,225,211,221,228,212,224
"ATF5",1751,1543,1551,2006,1734,1846,1922,1631,1613,1865,1877,1506
"UBE2V2",992,930,885,1060,1042,1040,1315,1330,1180,1207,1275,1279
"GOT1L1",0,0,0,0,0,0,0,0,0,0,0,0
"ZBTB43",371,347,308,402,341,320,404,254,296,294,354,271
"CPT1C",501,524,597,397,443,468,633,710,544,572,529,484
"PCSK9",0,1,5,0,1,2,4,1,1,1,0,2
"XPO6",5146,4584,5066,5222,4700,5063,5935,4527,4723,4920,4921,4607
"GSG1L",0,0,0,0,0,0,1,0,0,0,0,0
"MN1",275,239,313,153,155,217,348,353,315,268,217,308
"APEX2",776,695,738,753,693,761,1012,913,834,893,927,752
"NSMCE1",459,403,476,509,507,529,614,800,614,581,680,572
"CCDC126",103,131,119,123,122,133,96,112,71,97,87,95
"IL13",0,0,0,0,0,0,0,0,2,0,0,0
"NPIPB12",3,6,3,5,3,7,8,8,2,3,1,3
"OR10G3",0,0,0,0,0,0,0,0,0,0,1,0
"RAB3B",1442,1278,1512,1342,1210,1508,2020,1450,1512,1429,1493,1803
"OR6F1",0,0,0,0,0,0,0,0,0,0,0,0
"CD2BP2",2609,2158,2321,2580,2448,2467,3234,3227,3028,3055,3282,2514
"RSPO1",0,0,1,0,0,0,0,0,0,0,0,0
"RGS14",53,51,55,85,75,91,48,71,42,49,56,48
"TBC1D10B",2921,2626,2647,3030,2804,2740,3179,2628,2769,2855,2927,2411
"LMAN2",5794,4708,5109,6155,5786,6172,6966,7395,6550,6421,7560,5667
"GCSAML",0,0,0,0,0,0,0,0,0,0,0,0
"RAB24",333,297,276,354,376,302,363,338,350,340,350,248
"PRELID1",5510,4732,4788,5669,5045,5312,5827,5942,5297,5213,6744,4737
"THBS3",260,275,329,251,254,276,334,397,266,288,258,264
"CA5B",53,77,74,77,95,106,67,57,59,52,47,66
"SLC50A1",707,620,706,876,798,910,714,773,633,729,889,672
"EFNA1",1223,1157,1295,894,935,1180,1397,1945,1413,1351,1455,1442
"CXCL10",169,159,141,141,171,216,309,101,83,123,274,151
"NPIPB3",41,59,61,50,49,42,44,24,24,33,39,40
"SH3TC2",65,65,108,63,54,60,73,72,49,42,45,60
"CXCL11",1978,1638,1037,1506,1313,763,1449,504,508,966,1575,593
"ZRSR2",262,267,230,281,256,268,294,259,220,254,277,205
"NMD3",1769,1703,1633,1914,1767,1691,2055,1587,1784,1958,1987,1783
"ADRB2",72,61,43,86,55,49,119,43,80,84,123,77
"B3GALNT1",424,421,516,457,463,452,531,438,410,449,498,496
"GPRIN1",345,328,389,338,306,303,661,551,529,543,551,516
"HSPB3",0,0,0,0,0,0,0,0,0,0,0,0
"KCNAB1",1484,1422,1598,1727,1586,1662,2095,1527,1542,1597,1681,1519
"MRPL1",863,769,814,948,865,979,972,1167,920,1022,1138,1020
"SHE",3434,3471,4039,3251,3204,3991,4224,3526,3090,3288,3153,3626
"NR0B1",3,1,0,0,2,1,0,0,2,0,4,2
"PGM2",2068,1824,1759,2335,1973,2039,2247,1760,1896,2065,2120,1916
"STK32A",0,0,0,0,3,0,1,0,1,1,0,0
"IL1RAPL1",30,31,23,34,36,43,37,14,32,24,24,24
"P2RY12",0,0,0,0,0,0,0,0,0,0,0,0
"C22orf15",1,4,0,2,1,1,0,3,0,2,4,2
"OR5AU1",0,0,0,0,0,0,0,0,0,0,0,0
"MINAR1",6,0,1,4,2,4,14,11,5,7,13,11
"PDILT",0,0,0,0,0,0,0,0,0,0,0,0
"UMOD",0,0,0,0,0,0,0,0,0,0,0,0
"GP2",0,0,0,0,0,0,0,0,0,0,0,0
"SLC33A1",289,235,286,471,471,576,342,355,285,330,383,358
"SNUPN",375,319,369,689,672,704,440,480,432,441,495,421
"CRADD",164,146,124,169,154,161,162,151,129,152,196,177
"SIN3A",1341,1315,1366,1305,1234,1399,1451,1072,1000,1172,1176,1203
"ARL13B",251,235,176,376,363,381,295,225,246,260,261,270
"RNASE2",0,0,0,0,0,0,0,0,0,0,0,0
"ELSPBP1",0,0,0,0,0,0,0,0,0,0,0,0
"RNASE3",0,0,0,0,0,0,0,0,0,0,0,0
"PTK2",5343,4974,5566,5520,5376,6218,6593,5405,5304,5423,5271,5522
"RSPH10B2",0,0,3,0,0,1,0,0,0,0,1,3
"PTAFR",31,25,28,29,16,21,28,32,30,41,27,24
"PTPN9",1371,1345,1431,1652,1587,1798,1893,1557,1618,1710,1681,1739
"RNASE6",5,7,6,6,2,6,6,3,6,6,2,1
"NPR1",87,81,111,79,76,107,153,113,98,124,83,101
"KCNK9",0,0,0,0,0,0,0,0,0,0,0,0
"CXCL8",3915,2671,1661,7175,5494,4385,3869,1774,3058,3661,4855,2455
"SCN9A",100,113,139,109,149,198,106,74,78,73,73,86
"RASSF6",0,0,2,0,0,0,1,2,0,1,1,1
"COL22A1",0,0,1,0,1,0,0,0,0,0,0,0
"SDC2",69,67,55,113,104,124,95,95,85,74,74,91
"CD52",0,0,0,0,0,0,0,0,0,0,0,0
"MMGT1",460,460,511,566,642,690,631,567,536,583,623,638
"SPRR1B",0,0,0,0,0,0,0,0,0,0,0,0
"SPRR1A",0,0,0,0,0,0,0,0,0,0,0,0
"OR4K14",0,0,0,0,0,0,0,0,0,0,0,0
"OR4K15",0,1,0,0,0,0,0,0,0,0,0,0
"TM2D2",3603,3075,3195,3507,3313,3335,4122,4068,4018,3997,4361,3459
"HTRA4",0,0,0,0,1,1,0,0,1,0,3,2
"PLEKHA2",76,66,96,78,58,66,80,52,61,67,50,50
"CLIC4",11001,12160,13697,13049,12970,15707,13471,11437,11072,11131,10881,13350
"SLC38A11",0,0,1,0,0,0,0,1,1,0,2,2
"GPR183",3,2,3,4,2,6,1,2,3,3,6,0
"CRCT1",0,0,0,0,0,0,0,0,0,0,0,0
"CCDC8",3,2,3,7,5,5,4,6,5,4,4,4
"METTL15",240,251,269,282,268,287,270,260,248,286,264,278
"ZNF280A",11,5,9,10,5,4,8,5,4,7,6,5
"MUC15",0,0,0,0,0,0,0,0,0,0,0,0
"CT55",0,0,0,0,0,0,0,0,0,0,0,0
"ZEB2",904,932,955,852,797,763,1114,794,692,769,803,816
"GJB1",0,0,0,1,0,0,0,0,0,0,1,0
"PCBP1",7990,6970,7534,8184,7562,8511,9769,8688,7572,9123,10102,8692
"HINT1",3205,2777,2979,3229,3119,3776,3680,4423,3481,3426,4198,3815
"DTWD2",31,53,54,94,96,124,40,37,43,33,30,46
"VPREB1",0,0,0,0,0,0,0,0,0,0,0,0
"CLIC3",13,6,3,6,11,3,9,10,13,6,17,9
"INO80E",1539,1408,1439,1442,1338,1430,1919,1944,1757,1736,1819,1481
"BNC1",958,948,951,870,747,915,1663,1120,1138,1133,1172,1232
"DFFB",165,156,153,152,152,170,217,195,162,194,198,176
"NFU1",842,691,705,822,759,899,1024,1022,914,882,1050,927
"ANTXR1",283,264,360,261,222,266,567,500,431,410,403,536
"GKN1",0,0,0,0,0,0,0,0,0,0,0,0
"CKAP2L",773,813,835,867,767,838,1100,790,782,865,898,1043
"C15orf40",398,341,366,329,332,342,450,526,455,404,464,400
"RAMAC",239,209,196,284,216,236,304,304,276,295,325,259
"PROKR1",0,0,0,0,0,0,0,0,0,0,0,0
"APLF",32,53,42,47,45,57,37,43,42,37,37,37
"BOLA2",4,2,2,2,2,3,8,4,7,3,5,4
"RGPD8",32,21,32,36,33,25,33,37,21,23,24,33
"HIC2",277,305,252,272,285,271,375,249,288,270,313,268
"LUZP1",5162,4783,5152,6791,5990,6575,6128,3617,4080,4381,4261,4489
"HEXD",203,211,206,132,145,161,239,238,194,194,202,181
"DRD5",0,0,0,0,0,0,0,0,0,0,0,0
"BUB1",1599,1594,1908,1620,1518,1837,2329,1927,1783,2167,1977,2184
"SPNS1",449,390,427,379,424,375,484,405,376,412,415,350
"LRRC45",377,314,355,469,547,570,504,548,427,446,497,373
"CHRNA5",153,131,145,143,154,139,176,176,181,179,223,179
"MT1B",0,0,0,0,0,0,0,0,0,0,0,0
"CENPX",560,429,373,561,484,574,614,702,673,612,715,623
"AGPAT2",487,472,573,535,565,627,838,967,776,780,885,741
"ASPSCR1",714,593,614,807,795,777,804,974,780,768,765,629
"GP9",0,0,0,0,0,0,0,1,0,0,0,0
"FASN",11873,12070,13779,9696,9651,10334,13656,12557,9642,10082,7968,9035
"CNBP",5790,4990,4999,5490,4910,4853,6819,5904,6423,6654,7021,5724
"MT1E",593,430,450,606,516,616,1138,1273,1172,1029,1333,946
"ACTRT2",0,0,0,0,0,0,0,0,0,0,0,0
"DUS1L",1423,1319,1404,1617,1630,1737,1968,2054,1875,1778,1950,1671
"GPS1",1717,1514,1682,1775,1546,1826,2146,2189,1954,2029,2109,1857
"RFNG",473,460,509,426,467,532,545,626,456,463,431,432
"DCXR",730,584,635,747,651,736,919,1167,999,832,919,827
"ZNF32",217,187,242,174,183,210,320,412,301,285,297,318
"LDB2",525,518,703,644,722,985,794,813,522,686,671,729
"RAC3",502,468,522,615,552,615,650,813,742,618,679,653
"NRG4",0,0,0,0,0,0,0,0,0,0,0,0
"LIMS1",4136,3678,4466,5199,5315,6838,4778,4101,3584,3943,3977,4463
"TMEM266",0,0,0,0,0,0,1,0,0,0,0,2
"NLGN1",533,445,660,635,560,687,671,428,418,526,484,542
"TAPT1",262,204,239,211,267,268,487,432,413,418,481,443
"UGP2",1383,1296,1366,1811,1766,1929,1775,1655,1543,1590,1717,1701
"TAS2R1",0,0,0,0,0,0,0,0,0,0,0,0
"LINGO1",2,1,1,4,2,4,2,1,3,1,2,1
"PRY",0,0,0,0,0,0,0,0,0,0,0,0
"RBMY1F",0,0,0,0,0,0,0,0,0,0,0,0
"PRY2",0,0,0,0,0,0,0,0,0,0,0,0
"HNRNPF",6417,5817,6449,7032,6177,6688,8209,6676,6432,7121,7857,6995
"BTD",538,516,664,587,595,852,756,741,651,673,680,722
"CSGALNACT2",1240,1204,1129,1489,1326,1407,1530,1014,1170,1286,1300,1185
"TACR3",1,0,0,2,0,0,0,0,0,0,1,0
"GSX1",0,0,1,0,0,0,0,0,0,0,0,0
"PCDH7",439,404,441,536,486,457,694,354,433,451,465,434
"ROBO1",429,414,499,520,421,520,467,329,276,312,274,389
"ONECUT1",0,0,0,0,1,0,0,0,0,0,0,0
"AVEN",628,501,560,635,558,669,740,777,722,732,753,686
"P2RY1",45,42,71,77,62,77,57,36,28,41,41,36
"CTNND2",0,0,0,0,0,0,0,0,0,0,0,1
"TRIM56",1809,1742,1969,1546,1637,1532,1904,1607,1231,1407,1479,1282
"MUC17",0,0,0,0,0,0,0,0,0,0,0,0
"AHSP",0,0,0,0,0,0,0,0,0,0,0,0
"WNT10B",3,3,1,3,3,5,4,4,0,3,4,1
"CALML6",1,1,0,1,2,1,0,3,1,2,1,0
"REPS2",43,46,68,58,65,105,52,63,50,43,45,59
"MUC3A",1,1,0,0,0,0,0,0,0,0,0,0
"SYAP1",1215,1051,1172,1376,1249,1378,1547,1462,1419,1314,1489,1397
"ITGAM",20,12,7,18,12,1,12,10,1,13,4,6
"PYDC1",0,0,0,0,0,0,0,0,0,0,0,0
"TPST1",424,371,440,421,438,458,629,642,533,571,585,647
"TM4SF4",0,0,0,0,0,0,0,0,0,0,0,0
"TOR1AIP2",1470,1244,1298,1414,1292,1405,1756,1370,1359,1493,1565,1418
"S100G",0,0,0,0,0,0,0,0,0,0,0,0
"TM4SF1",14716,13991,15443,22359,22536,25179,19278,18890,17091,17781,19571,17081
"OTUD3",262,293,277,244,202,224,296,313,239,295,225,275
"OTUD7A",3,3,0,2,2,3,4,2,1,0,5,1
"GUSB",1078,870,943,963,923,1018,1223,1198,1031,1013,1152,960
"BRD3",1189,1230,1410,1015,1007,1225,1425,1313,1118,1155,1067,1269
"KLF13",1202,1142,1214,1233,1214,1391,1553,1120,1308,1147,1228,1314
"FRMPD4",19,16,21,16,21,24,39,23,24,27,29,29
"ZFPM2",556,559,629,587,606,616,745,482,469,552,541,588
"ZNF764",247,218,230,298,231,255,263,221,210,260,208,198
"HSFY2",0,0,0,0,0,0,0,0,0,0,0,0
"ZNF747",100,88,98,101,79,131,139,116,112,127,138,113
"ZNF768",776,681,753,737,695,712,1055,1052,949,1030,1069,854
"TAS1R3",5,4,3,6,2,5,4,9,3,5,1,3
"TMEM42",262,254,263,239,232,242,318,403,318,297,302,254
"MAP3K2",604,573,604,653,660,749,825,568,608,613,591,666
"PUSL1",433,358,366,408,396,465,585,596,536,490,568,478
"SF3B5",2375,1745,1996,2589,2345,2510,2501,3054,2566,2385,2985,2415
"ZNF35",348,278,326,363,355,289,372,322,304,347,359,320
"TIGD4",7,5,1,2,4,7,8,0,2,1,3,2
"IFFO2",1366,1183,1189,1267,1100,1052,1842,1370,1538,1558,1458,1419
"NLGN2",665,725,872,561,686,749,1059,1069,765,830,718,767
"MYO7B",5,2,1,3,2,2,4,2,0,2,0,2
"CHD3",8495,8178,10250,7849,8060,9832,9360,9155,7774,7642,7306,8193
"TMEM154",574,457,522,395,321,336,703,552,535,526,626,549
"MYRIP",960,1097,1396,1045,1001,1226,1075,944,746,977,841,966
"ALCAM",5265,5323,5864,6175,6003,6718,7829,5604,5362,6117,5893,5998
"YWHAG",8514,7943,8411,9308,8783,9459,10380,7896,8441,8562,8595,8469
"UBE2E3",823,774,946,840,864,1032,1125,1237,1081,1058,1182,1165
"CNTROB",1216,1130,1224,1144,1028,1041,1494,1513,1398,1430,1290,1184
"TRAPPC1",1259,1105,1133,1232,1132,1324,1527,1689,1443,1468,1578,1376
"ZPLD1",0,0,0,1,0,0,1,0,0,1,0,0
"KCNAB3",30,40,44,32,32,31,44,45,23,39,19,26
"SERPINA9",0,0,0,0,0,0,0,0,0,0,0,0
"FAM153A",0,0,0,0,1,0,0,0,0,0,0,0
"GPR37L1",0,2,0,1,0,0,1,0,0,0,0,1
"SIMC1",168,164,190,175,150,201,228,203,190,187,189,188
"TMEM192",791,800,741,843,717,747,950,842,759,869,955,829
"NSG2",4,1,4,1,3,1,2,0,2,2,5,2
"SPDYE5",0,0,0,0,0,0,0,0,0,0,0,0
"SERPINA6",1,1,2,3,2,0,0,0,0,2,0,0
"ZNF778",447,427,429,460,438,491,457,411,386,366,411,416
"NIPA1",301,257,337,320,291,373,386,321,316,321,312,353
"FOXD4",16,23,5,10,6,7,3,2,6,7,11,4
"GPR25",2,1,0,3,2,0,0,2,1,0,0,0
"UBE2E1",1817,1639,1883,1923,1964,2095,2294,2356,1928,2145,2567,2345
"HNRNPA3",8804,7716,8662,8859,9140,10023,11544,11619,10170,10065,9827,9969
"SIK2",916,929,927,1087,1060,1135,959,736,671,840,744,826
"RNF150",2,2,3,3,1,1,1,3,2,1,1,1
"CCDC144A",7,10,12,11,9,16,21,5,5,5,3,7
"VGLL2",0,0,0,0,0,0,0,0,0,0,0,0
"HOXD4",227,258,248,137,203,167,195,239,157,180,130,140
"CHRNB1",145,125,147,133,133,175,183,176,131,151,164,166
"HOXD12",0,0,0,0,0,0,0,0,0,0,0,0
"GYPA",0,0,0,0,0,0,0,0,0,0,0,0
"USP38",953,962,879,1223,1102,1095,1233,868,938,1039,1038,973
"SLC16A5",254,214,238,169,166,193,293,246,259,214,214,220
"NANP",275,258,274,296,251,268,351,265,283,306,304,298
"ANKK1",2,1,2,0,3,3,2,1,0,2,0,2
"ADRA1B",2,6,10,2,11,11,6,10,5,3,9,8
"ADPRM",159,167,143,181,161,169,157,148,108,142,194,138
"FABP6",0,0,0,0,0,0,0,0,0,0,0,0
"PWWP2A",451,394,382,499,507,560,579,434,447,452,522,500
"USP50",1,3,0,5,2,3,2,0,0,1,2,0
"USP47",2839,2609,2788,2760,2726,2944,3267,2639,2563,2635,2479,2559
"PDCD6IP",4032,3997,4126,4029,3950,4194,4788,3913,3568,3943,3745,3847
"MRGPRX1",0,0,0,0,0,0,0,0,0,0,0,0
"ZNF212",325,317,297,338,260,274,354,366,330,360,359,266
"MRAP",0,0,0,0,0,0,0,0,0,0,0,0
"FAM161A",106,86,87,73,70,91,125,115,92,95,105,93
"ZNF282",1414,1384,1481,1354,1226,1298,1776,1516,1468,1515,1643,1457
"GLB1",2126,1942,2304,2071,2144,2382,2638,2387,2095,2213,2251,2201
"GON7",249,243,226,275,237,259,324,306,292,310,348,282
"FAXDC2",36,45,57,19,30,25,40,47,31,47,35,42
"CRTAP",4304,3937,4728,4657,4513,5192,5688,5157,4778,5040,5074,5480
"HSPB2",0,0,0,0,0,0,0,0,0,0,0,0
"C7orf33",0,0,0,0,0,0,0,0,0,0,0,0
"CNGB3",0,0,0,0,0,0,0,0,0,0,0,0
"SLN",0,0,0,0,0,0,0,0,0,0,0,0
"ELP5",865,757,818,962,874,1021,1059,1097,1008,1022,1094,909
"CMTM8",95,75,92,91,82,112,118,147,130,109,120,122
"GABARAP",1792,1388,1774,1685,1728,1898,2073,2208,2033,2065,2235,1839
"LGALS9B",0,0,0,0,0,0,2,0,0,0,0,0
"STX8",335,312,329,368,319,344,398,430,386,349,450,352
"CDK1",1562,1476,1561,1924,1757,2130,2224,2213,2149,2227,2455,2315
"UBB",12377,10764,11692,12755,11622,13335,14697,17014,14463,14084,15574,13131
"NFRKB",1572,1506,1562,1722,1522,1639,1876,1512,1317,1528,1465,1408
"FABP4",65,92,145,90,84,142,79,188,104,105,95,116
"FRMPD2",0,0,1,0,0,0,1,0,0,0,0,0
"PRDM10",406,407,390,488,394,435,471,337,329,367,370,444
"B3GNT2",454,483,501,632,561,590,698,528,544,577,591,538
"FOS",228,190,75,263,167,79,151,49,87,133,185,47
"TMED10",6049,5326,6009,7346,6907,7876,7529,6225,6087,6605,7304,6605
"SETMAR",244,227,265,248,223,259,275,329,334,346,352,282
"SMAD1",2413,2447,3060,2336,2368,3245,3485,3574,2975,3165,3100,3480
"CST5",0,0,0,0,0,0,0,0,0,0,0,0
"CST2",0,0,0,0,0,0,0,0,0,0,0,0
"EMX2",0,0,0,0,0,0,1,0,0,0,0,0
"CST1",1,2,4,1,2,7,10,7,3,2,2,6
"SP7",0,0,0,0,0,1,0,0,0,0,0,0
"TCAF2",249,228,246,361,370,360,322,258,210,262,278,244
"SEMA3E",2,1,1,3,1,4,1,1,2,0,0,2
"LRRN2",0,0,0,0,0,0,0,0,0,0,0,0
"SLC30A1",2697,2710,2278,2359,2035,1550,2118,1413,1604,1937,2036,1479
"DCLK2",92,100,110,132,122,139,157,82,83,102,90,96
"ZNF804A",156,171,168,366,418,524,262,154,167,186,192,179
"GPRC5C",4,10,4,10,9,1,4,1,1,1,7,2
"TMEM182",16,31,24,30,28,31,33,21,28,26,33,26
"VSTM2A",0,0,0,0,0,0,0,0,0,0,0,0
"KRT8",585,486,545,533,502,547,620,751,625,555,627,565
"KRT78",0,0,0,0,0,0,1,0,0,0,0,0
"ADORA2B",192,183,160,212,165,172,264,177,223,212,272,179
"SDR9C7",0,0,0,0,0,0,0,0,0,0,1,0
"MGMT",15,18,16,23,20,19,24,40,27,18,24,26
"TMT1B",0,0,0,5,0,2,1,1,0,0,1,3
"KRT86",1,0,2,0,0,0,0,3,0,1,0,0
"HARS1",2301,2024,2191,2441,2195,2401,3011,2695,2440,2513,2768,2372
"NFXL1",293,311,322,460,444,440,446,333,365,382,358,317
"KRT75",0,0,0,0,0,0,1,0,0,0,0,0
"DENND5B",715,719,827,635,596,776,979,825,712,654,633,893
"CD14",10,9,5,6,15,5,20,12,15,9,13,8
"DNAJC18",735,761,757,648,572,570,912,763,597,706,702,685
"KRT6C",0,0,0,0,0,0,0,0,0,0,0,0
"RIOX1",604,497,464,631,599,612,769,613,640,676,718,644
"SPATA24",55,47,45,40,42,57,58,93,56,60,64,63
"RALGAPB",1996,1919,2184,2178,2072,2180,2521,1701,1805,1841,1735,1896
"PYM1",639,549,599,622,515,565,873,858,777,735,909,690
"MZB1",0,0,0,0,3,0,0,2,1,0,0,1
"KRT4",0,0,0,0,0,0,0,0,0,0,0,0
"SLC23A1",1,0,1,0,1,0,1,0,0,0,0,0
"KRT74",0,0,0,0,0,0,0,0,0,0,0,0
"NPAS2",1728,1473,1777,1808,1831,2143,2525,2044,1926,2091,2065,2194
"KRT72",0,1,0,0,0,0,0,0,0,0,0,0
"KISS1",28,15,10,38,30,36,28,44,46,22,59,24
"LONRF2",0,1,1,3,0,2,2,0,1,0,0,1
"NUDT9",679,567,656,614,635,594,816,821,742,768,896,686
"HSD17B13",0,0,0,0,0,1,1,0,1,4,0,2
"PA2G4",5443,4757,5050,5893,5139,5293,7279,6263,5932,6443,7218,6346
"COX7B2",0,0,0,0,0,0,0,0,0,0,0,0
"ELOVL6",528,546,673,583,520,585,555,436,383,460,418,529
"KRT83",0,0,0,0,0,0,0,0,0,0,0,0
"PFKFB3",2327,1936,1769,2646,2383,2317,3384,2303,2681,2361,2531,2138
"TMC7",236,214,230,137,162,196,285,263,192,234,226,225
"ARL6IP1",5094,4909,5354,5868,5714,6323,6928,6286,6212,6664,7110,6496
"SERPINB9",1293,1247,1234,1609,1657,1719,1324,902,852,1070,1131,1017
"SMAGP",437,423,433,479,417,407,588,543,553,495,631,481
"IRX1",0,0,0,2,0,0,0,0,0,1,0,0
"CDH2",2469,2396,2773,3095,3025,3460,3537,2882,2774,2801,2808,2970
"IRX2",0,0,0,1,1,0,0,0,0,1,0,0
"EMB",0,0,0,0,0,0,0,0,0,0,0,0
"SIX2",3,2,5,1,3,1,4,5,6,13,13,10
"DLGAP1",3,4,0,2,5,4,1,3,4,2,0,2
"STAT2",3586,3611,3079,2665,3105,2027,2637,1730,1373,2207,2251,1143
"NUDCD2",728,672,675,764,780,818,977,1160,911,888,1062,1023
"IRF2BP1",902,741,705,835,749,834,1064,1072,1032,1032,1044,960
"OR9K2",0,0,0,0,0,0,0,0,0,0,0,0
"HSPA4",6946,6382,6548,7379,6691,7024,8370,7001,6917,7309,7347,6894
"FOXA3",3,1,2,2,1,0,3,2,1,3,5,0
"GARIN3",0,0,0,0,0,0,0,0,0,0,0,0
"SLC26A5",0,0,0,0,0,0,0,0,0,1,0,0
"COMMD5",516,424,478,537,492,471,630,642,591,601,660,504
"SGCD",0,0,0,0,0,0,0,0,0,0,0,0
"GTSF1",0,0,0,0,0,0,0,0,1,0,0,1
"ZNF16",117,133,122,143,132,142,177,132,172,159,167,151
"ARMC10",462,412,441,520,426,494,586,597,528,550,538,557
"RNF34",1150,1099,1117,1189,1075,1144,1404,1325,1233,1266,1328,1289
"ACYP2",84,71,61,78,68,55,90,108,60,84,81,82
"TRABD",1196,1053,1101,1322,1327,1388,1712,1750,1493,1551,1612,1425
"ATF7",766,705,876,705,717,903,791,655,542,603,560,690
"RASA4B",4,9,9,4,9,4,11,9,11,6,4,2
"SOCS6",491,539,536,834,797,924,649,510,513,608,506,606
"CAVIN4",65,72,88,35,45,42,61,86,58,66,55,86
"OR10A3",0,0,0,0,0,0,0,0,0,0,0,0
"ZNF296",114,101,92,119,94,65,103,101,96,90,116,82
"HOXB9",124,134,60,185,121,65,56,31,53,74,95,32
"TTLL6",5,0,1,1,0,1,0,0,0,0,0,0
"POLH",1472,1430,1664,1304,1218,1433,1677,1573,1372,1442,1311,1457
"SYT9",2,4,1,3,2,1,7,4,1,5,1,2
"KCNS3",5,16,11,22,9,8,18,11,12,9,24,9
"RBMXL2",6,10,12,4,7,19,12,8,7,17,5,8
"KIF5B",7159,7230,8377,8007,8163,9846,10275,8748,8503,8394,7939,9879
"GPR37",111,91,83,106,98,106,122,104,100,108,93,86
"AKAP13",1329,1168,1394,2223,2367,2894,1378,915,874,939,830,1021
"TPD52L3",0,0,0,0,0,0,0,0,0,0,0,0
"CDCA4",845,673,688,825,767,796,1154,987,1059,997,1210,1013
"OR10A4",0,0,0,0,0,0,0,0,0,0,0,0
"SDR16C5",0,0,0,0,0,0,0,0,0,0,0,0
"DYDC1",0,0,0,0,0,0,0,0,0,0,0,0
"OR10A2",0,0,0,0,0,0,0,0,0,0,0,0
"CHCHD7",590,493,509,607,607,636,646,779,688,610,719,587
"HTRA3",328,306,361,331,295,397,339,299,276,274,288,269
"FOXN2",546,530,462,627,580,593,498,289,392,485,429,459
"LMOD2",0,2,0,0,0,0,1,0,0,2,0,1
"BFSP2",0,0,0,0,0,0,0,0,0,1,0,0
"FSHR",0,0,0,0,0,0,0,0,0,0,0,0
"USP32",1633,1723,1925,1711,1607,1812,1945,1479,1335,1594,1462,1689
"CEL",65,63,53,41,40,43,61,56,34,55,33,43
"PPM1D",1568,1440,1388,1495,1349,1335,1521,1222,1215,1568,1472,1330
"GPR27",0,0,0,0,0,0,0,0,0,1,0,0
"MRFAP1L2",307,215,222,254,220,267,371,324,355,376,355,290
"PSG6",0,0,0,0,0,0,0,0,0,0,0,0
"KBTBD2",1265,1256,1287,1483,1472,1548,1376,1132,1082,1243,1185,1236
"RIOX2",839,778,749,909,875,840,1120,899,817,921,927,960
"TRIAP1",1660,1377,1470,1493,1435,1561,1993,2375,2030,1989,2233,1945
"LSM3",780,687,782,830,771,857,1092,1159,1000,1128,1355,1192
"KIAA0232",581,617,680,589,543,649,680,575,532,523,509,668
"MTSS1",914,906,1102,1692,1605,2066,1084,870,816,865,883,984
"TMEM43",3270,2926,3239,3669,3413,3580,4080,3089,3239,3467,3739,3454
"RNF139",683,631,678,793,739,823,823,700,698,751,777,756
"RPS9",14671,12166,13397,15095,14562,16782,17052,23048,18607,16853,20180,17195
"PLA2G1B",0,1,0,0,1,1,0,0,1,0,1,0
"CYTL1",303,241,270,265,234,305,510,579,492,456,462,429
"TSEN34",880,771,846,865,920,1008,1167,1210,1189,1142,1236,1046
"TRH",0,0,0,0,0,0,0,1,0,0,0,0
"GSTA4",418,350,380,423,398,410,451,456,397,430,466,440
"MSANTD4",661,653,696,932,839,836,977,817,777,817,833,861
"NDUFA3",466,447,469,488,452,481,558,751,535,525,629,520
"OSCAR",2,1,2,1,0,3,1,2,0,3,1,0
"PAQR8",239,247,288,202,172,168,400,349,318,341,331,394
"NUDT6",53,48,66,51,55,54,73,60,67,66,81,65
"OR7G3",0,0,0,0,0,0,0,0,0,0,0,0
"TANC2",141,143,205,193,230,302,192,120,99,117,97,123
"OR7G2",0,0,0,0,0,0,0,0,0,0,0,0
"TEX13B",0,0,0,0,0,0,0,0,0,0,1,0
"PKHD1",0,0,0,0,0,0,1,0,0,0,1,0
"OR1M1",0,0,0,0,0,0,0,0,0,0,0,0
"NCBP2L",0,0,0,0,0,0,0,1,0,0,0,0
"DNAJC24",397,356,378,591,590,603,440,416,375,426,409,423
"MBD3L1",0,0,0,0,0,0,0,0,0,0,0,0
"ZNF160",409,423,353,380,379,379,446,298,284,335,325,313
"PGK2",0,0,0,0,0,0,0,0,0,0,0,2
"OR8B12",0,0,0,0,0,0,0,0,0,0,0,0
"ZNF415",11,7,6,2,4,5,4,6,6,8,5,6
"CAVIN3",3478,2990,3517,3377,3248,3744,3445,4112,3605,3299,3722,3396
"CEACAM3",0,0,0,0,0,0,0,1,0,0,0,1
"DCDC1",0,1,0,5,1,2,1,0,2,1,0,0
"HAS2",2,1,4,1,1,2,2,2,0,3,1,2
"PDGFD",215,206,260,321,311,414,301,235,201,233,225,255
"PLAC1",4,7,6,4,7,7,10,9,10,7,3,4
"DDI1",0,0,0,0,0,0,0,0,0,0,0,0
"S1PR1",5944,5444,5909,6699,6394,7403,8912,5966,6205,6845,7780,6808
"HS6ST2",82,42,49,52,53,62,53,41,59,55,56,70
"OR4D5",0,0,0,0,0,0,0,0,0,0,0,0
"PYGO1",124,138,119,130,147,176,142,139,130,127,97,133
"LRRC8E",64,49,56,75,55,54,72,46,49,69,54,57
"PKIA",2742,2456,2489,3302,2991,2964,2664,2160,2389,2589,2649,2496
"XKR6",46,60,43,63,49,47,91,82,53,54,81,59
"TSNARE1",157,146,158,88,122,117,203,189,159,155,161,153
"FPR2",0,0,0,0,0,0,0,0,0,0,0,0
"FPR1",0,0,0,0,0,0,0,0,0,0,0,0
"PATE1",0,0,0,0,0,0,0,0,0,0,0,0
"OR13H1",0,0,0,0,0,0,0,0,0,0,0,0
"FEZ2",1730,1541,1567,1796,1466,1473,1906,1844,1731,1823,2010,1785
"SOX7",1350,1343,1583,1010,1074,1202,2190,2303,1815,1830,1993,2009
"C8orf74",0,0,0,0,0,0,0,0,0,0,0,0
"C11orf24",759,711,728,980,922,972,805,720,665,715,772,689
"ALK",1,0,0,2,0,0,0,0,2,1,0,0
"KYAT1",19,14,11,14,17,14,23,17,11,18,18,18
"MTM1",247,270,290,309,304,325,341,335,291,331,318,373
"OBP2B",0,0,0,0,0,0,0,1,0,0,0,0
"TRMT61B",218,208,189,234,206,232,295,283,276,296,313,310
"INSR",123,115,143,121,113,152,158,128,138,112,93,134
"MFN1",793,762,901,862,853,981,1025,839,848,812,824,962
"GIMAP8",1688,1672,2059,691,898,1095,2319,2024,1650,1778,1704,1768
"HSFX1",0,0,0,0,0,0,0,0,0,0,0,0
"NRTN",0,0,0,2,0,0,3,0,0,0,5,2
"KCNMB3",19,33,15,12,10,16,23,24,11,19,17,15
"FUT3",0,1,0,0,1,1,1,1,0,0,2,0
"KCNG3",3,1,0,1,2,1,1,2,0,1,1,0
"ATP6V0E2",663,604,647,685,674,734,892,883,828,814,868,752
"PRKCE",1384,1279,1499,1389,1401,1557,2142,1515,1588,1666,1561,1645
"OR2K2",0,0,0,0,1,0,0,0,0,0,1,1
"JAGN1",1091,953,1047,1241,1080,1159,1296,1173,1228,1198,1421,1128
"RLN3",0,0,0,0,0,0,0,0,0,0,0,0
"TADA3",1059,949,1042,980,975,1089,1320,1394,1363,1185,1262,1161
"SOCS5",324,314,383,394,312,377,493,415,376,452,399,450
"C1GALT1C1",944,824,915,1001,961,1019,1293,1236,1134,1175,1259,1110
"BBLN",518,481,480,532,512,601,618,806,647,680,713,582
"MORN4",101,78,81,78,77,109,104,152,101,107,110,109
"ZNF672",651,592,635,708,672,773,764,695,673,683,728,651
"ZNF692",512,476,440,415,390,312,557,699,512,506,432,369
"NAIF1",371,306,348,411,349,335,483,452,441,434,474,424
"RBKS",160,94,77,206,203,150,234,101,183,139,243,101
"OR2M4",0,0,0,0,0,0,0,0,0,0,0,0
"GRIK1",0,0,0,1,0,0,0,0,0,0,0,0
"MUC7",0,0,0,0,0,0,0,0,0,0,0,0
"OPRPN",2,1,0,0,0,0,0,0,0,0,0,0
"SMR3B",0,0,0,0,0,0,0,0,0,0,0,0
"TMEM126A",834,770,717,931,895,898,983,1034,923,894,1150,908
"TMEM126B",1136,1011,1017,1195,1092,1141,1198,1205,1031,1130,1274,1197
"TRIM8",3394,2967,3146,2214,2014,2145,2237,1815,1789,1870,1917,1721
"NETO2",1303,1133,1328,1510,1361,1581,1272,1106,1099,1128,1212,1273
"CSN3",0,0,0,0,0,1,1,2,2,1,0,0
"CLDN20",0,0,0,0,1,1,0,0,0,0,0,0
"CDC42BPG",23,36,21,24,26,18,31,18,14,24,14,15
"SCAND1",1600,1337,1443,1706,1655,1718,2063,2684,2203,1987,2327,1780
"JUNB",1697,1283,921,1922,1508,1112,1211,821,929,1217,1684,777
"FAM241B",0,1,0,1,2,4,1,0,2,1,1,1
"TMEM37",76,59,50,25,41,30,110,121,96,95,110,73
"UGT2B7",1,0,2,1,1,1,3,0,3,0,2,1
"LRG1",15,27,10,20,16,15,13,7,10,13,9,5
"SHCBP1",1784,1660,1693,2371,2333,2656,2299,1930,2011,2019,2036,1964
"SOSTDC1",0,0,0,0,0,0,0,0,0,0,0,0
"NPTX1",34,34,40,50,36,43,82,41,55,40,56,63
"FAM98B",773,711,864,858,838,888,1132,1027,913,980,1062,1111
"ZNF439",11,7,11,9,10,11,15,8,10,11,13,14
"ZNF440",144,117,129,152,143,128,178,159,124,139,151,139
"GAA",1432,1328,1553,1520,1395,1648,1897,1891,1589,1708,1712,1649
"CANT1",2808,2599,2851,2903,2819,2979,3451,2936,2991,3013,3329,2902
"KCNK3",0,0,0,1,1,0,1,0,0,0,0,4
"ZDHHC16",999,887,992,1038,1024,1269,1098,1163,1028,1011,1118,1033
"CHST11",1096,819,954,1634,1465,1716,1435,952,1026,1065,1143,1060
"EXOSC1",774,662,667,858,756,825,894,946,729,798,985,822
"PGAM1",2450,2194,2088,2638,2347,2280,2716,2280,2257,2534,2866,2200
"CHD7",1456,1323,1470,1294,1152,1368,1518,1048,942,979,949,1080
"ESCO2",424,365,345,480,431,402,443,311,366,415,409,379
"KRT19",943,807,1070,800,815,884,1040,1153,1007,902,1039,876
"KRT15",105,106,110,88,79,87,84,61,76,73,86,64
"LURAP1",15,12,13,23,12,16,32,24,12,17,19,11
"KRT38",0,0,0,0,0,0,0,0,0,0,0,0
"CLCN5",264,259,264,323,303,367,277,194,176,198,165,200
"TPPP",19,7,6,11,11,11,4,2,5,7,14,6
"KCND3",0,0,0,4,1,2,3,1,4,0,1,0
"APLN",32962,29945,34320,35683,35346,42570,54432,49238,49765,44106,50018,48827
"KRTAP4-4",0,0,0,0,0,0,0,0,0,0,0,0
"KRT13",0,0,0,0,2,0,0,0,0,0,0,0
"XAGE3",2,0,0,0,0,0,0,0,0,0,0,0
"KRT9",0,0,0,0,0,0,0,0,0,0,0,0
"XAGE5",0,0,0,0,0,0,0,0,0,0,0,0
"PDE7B",564,516,609,999,961,1222,787,627,588,641,652,726
"MRPL36",597,481,508,578,524,527,682,766,643,635,742,619
"ZNF581",571,596,589,555,493,557,683,881,698,672,758,649
"NAT1",202,189,210,188,199,206,250,190,215,250,210,222
"KRT20",0,0,0,0,0,0,0,0,0,0,0,1
"GLOD5",0,0,0,0,0,0,0,0,0,0,0,0
"KSR2",262,212,240,204,189,185,301,180,196,174,161,225
"ZNF524",252,255,254,229,262,278,369,375,314,306,352,303
"MCC",932,833,974,967,930,1055,1211,838,833,892,816,939
"KRT27",0,0,0,0,0,0,0,0,0,0,0,0
"ZBTB26",168,155,144,181,187,198,234,175,151,188,203,195
"CDK5R2",3,4,0,2,0,0,0,4,0,0,0,0
"DSEL",620,574,514,861,716,697,785,600,606,642,678,669
"POLR1C",819,707,693,896,779,756,979,1015,1023,904,1004,786
"ASXL1",3093,3025,3207,2894,2675,2877,3983,3346,3119,3338,2908,3091
"OR1L6",0,0,0,0,0,0,0,0,0,0,0,0
"DLK2",1,2,0,4,7,2,1,5,6,5,1,4
"ZNF562",635,613,590,707,662,617,747,549,514,628,622,551
"ZNF318",521,532,651,545,470,514,752,591,488,506,456,547
"ZNF561",609,602,705,788,774,922,730,567,489,617,529,563
"WIPF2",1867,1737,1763,1738,1669,1791,2120,1634,1482,1587,1697,1534
"HOPX",83,90,98,98,73,90,86,115,74,90,103,81
"SPACA5B",0,0,0,0,0,0,0,0,0,0,0,0
"OR1L3",0,0,0,0,0,0,0,0,0,0,0,0
"NLRP5",0,0,0,0,0,0,0,0,0,0,0,0
"LRRC8C",2994,2977,3460,3994,3931,4611,3715,3071,2855,2978,3075,3504
"SPACA5",0,0,0,0,0,0,0,0,0,0,0,0
"RSL1D1",4877,4226,4052,5489,4959,4558,5449,4336,4553,5024,5831,4633
"LRRC8D",964,879,965,955,901,1011,1157,905,886,984,988,958
"MROH2B",0,0,0,0,0,0,0,0,0,0,0,0
"OR1L8",10,21,29,15,14,14,17,19,7,22,22,19
"PPID",849,772,771,902,791,841,1013,987,823,920,977,1024
"OR1N2",0,0,0,0,0,0,0,0,0,0,0,1
"COL24A1",2,8,13,6,6,10,4,1,3,6,1,2
"ETFDH",404,357,393,396,427,475,523,502,456,466,494,465
"OR1N1",0,0,0,0,0,0,0,0,0,0,0,0
"RXFP1",4,0,1,2,0,1,0,1,0,0,0,0
"LPAR3",0,0,0,0,0,0,0,0,0,0,2,1
"PTGER4",1884,1776,1623,1664,1354,1199,2485,1546,1806,2078,2245,1835
"TBCA",1294,1055,1120,1354,1191,1332,1512,1842,1492,1463,1701,1550
"NEUROD2",0,0,1,0,0,0,0,0,1,0,0,1
"MAP6",1,6,0,4,0,0,2,2,2,2,3,5
"OTP",0,0,0,0,0,0,0,0,1,1,0,0
"ECEL1",0,0,0,0,0,0,0,0,0,0,0,0
"BCL2L1",3644,3307,3402,3540,3158,3349,4576,3862,3885,3987,4310,3549
"FGG",0,0,0,0,0,0,0,0,0,0,0,0
"FGA",0,0,0,0,0,0,0,0,0,0,0,0
"OR2AT4",0,0,0,0,0,0,0,0,0,0,0,0
"FGB",0,1,0,0,0,0,0,0,0,0,0,0
"PLRG1",1542,1509,1540,1719,1575,1804,2090,1817,1702,1874,1904,1818
"ZNF584",294,261,240,327,306,298,366,285,312,314,338,280
"DSCAM",5,2,4,5,3,2,2,3,3,2,4,7
"DNAI2",0,0,0,0,0,0,0,0,0,1,1,0
"NMUR1",1,0,0,0,0,0,0,0,0,0,0,0
"CLSTN1",6436,6175,7019,6053,6081,7105,7653,6711,5832,6068,5904,5866
"CXXC5",51,58,65,81,69,89,75,90,89,70,67,71
"ZNF274",1210,1043,851,1305,1058,795,861,636,678,794,870,560
"PIK3CD",322,294,298,216,219,208,373,331,310,284,292,291
"PTCRA",0,0,0,0,0,1,1,0,0,0,0,0
"SLC25A33",279,281,254,339,347,319,357,355,322,310,337,325
"ENC1",3241,3456,4424,2138,2012,2061,4286,4012,3374,3529,3155,3780
"SPSB1",1351,1053,1159,1134,1130,1239,1705,1338,1289,1266,1420,1438
"P2RY6",6,3,4,7,9,11,7,3,5,4,4,2
"BPTF",1444,1341,1696,1267,1308,1689,1840,1392,1140,1231,1145,1632
"S100Z",0,0,0,0,0,0,0,0,0,0,0,0
"ZIK1",33,25,22,29,23,28,43,23,27,28,37,27
"GPR82",0,0,0,1,0,0,0,0,0,0,0,0
"GPR34",0,0,0,0,0,0,0,0,0,0,0,0
"PLEKHG5",1981,2031,2261,1390,1442,1699,2241,2355,1776,1817,1452,1880
"ATF7IP",1430,1367,1667,1235,1135,1158,1196,941,804,970,955,970
"LKAAEAR1",0,0,1,0,0,1,2,0,0,3,1,0
"RGS19",467,390,515,409,437,525,691,747,657,577,686,665
"TCEA2",715,666,855,605,654,768,1001,1462,1006,955,1044,961
"DEFB4A",0,0,0,0,0,0,0,0,0,0,0,0
"ANO5",17,26,14,10,17,19,16,14,11,13,10,14
"HDAC3",907,811,941,874,932,953,1209,1302,1161,1107,1184,1032
"SPATA46",0,0,0,0,0,0,0,0,0,0,0,0
"GPHN",223,230,255,245,248,245,254,221,221,260,262,264
"VAT1L",11,10,15,10,6,13,24,29,30,32,22,20
"TMEM51",633,539,567,476,447,509,953,829,846,770,827,820
"CAMTA1",568,486,548,692,621,780,733,899,723,680,809,744
"LGALS4",6,5,6,3,6,0,1,4,3,5,3,2
"LRRC34",43,41,42,34,36,33,58,41,46,33,62,35
"PAH",0,1,0,0,0,0,0,0,0,0,0,0
"AFG2B",371,277,247,361,357,285,418,390,366,358,407,346
"GATM",19,5,8,19,14,10,13,3,9,7,9,3
"SYCE1",0,0,0,0,0,0,0,0,0,0,0,0
"NXNL1",0,0,0,0,0,0,0,0,0,0,0,0
"RASGRP4",0,0,0,0,0,0,0,0,0,0,0,0
"NHLH1",13,8,5,7,5,9,10,7,6,13,15,4
"SLFNL1",5,8,5,6,8,5,7,4,4,2,2,1
"BCL2",25,12,10,17,27,27,17,20,28,11,31,25
"RHNO1",676,722,820,758,700,857,1076,1016,904,1008,1080,1019
"CTPS1",2067,1804,1738,2228,2138,2171,2777,2417,2392,2422,2315,2101
"UTF1",0,0,0,0,0,0,0,0,0,0,0,0
"KNDC1",0,0,2,1,0,0,0,1,0,0,0,1
"WDR87",0,1,1,1,2,1,2,0,2,1,0,0
"METTL18",190,153,124,168,173,199,197,185,182,199,197,186
"CFAP46",20,19,19,17,19,19,20,18,20,19,17,23
"COL8A2",27,33,48,35,39,36,45,38,35,32,38,38
"PWWP2B",499,434,462,429,394,366,538,443,481,472,522,444
"ZNF540",1,5,2,2,5,0,8,1,6,6,5,7
"ANGPTL7",0,0,0,0,0,0,1,0,0,0,0,0
"FBXL14",332,326,350,377,360,393,299,214,239,263,263,218
"EXOSC10",2874,2624,2703,2830,2564,2665,3634,2719,2550,3078,3065,2924
"ZNF570",122,97,95,99,90,111,93,102,90,115,124,136
"NINJ2",6,10,22,17,14,12,13,20,16,20,9,17
"MLLT3",107,114,142,137,146,152,150,141,157,141,140,133
"FAM90A1",0,1,1,2,0,0,0,0,1,2,0,1
"RRM2",3735,3240,3279,4562,4042,4155,4985,4014,4269,4407,4648,4300
"TRAPPC12",687,686,667,661,653,699,783,646,655,668,699,677
"IFNB1",22,15,6,18,19,8,13,6,9,15,27,4
"RPS21",4130,3445,3649,4005,3810,5083,4526,7904,5543,4737,6095,5317
"C3AR1",35,30,49,25,26,17,27,19,18,21,18,17
"MRM3",836,654,605,811,718,635,948,820,947,847,978,747
"PTEN",1632,1403,1733,1653,1564,1751,1842,1590,1643,1762,1742,1760
"RPS7",6092,5049,5363,6024,5803,6878,6938,9402,7687,6980,8228,7298
"PRND",0,0,1,0,0,1,0,3,0,0,0,1
"RNASEH1",974,912,919,1149,1064,1083,1137,947,966,1010,1018,997
"PRNP",4407,4023,4208,4934,4729,4944,5687,5070,5354,5143,5600,5205
"KLF17",0,0,0,0,0,0,0,0,0,0,0,0
"ADRA1D",24,13,12,27,22,32,21,12,14,24,16,15
"FRMD5",1260,1345,1477,1840,1839,2241,1835,1698,1447,1481,1536,1793
"AQP4",0,0,0,0,0,0,0,0,0,0,0,0
"CYP4F11",0,0,0,0,0,0,0,0,0,0,0,0
"TLN2",19,17,21,27,25,24,32,28,19,23,24,16
"LGALS9C",1,1,0,0,1,3,2,0,0,1,3,0
"TVP23B",562,523,456,787,754,813,671,541,569,672,639,483
"FBXW10",0,2,1,0,2,0,0,0,0,1,1,1
"OR10H3",0,0,0,0,1,0,0,0,0,0,0,0
"ZNF217",502,532,496,610,550,741,635,425,471,523,497,552
"OR10H2",0,0,0,0,0,0,0,0,0,0,0,0
"SRGAP2C",238,216,254,274,281,316,242,204,180,196,181,196
"OR52A5",0,0,0,0,0,0,0,0,0,0,0,0
"SCG2",5,4,0,6,2,2,8,2,2,3,1,0
"ATPAF2",335,332,373,356,370,387,374,362,341,344,384,370
"CYP4F22",0,0,0,0,0,0,0,0,0,0,0,0
"FOXB1",0,0,0,0,0,0,0,0,0,0,0,0
"PPIH",706,567,611,711,605,665,910,978,869,901,936,804
"DRC3",48,42,42,42,51,40,43,43,31,38,31,27
"ZNF57",72,82,64,70,56,48,92,64,62,80,69,81
"SHLD1",35,28,50,31,35,29,41,51,37,45,51,50
"JMJD1C",2040,2161,2058,2790,2487,2753,2247,1370,1381,1602,1561,1763
"LDHAL6B",0,1,0,1,1,2,0,0,0,0,0,0
"SYNPO",11076,9692,10697,11633,11314,12749,13493,9557,9616,10057,9528,9232
"ZNF556",0,0,0,1,1,0,0,1,0,0,0,0
"MAL",0,0,0,0,0,0,0,0,0,1,0,0
"ZNF554",56,50,56,49,67,49,67,67,57,53,64,56
"RAB33B",636,726,690,785,775,842,790,643,698,703,743,780
"THOP1",2748,2244,2517,2809,2416,2631,3219,2932,3035,3005,3248,2564
"REG3A",0,0,0,0,0,0,0,0,0,0,0,0
"GAP43",2,0,0,1,0,0,0,1,0,2,1,1
"REG1B",0,0,0,0,0,0,0,0,0,0,0,0
"EPHX4",180,189,232,157,192,202,231,328,248,194,215,279
"LAMB2",5997,5933,6265,5308,5532,5939,6742,6657,4852,5415,4515,4608
"USP19",1571,1511,1504,1458,1485,1513,1858,1608,1539,1668,1587,1436
"QARS1",1832,1675,2013,1668,1689,2095,2413,2911,2128,2267,2162,2258
"ORMDL3",638,551,646,771,776,765,847,809,777,802,837,674
"SERF1A",0,0,1,0,0,0,0,0,0,0,0,0
"KLF11",149,183,160,181,208,184,195,171,159,150,151,161
"LRRC15",1,2,1,3,2,2,3,1,2,2,2,3
"SMN1",96,84,84,113,89,114,109,112,86,107,118,108
"EIF2AK3",607,613,760,1246,1331,1733,787,621,584,694,643,737
"SPMIP9",0,3,0,1,2,2,0,0,1,1,0,1
"MOB3A",1057,974,1102,898,838,973,1212,1186,1021,1104,1061,959
"KRCC1",550,548,543,570,561,558,641,595,495,603,603,607
"NME6",725,680,764,691,653,756,807,734,706,768,792,669
"CYCS",3267,2880,2760,4211,4033,4333,3775,3870,3352,3666,4366,3705
"CD8B",0,0,0,0,0,0,0,0,0,0,0,0
"SLFN12",1037,944,1077,936,977,1015,1084,909,878,917,903,832
"CALB2",0,0,0,1,1,1,0,1,0,0,1,1
"SLC9C1",0,0,0,0,1,2,0,0,1,0,2,0
"OR1A1",0,0,0,0,0,0,0,1,0,0,0,0
"OR1A2",0,0,0,0,0,0,0,0,0,0,0,0
"OR8I2",0,0,0,0,0,0,0,0,0,0,0,0
"LCE1D",0,0,0,0,0,0,0,0,0,0,0,0
"CCL11",0,0,0,0,0,0,0,0,0,0,0,0
"FRMD3",209,225,303,222,246,270,206,174,206,203,175,195
"SNTB1",24,17,22,27,40,49,26,33,24,13,25,31
"MTBP",168,190,146,151,167,168,231,161,158,216,182,205
"TEFM",217,231,203,222,224,262,279,264,253,319,277,266
"MRPL13",818,731,845,933,873,869,1035,1251,1131,1051,1130,1029
"MALT1",245,209,241,299,257,275,313,230,211,256,231,228
"PRL",0,0,0,0,0,0,0,0,0,0,0,0
"ISG20",2839,2107,1305,2842,2174,1225,2130,860,1165,1945,2764,690
"OR4C11",0,0,0,0,0,0,0,0,0,0,0,0
"MBOAT1",95,80,105,84,88,71,153,129,112,125,111,86
"OR8U1",0,0,0,0,0,0,0,0,0,0,0,0
"ID4",5,1,1,2,0,3,2,1,0,2,1,1
"OR4X2",0,0,0,0,0,0,0,0,0,0,0,0
"GPR22",0,0,0,0,1,0,0,0,1,0,0,0
"CXCR6",0,0,0,0,0,0,0,0,0,0,0,0
"CEBPB",821,747,474,1196,889,741,709,449,653,746,907,428
"AZU1",2,4,2,0,0,2,0,0,0,1,1,0
"TPSAB1",0,0,0,0,0,0,0,0,0,0,0,0
"ATOH1",0,0,0,0,0,0,0,0,0,0,0,0
"PAIP1",1319,1164,1303,1311,1338,1524,1720,1504,1496,1479,1758,1444
"CLEC7A",1,1,0,0,0,0,0,0,1,2,1,0
"C5orf34",134,133,123,128,124,118,185,157,121,191,195,167
"C1QTNF4",14,6,8,14,7,8,11,27,16,14,15,10
"NEGR1",321,300,358,341,309,397,503,502,408,407,444,535
"ZNF131",747,659,662,745,735,763,774,613,691,702,681,737
"MACROD2",2,5,1,4,1,0,1,2,5,6,0,4
"DPAGT1",912,800,852,977,966,1069,1101,981,860,945,863,785
"BSG",15147,13201,14910,15687,15344,17419,15808,14901,13713,14167,16188,14087
"HINFP",768,725,757,728,641,628,828,857,714,959,910,690
"CDY1",0,0,0,0,0,0,0,0,0,0,0,0
"OR10V1",0,0,0,0,0,0,0,0,0,0,0,0
"CERS6",495,491,498,593,557,643,789,460,535,521,509,658
"SPTLC3",31,34,35,27,29,30,28,34,22,32,29,20
"COPRS",811,677,755,847,824,925,980,1082,1031,938,1091,901
"TP53RK",637,566,509,768,690,694,843,818,823,811,854,778
"B3GALT1",1,1,1,0,1,1,1,1,1,2,2,1
"OR5A1",0,0,0,0,0,0,0,0,0,0,0,0
"CLEC12A",0,0,0,0,0,0,0,0,0,0,0,0
"OR5A2",0,0,0,0,0,0,0,0,0,0,0,0
"BPGM",1003,811,751,922,794,795,987,830,901,930,1016,799
"POP7",650,541,566,816,692,704,907,877,939,891,1032,805
"ALG14",96,82,108,120,126,144,153,153,112,110,150,147
"SUCLG2",712,680,776,766,689,790,858,750,712,790,820,757
"STARD5",27,19,13,30,48,42,30,25,23,20,21,22
"CSDC2",0,0,0,1,0,0,0,1,1,0,0,0
"RCAN2",5,8,4,4,3,10,5,3,5,4,7,9
"IL16",54,72,57,57,71,63,69,39,53,61,51,49
"ABCG4",19,18,18,15,25,24,19,29,17,12,10,23
"CDY1B",0,0,0,0,0,0,0,0,0,0,0,0
"GNB2",6914,6296,6691,7260,6969,8293,8393,8537,7203,7626,8987,7536
"CFAP53",8,6,8,7,7,6,8,5,7,8,7,5
"OR5B12",0,0,0,0,0,0,2,0,0,0,0,0
"OR5B2",0,1,0,1,0,0,0,0,0,0,1,0
"MCRIP2",329,257,297,288,304,270,358,394,332,333,348,314
"NHERF4",0,1,0,0,0,0,0,0,0,0,0,0
"C2CD2L",660,554,555,837,880,916,788,709,668,653,655,566
"OR9I1",0,0,0,0,0,0,0,0,0,0,0,0
"ARNT2",4,6,8,13,6,5,9,10,6,4,5,7
"GNG12",6880,7065,8220,6967,6693,7981,10512,8325,8265,8791,8852,10117
"PRSS27",10,5,6,5,8,5,8,9,7,6,5,2
"MYOZ2",5,4,2,7,6,3,0,3,0,0,2,3
"SYNPO2",32,25,34,27,29,17,27,30,12,27,26,17
"DNAJB7",0,0,0,0,0,0,0,0,0,0,0,0
"CLP1",969,801,790,946,885,845,1115,1023,1082,1165,1223,884
"INSL5",0,0,1,0,0,0,0,0,1,0,0,0
"EFCAB3",0,0,0,0,0,0,0,1,0,0,0,1
"TTC36",4,1,8,7,1,1,6,5,4,2,1,4
"RSPH9",6,5,3,5,6,9,3,5,10,6,9,10
"COPS9",806,722,678,770,751,869,821,1348,967,817,1034,864
"GTPBP2",1949,1831,1833,1956,2069,2101,2219,1879,1634,1908,1904,1578
"FGGY",96,90,109,104,117,101,124,152,116,142,134,112
"OR9G4",0,0,0,0,0,0,0,0,0,0,0,0
"IL17D",275,212,253,275,234,266,267,320,275,311,321,314
"OR5AR1",0,0,0,0,0,0,0,0,0,0,0,0
"FUT9",1,0,0,0,0,0,0,0,0,0,0,0
"OR5AP2",0,0,0,0,0,0,0,0,0,0,0,0
"TCEAL1",325,274,314,436,384,415,366,422,328,387,398,391
"ZNF24",1475,1596,1641,1746,1665,1681,2090,1468,1617,1603,1583,1751
"HSFY1",0,0,0,0,0,0,0,0,0,0,0,0
"MANEA",320,331,344,404,350,356,360,239,258,338,303,365
"RAB40A",1,4,4,2,0,0,2,3,3,3,1,5
"MAB21L4",0,0,0,0,0,0,1,0,0,0,0,0
"AGXT",0,0,0,0,0,0,0,0,0,1,1,0
"OR8J1",0,0,0,0,0,0,0,0,0,0,0,0
"OR5T3",0,0,0,0,0,0,0,0,0,0,0,0
"AFF1",1550,1474,1794,1297,1233,1524,1916,1498,1203,1309,1199,1550
"ACOT12",0,0,0,0,0,0,0,0,0,0,0,0
"FIBP",1612,1416,1634,1658,1602,1766,2057,2259,2002,1923,1933,1834
"CARNS1",3,1,4,3,3,3,2,1,1,0,0,1
"OR10H5",0,0,0,0,0,0,0,0,0,0,0,0
"BANP",499,424,428,497,398,417,553,512,438,503,545,426
"PPP1CA",5809,4879,5467,5660,5500,6338,7221,7838,7213,6999,7548,6600
"HCFC1",2589,2405,2733,2340,2254,2504,2994,2408,2142,2238,1959,2244
"FAM170B",0,0,0,0,0,0,0,0,0,0,0,0
"CTSW",3,3,1,0,4,2,2,0,0,1,0,0
"NIPAL4",1,0,1,1,0,0,0,0,1,0,0,0
"MUCL1",0,0,0,0,0,0,0,0,0,0,0,0
"SNTG2",0,0,0,0,0,0,0,0,0,1,0,0
"FNDC9",0,0,0,0,0,0,0,0,0,0,0,0
"PDE3A",305,285,398,308,339,484,1018,726,699,626,619,766
"RASGRP1",2,6,5,4,4,13,9,4,5,0,6,5
"KLHL6",383,344,425,333,353,405,311,266,251,250,243,259
"CHCHD1",607,578,513,612,617,649,751,984,826,747,848,744
"MRPL52",1432,1141,1172,1302,1293,1445,1496,2143,1633,1459,1734,1498
"SMPDL3A",37,30,41,37,48,48,52,71,59,70,76,50
"RND1",283,193,159,577,498,571,110,80,70,155,174,116
"RAD9A",704,659,541,901,991,945,618,638,539,618,612,451
"EFEMP2",1432,1292,1497,1488,1300,1518,1767,1802,1529,1597,1739,1522
"OR10AD1",0,0,0,0,0,0,0,0,0,0,0,0
"AGAP5",22,16,16,9,16,5,15,7,9,23,15,10
"WASHC2C",1563,1440,1488,1452,1450,1372,1672,1388,1369,1442,1335,1262
"TMEM134",375,344,353,303,281,391,413,581,395,425,421,413
"ZMAT3",1164,1251,1288,1181,1121,1287,1222,1134,974,1010,968,1258
"ZFAND4",56,73,84,70,59,60,85,64,65,72,76,66
"THEMIS",0,0,0,0,1,0,0,0,1,0,0,0
"MOS",0,0,0,0,0,0,0,0,0,0,0,0
"ZNF738",114,144,130,113,107,107,161,162,150,143,135,134
"MS4A10",0,0,0,0,0,0,1,0,0,0,0,0
"SLFN11",3367,3260,3594,7037,7444,8782,3736,2575,2606,2898,2790,2631
"GARIN2",1,0,3,2,0,1,3,2,0,1,4,2
"CCL19",0,0,0,0,0,0,0,0,0,0,0,0
"CORO1B",3182,2992,3551,3087,3244,3877,4308,4837,3955,3907,4261,3941
"FUT10",150,159,177,184,168,196,185,172,163,158,201,189
"LRRC20",510,449,467,418,378,378,573,537,557,535,554,557
"MUS81",1060,984,1113,1023,1009,1067,1232,1442,1138,1177,1209,1179
"PURG",39,44,46,22,12,38,49,56,54,40,35,48
"TMEM217",402,404,332,496,432,406,500,364,375,429,538,392
"OR4D9",0,0,0,0,0,0,0,0,0,0,0,0
"ZNF596",112,77,71,88,83,65,98,69,74,97,79,74
"COL6A5",0,0,0,1,0,1,1,1,1,0,0,1
"CFL1",39793,34380,37261,39113,37130,40741,46158,47733,43717,43978,47953,40350
"TMCC1",736,715,817,676,576,712,922,800,801,877,812,844
"NAA16",411,386,430,422,342,402,540,497,453,444,391,452
"OR5B3",0,0,0,0,0,0,0,0,0,0,0,0
"EFCAB12",3,6,4,8,5,2,7,5,4,4,5,0
"OR10W1",0,0,0,0,0,0,0,0,0,0,0,0
"PSME3IP1",1677,1416,1635,1637,1546,1703,2062,1872,1710,1838,2051,1752
"RAB43",165,145,162,152,137,182,191,141,146,169,159,166
"FADS6",0,0,0,0,1,2,1,0,0,2,1,0
"ZNG1A",333,340,324,312,317,367,370,383,368,339,436,384
"HOXC5",0,0,0,0,0,0,0,0,0,0,1,1
"RAB37",6,2,5,8,3,0,2,2,3,4,2,2
"DCP2",849,807,962,844,802,959,1389,1295,1070,1152,1223,1299
"SNX32",8,9,10,8,6,9,2,12,8,8,13,9
"RPL38",5422,4563,4798,5537,5243,5887,6415,8876,6325,6256,8077,6409
"CYP7B1",0,0,0,0,0,0,0,0,0,0,0,0
"OVOL1",2,0,0,0,0,1,0,0,0,0,0,0
"RARG",133,115,177,287,270,276,142,130,125,141,126,129
"CES4A",30,27,34,14,22,26,46,39,31,29,19,19
"CES3",10,6,4,11,6,1,2,4,6,12,5,3
"SSH3",684,707,823,538,578,627,797,829,641,692,637,655
"CES2",1645,1517,1616,1660,1561,1600,1768,1514,1423,1604,1723,1376
"PDP2",290,280,294,269,271,267,405,342,279,255,324,343
"SP3",1349,1274,1424,1341,1177,1347,1767,1370,1383,1507,1484,1536
"KRT2",0,0,0,1,0,0,0,0,0,0,0,1
"DMXL1",581,542,571,577,551,712,679,476,451,473,413,490
"METAP1D",141,117,135,125,96,113,132,126,112,156,121,155
"ZNF621",698,727,805,763,765,785,840,612,611,671,583,653
"EGFL7",34224,27650,31176,33001,30741,32415,34537,37204,34274,31991,37031,29123
"NADSYN1",3799,3535,3889,3459,3356,3686,4328,4245,3642,3778,3542,3335
"DHCR7",3608,3326,4296,3100,3226,3653,4606,4699,3913,4157,4038,4357
"LVRN",1,2,3,2,2,1,1,0,3,0,0,0
"NBEA",86,85,102,72,94,120,113,80,84,97,79,82
"RNASEH2C",1823,1561,1681,1876,1724,1948,2270,2589,2223,2044,2396,1930
"MYEOV",152,168,122,273,207,170,141,87,137,128,149,87
"ANKRD13D",860,744,804,844,894,975,950,1012,833,851,853,734
"MRGPRF",0,0,0,0,0,1,0,0,0,0,0,0
"MYD88",3324,2958,3058,3054,3177,2763,2822,1673,1852,2301,2607,1714
"MRGPRD",0,0,0,0,0,0,0,0,0,0,0,0
"OXSR1",1411,1427,1564,1600,1575,1738,1313,1065,1110,1066,1079,1156
"SLC22A13",6,5,2,2,4,5,2,1,4,1,3,0
"PHF8",770,717,773,839,747,790,896,675,679,750,628,640
"LCLAT1",173,189,196,258,252,263,235,155,189,201,198,182
"ADH6",0,0,0,0,0,0,0,0,0,0,0,0
"XKR3",0,0,0,0,0,0,0,0,0,0,0,0
"FRG2C",0,0,0,0,0,0,0,0,0,0,0,0
"KAT5",1100,962,1129,1115,1164,1211,1502,1492,1286,1423,1573,1323
"SH3RF3",948,797,824,835,754,885,1486,1003,1014,945,960,971
"GXYLT2",1,0,0,0,1,1,0,2,2,0,2,0
"HPSE2",1,0,0,0,0,0,0,1,0,1,0,0
"DCAKD",396,332,367,308,343,381,512,515,464,485,462,433
"ARPP21",0,2,2,5,3,6,1,1,0,1,1,1
"TADA2B",705,574,655,757,727,801,1199,990,1006,1054,1055,967
"CFAP184",78,51,70,71,72,63,82,65,76,72,80,63
"GRK2",2727,2626,3002,2535,2437,2722,3555,3536,3108,3096,3156,3126
"RELA",5896,5372,5248,6173,5722,5924,6307,5099,5131,5644,5658,4947
"EVC2",409,397,344,415,338,306,434,308,333,386,357,264
"ZNF680",172,173,148,191,168,187,259,199,194,257,227,242
"HECTD4",1360,1313,1472,1451,1367,1482,1499,865,897,951,814,1040
"FAM222B",1187,1141,1203,1227,1060,1149,1239,921,890,1028,975,982
"BNC2",625,519,592,684,650,817,1022,717,716,690,677,753
"RXFP4",0,0,0,0,0,0,2,2,0,0,0,0
"HPSE",898,763,740,886,839,725,1181,722,755,902,990,686
"COQ2",621,536,606,677,644,706,843,850,722,759,873,749
"CCDC63",0,0,0,0,0,0,0,0,0,0,0,0
"HSPA6",10,1,14,12,5,6,20,7,14,7,15,11
"TRMT112",1933,1545,1671,1891,1807,2092,2933,3542,3181,2848,3358,2638
"LRRN3",7,13,3,8,6,1,5,0,2,8,4,2
"KDM2A",5848,5471,5526,5856,5462,5451,5606,4082,4059,4430,4148,3866
"ACSM6",0,0,0,0,0,0,0,0,0,0,0,0
"ADCK5",204,145,179,176,175,172,268,323,236,236,243,200
"MRPL57",904,756,758,1007,834,941,1146,1259,1110,1073,1217,1086
"NOC3L",849,792,627,864,770,591,880,644,709,788,783,640
"ESRRA",1496,1253,1422,1652,1584,1693,1744,1640,1583,1562,1699,1472
"RHOD",140,111,133,125,145,166,163,237,202,147,205,194
"ADAMTS20",2,0,0,0,0,0,0,1,0,0,0,0
"COMMD1",355,284,315,365,330,341,420,487,392,353,477,354
"RAPH1",821,769,745,950,855,863,855,420,509,528,582,542
"MTX1",416,327,341,403,352,431,422,510,372,480,458,388
"ADCY5",0,0,0,1,0,0,0,0,0,0,0,0
"PARP14",8132,7806,8299,6846,6756,5703,8121,3206,3530,5330,5521,3465
"CYSLTR1",0,0,0,0,0,0,0,0,0,0,0,0
"PARP15",74,72,80,42,44,33,50,32,31,43,45,33
"CKS1B",946,869,863,978,981,1005,1376,1656,1447,1260,1584,1304
"ABCD2",0,0,0,0,0,0,0,0,0,0,0,0
"ABLIM3",1688,1465,1605,1615,1470,1535,1835,1511,1448,1413,1455,1374
"MAB21L3",0,0,0,0,0,0,0,0,0,0,0,0
"TUBB8B",0,0,0,0,0,0,1,1,0,0,0,0
"MFSD4B",144,125,148,153,125,152,163,164,156,140,119,148
"VANGL1",814,786,937,804,794,939,1046,787,771,733,822,884
"GLRX",278,258,236,626,544,632,315,310,257,302,374,275
"IQCB1",621,582,561,723,687,723,591,511,458,518,501,518
"SYT12",0,2,2,3,2,1,0,0,0,0,0,0
"GOLGB1",1710,1682,2108,2097,2055,2530,2089,1513,1229,1250,1219,1465
"C11orf86",0,0,0,0,0,0,1,0,0,0,0,0
"LIPM",0,0,0,0,0,0,0,0,0,0,0,0
"GPR151",0,0,0,0,0,0,0,1,0,0,0,0
"DMRT2",1,0,0,0,0,0,0,0,0,0,0,0
"ZNF483",5,4,4,7,6,4,16,5,6,7,11,9
"PLAC8L1",12,9,13,16,8,4,10,14,7,18,7,7
"SLC2A14",0,0,0,1,0,0,0,0,1,0,0,0
"GPR137",536,485,502,552,516,534,709,776,662,619,653,531
"SNCG",642,557,648,628,661,672,809,1008,735,639,825,679
"MMRN2",9070,8327,9614,9592,9711,11020,9942,7871,7626,7874,7807,7748
"MZT2A",854,741,806,842,773,914,977,1447,1092,918,1171,915
"TNKS",980,1002,1107,999,913,957,1118,807,745,816,818,875
"ZNF449",176,190,220,151,170,202,237,218,183,166,159,178
"ZBTB21",548,522,509,683,672,650,717,427,451,549,514,537
"PPP1R3B",2367,2205,2473,1597,1445,1724,3414,2790,2642,2631,2671,2946
"OR10K1",0,0,0,0,0,0,0,0,0,0,0,0
"GPR148",0,0,0,0,0,0,0,0,0,0,0,0
"STOX2",0,1,1,9,9,22,0,2,1,0,0,0
"MAP3K11",11011,10122,11458,11348,11496,12895,11657,10821,10152,10149,10455,9670
"TRIB1",914,790,675,1366,1176,1157,1112,720,860,871,890,823
"CST9",0,0,0,0,0,0,0,0,0,0,0,0
"KCNK7",30,24,45,31,32,40,21,22,21,29,26,11
"SFT2D3",145,123,182,178,164,143,227,266,246,224,228,229
"C1QB",0,0,0,0,0,0,0,0,0,0,0,0
"C1QA",0,0,0,0,0,0,0,0,0,0,0,0
"NDNF",0,0,0,0,0,0,0,0,1,0,0,0
"IQCF1",2,3,2,0,2,0,2,0,1,1,1,0
"OLR1",0,0,0,0,0,0,0,0,0,0,0,0
"GLIPR1L1",0,0,0,0,0,0,0,0,0,0,0,0
"DAG1",3488,3259,3761,3425,3334,3916,3623,2625,2503,2772,2885,2925
"INSM1",0,0,0,0,0,0,0,0,0,0,0,0
"DAB1",0,0,0,0,0,0,0,0,0,0,0,1
"ARV1",246,241,278,299,299,332,348,314,328,340,385,333
"NAA20",1571,1313,1324,1592,1470,1593,1903,1904,1766,1890,2040,1811
"IHO1",32,34,52,35,32,41,39,38,37,36,26,30
"RNASE8",0,0,0,0,0,0,0,0,0,0,0,0
"SAA1",0,1,0,0,1,0,0,0,0,0,0,0
"MICOS10",1084,791,833,1040,935,1003,1101,1601,1305,1182,1388,1210
"EHBP1L1",924,867,942,796,863,951,1280,1372,1036,991,906,921
"THAP2",201,200,118,206,154,129,166,142,120,165,200,124
"TMEM196",0,0,0,0,0,0,0,0,0,0,0,0
"RNF26",2118,1857,2206,2234,2167,2476,2715,2252,2324,2432,2492,2088
"PPP1R14B",6239,5478,6041,7104,6541,7640,7793,9754,8119,7452,9297,7721
"RNASE11",0,0,0,0,0,0,0,0,0,0,0,0
"ZNRD2",862,659,718,848,784,812,895,948,874,883,985,800
"AGR3",0,0,0,0,0,0,0,0,0,0,0,0
"SMARCC1",3870,3804,4346,4105,3818,4509,5353,4273,4167,4132,4063,4460
"ZNF417",112,148,150,160,149,126,134,128,102,118,90,99
"PTPRM",1607,1773,2072,1733,1820,2248,1800,1531,1270,1401,1195,1578
"FKBP2",111,86,91,118,119,110,147,196,137,136,156,129
"VEGFB",1382,1255,1291,1393,1349,1668,1622,1890,1637,1565,1675,1464
"PEAK1",2748,2545,3216,4219,4211,5338,3020,1793,1727,1673,1699,2150
"TNFRSF10D",3094,2717,2084,3006,2392,1854,1948,1535,1776,2073,2082,1632
"MST1",65,72,71,29,48,39,94,123,61,83,44,55
"TNFRSF10C",1068,1069,1209,1082,947,1081,1266,913,976,1001,863,1045
"GMPPB",1543,1484,1540,2931,2964,3580,1919,1751,1689,1741,1673,1458
"MOB1B",584,627,698,606,564,712,813,672,614,618,572,664
"ZNF622",1150,940,776,1236,1188,1039,1397,1175,1174,1272,1520,1006
"CSPG4",1,1,0,54,50,97,1,1,0,1,3,0
"SNX33",544,529,647,718,795,934,832,665,607,622,611,640
"CIMIP2C",0,1,1,0,1,1,0,0,0,0,0,1
"NABP1",1385,1416,1266,1275,1170,932,1581,1231,1106,1212,1249,1014
"ADGRF3",9,14,12,9,11,6,10,14,3,8,3,4
"NLRP13",0,0,0,0,0,0,0,0,0,0,0,0
"CHD2",5864,5380,5467,6106,5531,5428,5582,4034,3945,4490,4263,4067
"XCR1",0,0,0,0,0,0,0,0,0,0,0,0
"CCDC106",401,315,407,377,413,453,490,534,460,451,479,379
"CCR9",0,0,0,0,0,0,0,0,0,0,0,0
"CEP83",171,195,178,203,176,182,219,195,159,241,223,175
"SULT1B1",1742,1645,1817,2122,1992,2262,2498,1963,1837,1933,1965,2314
"NUDT4",3064,3093,3572,2518,2417,2866,4425,4588,4046,4114,3966,4562
"PC",260,256,307,305,351,389,345,334,284,276,280,303
"UGT2A1",0,0,2,1,0,0,3,2,0,1,0,0
"SCAI",71,68,113,73,76,81,101,104,80,71,106,95
"GPRC6A",0,0,0,0,0,0,0,0,0,0,0,0
"NMNAT1",302,276,291,292,283,342,315,330,280,323,247,299
"LRFN4",1258,1123,1220,1336,1257,1404,1737,1696,1586,1469,1626,1447
"TRAPPC3L",12,16,12,8,19,8,11,9,12,17,20,15
"APOBEC4",0,0,0,0,0,0,0,0,0,0,0,0
"SLC19A1",857,732,727,707,692,641,1192,1034,994,1059,1030,877
"HSPB7",0,0,0,0,0,0,0,1,0,1,0,0
"RCE1",780,636,721,873,856,912,977,938,1026,894,1054,886
"UQCRH",2040,1675,1755,2034,1995,2287,2390,3120,2511,2277,2720,2383
"TAS1R1",0,1,0,0,0,0,0,0,1,0,0,0
"HES3",0,0,0,0,0,0,0,0,0,0,0,1
"EIF1AX",1588,1386,1372,1637,1523,1709,1866,1827,1743,1793,1948,1905
"SPDYE2B",0,0,0,0,0,0,0,0,0,0,0,0
"OR1L1",0,0,0,0,0,0,0,0,0,0,0,0
"BCLAF3",126,146,151,107,109,117,157,121,134,138,115,121
"PSMD1",5309,4940,5239,5386,5058,5282,6656,5823,5442,5415,5620,5192
"ADGRG2",0,0,0,0,1,0,0,1,0,0,0,0
"SPATA3",0,0,0,0,0,0,0,0,0,0,0,0
"MUC13",0,0,0,0,0,0,0,0,0,0,2,0
"SUSD5",1204,1114,1390,1336,1299,1629,1503,1453,1349,1375,1340,1515
"HEG1",2828,2556,3072,3203,3248,4094,4366,2744,2651,2607,2689,3108
"WFIKKN2",3,0,2,3,0,0,2,0,1,1,1,0
"TOP6BL",545,471,576,588,575,646,608,664,517,575,682,620
"TOMM20",2145,1978,2275,2526,2390,2946,3698,3813,3292,3513,3549,3707
"SPMIP3",0,0,0,0,0,0,0,0,0,0,0,0
"AGFG1",1998,1868,1943,2344,2099,2287,2235,1668,1700,1934,1861,1954
"STAT5B",1555,1505,1644,1860,1816,2109,2185,1831,1607,1662,1745,1791
"CD7",5,10,4,7,3,1,8,4,3,8,4,3
"TOPAZ1",0,0,0,0,0,0,0,0,0,0,0,0
"CNP",6706,5814,5838,6017,5713,5168,7381,5174,5034,6474,7733,4497
"JUP",5192,4581,6136,5225,5822,8138,7281,7950,5797,5837,5773,6505
"HAP1",14,12,8,21,20,5,11,7,8,7,10,7
"TDRD12",3,8,0,1,1,2,2,0,0,0,0,1
"EIF1",12079,10385,10094,14023,12953,14187,12990,12985,12027,12432,14220,11564
"ENDOV",297,253,312,303,266,311,401,536,438,346,412,371
"RNF213",20292,16951,16926,16938,16163,13314,18357,6260,7915,10655,11469,7434
"TIGD3",12,14,17,19,16,5,14,16,19,16,19,9
"KCNH6",0,0,1,0,2,0,0,0,1,0,1,2
"MARCHF10",0,0,0,0,0,1,0,0,0,0,0,0
"PLK3",1925,1609,1428,1880,1795,1649,1951,1905,1720,1778,1888,1513
"NET1",933,843,872,1097,992,1010,1202,989,1000,1151,1214,1039
"DPY19L1",1693,1681,1962,1685,1578,2120,2360,1912,1862,2012,2064,2262
"PHOSPHO1",1,0,3,4,3,3,0,5,3,1,4,0
"ZNF791",493,445,465,544,554,645,527,537,409,464,442,481
"PHC3",755,763,775,758,694,763,696,431,422,510,460,462
"GPR160",30,39,34,18,28,32,37,48,41,46,47,59
"CBX2",664,578,644,522,518,501,906,711,794,709,738,684
"SPTBN2",820,762,852,778,718,848,918,786,830,733,658,802
"GOLIM4",1622,1601,1803,2045,1976,2533,2397,1985,1972,1918,1808,2111
"KRT28",0,0,0,0,0,0,0,0,0,0,0,0
"RBM4B",508,508,476,454,460,546,640,656,576,573,584,595
"ATP5MK",1381,1084,1152,1330,1265,1473,1415,2149,1514,1455,1788,1442
"HOXB2",548,523,522,612,621,786,821,851,791,673,787,654
"C1QTNF1",42,45,59,39,40,28,75,62,54,46,65,59
"MARCHF3",1486,1213,1275,1379,1215,1273,1737,1472,1527,1451,1614,1426
"SWSAP1",76,75,86,76,79,93,122,124,86,101,139,104
"SLCO4C1",2,0,0,0,1,1,1,0,0,1,2,0
"RBM4",908,876,961,987,890,880,986,943,939,972,974,953
"CIMAP3",1,1,4,1,3,2,1,9,7,4,4,3
"XXYLT1",1649,1565,1945,1508,1530,1768,2288,2008,1821,1967,2046,1926
"UBXN2A",712,703,659,669,669,705,969,966,864,845,919,975
"RAX2",0,0,0,0,0,0,0,0,0,0,0,0
"LRRC63",1,2,1,0,0,1,1,2,0,3,3,0
"TCAP",31,29,21,36,20,26,36,40,36,35,35,23
"CCS",565,465,516,515,470,521,617,926,598,538,634,552
"NRROS",188,160,264,227,209,217,146,112,116,123,132,131
"CEP19",44,54,62,38,41,68,58,88,59,60,63,73
"KLHL15",258,269,222,308,249,223,307,206,230,264,245,203
"FBXO45",673,595,525,691,659,585,926,643,748,696,806,752
"CBY2",0,0,0,0,0,0,0,0,0,0,0,0
"TENT5D",0,0,0,0,0,0,0,0,0,0,0,0
"GNG5",1774,1627,1523,1796,1732,1996,1862,1773,1639,1829,2149,1768
"SLC25A30",769,759,896,670,629,653,918,742,714,894,791,845
"SPATA31G1",0,0,0,0,0,0,0,0,0,0,0,0
"CD34",1274,1496,2193,1097,1182,2060,1826,2306,1665,1680,1629,2118
"CTSF",204,165,221,168,210,224,296,347,299,333,256,257
"MSRB3",1040,959,1223,959,951,1315,2247,1841,1761,1853,2013,2131
"LEMD3",676,656,711,736,749,767,777,611,598,706,668,699
"UQCC4",431,303,282,445,429,364,408,437,399,447,490,360
"TLR10",0,0,0,0,0,0,1,0,0,0,0,0
"TLR1",76,75,88,52,66,55,113,72,67,66,72,84
"TLR6",102,83,136,86,89,91,138,105,104,116,107,109
"FAM174A",211,202,227,294,285,356,295,362,258,263,326,286
"RGMB",1882,1743,1676,2160,1908,1831,2746,1881,2052,2157,2176,1922
"FAM53A",50,37,41,38,25,38,56,55,43,39,53,50
"NWD2",0,0,0,0,0,0,0,0,0,0,0,0
"CYB561D1",252,254,308,268,286,331,344,333,297,290,293,258
"GSTA3",0,0,0,0,0,0,0,0,0,0,0,0
"ZDHHC24",573,465,588,568,537,631,714,773,686,718,740,650
"TRMT10C",942,836,854,989,896,823,1190,1113,1024,1187,1286,1106
"SELP",80,86,128,61,60,119,96,102,87,77,89,116
"CTU2",563,487,509,593,584,582,787,790,696,725,808,608
"MGA",807,742,922,898,818,1062,1101,650,712,660,636,804
"KICS2",82,75,88,103,89,68,116,66,96,95,91,73
"ARL13A",0,2,1,1,1,0,0,0,0,1,0,0
"SNX31",2,3,0,3,1,0,1,0,1,4,2,0
"PIGG",1488,1396,1512,1392,1407,1326,1694,1377,1326,1374,1296,1171
"PRPF8",8682,8328,9278,9007,8609,9693,10888,7840,6812,7538,6950,8017
"ADCY6",982,912,1023,1063,1066,1248,1228,1151,1000,994,896,1019
"REP15",30,37,34,25,27,24,25,40,22,28,39,34
"PITPNA",4009,3768,4300,4631,4513,5238,5225,4552,4217,4192,4378,4354
"DDX23",3699,3361,3522,3504,3390,3670,4429,3948,3691,3920,3996,3593
"ZNF80",0,0,0,1,0,0,0,0,0,0,0,0
"ZNHIT2",374,330,311,425,377,315,489,433,468,436,553,338
"EVX2",0,0,0,0,0,0,0,0,0,0,0,0
"ZBTB4",1482,1435,1589,1437,1253,1510,1327,991,1001,1089,1004,1065
"TNK1",4,1,2,2,4,2,2,1,3,0,3,3
"ZHX3",323,321,370,432,415,486,450,311,356,329,303,357
"PHLDA3",3107,2730,2778,2804,2565,2747,3126,3514,3500,3185,3521,2862
"SLC16A11",1,1,1,1,0,3,1,4,1,0,6,0
"SLC16A13",149,181,177,121,159,176,201,224,171,201,168,172
"GLIS1",0,0,0,0,0,0,1,0,0,0,1,0
"OR2Y1",0,0,0,0,0,0,0,0,0,0,0,0
"CHRNA9",0,0,0,0,0,0,0,0,0,0,0,0
"PODN",22,26,43,26,28,40,44,31,18,28,30,38
"SLC6A19",0,1,0,0,1,0,0,0,1,0,1,0
"EXO1",175,146,167,200,189,168,237,140,179,193,191,147
"RALGAPA1",278,286,334,323,342,386,304,201,218,213,212,254
"LIG4",570,630,512,742,654,704,781,600,593,622,643,595
"TRHR",0,0,0,0,0,0,0,0,0,0,0,0
"GTF2IRD2B",87,96,92,89,99,124,92,108,99,104,109,106
"ABRA",0,0,0,0,2,1,0,0,0,0,0,0
"ATP2A2",8111,7619,8119,14058,14525,18088,8988,6516,6686,6818,6436,7113
"ZWILCH",1384,1249,1339,1452,1483,1559,1736,1361,1411,1481,1611,1557
"RPL4",22923,20345,23554,24899,23526,27633,28540,31841,27591,27509,31210,28364
"SNAPC5",499,392,413,520,482,486,492,495,460,519,545,435
"STARD6",4,0,3,0,2,6,2,3,3,2,5,4
"GOLGA6L2",0,0,0,0,0,0,0,0,0,1,0,0
"VWC2L",0,0,0,0,0,0,0,0,0,0,0,0
"C12orf76",149,139,168,135,139,147,194,204,180,171,195,157
"ZCCHC12",2,1,0,3,7,11,1,4,5,7,4,6
"CNTNAP2",0,0,0,0,0,0,0,0,0,0,0,0
"GALNTL6",1,1,0,0,1,1,1,1,1,1,3,1
"LINGO2",0,0,1,0,1,0,1,1,1,2,0,0
"BBS1",69,57,65,63,55,57,63,95,54,52,51,54
"DENND4A",1094,1040,1141,1214,1050,1265,1446,953,1005,1016,967,1215
"IGDCC3",0,0,0,0,0,0,0,0,0,0,1,0
"GCSAM",0,0,0,0,0,0,0,0,0,0,1,0
"ANKRD36C",178,164,151,159,155,152,159,129,147,136,124,144
"SLC26A9",2,5,6,2,4,2,3,5,1,5,3,5
"MFSD4A",25,21,28,23,19,26,24,21,15,22,10,19
"PELI3",98,66,87,105,81,105,116,87,87,82,89,95
"TTC9B",5,0,0,4,4,1,4,0,0,2,5,1
"MYO1H",0,0,0,0,0,0,0,0,0,0,0,0
"TMEM81",47,28,26,35,22,28,32,56,35,31,41,39
"MRPL11",1317,1128,1288,1371,1320,1514,1657,2148,1667,1591,2017,1599
"KLK15",0,0,0,0,0,0,0,0,0,0,0,0
"IL20RB",47,46,28,29,30,27,24,20,22,26,28,21
"GOLT1A",2,4,2,1,2,5,3,1,1,3,3,1
"AKIRIN1",1444,1422,1459,1735,1644,1750,1843,1540,1495,1588,1711,1532
"NPAS4",0,0,0,0,1,0,0,0,0,0,0,0
"MSL2",492,500,495,559,483,549,708,561,526,532,542,524
"ZNF497",7,6,6,2,7,6,9,13,8,5,12,6
"TRAM1L1",30,50,34,40,37,38,53,45,51,52,63,51
"CMKLR1",8,9,2,7,13,18,6,5,5,4,2,5
"ANGEL2",457,425,458,375,380,423,564,450,430,526,475,485
"UGT8",1,0,0,1,0,1,0,1,0,0,2,1
"KY",1,0,0,0,0,0,0,1,0,0,0,0
"IQCK",90,94,121,138,115,128,146,168,117,158,167,175
"SLCO2A1",67,69,63,52,65,60,130,99,72,86,87,70
"ZNF266",548,561,520,538,554,513,623,561,521,546,509,539
"OR7D4",0,0,0,0,0,0,0,0,0,0,0,0
"SLC29A2",9,11,20,6,5,12,19,30,16,8,12,16
"BRSK2",1,2,0,3,5,3,3,6,1,3,1,2
"B4GAT1",635,605,649,673,678,801,1032,997,979,910,968,948
"TMEM167A",1422,1384,1515,1642,1648,1882,1774,1707,1519,1595,1731,1834
"LEP",0,0,0,0,0,0,0,0,0,0,0,0
"SH3PXD2B",1800,1787,2245,2615,2698,3465,2525,1865,1734,1768,1679,2035
"RESF1",945,910,1192,703,757,874,1179,894,793,883,834,1069
"LARP7",913,852,896,965,983,1025,1103,1129,921,963,1076,933
"FGFBP3",18,10,17,8,14,8,23,28,23,22,20,16
"NR1D2",946,940,836,907,869,909,919,719,742,831,763,847
"PABPC5",4,3,10,1,3,2,2,2,4,1,5,4
"BRMS1",2256,2045,2160,2516,2370,2422,2871,2808,2658,2697,3024,2400
"RPL15",10109,8973,9717,10828,9951,12110,12908,15040,12796,12595,14592,14256
"FAM241A",2137,2154,2270,1810,1671,1933,2630,2625,2234,2348,2518,2792
"HRAS",2731,2215,2456,2524,2461,2700,3047,3927,3385,2901,3470,2908
"WDR49",0,1,3,0,1,0,1,1,5,1,0,1
"SRP72",3778,3474,3680,4715,4261,4555,4735,4008,3586,4326,4441,4172
"PCP2",5,1,1,2,2,0,1,3,2,0,2,1
"RIN1",699,609,625,682,606,560,807,729,671,647,662,552
"ODAPH",2,0,0,0,0,0,0,0,0,0,0,0
"THAP6",115,101,119,158,136,140,138,101,103,125,115,122
"CEP135",509,469,450,517,478,528,572,488,497,495,437,479
"FZD4",6880,6123,6561,7671,7481,8321,8541,5609,6169,6005,6162,5950
"CD248",0,2,2,2,0,1,1,0,1,1,1,3
"BTC",22,26,13,16,16,11,10,8,4,16,11,4
"PDZK1",1,6,4,3,8,4,5,1,2,0,4,0
"ADGRE1",0,0,0,0,0,0,0,0,0,1,0,0
"DENND6A",433,463,509,595,543,668,602,568,538,565,592,598
"PDE12",824,725,701,797,702,681,903,622,669,720,809,659
"GLMN",303,302,336,298,294,293,327,335,352,351,361,366
"DNAH12",21,17,13,17,18,6,12,5,7,13,14,7
"YIF1A",2161,1875,1975,2285,2109,2430,2552,2622,2436,2378,2798,2359
"CNIH2",14,17,21,27,19,31,17,22,23,18,13,16
"AMY1B",0,0,0,0,0,0,0,0,0,0,0,0
"NLRP6",0,0,0,0,0,0,0,0,0,0,0,1
"NDUFA11",1165,939,974,1117,1073,1201,1238,1901,1302,1142,1473,1181
"RSRC1",351,337,362,362,336,426,447,414,429,446,485,472
"CATSPERD",1,0,1,1,1,0,0,0,0,2,0,0
"RAB1B",7755,6842,8069,8245,7873,9442,9397,9049,8451,8781,9314,8677
"OR9G1",0,0,0,0,0,0,0,0,0,0,0,0
"PTDSS2",1435,1193,1331,1426,1209,1371,1642,1696,1562,1517,1512,1299
"MICOS13",566,451,474,586,498,576,635,899,719,632,766,667
"C3orf33",27,29,37,23,31,40,35,33,33,44,28,16
"OR5M3",0,0,0,0,0,0,0,0,0,0,0,0
"SEZ6L2",64,55,67,59,83,75,84,75,61,78,74,71
"ASPHD1",18,22,11,29,28,29,17,21,19,20,17,15
"KCTD13",243,232,193,242,268,319,253,255,226,266,234,221
"P2RY14",0,0,0,0,0,0,0,0,0,0,0,0
"AMZ1",4,4,0,6,3,1,3,8,6,1,3,3
"GPR171",0,0,0,0,0,0,0,0,0,0,0,0
"GPR149",0,0,0,0,0,0,0,0,0,0,0,0
"CD164L2",1,0,0,0,0,0,0,0,0,1,0,0
"FUT1",119,126,101,121,121,128,163,140,133,170,147,139
"DHX36",1734,1571,1585,1957,1793,1832,2108,1789,1714,1809,1954,1702
"OR5J2",0,0,0,0,0,0,0,0,0,0,0,0
"ZIC4",0,0,0,0,0,0,0,1,0,0,0,0
"OR10AG1",0,0,0,0,0,0,0,0,0,0,0,0
"OR4S2",0,0,0,0,0,0,0,0,0,0,0,0
"FBXW8",641,623,680,652,603,609,869,597,602,703,591,624
"CA5A",0,0,0,0,0,0,0,0,0,0,0,0
"ZG16",0,0,0,0,0,0,0,0,0,0,0,0
"KLC2",1541,1512,1573,1766,1640,1955,1998,2029,1672,1791,1858,1750
"SLC22A1",51,30,11,51,19,5,11,3,15,16,21,6
"TEX36",0,0,0,0,0,0,0,0,0,0,0,0
"CTBP2",2368,2265,2665,2561,2836,3515,3175,3059,2864,2829,3028,3134
"CHST2",827,643,621,630,568,541,1417,1121,1228,1021,1304,943
"ZDHHC14",448,437,486,418,409,526,564,511,434,507,527,512
"ATR",993,878,953,971,901,933,1150,758,751,840,836,890
"UBE2C",1045,964,1174,1255,1203,1655,1722,1992,1608,1752,1862,1766
"DSG4",0,0,0,0,0,0,0,0,0,0,0,0
"GK5",138,156,178,177,166,185,195,163,142,160,150,155
"VCPIP1",833,742,710,806,695,625,771,476,506,605,603,481
"RTP1",1,0,1,0,0,0,0,1,0,0,0,0
"DES",0,3,0,0,2,0,3,0,0,0,0,2
"PDIK1L",132,109,151,172,163,178,118,78,94,122,115,99
"SPSB4",0,0,0,0,0,0,1,1,0,1,0,0
"RAG2",1,0,0,0,0,0,0,0,2,0,1,1
"TRAF6",685,629,658,706,686,729,833,577,582,665,629,645
"ZNF654",823,833,794,882,822,755,855,574,601,749,689,693
"TVP23C",125,104,125,191,168,193,125,130,129,118,141,122
"MRPS22",757,751,789,943,895,958,1026,1009,832,939,986,899
"PACS1",2964,2868,3299,3050,2865,3375,3724,2836,2569,2855,2604,2762
"WFDC5",0,0,0,0,0,0,0,0,0,0,0,0
"MARCKSL1",4019,3571,4336,4002,4075,5351,5426,6709,5321,5053,5521,5724
"SH3BP5L",1259,1134,1219,1637,1588,1980,1532,1392,1374,1347,1425,1220
"OR2T1",0,0,0,0,0,0,0,0,0,0,0,0
"YPEL2",1213,1243,1544,1264,1326,1904,1716,1624,1436,1539,1490,1724
"CADM2",1,1,1,0,1,1,0,0,0,0,0,0
"ABO",0,0,0,3,0,1,0,0,0,2,1,1
"PSMD2",18203,15920,16088,18718,16532,16619,20477,17073,16909,18669,19757,16463
"PPM1E",1,3,2,3,4,2,2,2,1,3,2,4
"FAM131A",520,408,477,533,593,587,648,580,562,555,624,529
"CSRP2",55,39,33,48,40,43,53,62,46,59,91,56
"INHBC",4,4,0,1,0,0,2,2,2,0,0,0
"PARL",360,290,301,386,348,340,409,496,446,399,460,377
"DDIT3",1319,1085,808,2042,1882,1818,908,703,799,988,1364,635
"PCCA",287,285,245,253,246,296,287,281,274,293,267,276
"HIGD2B",0,0,2,0,0,0,0,0,0,0,1,0
"DCTN2",2771,2501,2974,2936,2838,3295,3462,3894,3047,3283,3586,3315
"NPPA",0,0,0,0,0,0,0,0,0,0,0,0
"ZNF408",840,697,601,827,702,639,831,672,682,783,965,579
"CTDSP2",4726,4616,5545,4429,4404,5236,6077,5281,4918,5339,5041,5348
"CKAP5",5534,5490,6131,5564,5014,5981,7339,5707,5279,5429,4896,5797
"ARHGAP1",1630,1472,1544,1709,1596,1677,1943,1619,1506,1618,1505,1472
"MED16",1896,1683,1952,1665,1669,1950,2384,2335,2144,2026,2219,2015
"ATG13",2766,2542,3013,3709,3716,4283,3542,3206,2921,3037,3344,2967
"GAL3ST3",0,0,0,1,2,1,0,2,0,1,0,1
"C1orf127",0,0,0,1,0,1,0,0,0,0,0,0
"CHST1",527,469,605,124,130,182,678,856,695,526,585,671
"GOLGA8A",566,601,573,416,507,425,570,623,464,612,415,449
"VWA3A",4,5,3,6,1,3,2,1,8,6,5,2
"TP53I11",1914,1973,2759,1715,1909,2782,2795,3362,2573,2397,2263,2775
"CENPS",112,106,119,140,110,138,169,166,161,129,190,196
"DOLK",853,685,793,843,843,846,968,810,884,834,933,750
"PHYHD1",21,20,14,17,14,6,10,9,5,4,6,1
"CATSPER1",12,10,11,19,13,7,11,14,17,15,7,12
"CCNE2",290,230,212,367,305,284,416,289,273,382,409,366
"PHYKPL",348,296,344,292,293,306,372,392,366,393,332,260
"ANKS4B",0,0,0,0,0,1,0,0,1,0,0,0
"CST6",6,3,2,8,3,8,6,5,0,3,4,6
"GRAMD2A",3,2,3,0,2,2,3,3,5,0,3,4
"ZNF519",33,26,35,39,38,42,52,39,49,42,41,42
"LSM1",969,808,855,1003,955,1012,1029,1108,1053,1096,1196,1027
"PROP1",0,0,0,0,0,0,0,0,0,0,0,0
"ISX",0,0,0,0,0,0,0,0,0,0,0,0
"BANF1",2743,2390,2700,2586,2618,3037,5140,5738,5151,4807,5571,4672
"APOF",0,0,0,0,0,0,0,1,0,0,0,0
"CHRNA7",1,1,3,2,0,1,0,0,3,2,2,1
"TMEM9B",1186,1022,1071,1287,1131,1236,1220,1171,1023,1176,1320,1072
"NRIP3",797,720,625,967,741,659,777,546,611,690,689,556
"PTPN2",414,444,434,475,469,502,616,541,453,554,586,546
"SCUBE2",45,36,32,35,40,26,36,23,27,23,29,25
"EIF1AD",956,924,889,1071,993,969,1161,1054,895,1100,1151,896
"SMAD2",1506,1400,1599,1557,1496,1796,1855,1719,1533,1559,1709,1793
"EIF3F",5785,4975,6042,6076,6382,7520,6805,8382,6771,6607,7437,7293
"ZNF25",136,170,142,168,186,199,178,160,155,144,147,163
"OR10P1",0,0,0,0,0,0,0,0,0,0,0,0
"ARL10",379,358,469,399,373,525,663,567,470,412,406,543
"CLTB",3029,2481,2548,3363,2971,2967,3368,3382,3171,3306,4093,2964
"PCSK1",2322,2167,2466,2349,2299,2806,3088,2244,2188,2257,2265,2435
"LPL",1,1,0,0,0,0,0,0,0,0,1,2
"RFESD",26,12,18,21,25,21,25,23,19,11,29,21
"CCDC14",608,570,632,495,469,500,713,597,519,577,478,631
"TBC1D10C",0,1,0,0,0,0,1,0,0,0,0,2
"SART1",4326,3644,3737,4025,3953,4243,5429,5731,4951,4914,5296,4503
"PPP2R2D",935,764,907,875,843,886,1145,1056,927,1004,1012,1079
"MCTP1",3956,3838,4888,4868,5108,7425,6396,6136,5689,5595,5436,6800
"POLD4",550,457,555,489,469,503,573,748,624,532,617,529
"OR52W1",0,0,0,0,0,0,0,0,0,0,0,0
"LRRC25",0,1,1,0,0,0,0,1,2,0,0,0
"DPP10",0,0,0,0,0,0,0,0,0,0,0,0
"CLCF1",94,86,93,111,93,100,119,108,99,105,105,102
"TSGA10IP",1,4,1,4,0,0,4,1,0,2,2,0
"GPR152",0,0,0,0,0,0,0,0,0,0,0,0
"UBQLNL",10,13,8,9,10,3,9,4,8,10,11,8
"UBQLN3",0,0,0,0,0,0,0,0,0,0,0,0
"PNLIP",0,0,0,0,0,0,0,0,0,0,0,0
"LIPT2",16,15,16,15,24,18,29,41,29,31,35,29
"KCNE3",1,2,2,2,2,7,6,1,3,3,2,1
"CABP4",41,33,45,27,32,32,37,45,34,50,35,33
"ALG10B",93,103,110,114,124,122,165,96,69,112,112,116
"DRAP1",4954,4267,3633,5271,4310,4171,5075,5790,4979,5098,6153,4328
"LONRF3",142,145,181,166,124,143,163,123,114,118,117,118
"UCP3",36,43,28,28,23,30,35,31,25,30,29,24
"UCP2",204,221,293,202,241,344,336,457,339,314,301,354
"C11orf68",1269,1192,1226,1176,1104,1075,1552,1602,1317,1321,1630,1325
"PAAF1",678,609,609,669,631,620,727,768,763,768,740,662
"MRPL48",464,395,439,462,499,478,514,736,545,587,664,539
"RAB6A",4252,4212,4803,5686,5642,6953,5921,4887,4801,5157,5305,5378
"P2RY2",112,102,109,100,58,89,161,112,96,99,106,104
"FOSL1",3960,3293,2569,5248,4225,3652,3811,2117,2740,3153,3646,2520
"ERCC4",386,395,396,339,378,411,493,345,390,358,369,398
"SUGCT",18,8,17,13,13,9,10,14,14,11,12,8
"CCDC85B",8222,6830,8390,7410,7467,8812,9645,15827,11463,9300,11143,8976
"TMEM70",900,801,743,1150,970,1050,1120,1122,1114,1029,1255,1047
"OR4B1",0,0,0,0,0,0,0,0,0,0,0,0
"RPS6KB2",1455,1266,1312,1476,1386,1513,1571,1850,1585,1519,1687,1457
"RMI2",205,188,195,171,173,171,327,317,307,346,364,320
"PRM1",0,0,0,0,0,0,0,0,0,0,0,0
"TOM1L2",1521,1405,1411,1527,1522,1487,1463,1224,1150,1313,1200,1136
"TEX26",1,0,0,0,0,0,2,0,0,0,1,0
"ZNF77",111,123,123,121,110,120,90,132,93,95,121,84
"GPR156",1,0,0,1,1,0,4,1,1,1,3,1
"CCDC197",0,0,0,0,0,0,0,0,0,0,0,0
"MTLN",232,219,205,310,212,242,285,375,331,287,328,240
"KDF1",0,0,0,0,2,0,0,0,2,1,0,0
"B3GNTL1",114,103,99,100,92,97,118,169,110,118,115,107
"RBMXL3",0,0,0,0,0,0,0,0,0,0,0,0
"MLXIP",4320,3994,4614,3781,3599,4221,4538,3833,3457,3519,3041,3466
"NR2F1",1034,1002,979,871,876,874,1447,1135,1062,1144,1365,1189
"AURKAIP1",2388,1757,1980,2152,2112,2287,2775,3458,3003,2817,3255,2562
"TTLL11",167,142,133,144,130,139,178,146,141,177,170,132
"EIF4E1B",0,0,0,0,0,0,0,0,0,0,0,0
"TOMM5",1002,925,811,1159,1020,1155,915,1060,855,847,1027,858
"SLC35E3",437,427,529,429,388,454,564,519,455,518,447,487
"PRIMA1",0,0,0,1,0,0,0,0,0,0,0,0
"ZNF169",67,38,44,35,32,38,73,69,39,47,46,45
"RUVBL1",1689,1412,1455,1836,1658,1579,2059,1772,1739,1844,1905,1651
"SFN",7,4,1,3,3,3,6,6,12,7,5,8
"MSRA",297,279,269,301,309,345,375,439,338,358,391,391
"CBLL2",0,1,0,0,0,0,0,0,0,0,0,0
"CCDC168",14,6,13,8,4,6,13,2,10,7,3,5
"CTDNEP1",3424,3041,3513,3636,3401,3851,4309,4297,3869,3935,4251,3666
"ETV4",202,154,137,319,250,285,213,145,158,172,193,149
"SWI5",401,293,329,380,337,382,422,459,382,356,451,349
"GAPT",0,0,0,0,0,0,0,0,0,0,0,0
"BAIAP2",458,408,426,541,511,533,521,445,450,427,462,378
"CALCB",1,0,1,0,0,0,1,0,0,0,0,0
"CREG2",40,59,57,25,27,38,35,47,36,46,23,53
"TMEM270",0,0,0,0,0,0,0,0,0,0,1,1
"HOXD8",265,258,281,314,329,375,283,350,276,257,294,271
"ZDHHC21",588,576,698,512,498,650,929,787,655,752,662,843
"TSPEAR",0,0,0,0,0,1,0,0,0,0,1,0
"PLEKHF2",462,443,390,524,510,501,482,453,475,539,491,469
"A2M",50,66,47,154,141,237,51,44,32,54,39,63
"ARL4D",52,27,32,38,46,34,87,88,87,95,92,66
"DOK7",0,2,5,2,1,0,0,1,0,0,0,0
"LRRN1",1,0,0,0,1,0,0,0,0,0,0,0
"UBE2O",1303,1204,1229,1329,1342,1394,1540,1308,1194,1283,1179,1098
"ORAI3",177,210,236,128,142,174,263,320,236,202,247,212
"KLHL38",1,0,0,3,0,1,0,0,0,1,1,0
"UNC119B",1062,1102,1292,1158,1028,1235,1709,1611,1594,1477,1484,1799
"DENND2C",19,9,9,19,22,10,15,12,13,14,9,13
"PLEKHD1",2,0,2,3,2,0,1,0,0,0,3,0
"ASCL3",0,0,0,0,0,0,0,0,0,0,0,0
"TUBB6",18367,15204,15871,18710,17016,17422,23092,21230,20832,20833,23461,19719
"LYSMD3",767,813,850,1385,1543,1939,1077,812,772,920,925,1034
"AMIGO3",0,0,2,1,1,0,1,1,0,0,0,0
"B3GALT6",923,796,907,1053,996,1165,1413,1640,1580,1324,1460,1328
"ZNF613",119,126,106,105,93,110,123,125,94,130,130,137
"C11orf16",0,0,0,0,0,0,0,0,0,0,0,0
"TMPRSS7",1,0,1,0,2,1,1,3,2,0,1,2
"NUPR1",2,1,1,3,2,6,4,4,6,0,3,4
"JAKMIP2",0,0,0,0,0,0,0,1,0,0,0,0
"MBLAC2",134,137,120,174,152,178,247,156,190,169,157,179
"TPRN",433,362,397,416,384,360,576,567,512,529,529,423
"KCNE5",22,16,7,14,22,12,9,6,10,5,13,9
"ZNF683",0,0,0,0,0,0,0,0,0,0,0,0
"SLC35A4",1885,1750,1911,2142,2050,2340,2611,2209,1987,2278,2264,2005
"CRYBG2",1,0,0,0,0,0,1,1,1,0,0,0
"IP6K1",2471,2298,2387,2788,2449,2556,2898,2436,2424,2683,2758,2436
"SSNA1",1365,1136,1281,1279,1226,1468,1731,1979,1787,1527,1943,1714
"CSTF3",1574,1474,1440,1441,1317,1294,1768,1612,1586,1644,1779,1515
"YES1",3513,3554,3770,3582,3141,3590,3742,2727,2866,3023,3016,3204
"CHMP6",811,679,816,811,809,893,974,1113,887,839,985,866
"UFSP1",43,27,29,52,37,31,47,36,54,36,46,40
"MC5R",8,6,4,13,4,0,2,0,0,1,3,1
"TMEM39A",686,635,660,1069,1043,1160,816,630,585,719,705,634
"TCP11L1",282,237,261,232,268,262,338,259,275,225,218,248
"GPX2",2,0,1,0,0,0,0,0,0,0,1,0
"CCDC57",426,350,382,321,307,297,439,366,334,357,277,272
"HSF5",0,1,0,2,2,0,3,1,0,0,2,0
"FOXG1",2,2,1,4,2,2,1,1,4,3,0,0
"SPHK1",4822,3826,3336,5759,4814,4270,4419,3846,4271,4012,5040,2937
"BNIP3",1888,1821,1659,2079,1884,1877,2074,1918,1895,2005,2262,1872
"ENTHD1",1,0,0,0,2,0,0,0,0,0,1,0
"MYPOP",231,224,230,245,232,300,326,330,252,284,265,262
"CIDEA",6,2,8,8,10,7,14,3,7,9,20,2
"OR11H4",0,0,0,0,0,0,0,0,0,0,0,0
"OR4D11",0,0,0,0,0,0,0,0,0,0,0,0
"LRRTM4",0,0,0,0,0,1,0,0,0,0,0,0
"ATAD5",238,261,251,270,247,241,342,234,270,335,277,225
"SMIM19",179,147,146,172,167,151,178,151,144,166,211,184
"OR11H6",0,0,0,0,0,0,0,0,0,0,0,0
"ZNF404",11,9,6,8,7,7,12,6,3,7,7,11
"RTTN",405,395,378,529,509,546,534,420,437,462,428,501
"OR4K17",0,0,0,0,0,0,0,0,0,0,0,0
"OR10H4",0,0,0,0,0,0,0,0,0,0,0,0
"OR51B6",0,0,0,0,0,0,0,0,0,0,0,0
"ACBD7",46,73,77,45,46,76,77,110,82,76,84,91
"OR4L1",0,0,0,0,0,0,0,0,0,0,0,0
"ANAPC2",1417,1248,1357,1282,1233,1280,1657,1710,1589,1590,1443,1320
"OR4K13",0,0,0,0,0,0,0,0,0,0,0,0
"HMGB4",0,0,0,0,0,0,0,0,0,0,0,0
"ZBTB8OS",457,423,369,509,442,457,447,560,417,440,509,403
"OR4F21",0,0,0,0,0,0,0,0,0,0,0,0
"SLC35G1",67,52,62,78,57,63,99,74,93,70,91,102
"OR4K5",0,0,0,0,0,0,0,0,0,0,0,0
"OR4K3",0,0,0,0,0,0,0,0,0,0,0,0
"ZNF135",16,10,18,5,10,19,16,10,14,20,10,11
"OR4N2",0,0,0,0,0,0,0,0,0,0,0,0
"OR4M1",0,0,0,0,0,0,0,0,0,0,0,0
"FOXR1",0,1,1,0,0,1,0,0,0,0,0,0
"COX8A",2837,2275,2409,3059,2742,2937,3284,3773,3013,2967,3830,2938
"TAC4",0,0,0,0,0,0,0,0,0,1,0,0
"ZSCAN2",226,206,266,180,183,245,323,384,335,284,279,306
"PRR18",5,1,1,4,1,0,3,0,0,3,2,0
"B3GNT4",5,0,1,2,2,6,2,1,0,1,2,6
"CDC26",190,151,179,217,219,246,257,293,250,246,256,234
"HSD11B2",0,2,4,2,5,4,1,3,3,1,0,1
"CRLF3",393,345,352,423,394,446,524,427,421,486,431,465
"RNPEP",1673,1497,1605,1646,1504,1742,2033,1993,1717,1813,1978,1806
"EID2",860,769,706,956,758,812,1115,1015,1053,1035,1204,998
"DMRTA1",166,167,168,222,181,160,193,150,165,204,187,164
"EID2B",117,100,78,115,117,98,146,157,132,132,145,116
"GJC3",2,4,3,0,2,3,4,2,4,3,5,4
"RIMS2",118,104,143,101,125,141,128,95,86,101,64,104
"KCMF1",1671,1592,1685,1807,1655,1775,2189,1988,1904,1968,2198,2049
"DNAJC30",578,441,480,571,545,616,630,600,600,561,679,564
"SPRYD4",313,305,315,286,307,306,412,449,325,400,373,395
"VPS37D",32,31,48,23,24,32,40,58,38,47,42,48
"CLEC14A",14684,13403,16311,13286,13938,17051,17538,17533,16137,15610,16440,15550
"SYNE3",556,568,640,708,684,670,659,497,400,475,451,434
"CLK2",1072,1049,999,849,843,874,1147,1214,913,1022,854,859
"LPCAT4",590,487,506,496,469,426,720,680,504,633,597,472
"SLCO3A1",41,23,28,38,28,59,53,35,37,37,41,46
"ZNF575",16,12,15,15,14,15,22,26,19,19,9,23
"WDR25",253,212,284,231,218,218,259,297,269,264,299,215
"SGF29",211,176,172,183,197,189,277,323,298,255,310,255
"PLAAT3",1066,790,971,936,967,940,1223,1295,1128,1060,1232,970
"DIRAS1",1,2,1,1,1,0,1,0,1,2,1,2
"OR5AN1",0,0,0,0,0,0,0,0,0,0,0,0
"PHLDB3",205,203,219,176,157,183,194,211,171,205,193,199
"PRR15",4,9,14,6,9,9,16,15,12,11,16,11
"GNG7",5,0,5,9,8,6,13,9,9,5,13,4
"OR4C5",0,0,0,0,0,0,0,0,0,0,0,0
"USF3",206,222,291,264,244,345,267,181,166,175,164,210
"OR4C3",0,0,0,0,0,0,0,0,0,0,0,0
"OR4S1",0,0,0,0,0,0,0,0,0,0,0,0
"CNTD1",0,2,1,0,0,3,4,0,0,0,0,0
"DCAF4L2",0,0,0,0,0,0,0,0,0,0,0,0
"OR4X1",0,0,0,0,0,1,0,0,0,0,0,0
"CNBD1",0,0,0,0,0,0,0,0,0,0,0,0
"KBTBD11",6,8,15,27,20,26,19,11,7,5,12,5
"B3GNT5",1228,1153,1071,1549,1437,1453,1753,1128,1280,1242,1360,1403
"MAP3K19",1,2,0,0,0,0,0,0,1,0,0,0
"LMNB2",6216,5667,6356,6373,5796,6839,9332,7506,8176,8050,7926,8209
"RMDN1",425,414,424,443,427,481,538,518,426,479,486,463
"MEX3C",1431,1297,1402,1899,1782,2174,1412,1043,1144,1313,1298,1303
"HORMAD2",0,0,0,0,0,0,2,0,0,0,0,0
"RNF152",253,243,253,351,327,368,405,315,301,283,295,332
"MYO1D",1630,1699,2208,2105,2281,3167,2154,2217,1759,1849,1704,2130
"FOXL1",262,233,235,246,210,139,266,199,224,256,219,181
"TGIF2LY",0,0,0,0,0,0,0,0,0,0,0,0
"LRRC37A",4,7,4,7,10,8,12,13,7,3,9,9
"FOXC2",1154,1101,1016,903,863,777,1549,1278,1282,1334,1347,1239
"OR4F17",0,0,0,0,0,0,0,0,0,0,0,0
"BDNF",433,320,369,449,436,503,877,614,652,661,805,544
"CCDC121",67,72,69,68,63,86,73,81,53,74,83,78
"ACSF3",642,567,647,650,564,597,700,666,601,663,669,537
"BOK",1531,1353,1736,1310,1176,1425,1989,2296,2007,1823,2083,1942
"ZNF843",6,1,4,11,2,10,9,7,10,9,4,8
"RBIS",505,449,496,502,506,547,582,812,535,567,616,605
"PFN4",5,4,9,5,5,6,9,5,4,7,8,8
"OR51V1",0,0,0,0,0,0,0,0,0,0,0,0
"MAGEB6",0,0,0,0,0,0,0,0,0,0,0,0
"CDK5R1",125,125,104,130,129,129,167,116,151,139,137,124
"TCERG1L",0,0,1,0,0,0,0,0,0,0,0,0
"NCKAP5",32,26,30,32,24,27,49,26,26,20,31,32
"MAGEB18",0,0,0,0,0,0,0,0,0,0,0,0
"DEFB104A",0,0,0,0,0,0,0,0,0,0,0,0
"RUFY1",1082,1081,1107,1069,1047,1082,1251,1152,1085,1139,1184,1114
"OR52E2",0,0,0,0,0,0,0,0,0,0,0,0
"BASP1",6158,5361,5229,6230,5276,5358,7718,6330,6867,6839,7586,6312
"DEFB103B",0,0,0,0,0,0,0,0,0,0,0,0
"OR51L1",0,0,0,0,0,0,0,0,0,0,0,0
"LRRC37A3",87,75,83,86,71,62,68,67,55,73,53,64
"VSIG10",400,413,453,368,338,395,560,445,452,466,411,479
"IRX5",0,2,1,0,0,3,0,0,0,0,2,0
"METRNL",1074,830,779,1011,943,970,1425,1421,1362,1112,1472,1151
"FAM91A1",1793,1768,2011,2828,2778,3364,2282,1742,1646,1886,1800,2066
"WSB2",2346,2125,2434,2697,2553,2861,2691,2394,2387,2365,2416,2338
"GRIN1",5,1,4,2,3,2,6,1,3,2,0,0
"SOX11",5,1,1,3,2,1,3,1,2,3,4,3
"TYMS",3390,3273,3708,3400,3187,3809,5300,5536,4698,4987,5222,5266
"OR51G2",0,0,0,0,0,0,0,0,0,0,0,0
"PXMP2",284,237,249,296,267,320,304,370,337,300,311,273
"OR51A7",0,0,0,0,0,0,0,0,0,0,0,0
"TCEANC",26,36,36,31,23,18,30,34,32,25,16,24
"OR51T1",0,0,0,0,0,0,0,0,0,0,0,0
"PNMA1",3615,3353,3654,3099,3036,3383,3984,3825,3867,3624,3947,3843
"TCIM",576,599,774,485,714,1071,723,1012,668,734,818,853
"MAMSTR",24,12,17,25,15,19,14,24,19,21,16,11
"ANKLE2",2639,2377,2356,2459,2263,2297,2974,2741,2470,2560,2368,2296
"C8G",6,4,9,6,13,4,8,5,10,7,3,4
"FUT2",0,0,1,1,1,0,0,0,0,0,0,0
"OR51S1",0,0,0,0,0,0,0,0,0,0,0,0
"OR51F2",0,0,0,0,0,0,0,0,0,0,0,0
"EFCAB5",18,17,14,12,25,18,19,28,14,19,16,16
"GCNT4",19,25,24,21,20,18,30,17,10,10,29,15
"MUC20",16,11,8,12,7,11,14,15,7,13,10,6
"THAP4",1345,1124,1208,1374,1278,1341,1715,1454,1496,1414,1638,1417
"NFATC2IP",1926,1806,1745,1505,1549,1497,2162,1984,1656,1788,1760,1450
"LY6H",1,1,0,0,0,0,0,1,0,0,1,0
"FIBIN",0,0,0,0,0,0,0,0,0,0,0,0
"FAM89B",667,619,680,857,836,1014,886,1026,874,886,949,836
"SHMT1",438,433,517,480,437,507,633,544,512,520,538,509
"DPP7",1996,1754,1891,2033,1915,1991,2359,2340,2142,2172,2277,1930
"TRIM60",0,0,0,0,0,0,0,0,0,0,0,0
"SEC24C",4400,4012,4414,4779,4653,5057,5176,4257,3885,4307,4241,3941
"FMR1NB",0,0,0,0,0,0,0,0,0,0,0,0
"SMCR8",2091,2034,2014,2295,1968,2007,1824,1032,1166,1379,1207,1162
"MTHFR",1000,1122,1382,986,927,1085,1087,1017,887,924,873,929
"C19orf18",5,8,6,6,5,7,6,4,3,8,6,8
"DEAF1",1761,1616,1738,2084,1991,2285,2237,2382,1968,1993,2330,2075
"MTX3",161,177,162,158,171,165,182,145,121,116,132,163
"TMEM80",238,231,275,192,190,210,261,353,233,276,291,274
"SIX5",494,380,441,446,408,482,558,664,553,519,512,552
"IFNW1",0,0,0,0,1,0,0,0,0,0,0,0
"FBXO46",314,320,349,318,288,312,414,384,318,383,350,352
"ZDHHC13",2313,2273,2516,2194,2001,2352,3174,2847,2411,2608,2708,2894
"SLC38A9",317,329,313,380,361,342,451,326,306,393,368,389
"ACER2",197,193,218,193,166,160,134,113,88,125,99,113
"WDR73",886,796,844,790,791,819,965,1002,902,919,919,738
"POLE",2338,2275,2204,2317,2084,2144,2782,2022,2055,2296,2052,2039
"PHETA2",645,537,693,725,661,790,784,792,708,679,715,619
"SCN4B",1,2,2,0,2,1,0,2,2,1,0,3
"DSCAML1",0,0,0,0,0,0,0,0,0,0,0,0
"RHOG",2015,1836,2018,2021,1900,2104,2442,2219,1952,2119,2392,2210
"EPS8L2",51,63,40,25,30,40,54,83,54,43,47,50
"ZDHHC22",2,0,0,1,2,2,2,0,0,2,0,2
"ANO6",3000,3111,3457,4521,4518,5523,3502,2277,2266,2533,2379,3012
"ZBTB34",310,274,257,267,306,253,318,249,241,257,263,263
"FAM9B",1,0,0,0,0,0,0,0,0,0,0,0
"CETN1",0,0,0,0,0,0,0,0,0,0,0,0
"NUDT4B",2,1,0,1,0,2,1,1,1,4,1,2
"FAM210A",436,428,380,451,427,368,562,475,507,491,542,472
"OR2T35",0,0,0,0,0,0,0,0,0,0,0,0
"TALDO1",6893,5542,6089,6792,6432,7277,7938,8235,7455,7517,8690,7311
"ULK1",1120,1175,1320,866,985,1071,1213,1371,1160,1184,955,1124
"OR14C36",0,0,0,0,0,0,0,0,0,0,0,0
"RIMKLA",0,1,0,3,1,2,1,1,1,1,1,2
"CLVS1",0,0,0,0,0,1,0,0,4,1,1,1
"OR2M7",0,0,0,0,0,0,0,0,0,0,0,0
"RPS6KA3",3608,3680,4273,3980,3985,4700,2729,2441,2148,2282,2113,2677
"B3GNT8",144,140,142,122,111,110,164,177,141,143,126,152
"PUS1",1062,872,837,1012,976,853,1329,1162,1193,1151,1277,1001
"CHD9",1484,1406,1621,1938,1815,1955,1588,968,973,1044,971,1232
"OR2T12",0,0,0,0,0,0,0,1,0,0,0,0
"SPACA4",0,0,0,0,0,0,0,0,0,0,0,0
"OR2T33",0,0,0,0,0,0,0,0,0,0,0,0
"GATD1",1487,1387,1416,955,1059,979,1382,1740,1376,1364,1061,1042
"TRIM72",12,18,5,6,11,1,5,5,7,6,8,5
"MAN1B1",3204,2807,3007,3086,3108,3423,3738,3674,3421,3337,3601,3054
"KCNA3",0,0,0,0,0,0,0,0,0,0,0,0
"OR2AJ1",0,0,0,0,0,0,0,0,0,0,0,0
"FZD8",932,726,712,515,443,428,1001,753,830,767,862,755
"GJD4",0,3,1,1,1,0,1,0,1,2,1,0
"FBXO39",16,15,8,10,7,9,14,19,4,9,15,8
"CLDN22",0,1,0,0,0,0,0,0,0,0,1,0
"KCNA2",0,0,0,0,0,0,0,1,0,0,0,0
"TOP3A",1420,1311,1221,1562,1387,1347,1674,1142,1250,1356,1353,1140
"CASKIN2",979,951,1038,943,902,927,1117,946,813,974,871,841
"ZBTB38",2585,2232,2413,2830,2468,3024,3439,2257,2400,2472,2422,2716
"BEND2",0,0,0,0,0,0,1,0,0,0,0,0
"CCDC71",591,470,576,666,598,591,742,690,663,647,811,620
"C10orf71",0,0,0,0,0,0,0,0,0,0,0,0
"LRRN4CL",3,0,1,1,2,0,0,4,3,1,0,3
"TIMM22",1184,1048,1060,1182,1116,1155,1445,1466,1371,1369,1553,1277
"HIC1",1301,1152,1239,1123,1062,1236,1468,1363,1423,1275,1354,1382
"PPFIA3",38,28,34,41,42,46,29,42,41,47,33,32
"MAGEF1",206,187,207,235,205,250,332,298,302,302,270,274
"UMODL1",0,0,0,0,0,0,0,0,0,1,0,0
"SAMD9L",3556,3742,4093,3527,3750,3053,3927,1560,1456,2591,2883,1879
"UBE2U",0,0,0,0,0,0,0,0,0,0,0,0
"PAWR",2333,2279,2223,1930,1910,2189,2865,2550,2307,2150,2282,2420
"TGIF1",1304,1080,1242,1295,1281,1536,1426,1363,1244,1305,1437,1391
"MIEF2",261,252,268,241,229,251,331,319,316,271,271,255
"NAP1L5",238,257,270,382,380,421,422,368,351,367,384,377
"NIM1K",5,4,2,8,7,10,7,3,3,7,6,3
"CD19",0,0,0,1,1,1,0,0,3,0,1,0
"ERICH5",2,1,0,1,0,4,4,1,1,3,5,4
"OR2T8",0,0,0,0,0,0,0,0,0,0,0,0
"NR2C2",1192,1192,1360,1082,987,1149,1303,989,850,985,807,1038
"GPR4",968,827,686,1042,751,754,909,579,643,794,788,655
"ACOT4",6,5,10,9,9,9,8,7,8,8,12,4
"OLIG3",0,0,0,0,0,0,0,0,0,0,0,0
"CAVIN1",46094,41451,46285,50393,48974,55248,56076,51821,48641,49235,52033,47230
"OR2G3",0,0,0,0,0,0,0,0,0,0,0,0
"ARIH2",2146,1852,1869,2118,1959,2021,2415,2133,2104,2223,2394,2069
"RBM44",8,19,18,21,15,20,19,33,28,27,23,15
"ZBTB33",704,648,804,709,692,775,959,645,668,733,781,830
"OR2G2",0,0,0,0,0,0,0,0,0,0,0,0
"ZBED2",0,0,0,0,0,0,0,0,0,3,0,1
"VCX2",0,0,0,0,0,0,0,0,0,0,0,0
"IRX3",0,0,0,0,0,0,0,0,0,0,0,0
"ST8SIA3",0,0,0,0,0,0,0,0,0,0,0,0
"RPRM",1,0,0,0,2,0,0,0,0,0,0,0
"OR2B11",0,0,1,1,0,0,0,0,0,0,0,0
"SLC25A22",1781,1621,1540,2188,1841,1936,2062,1750,1729,1758,1809,1449
"RABEP2",932,839,911,993,895,1105,1298,1398,1151,1214,1298,1162
"NHLH2",13,15,6,7,9,1,6,0,6,9,4,4
"ATOX1",1025,846,905,892,955,924,1164,1514,1213,1129,1292,985
"FAM187B",0,0,0,0,0,0,0,0,0,0,0,0
"TBL1XR1",893,899,969,1092,1029,1243,1040,921,804,925,935,979
"SAMD12",45,28,26,18,15,24,27,14,18,14,16,23
"CD163",3,0,1,5,1,1,0,1,0,1,3,0
"C18orf32",180,173,179,211,187,239,225,231,180,201,252,224
"PIDD1",1937,1933,1928,1432,1456,1521,2035,2537,2000,2017,1678,1605
"ZNF491",17,12,11,9,1,12,10,19,8,13,10,7
"RPLP2",13109,10348,11397,12195,11789,13839,15000,21506,15341,14328,17971,14990
"HASPIN",197,212,173,196,207,199,292,199,210,254,239,241
"JUN",7820,6746,5579,6637,5122,4207,9570,7045,7532,8253,9299,7055
"CSTF2T",1084,981,1069,1244,1055,1136,1527,1109,1113,1228,1205,1028
"PGBD5",0,1,0,1,2,3,0,0,2,2,3,0
"C12orf54",2,0,0,0,0,0,0,0,0,0,0,0
"GBA1",1714,1544,1635,1668,1470,1660,2200,1658,1781,1852,1897,1701
"ACAD9",1487,1387,1432,1553,1567,1576,1652,1604,1441,1448,1544,1420
"IL17RA",702,700,700,686,722,629,907,637,638,657,743,593
"PNPLA2",4578,4137,4189,4295,4209,4368,4478,4620,4109,4193,4205,3572
"MBOAT4",0,0,0,0,0,0,0,1,0,0,0,0
"TEX44",0,0,0,0,0,0,0,0,0,0,0,0
"AGTRAP",977,788,949,910,906,911,905,810,744,797,957,699
"CD163L1",639,544,611,599,550,491,562,479,435,503,444,394
"SRRM3",14,15,25,16,12,21,32,36,41,28,40,22
"THAP5",439,464,445,538,569,670,336,269,306,323,309,306
"DEFB114",0,0,0,0,0,0,0,0,0,0,0,0
"CRACR2B",185,172,215,127,142,146,222,291,193,172,158,171
"SUMO4",1,0,2,1,2,0,1,2,1,1,1,0
"MAGEB10",0,0,0,1,0,0,1,0,0,0,0,0
"DNAJC28",27,17,19,19,21,31,40,34,37,33,38,27
"OR4F4",0,0,0,0,0,0,0,0,0,0,0,0
"NAALADL2",17,21,23,10,20,32,26,18,18,22,23,24
"CD151",10658,9324,10488,11233,10479,11960,12479,13349,11547,11276,13243,11016
"POLR2L",5941,4647,4901,5350,4937,5388,6070,8729,6915,5793,6966,5656
"FAM20C",667,672,702,673,667,813,863,864,853,717,716,743
"NECTIN3",1030,1144,1172,1155,1117,1200,1555,1124,1223,1228,1291,1318
"SLC35G5",6,1,0,5,4,4,1,0,1,2,0,0
"ANXA2R",157,156,130,129,143,138,186,203,156,147,174,141
"TMEM94",1268,1190,1305,1073,1081,1257,1572,1491,1339,1342,1154,1312
"FLII",8209,7568,7985,7952,7512,8310,9473,8137,7498,7858,7651,7329
"SOX12",2143,2046,2510,1734,1881,2144,2675,2918,2521,2478,2529,2501
"HNRNPA0",4196,3600,3945,4124,3893,4228,5720,5702,5531,5265,5424,5174
"YIPF7",3,0,0,2,1,0,3,1,0,1,3,0
"MYOZ1",0,0,0,0,0,0,0,0,0,0,0,0
"TMEM78",0,0,0,0,0,0,0,0,0,0,0,0
"KCNJ10",0,0,0,0,0,2,0,0,0,1,0,0
"CHID1",2102,1690,1852,1979,2036,2042,2590,2762,2461,2348,2688,2155
"ZNF620",115,109,81,168,145,134,153,65,90,117,144,70
"ZNF518A",317,329,398,299,298,308,421,279,280,280,258,351
"TMEM187",184,151,158,152,152,154,210,234,188,179,217,167
"SVBP",189,193,204,189,176,193,246,320,265,234,299,257
"ZNF619",127,108,99,119,126,128,103,59,62,80,63,76
"CCDC184",3,2,2,6,10,15,3,13,4,12,6,3
"AP3S1",1351,1389,1506,1654,1654,1787,1835,1970,1713,1768,2090,1909
"GRB2",3791,3374,3813,4124,3817,4209,4996,4320,4284,4397,4648,4175
"ZBTB41",200,182,214,247,293,278,193,131,129,167,157,174
"UBE2N",1520,1247,1222,1604,1498,1615,1920,1714,1596,1747,1865,1791
"SPATA31C2",0,0,0,0,0,0,0,0,0,0,0,0
"ARL6IP6",642,571,551,723,648,667,789,719,765,736,792,731
"ZNF354C",158,151,182,155,169,156,214,173,158,136,142,182
"CAPZA3",0,0,0,0,0,0,0,0,0,0,0,0
"MAMDC4",84,85,85,81,84,79,114,142,106,107,70,83
"CIMAP1A",0,0,0,0,0,0,0,0,0,0,0,0
"BET1L",1847,1683,1844,2342,2383,2585,2473,2196,2143,2113,2072,1931
"RPS27",5355,4287,4303,5251,4899,5277,5688,7010,5208,5411,6771,5576
"RIC8A",4232,3776,4088,4359,4019,4309,5041,4460,4273,4322,4694,3853
"IMP3",1131,882,930,1294,1146,1125,1324,1373,1304,1183,1363,1061
"ASB8",528,467,541,612,530,586,676,651,563,577,634,651
"LCN15",0,0,0,0,0,0,0,0,0,0,0,0
"CIMAP1B",17,12,7,9,14,16,19,11,7,21,22,6
"DPY19L2",9,6,4,4,7,1,8,8,4,8,8,4
"SPATA31E1",1,1,0,0,0,0,1,0,0,1,0,0
"GPR150",17,19,21,14,11,15,36,20,19,20,27,17
"TSPYL6",0,0,0,0,0,0,0,0,0,0,0,0
"LRRC75B",72,61,79,38,50,64,64,101,78,63,66,70
"DMAP1",812,743,833,656,715,687,998,1237,917,926,939,887
"ADAMTSL1",1354,1318,1451,2237,2383,2924,1917,1458,1369,1384,1369,1510
"CALHM5",818,782,841,997,1003,1108,1036,730,765,833,864,769
"IMPDH2",4077,3557,3963,4330,3901,4369,5087,5723,4979,5019,5279,5021
"ALS2CL",300,308,322,232,207,222,340,368,282,316,243,233
"MLF1",78,69,83,105,83,114,107,133,98,104,103,125
"NDUFAF3",933,704,835,928,875,965,1104,1086,991,968,1128,971
"C2orf69",610,620,623,726,705,709,880,655,686,703,764,668
"GRAMD1C",148,192,204,131,127,152,223,219,163,174,170,177
"STAP2",142,109,143,143,142,184,159,219,163,172,184,143
"HTR3C",0,0,0,0,0,0,0,0,0,0,0,0
"TSSK6",9,18,10,14,12,16,20,11,7,18,13,15
"BOLA1",154,119,92,131,112,122,169,193,152,165,173,150
"PDE4DIP",399,346,361,634,645,733,495,354,323,369,395,397
"DDX10",1099,883,935,1193,976,993,1742,1348,1409,1565,1638,1373
"GOLGA8Q",1,0,1,0,0,1,0,0,0,0,0,0
"PPP1R42",0,2,1,0,0,0,1,1,2,0,0,0
"NDUFV2",409,404,408,541,513,585,584,696,556,521,736,580
"DALRD3",310,313,332,300,290,324,390,393,391,371,368,338
"ZNF114",26,35,25,30,29,18,32,26,35,34,32,21
"ZNF518B",902,848,994,795,811,867,983,759,610,735,699,782
"AMER3",0,0,0,0,0,0,0,0,0,0,0,0
"SPINK6",0,0,0,0,0,0,0,0,0,0,0,0
"ZNF366",136,167,172,183,186,236,173,113,106,130,102,122
"LCORL",396,420,471,400,386,432,467,402,373,377,417,436
"PARD6G",18,17,11,15,13,17,17,22,25,16,18,19
"ZNF454",2,2,1,3,1,1,0,2,2,0,0,1
"SH2B1",1434,1325,1535,1289,1346,1432,1856,1847,1644,1622,1544,1507
"ZC3H12D",5,7,2,7,3,2,2,3,2,4,5,3
"VN1R1",4,6,2,3,1,1,6,1,1,1,5,1
"POGLUT3",2503,2424,2521,2808,2749,2949,3317,2344,2380,2643,2759,2805
"PLEC",31562,29278,27349,31266,28737,27412,31822,21096,21313,21931,16985,19178
"SH2D4B",8,2,2,2,1,0,2,3,3,4,3,4
"RNF212",12,7,10,8,10,12,15,15,9,17,13,8
"PRSS36",4,5,0,5,5,4,6,10,7,8,6,5
"ZNF543",63,60,58,57,70,65,86,70,54,63,64,43
"TMEM151B",1,5,2,6,5,4,1,4,3,3,1,2
"GALNT11",442,384,481,482,449,536,669,726,625,587,647,677
"SLITRK1",0,0,0,0,0,0,0,0,0,0,0,0
"WDR6",4061,3875,4560,3513,3548,4012,4906,5258,4113,4297,3623,3970
"PRM3",0,0,0,0,0,0,0,0,0,0,0,0
"TNP2",0,0,0,0,0,0,0,0,0,0,0,0
"GEN1",524,518,537,498,480,528,771,518,574,593,578,661
"TMPRSS9",4,10,1,11,9,3,3,1,3,8,6,1
"AQP11",18,23,22,18,15,15,41,19,26,31,24,26
"TMEM11",897,797,786,1042,868,924,1013,883,860,889,1064,857
"ZNF354B",223,226,233,185,138,139,214,241,195,209,160,189
"KCNG2",0,0,0,0,0,1,0,0,0,0,0,0
"SHISA3",31,38,41,49,29,37,59,64,53,46,42,83
"OR2D3",0,0,0,0,0,0,0,0,0,0,0,0
"CALML3",0,0,0,0,0,0,0,0,0,0,0,0
"CALML5",0,0,0,0,0,0,0,0,0,0,0,0
"ZFAND2A",759,705,579,1077,1097,1230,784,714,698,738,978,590
"PLEKHM3",180,146,166,168,132,171,211,152,155,158,159,169
"ZNF223",12,28,33,21,28,23,32,27,17,25,24,35
"HTR1A",0,1,0,0,0,0,0,0,0,0,0,0
"CCDC185",0,0,0,0,0,0,0,0,0,0,0,0
"FAM220A",472,400,443,523,452,545,561,552,581,494,599,530
"DNAJC22",13,14,16,21,24,28,39,29,38,42,28,26
"NEUROG2",1,0,0,0,0,0,0,0,0,0,0,0
"CEP295NL",9,11,12,9,9,7,17,8,5,11,11,11
"BEND3",93,92,102,115,123,105,167,104,101,110,90,114
"NT5DC1",256,254,289,307,293,345,379,337,281,335,326,380
"GLDC",168,158,169,192,174,204,253,208,154,245,215,188
"COX14",344,316,347,369,334,425,433,655,464,412,508,433
"MCMDC2",1,3,5,3,2,3,3,4,3,7,5,4
"TUBAL3",9,8,6,18,10,13,7,4,5,6,4,5
"P4HTM",519,505,504,496,477,541,624,635,582,537,519,471
"UCN3",0,0,0,0,0,0,1,0,0,0,0,0
"DTX3",271,278,305,263,290,279,296,323,193,278,234,211
"KLHL11",84,68,79,88,69,54,91,69,65,80,57,57
"AMBN",0,0,0,0,0,0,0,0,1,0,0,0
"CTXN1",591,527,680,576,573,834,670,1056,886,677,712,760
"SLC25A20",364,305,343,292,314,273,422,377,371,321,427,353
"CA8",4,1,2,1,4,5,1,3,3,2,5,2
"CD28",6,3,1,1,2,3,1,1,0,1,1,0
"EPM2AIP1",754,774,720,794,774,709,724,617,588,679,558,562
"ERBB4",0,2,4,3,2,2,2,3,1,1,2,3
"MAF",20,13,13,7,17,6,7,13,14,10,16,7
"CTNNBIP1",967,899,1113,916,869,1141,1203,1470,1260,1188,1309,1298
"OR6B3",0,0,0,0,0,0,0,0,0,0,0,0
"DEFB125",0,0,0,0,0,0,0,0,0,0,0,0
"PSAPL1",0,0,0,0,0,0,0,0,0,0,0,0
"OTOS",0,0,0,0,0,0,1,0,0,0,0,0
"GTPBP6",2131,1863,2019,1921,2047,2159,2611,2907,2694,2450,2599,2410
"ERN1",1260,1114,854,1282,1111,933,1216,725,853,1036,1099,774
"GPR35",29,19,29,19,30,23,34,42,35,34,35,23
"C10orf53",0,0,0,0,0,0,0,0,0,0,0,0
"CSRNP3",3,3,1,1,1,1,0,1,0,2,0,1
"ZNF713",57,60,79,48,44,71,68,94,59,62,49,86
"PARP10",4265,3946,3974,3149,3545,2596,3897,2818,2524,3602,3835,1866
"DYNAP",0,0,0,0,0,0,0,0,0,0,0,0
"SUZ12",1460,1438,1429,1685,1498,1560,1543,1179,1163,1379,1333,1338
"NSUN3",247,224,241,312,276,316,303,226,213,251,284,255
"KCTD12",7413,7583,9876,4615,4510,6337,10270,8737,7428,7477,7568,9641
"DHFR2",103,120,144,106,140,126,191,142,132,165,162,159
"RPP25",1308,1121,1237,1495,1359,1463,1458,1305,1333,1257,1519,1193
"GRINA",6217,5565,5601,6091,5677,5287,6131,4928,4761,5541,6351,4388
"THBD",756,678,723,1996,2131,2525,1638,981,1156,1113,1294,999
"GP5",2,2,1,7,6,4,3,2,1,0,2,3
"COX5A",2105,1808,2004,2342,2169,2372,2461,2974,2313,2449,2916,2490
"STX19",0,1,1,1,3,0,3,0,0,1,1,0
"ERFE",12,8,8,21,14,14,21,10,14,16,23,4
"FAM219B",698,635,739,622,630,668,692,802,587,608,491,603
"ZHX2",165,172,167,210,234,223,140,118,121,125,134,124
"CPN2",0,0,0,0,0,0,0,0,0,0,0,0
"CPNE7",823,756,759,757,691,664,795,653,626,652,695,478
"C5orf46",0,0,0,0,0,0,0,1,0,0,0,0
"CD300LB",8,5,1,3,5,1,0,0,1,0,3,0
"GDPD4",0,0,0,1,0,0,0,1,0,0,0,0
"RIIAD1",0,0,0,1,1,0,0,0,0,0,0,1
"MPI",462,463,489,523,532,604,591,576,484,539,547,491
"H1-8",0,0,0,0,0,0,0,0,0,0,0,0
"TRIM73",2,2,3,1,1,3,3,3,1,3,3,1
"OPLAH",31,39,32,21,22,24,44,48,33,32,27,24
"TMEM52",6,8,7,13,2,8,13,17,6,4,9,5
"TMEM139",6,5,2,2,2,3,2,2,2,0,1,1
"RNF186",0,0,0,0,0,0,0,0,0,0,0,0
"EFCAB13",28,51,63,43,39,39,42,44,25,47,42,50
"MSC",1,0,0,2,6,4,0,0,1,0,1,0
"APOLD1",399,373,517,519,519,749,620,547,557,458,469,543
"RFLNA",5311,4487,5128,6455,6263,7052,7258,7016,6734,6323,7162,5916
"EXOSC4",237,188,168,291,228,231,279,313,295,277,317,202
"DPY19L3",448,450,483,426,379,448,671,549,496,528,479,598
"TAF7",2254,2206,2120,2490,2361,2356,2800,2458,2416,2647,2851,2396
"ZNF852",32,55,57,39,44,42,55,39,43,58,35,34
"FOXE1",0,0,0,0,0,0,0,0,0,0,0,0
"PFAS",1505,1298,1341,1469,1326,1356,1895,1350,1487,1508,1300,1196
"HYI",2830,2629,3053,2175,2335,2749,4243,5414,4055,3849,3515,3569
"CYBC1",954,855,926,766,750,821,1154,1307,984,1015,1073,927
"TPRX1",0,0,0,0,0,0,0,0,0,0,0,0
"LGALS7",0,0,0,0,0,0,0,0,0,0,0,0
"ZNF552",130,104,100,131,129,134,148,128,132,138,110,122
"SMIM10L2A",1,1,4,5,2,6,2,6,3,4,3,2
"GAK",2822,2561,2491,3025,2627,2786,3182,2717,2367,2759,2633,2422
"ZBTB7A",1488,1359,1456,1428,1306,1459,1842,1646,1457,1535,1523,1535
"TUFM",5542,4681,5150,5631,5424,5897,6678,7047,6469,6225,6955,5926
"ERICH3",0,0,0,1,0,0,0,0,0,0,0,0
"RMI1",287,246,254,310,267,255,359,233,276,324,331,320
"CTC1",782,793,750,668,668,695,905,861,705,765,635,666
"FBXO34",510,494,551,748,695,844,602,505,482,481,527,507
"SELENOW",3834,3320,3660,3667,3675,4367,3871,4880,4088,3824,4137,3739
"EIF3K",3035,2516,2709,3156,2836,3270,3538,4598,3717,3387,3836,3047
"MRFAP1L1",1452,1273,1329,1515,1319,1288,1738,1763,1649,1675,1850,1595
"SNX18",941,841,1125,958,898,1057,1118,964,893,989,920,963
"EXD1",0,0,1,0,1,0,0,0,1,0,0,0
"AURKB",865,797,881,857,854,992,1374,1460,1289,1317,1315,1228
"TAS1R2",0,0,0,1,0,0,0,0,0,0,0,0
"C14orf39",3,0,2,1,0,2,3,2,2,2,3,1
"MRFAP1",10750,9240,9711,10699,10008,10664,13383,14060,13685,12902,14068,11925
"C3orf38",623,607,620,695,610,624,744,592,611,705,781,665
"KLHDC7A",0,0,0,0,0,0,0,0,0,0,0,0
"TMEM107",82,77,88,82,77,103,112,111,92,100,103,120
"RRS1",900,727,688,903,789,744,1383,1078,1244,1354,1494,1105
"EXOC3L1",79,69,83,46,47,41,106,114,80,65,66,50
"TRIML2",193,164,146,155,110,98,172,168,136,178,181,135
"RCC2",4235,3699,4048,3565,3321,3619,7171,6271,6323,6175,6204,5481
"OR13D1",0,0,0,0,0,0,0,0,0,0,0,0
"IGSF22",5,0,2,1,3,6,5,5,3,5,7,2
"C9orf50",0,0,0,0,0,0,0,0,0,0,0,0
"ZFP42",0,0,0,0,0,1,0,0,0,0,0,0
"CCDC89",0,0,0,0,0,0,0,0,0,0,0,0
"FAM133A",0,0,0,0,0,0,0,0,0,0,0,0
"DPM3",204,147,155,168,152,192,247,397,231,195,276,216
"C12orf42",0,0,1,0,0,0,0,0,0,0,0,0
"CYC1",2761,2292,2343,2803,2544,2747,3216,3080,3104,3000,3258,2673
"PER1",3139,3059,1632,3875,3052,2249,1512,746,1096,1779,1875,782
"HTR1F",0,0,0,0,0,0,0,0,0,0,0,0
"TMTC2",61,80,79,49,76,80,93,72,54,94,56,85
"HES7",34,19,10,17,10,21,18,14,12,20,23,13
"FARSA",2770,2292,2287,3145,2801,2945,3305,2827,2984,2916,3120,2464
"SPTY2D1",1422,1368,1359,1625,1538,1563,1789,1201,1270,1433,1477,1359
"C10orf67",0,0,0,0,0,0,0,0,0,0,0,0
"SAMD4B",1470,1357,1559,2058,1902,2464,1735,1502,1299,1446,1326,1469
"CYP11B2",0,0,0,0,0,0,0,0,0,0,0,0
"GIMAP7",1736,1452,1800,884,1010,1074,1977,2377,1650,1896,2118,1922
"ALOXE3",24,26,9,28,14,9,3,3,4,16,4,6
"EDC3",1215,1087,1248,1348,1349,1532,1413,1208,1117,1192,1223,1032
"TCAIM",461,481,513,531,517,654,558,484,480,482,523,545
"FUCA1",132,119,153,128,129,153,164,188,164,157,184,150
"PXT1",0,0,1,4,0,0,0,0,3,1,3,0
"GGN",64,49,35,45,45,38,41,21,34,41,47,29
"HNRNPCL1",1,1,0,0,1,2,0,2,3,0,3,0
"TMEM125",0,0,1,1,1,2,2,0,0,0,0,1
"ZNF664",1953,2037,2351,2103,2158,2870,2755,2701,2348,2380,2381,3064
"SIGLECL1",0,0,0,0,0,0,0,0,0,0,0,0
"CALR",42736,35682,38087,56978,58039,66723,50705,45369,41598,45648,51246,38676
"MAGED1",3802,3484,4585,4134,4223,5243,5509,5867,4593,4800,4529,4557
"GVQW3",97,112,89,73,85,76,112,94,68,97,85,72
"LDLRAD3",764,703,795,786,910,1102,831,652,721,689,730,763
"CDH4",0,1,0,0,0,0,0,0,0,1,0,0
"SMCO3",0,3,2,1,4,2,2,0,0,0,3,5
"RAD23A",2404,2147,2294,2319,2079,2122,3265,2948,2695,2894,3181,2708
"PCARE",0,0,0,0,0,0,0,0,0,0,0,0
"GADD45GIP1",2042,1633,1645,2164,1868,2014,2372,2848,2470,2229,2725,2151
"DAND5",3,2,1,1,0,2,3,0,0,2,0,0
"TMEM151A",2,1,1,3,2,0,2,0,2,2,2,0
"PTPN11",3268,3158,3725,4789,4689,5769,4638,3437,3643,3729,3384,4069
"NSUN7",0,0,0,0,0,0,0,0,0,0,2,0
"RTL3",2,1,1,2,2,0,1,0,3,0,0,2
"FAM156A",0,0,0,0,0,0,0,0,0,0,0,0
"WSCD1",1592,1572,2045,1764,1759,2095,2592,2105,2219,2146,2188,2138
"RAB39A",0,0,0,2,1,0,0,1,0,1,0,1
"CLK3",1629,1338,1418,1491,1309,1301,1596,1538,1404,1473,1463,1228
"HLA-DQB1",0,0,0,0,0,0,0,0,0,0,0,0
"GATA2",1698,1597,1528,2120,2004,1867,2154,1814,1695,1937,2080,1749
"ARID3B",226,195,167,217,152,133,142,110,113,127,149,86
"TMEM31",0,0,0,0,0,1,0,0,1,1,0,0
"PACS2",1662,1623,1798,1581,1505,1672,1958,2025,1699,1772,1657,1629
"ELMOD2",246,290,262,301,297,328,394,318,291,310,294,348
"EGR3",9,9,3,18,29,38,12,5,5,16,21,19
"CATSPERE",13,27,13,13,11,15,21,10,16,24,19,18
"GPC5",20,18,23,12,17,39,33,30,34,26,26,33
"VWA1",53,40,53,65,72,71,64,58,70,67,60,52
"DNAJB8",0,0,0,0,0,0,0,0,0,0,0,0
"GEMIN4",1336,1071,1041,1237,1144,1049,1696,1268,1385,1391,1450,1193
"HNRNPCL4",0,0,0,0,0,1,0,1,0,2,0,0
"FJX1",1846,1560,1454,2077,1739,1710,2442,1976,2277,2116,2527,1925
"KLHL28",267,271,267,351,339,330,368,276,270,311,324,251
"MKRN3",62,69,55,42,53,55,67,63,59,73,57,54
"ZBTB18",640,653,689,513,523,618,906,819,753,752,682,765
"OR9A2",1,0,0,0,0,0,0,0,0,0,0,0
"C14orf28",56,67,49,69,79,97,63,59,61,64,78,78
"ALOX12B",0,0,1,0,0,0,0,1,0,1,0,0
"SLC17A8",0,1,0,2,3,0,1,1,0,2,1,0
"SHARPIN",936,864,890,954,873,916,1132,1223,976,1034,1087,848
"LBX2",92,78,84,87,78,81,95,88,93,101,106,85
"DNHD1",354,284,273,345,248,199,303,186,199,229,192,173
"SLITRK4",589,505,640,635,636,765,604,507,457,481,503,540
"HTR1D",187,159,216,89,82,111,316,280,247,249,220,264
"GCC1",1240,1143,1037,1415,1358,1280,1335,1027,1188,1194,1221,993
"LSMEM2",17,13,10,13,17,3,9,18,4,10,9,2
"RNF151",1,3,0,0,0,0,1,0,0,1,1,1
"CIITA",6,4,3,7,11,8,8,5,8,13,12,7
"ZFPM1",512,495,494,477,445,536,521,468,454,465,418,409
"ALOX15B",0,0,0,0,0,0,0,0,0,0,0,0
"PLD6",171,145,122,210,181,153,144,89,152,106,124,87
"GPHB5",0,0,0,1,0,2,0,0,0,0,0,0
"GRM8",0,0,0,9,10,16,0,0,1,3,2,1
"CDC42EP4",927,815,789,1001,920,895,1150,864,904,968,1067,883
"OR2AP1",0,0,0,0,0,0,0,0,0,0,0,0
"OR6C4",0,0,0,0,0,0,0,0,0,0,0,0
"ZBTB42",187,162,161,165,174,139,194,140,166,171,187,147
"LACC1",181,213,211,288,268,338,232,215,189,206,221,269
"MAF1",2798,2404,2867,2841,2676,3191,3362,3723,3405,3257,3609,3336
"TPPP2",0,0,0,0,0,0,0,0,0,0,0,0
"FCER1A",0,0,0,0,0,0,0,0,0,0,0,0
"RPRML",1,0,0,1,1,0,0,1,0,0,0,0
"ARL14",54,38,30,36,33,17,20,7,14,30,27,10
"OR6C2",0,0,0,0,0,0,0,0,0,0,0,0
"WDR97",29,22,33,17,21,14,20,26,25,19,29,9
"NLRP8",0,0,0,0,0,0,0,0,0,0,0,0
"PCED1B",54,57,60,53,62,80,81,69,60,53,73,54
"APOBEC3B",184,158,151,179,157,161,222,157,169,195,226,175
"SYCN",0,0,0,0,0,0,0,0,0,0,0,0
"PIPOX",2,5,5,1,2,3,4,4,2,3,2,6
"FOXS1",0,2,0,2,0,2,2,1,2,2,1,4
"ATOH7",2,0,1,1,0,0,1,0,0,0,1,1
"CDH5",33533,32316,37258,31935,32359,39278,45793,38692,34609,36011,36711,37559
"LRRC3B",0,0,0,0,0,0,0,0,0,0,0,0
"FAM216B",0,0,0,0,0,0,0,0,0,0,0,0
"MRGPRX4",0,1,0,0,0,0,0,1,0,0,3,0
"MYADM",2621,2242,2261,3726,3577,3930,3442,2586,2469,2509,2866,2271
"MRGPRX3",0,0,0,1,0,0,0,0,0,0,0,0
"MROH1",1798,1678,1759,1705,1618,1636,1663,1540,1404,1528,1378,1251
"SERTAD2",706,676,587,843,680,673,662,401,438,500,498,391
"AKAP5",19,19,14,29,36,34,33,25,18,25,21,19
"NKPD1",7,14,14,15,19,15,24,14,12,11,17,14
"GIPC3",38,20,44,25,37,48,30,24,23,20,28,25
"RNF227",18,16,20,27,19,22,31,24,15,26,17,18
"CITED4",194,193,179,249,158,180,200,262,216,193,259,177
"ABCA13",8,2,4,12,9,7,13,3,4,4,4,6
"NLRP11",2,0,0,0,0,0,0,0,0,0,0,0
"TIGD5",452,354,376,461,397,408,571,519,516,456,573,499
"PDXDC1",2197,2120,2418,2581,2526,2924,2928,2537,2368,2482,2479,2404
"CFAP276",0,0,0,0,0,0,0,0,0,0,0,0
"ZNF154",19,23,36,25,31,30,31,30,16,24,19,31
"R3HDM2",355,353,362,325,321,351,395,359,316,360,318,320
"B3GNT3",1,0,1,1,0,1,3,0,0,1,0,1
"ITLN1",0,0,0,0,0,0,0,0,0,0,0,0
"NRXN1",0,2,1,0,0,1,3,1,1,2,2,0
"SEPHS2",2049,1868,1730,2239,1986,1836,2279,2022,2056,2184,2336,1866
"OR10A7",0,0,0,1,0,0,0,0,0,0,0,0
"GPBAR1",32,24,21,22,20,14,9,7,9,20,9,7
"ZNF784",136,125,112,109,116,114,159,158,181,147,167,118
"ZNF648",0,0,0,0,0,0,0,0,0,0,0,0
"C14orf119",1500,1328,1401,1509,1404,1510,1794,1734,1549,1642,1883,1518
"CCR8",0,0,0,0,0,0,0,0,0,0,0,0
"GOLGA8J",0,0,0,0,0,0,0,0,2,0,0,0
"BBS10",361,354,389,468,456,510,467,334,382,436,402,427
"FIZ1",428,345,451,436,414,473,514,501,516,475,480,392
"PUF60",4332,3670,3859,4178,3933,4085,5192,5378,4738,4804,5380,4606
"SSC5D",32,32,28,29,42,27,35,24,18,27,13,19
"DCTPP1",1343,1019,1136,1292,1183,1232,1594,1533,1532,1426,1845,1506
"ZNF771",179,146,181,173,164,214,221,294,264,228,234,245
"TSHZ1",558,550,698,1049,1018,1326,691,581,506,558,558,653
"PSTK",42,45,40,46,38,40,66,71,59,37,68,57
"SOCS4",760,804,829,780,812,957,916,638,628,701,704,795
"PTGR3",719,722,812,758,696,777,1009,985,946,943,997,987
"OR1E1",0,0,0,0,0,0,1,0,0,0,0,0
"ZNF48",428,358,455,391,340,398,635,663,614,606,634,591
"GARIN5B",0,0,0,0,0,0,0,0,0,0,0,0
"C3orf80",0,0,0,1,0,1,0,0,1,0,1,1
"NKX2-6",0,0,0,0,0,0,0,0,0,0,0,0
"TMEM150B",0,0,0,0,0,0,0,0,0,0,0,0
"ANKRD18A",1,6,8,8,8,6,2,5,6,6,10,3
"WFDC11",0,0,0,0,1,0,0,0,0,0,0,0
"TMEM86B",42,33,35,30,34,41,40,49,37,39,28,36
"OR3A1",0,0,0,0,0,0,0,0,0,0,0,0
"SEPTIN1",7,6,6,10,6,6,5,13,3,5,6,8
"TRNAU1AP",464,460,434,454,480,458,638,700,531,578,628,535
"EXOC3",1335,1241,1213,1263,1215,1177,1561,1454,1324,1283,1342,1177
"TDRD6",0,0,0,0,0,0,0,0,0,0,0,0
"REDIC1",0,0,0,0,0,0,0,0,0,0,0,0
"CSNK1A1L",1,0,0,0,0,0,2,1,1,2,0,1
"LYNX1",70,75,94,66,68,105,80,78,58,67,61,67
"TH",0,0,0,2,1,3,0,0,1,0,0,0
"MED14",980,920,1133,997,948,1164,1220,813,765,841,813,943
"FAHD1",1580,1345,1435,1627,1483,1620,1629,1723,1486,1445,1709,1594
"TDRP",63,55,68,47,51,51,57,79,67,61,51,65
"RCC1",1872,1682,1841,1831,1649,1947,2808,2541,2547,2520,2725,2538
"WFDC9",0,0,0,0,0,0,0,0,0,0,0,0
"MYL11",2,6,0,4,3,2,3,2,1,1,1,4
"F2",2,2,1,1,1,3,2,1,2,3,0,0
"GARIN6",0,0,0,0,0,0,0,0,0,0,0,0
"PRKRA",774,717,853,859,863,979,791,740,596,703,681,708
"ZNRF2",189,175,212,233,236,245,214,175,181,162,198,184
"RRH",5,4,4,9,6,2,1,4,2,3,6,2
"SLC9A4",3,2,1,1,1,0,1,1,0,3,2,2
"ZNF816",176,172,142,195,176,153,156,114,149,164,193,162
"FGD6",799,761,943,599,556,694,860,593,577,702,532,725
"ADGRD2",0,0,0,0,1,0,0,0,0,0,0,0
"GPR139",0,0,0,0,0,0,0,0,0,0,0,0
"PLD5",0,0,0,0,0,2,0,0,0,0,0,0
"OAZ2",1646,1564,1795,1667,1620,1916,1920,2228,1962,1931,1998,1973
"WFDC10A",0,0,0,0,0,0,0,0,0,0,0,0
"PNPLA1",2,6,1,2,1,1,1,0,1,0,2,0
"ALX1",259,237,261,280,221,225,266,218,209,262,269,224
"CCDC43",836,763,791,877,824,833,1027,896,857,1001,1010,922
"KCTD4",2,2,2,0,4,0,3,1,7,4,3,4
"MEIOC",2,10,3,4,4,4,6,2,1,2,7,1
"FZD2",39,28,40,67,117,108,42,51,45,68,62,54
"TIGD2",99,76,108,83,77,90,129,135,110,106,102,95
"ITPRID1",0,0,0,0,0,0,0,0,0,0,0,0
"HCLS1",2959,2319,2645,2773,2679,2992,3726,3466,3187,3244,3710,3217
"MTURN",145,122,155,142,151,170,165,180,156,121,153,196
"ZNF609",2061,1993,2613,1961,1825,2360,2461,1886,1688,1832,1688,2103
"PAK2",3071,3050,3595,3109,3134,3839,3931,3260,2888,3163,3000,3590
"CCDC66",317,296,268,297,322,277,370,298,265,292,323,298
"DEFB124",0,0,1,0,0,0,0,0,0,0,0,0
"KRTAP9-7",0,0,0,0,0,0,0,0,0,0,0,0
"MCFD2",5455,4967,5436,7235,6728,7669,9577,6974,6947,8304,8551,8274
"HARBI1",196,175,136,198,165,173,186,174,169,157,184,156
"DEFB123",0,0,0,0,0,0,0,0,0,0,0,0
"C11orf71",615,539,356,612,504,402,483,389,454,573,638,383
"CYP8B1",0,0,0,0,0,0,0,0,0,0,0,0
"OR6K6",0,0,0,0,0,0,0,0,0,0,0,0
"SERTM1",5,8,6,5,7,6,7,4,6,5,7,11
"GAS1",2,0,1,2,2,0,2,1,2,1,1,0
"ARHGAP45",79,75,72,60,71,71,83,68,56,79,111,55
"OR10Q1",0,0,0,0,0,0,0,0,0,0,0,0
"ZNF571",14,20,27,23,21,25,30,24,21,23,22,24
"GLIPR1L2",0,3,2,3,2,1,2,1,2,0,5,5
"DEFB119",0,0,0,0,0,0,0,0,0,0,0,0
"MIGA1",596,632,738,753,750,796,810,660,608,664,661,780
"KCNE1",1,1,1,1,2,1,5,3,0,2,0,0
"NRIP1",986,1080,1107,1324,1173,1325,1427,855,904,912,920,1073
"ZSCAN4",2,1,0,1,0,0,0,1,0,0,2,1
"BHLHA15",287,248,182,561,444,470,206,115,140,208,226,118
"RNF182",112,110,133,120,132,158,144,156,140,104,155,165
"TSPYL5",329,300,347,395,370,429,483,378,431,374,373,375
"FUT7",7,1,10,3,4,2,2,3,4,2,0,0
"H2AC6",485,477,317,533,415,262,406,253,340,422,490,260
"EIF2S3B",7,6,10,16,8,5,11,5,4,7,8,12
"SKIDA1",24,18,29,40,34,33,35,26,23,24,24,25
"H2BC4",48,61,41,69,40,40,54,27,31,33,55,41
"MB21D2",234,237,220,237,230,228,339,251,269,291,285,258
"GSX2",0,1,0,0,1,0,0,1,0,2,0,0
"SSTR2",1,4,3,0,1,3,4,3,0,1,0,1
"ZNF594",84,78,65,58,53,43,84,77,53,71,50,53
"PCGF5",1416,1412,1408,1313,1218,1295,1628,1208,1187,1338,1490,1342
"SLC47A2",0,0,0,0,0,0,0,0,0,0,0,0
"PRF1",0,0,0,0,0,0,0,0,0,0,0,0
"OR2A4",0,0,0,0,0,0,0,0,0,0,0,0
"MAB21L1",0,0,0,1,0,0,1,2,0,0,2,1
"YOD1",376,381,341,382,367,345,318,203,263,284,276,228
"TMEM64",362,348,356,407,352,381,199,179,188,186,200,192
"C3orf22",0,0,0,0,0,0,0,0,0,0,0,0
"OR10K2",0,0,0,0,0,0,0,0,0,0,0,0
"CHRM4",9,8,5,10,4,5,6,4,8,5,6,5
"SHISA2",29,22,20,30,23,26,17,14,14,7,17,13
"S1PR5",0,0,0,0,0,0,0,0,0,0,0,0
"CLRN3",0,0,0,0,0,0,1,0,0,0,0,0
"GPR157",175,139,159,158,146,137,171,135,150,140,153,110
"CHST13",0,0,0,0,1,0,0,1,0,0,0,0
"AGTR2",0,0,0,0,0,0,0,0,0,0,0,0
"SLC36A4",389,427,446,477,436,510,541,538,445,502,461,551
"ZDHHC20",1723,1864,2060,1955,1848,2264,1538,1129,1119,1205,1201,1449
"ANKRD30B",0,0,1,0,0,0,0,0,0,0,0,0
"OR51E1",0,0,0,0,0,0,0,0,0,0,0,0
"ZFP3",46,51,51,54,52,43,46,34,21,46,44,47
"ARSJ",1625,1422,1278,2042,1860,1884,2165,1482,1685,1757,1747,1678
"HOXC9",13,10,13,11,10,7,8,11,12,11,9,14
"MAP3K15",3,0,2,0,2,3,4,3,3,0,1,4
"PPA1",2850,2391,2363,3026,2662,2735,3217,2930,2946,3035,3451,2838
"HOXC10",4,3,5,10,9,13,7,8,5,4,6,3
"PSMG4",516,319,384,374,354,402,673,671,609,532,702,562
"BHLHE22",0,0,0,0,0,0,0,0,0,0,0,0
"MAP6D1",26,31,23,28,31,22,21,34,34,35,30,25
"ZNF443",27,21,27,17,27,33,40,25,28,27,24,25
"CXCR2",0,0,0,0,0,0,0,0,0,0,1,0
"DEFB112",0,0,0,0,0,0,0,0,0,0,0,0
"GREM2",0,0,0,0,0,0,0,0,0,0,0,0
"C11orf42",0,0,0,0,0,0,0,0,0,0,0,0
"SSR4",3284,2755,2920,3621,3423,3870,3863,4570,3569,3701,4419,3481
"CAPS2",11,10,12,18,10,13,14,10,15,19,18,23
"ZNF792",264,256,323,212,234,251,372,370,282,331,310,349
"CUEDC1",703,717,842,692,728,781,762,796,660,667,679,634
"SCRIB",4828,4452,4743,4362,4151,4318,5901,5589,5383,5198,5057,4882
"KCTD2",1196,1043,1037,1125,1072,1111,1429,1204,1242,1233,1280,1094
"D2HGDH",214,191,239,162,150,199,230,263,195,174,168,194
"OXTR",12,6,5,14,11,3,8,6,4,8,10,3
"CMTR2",778,766,738,622,513,498,732,536,559,655,609,626
"OR56B4",0,0,0,0,0,0,0,0,0,0,0,0
"FAM83H",5,0,3,8,4,1,5,0,2,1,5,6
"GPR62",2,0,1,0,1,1,2,2,0,2,0,0
"OR56A1",0,0,0,0,0,0,0,0,0,0,0,0
"ZNF572",25,22,21,14,18,12,18,19,24,13,29,19
"PITPNB",2648,2420,2533,2987,2839,2962,3243,2479,2511,2851,2856,2655
"TCEAL8",849,751,774,958,891,1009,1069,1135,967,993,1135,1142
"OR52E4",0,0,0,0,0,0,0,0,0,0,0,0
"LRRC57",434,421,449,511,457,461,580,526,475,579,563,493
"OR52N2",0,0,0,0,0,1,1,0,1,0,0,0
"MRPL14",966,803,855,1042,994,1104,1321,1527,1283,1253,1499,1203
"GPR137C",13,20,18,32,32,33,43,38,53,39,34,43
"C1orf105",2,1,1,0,1,0,2,3,1,0,0,0
"OR52N1",0,0,0,0,0,0,0,0,0,0,0,0
"BBS12",94,83,105,99,101,94,78,73,84,76,81,89
"ZFP82",112,116,97,115,101,115,156,141,110,149,121,147
"OR52N5",0,0,0,0,0,0,0,0,0,0,0,0
"LSMEM1",12,9,6,4,9,7,8,4,1,4,4,2
"NQO1",11708,9184,9602,11631,10644,10822,10484,8733,9980,10462,11552,9380
"OR56B1",0,1,0,0,0,0,0,0,0,0,0,0
"AEN",3113,2869,2537,3373,2958,2561,3041,2103,2432,2840,2959,2166
"FKRP",1144,1008,998,1166,1092,1191,1186,982,1044,1077,1020,1021
"TRAPPC5",232,221,208,254,224,265,286,370,345,279,321,263
"RPH3AL",116,117,152,122,106,133,150,154,163,133,123,154
"SLC25A42",138,139,165,150,173,188,213,216,166,182,177,152
"FCRL6",1,0,0,0,0,0,0,0,0,1,0,0
"METTL23",318,276,349,383,327,344,347,392,338,344,416,295
"SLC26A11",641,606,614,608,506,494,631,642,539,574,554,561
"HIGD1A",888,854,875,1083,1012,1099,1091,1204,1090,1095,1250,1244
"CHRM2",0,1,0,1,1,1,1,0,0,0,1,0
"OR52N4",2,0,1,2,1,0,2,2,0,0,0,0
"MAPK15",5,0,1,1,0,0,0,3,0,0,0,1
"EHMT1",2250,2040,2250,2055,1925,2160,2910,2337,2285,2379,2141,2381
"ADIPOQ",0,0,0,0,0,0,0,0,0,0,1,0
"F2R",10351,10394,13138,9091,9474,12649,15383,14476,11840,12865,12653,14790
"OR52P1",0,1,1,0,0,1,0,0,0,0,0,1
"ZNF707",341,283,289,289,281,253,372,275,304,334,310,257
"MUC16",0,0,0,1,0,0,0,1,0,0,0,0
"NPM1",20136,16752,17454,20770,18930,20154,24390,25748,25394,23805,25631,23832
"PJA1",380,344,422,449,454,462,518,480,484,459,477,436
"DHTKD1",443,435,505,427,396,500,536,517,401,477,442,500
"PENK",0,0,0,0,0,0,0,0,0,0,0,0
"C4orf50",0,0,0,0,0,1,0,0,0,0,0,0
"H2AC25",230,166,169,263,198,175,236,185,163,199,283,155
"ZNF746",641,618,635,639,659,705,787,635,697,751,665,623
"POLR2A",5944,5882,5908,5295,4849,5137,6281,4836,3616,4211,3695,4288
"TMEM132C",0,0,0,0,0,0,0,0,0,0,0,0
"SLC25A41",4,7,1,4,4,2,7,2,3,7,7,3
"TLCD5",269,246,280,224,223,289,342,386,324,274,317,274
"OR5AK2",0,0,0,0,0,0,0,0,0,0,0,0
"FRAT2",370,277,292,403,376,315,581,595,580,544,586,465
"TMEM102",223,210,217,240,234,231,321,338,300,270,320,247
"TMEM132E",0,1,0,1,1,1,0,2,0,0,1,0
"ZNF322",106,86,124,88,95,120,142,104,99,136,108,115
"NME9",0,1,1,0,2,0,0,0,0,1,0,0
"SPEM1",0,0,0,0,0,0,0,1,1,0,0,0
"HEPHL1",0,0,0,0,0,2,0,0,0,0,0,0
"LRRC75A",49,71,66,25,30,35,76,91,48,56,73,77
"OR5M8",0,0,0,0,0,0,0,0,0,0,1,0
"CCL13",0,0,0,0,0,0,0,0,0,0,0,0
"CFAP65",3,1,3,5,3,1,1,0,1,1,1,3
"DDX60L",7883,7178,6801,6516,6538,4474,6538,2973,3401,4997,5671,3029
"SYNE4",6,11,4,4,4,2,4,4,1,8,1,2
"OGFOD3",795,620,766,729,738,826,1015,1121,1005,931,1029,880
"WASHC1",73,67,86,87,69,56,95,95,88,82,76,88
"UTS2R",0,0,0,0,0,0,0,0,0,0,0,0
"AATK",44,33,49,45,35,33,31,36,38,33,40,29
"DDN",22,22,25,30,31,13,20,10,13,16,12,10
"SAGE1",0,0,0,0,0,0,0,0,0,0,0,0
"ZNF467",230,198,289,115,102,130,207,276,162,204,181,169
"SOX2",4,5,0,4,2,0,2,0,5,4,0,5
"ZNF678",147,169,157,195,166,233,152,129,113,123,132,158
"TMEM45A",67,58,58,60,54,103,78,87,68,68,71,72
"RAP2B",2241,1951,1879,2449,2293,2244,2266,1821,1975,2055,2343,1678
"ZBTB2",716,651,630,709,577,567,940,595,686,697,842,738
"RNF135",365,372,417,326,348,326,421,380,408,405,478,353
"OR6T1",0,0,0,0,0,0,0,0,0,0,0,0
"ACBD4",72,73,81,59,53,58,94,97,69,77,65,45
"OR8D4",0,0,0,0,0,0,0,0,0,0,0,1
"SGSH",1490,1348,1457,1254,1187,1361,1597,1614,1317,1419,1414,1314
"MAB21L2",0,0,2,0,0,0,0,0,0,1,1,0
"FANCB",66,72,65,71,57,75,97,77,78,75,60,80
"EDDM3B",0,0,0,1,0,0,0,0,0,0,0,0
"SETD2",1745,1650,1884,1681,1513,1753,1997,1489,1347,1375,1253,1558
"EDDM3A",0,0,0,0,0,0,0,0,0,0,0,0
"TMIE",3,11,5,6,0,10,8,6,6,6,8,2
"MEX3D",1378,1174,1251,1369,1267,1432,2337,2098,2227,2165,2345,2103
"OR52D1",0,0,0,0,0,0,0,0,0,0,0,0
"MRPS23",883,714,719,916,817,847,991,1134,1035,994,1168,899
"OR52H1",0,0,0,0,0,0,0,0,0,0,0,0
"FDCSP",0,0,0,0,0,0,0,0,0,0,0,0
"GPR135",39,23,21,31,31,28,22,28,29,32,29,23
"SLX1B",10,4,5,1,2,2,4,5,2,2,1,1
"ANKRD62",0,0,0,0,0,0,0,0,0,0,0,0
"P2RY13",0,0,0,0,0,0,0,0,0,0,0,0
"TNFSF15",869,612,553,803,718,771,1651,975,1065,1036,1089,1102
"ZFP41",247,208,179,223,185,182,257,168,186,214,192,158
"PHLDA2",1646,1288,1095,1739,1469,1234,1260,1140,1170,1152,1538,961
"ATG9B",4,2,0,2,0,6,2,2,6,0,1,1
"GPR88",2,1,0,5,2,3,0,2,1,4,5,3
"ZNF875",320,340,355,370,366,356,441,344,325,346,332,313
"PLAG1",248,253,266,246,238,260,263,224,204,178,207,202
"OR8H1",0,0,0,0,0,0,0,0,0,0,0,0
"OR5T1",0,0,0,0,0,0,0,0,0,0,0,0
"YIPF6",898,810,888,1203,1129,1420,875,707,742,820,725,792
"OR5T2",0,0,0,0,0,0,0,0,0,0,0,0
"ZBTB20",33,30,32,49,42,59,55,25,18,14,30,35
"OR2Z1",0,0,0,0,0,0,0,0,0,0,0,0
"DIPK2A",1391,1535,1588,1820,1617,1807,1400,1178,1103,1390,1232,1364
"MACIR",320,294,300,278,276,328,368,317,347,368,358,347
"OR8K5",0,0,0,0,0,0,0,0,0,0,0,0
"AMIGO1",12,19,16,23,18,17,31,25,27,35,36,28
"OR8H3",0,0,0,0,0,0,0,0,0,0,0,0
"OR8H2",0,0,0,0,0,0,0,0,0,0,0,0
"GPR3",38,8,12,77,66,72,39,29,34,36,43,24
"TMEM252",0,0,0,0,0,0,0,0,0,0,0,0
"CIMAP1D",2,0,2,0,2,0,1,0,0,0,0,1
"OR5AS1",0,0,0,0,0,0,0,0,0,0,0,0
"ACTL9",0,0,0,0,0,0,0,0,0,0,0,0
"SIAH2",683,627,598,1066,1096,1219,680,548,548,498,574,499
"COPG1",5348,4640,5245,6306,6249,6613,6436,5472,4833,5351,5251,4673
"ADGRB1",3,2,2,1,1,0,1,1,0,2,2,3
"OR6S1",0,0,0,0,0,0,0,0,0,0,0,0
"SLC9A9",15,15,30,18,30,36,28,26,18,24,29,22
"LSM10",718,580,604,760,655,766,813,754,756,746,895,727
"RELL1",825,682,763,595,544,624,1026,883,859,851,948,846
"RFX7",773,793,1016,653,657,748,757,511,455,531,447,617
"SLC35C1",1353,1302,1354,1561,1491,1722,1567,1320,1130,1344,1297,1184
"TIGIT",0,0,0,0,0,0,0,1,0,0,0,0
"RNF41",1805,1850,2448,1756,1862,2531,2511,2674,2064,2249,2115,2364
"SLC2A4",0,1,0,1,2,0,2,2,1,0,0,3
"FTMT",0,0,0,0,0,0,0,0,0,0,0,0
"IBA57",255,262,241,253,257,317,266,302,218,262,240,228
"CLDN7",301,249,284,184,221,236,373,436,319,324,314,251
"ZNF329",264,216,212,256,229,243,249,248,219,231,255,221
"ZNF101",223,221,180,211,212,178,235,204,205,229,226,202
"OR4C6",0,0,0,0,0,0,0,0,0,0,0,0
"C5orf24",1698,1848,1959,2332,2304,2886,2294,1657,1680,1934,1894,2140
"ADO",552,492,493,661,558,643,670,508,525,457,575,529
"COA4",1651,1372,1386,1641,1562,1656,2007,1969,1943,1833,2192,1737
"OR4P4",0,0,0,0,0,0,0,0,0,0,0,0
"PRKAG1",80,81,71,105,107,87,101,63,69,73,77,66
"GINS3",441,363,377,356,301,347,711,584,552,599,668,543
"OR4C15",0,0,0,0,0,0,0,0,0,0,0,0
"OR4A15",0,0,0,0,0,0,0,0,0,0,0,0
"OR4A16",0,0,0,0,0,0,0,0,0,0,0,0
"OR52K2",0,0,0,1,0,0,0,0,0,0,0,0
"NEUROG1",0,0,0,0,0,0,0,0,0,0,0,0
"CCDC149",275,287,250,360,332,371,313,255,243,292,315,290
"MRPS11",1224,1024,1076,1264,1124,1124,1229,1254,1076,1219,1499,1209
"SNRPE",966,903,906,1079,880,1124,1346,1823,1353,1231,1584,1436
"RTKN2",17,27,38,32,34,36,52,47,47,38,33,64
"PNMA8A",38,35,34,31,24,36,46,52,36,45,44,45
"CHST15",524,562,651,385,374,508,804,729,628,586,579,721
"ADIG",0,0,0,0,0,0,0,0,0,0,0,0
"USH1G",0,0,0,0,0,0,0,0,0,1,0,0
"MGAT4C",0,0,0,1,0,1,0,0,0,0,1,1
"TRIM49B",0,0,0,0,0,0,0,0,0,0,0,0
"IDH2",1741,1640,1805,2090,2131,2583,2234,2285,2002,2030,2257,2207
"OR52A1",0,0,0,0,0,0,0,0,0,0,0,0
"PTCHD3",0,0,1,0,0,1,0,0,0,0,3,0
"OR6B2",0,0,0,0,0,1,0,0,0,0,0,0
"TMEM259",5083,4504,4907,5128,4900,5193,5912,6100,5507,5641,5552,5069
"GET1",311,320,388,373,362,440,412,495,474,412,453,484
"TNRC18",3757,3608,4308,3412,3445,4002,4316,3497,3211,3133,2825,3300
"FAM181B",6,0,3,5,0,1,5,5,2,5,4,0
"TMEM30B",6,5,4,6,6,6,4,4,6,5,9,10
"DEXI",783,703,806,865,816,886,1080,995,1006,952,1067,839
"ZNF716",0,0,0,0,0,0,0,0,0,0,0,0
"NOP10",2217,1750,1805,2401,2021,2149,2484,2599,2038,2310,2747,2205
"FAM89A",204,207,289,125,122,191,315,504,400,339,389,422
"KCNIP1",0,0,0,0,0,0,0,0,0,0,0,1
"TDRKH",277,228,319,227,227,230,289,278,231,289,243,253
"ZNF708",144,148,161,130,133,123,203,141,156,155,139,157
"IST1",3616,3298,3296,3552,3225,3183,4061,3767,3608,3846,3712,3122
"ERCC6L2",520,557,505,633,624,592,627,466,473,485,490,508
"MRPL41",1221,970,1112,1252,1092,1237,1370,1917,1633,1421,1618,1321
"ENPP7",0,1,0,0,1,0,0,0,0,0,0,0
"CREB3L2",2428,2254,2558,3634,3796,4836,3472,2427,2433,2343,2221,2621
"P2RY8",0,0,0,0,0,0,0,0,0,0,0,0
"UNC5C",72,75,99,36,48,71,75,49,71,51,69,75
"MRGPRG",0,0,0,0,0,0,0,0,0,0,0,0
"TSEN54",404,329,377,371,363,311,492,487,485,478,553,410
"RGMA",4,6,7,3,5,2,0,3,8,3,4,2
"ASB18",0,0,1,0,0,0,0,0,0,0,0,0
"UBA7",1451,1371,1445,971,1110,979,1453,1014,855,1141,1050,673
"MRPS16",1482,1346,1456,1493,1376,1551,1903,2082,1844,1806,1948,1726
"SHISAL2A",0,0,0,0,0,0,0,0,0,0,0,0
"RAD51B",60,48,67,64,58,59,90,92,82,77,68,76
"CRYGB",0,0,0,0,0,0,0,0,0,0,0,0
"LDOC1",688,597,765,779,718,922,1059,1040,913,860,913,925
"ARL6IP4",120,101,115,97,115,93,138,197,147,153,148,119
"EXT1",3781,3257,3453,5713,5843,6900,5096,3958,4037,4131,4302,4177
"SHMT2",1619,1459,1737,2255,2174,2812,2488,2472,2054,2188,2289,2232
"MOB2",1136,974,1076,925,979,977,1322,1474,1225,1179,1380,1106
"HHIPL1",41,33,35,30,34,37,40,38,45,26,41,26
"ATP6AP2",3182,3115,3440,3436,3382,4020,4021,3822,3392,3681,3798,3705
"ZAR1",0,0,0,0,0,0,0,0,0,0,0,0
"CYB5D1",75,87,89,71,79,88,93,65,82,105,61,77
"BACE2",5279,4829,5718,5176,5356,6193,7486,6545,6076,6216,6505,6548
"UBE2E2",332,345,388,436,419,438,431,386,351,402,479,386
"SYNM",509,488,530,1854,2067,2355,448,330,324,368,314,344
"KCNA4",0,0,0,0,0,0,0,0,0,0,0,0
"GABRG3",0,0,0,0,1,0,0,0,0,0,0,0
"NLRP10",0,2,0,0,0,3,0,0,0,0,0,0
"FIGN",174,174,199,189,137,177,173,107,123,162,122,143
"IZUMO1",5,4,11,7,8,2,6,3,4,6,3,2
"TMIGD1",0,0,0,0,0,0,0,0,0,0,0,0
"B4GALNT4",202,158,168,156,183,159,202,202,180,192,139,169
"AP1S2",670,683,836,790,818,901,815,792,672,749,762,741
"C8orf33",1046,845,934,1214,1078,1101,1211,1073,1118,1142,1250,1119
"DCAF4L1",19,11,10,14,15,3,11,13,17,20,17,8
"SPACA6",337,319,301,176,226,192,360,478,254,325,194,239
"MBD3L3",0,0,0,0,0,0,0,0,0,0,0,0
"ZSCAN22",128,123,119,124,116,107,157,108,99,120,131,120
"KCNJ14",53,57,35,45,31,17,31,27,30,40,34,25
"FBXL6",438,417,326,569,574,473,481,568,399,463,446,351
"C1S",29,23,14,26,25,12,28,10,6,16,21,10
"GLTPD2",0,0,0,0,1,1,0,0,0,0,1,0
"KIAA2012",0,0,0,0,0,0,0,0,0,0,0,1
"PRAMEF8",0,0,0,0,1,0,0,0,0,0,0,0
"LIPF",1,0,0,0,0,0,0,0,0,0,0,1
"OR5P3",0,0,0,0,0,0,0,0,0,0,0,0
"DAOA",0,0,0,0,0,0,0,0,0,0,0,0
"ZNF804B",0,0,0,0,0,0,0,0,0,0,0,0
"KBTBD3",29,32,33,31,38,48,53,60,56,45,43,57
"YBEY",171,154,183,179,165,188,199,248,177,174,218,215
"CLN8",478,525,504,469,418,491,568,587,535,535,540,528
"PLCXD1",209,172,168,207,178,142,251,198,191,235,192,171
"NXPH4",0,5,1,6,6,3,2,2,0,0,2,2
"CACNB4",3,8,4,5,6,2,13,3,3,6,2,3
"IFNL1",0,0,0,0,0,0,2,0,0,1,4,1
"TRAPPC6B",615,606,592,708,658,768,728,643,568,664,685,704
"PGBD4",91,82,68,94,83,67,120,80,80,72,74,89
"CDY2A",0,0,0,0,0,0,0,0,0,0,0,0
"NPLOC4",5758,5343,5794,5442,5203,5585,6487,5781,5447,5714,5897,5425
"OTOL1",0,0,0,0,0,0,0,0,0,0,0,0
"KCNK4",1,1,0,0,0,0,1,2,0,2,0,0
"TEX19",3,2,0,0,1,2,0,0,1,2,0,0
"TSHZ2",0,0,0,0,0,0,0,0,0,0,0,0
"CAPN12",3,4,4,1,2,3,1,4,0,5,8,0
"EXOC7",3370,3142,3683,3325,3137,3524,4145,3659,3216,3548,3574,3230
"KPNA2",10008,9460,11224,9677,9383,11092,14325,14116,12466,12998,13256,12821
"XKRX",20,11,17,10,13,13,17,14,16,12,27,9
"BGN",8711,8149,10516,8198,8209,10386,11015,10950,8847,9548,9066,9588
"CEP97",213,231,246,248,210,262,363,240,232,299,230,279
"LHFPL1",1,0,4,2,0,1,0,0,0,0,0,1
"FES",1000,1019,1092,881,922,933,1234,1411,1105,1122,1015,933
"GLRX5",1234,1126,1173,1317,1265,1308,1669,1758,1589,1575,1731,1563
"VCF2",101,78,87,97,87,115,105,161,110,119,141,149
"TBPL2",1,0,0,0,0,0,0,0,0,0,0,0
"CAV3",0,0,0,0,0,0,0,0,0,0,0,0
"MXRA7",3475,3212,3621,3608,3367,3931,4457,4096,4251,4139,4349,3906
"LIMK2",2097,2071,2323,1946,1927,1997,2437,2271,2141,2082,2061,2036
"MFSD5",952,887,859,921,837,896,1140,1014,1030,1059,1117,832
"RNASE10",1,1,1,0,0,2,3,0,0,0,1,2
"ADI1",1993,1723,2060,1966,1985,2389,2847,3115,2824,2654,2934,2756
"RWDD4",220,206,242,292,258,279,264,258,278,234,274,268
"SPNS3",0,1,3,0,0,0,1,1,2,1,1,0
"CLEC4G",0,0,0,0,0,0,0,0,0,0,0,0
"SATB1",113,135,175,71,78,111,167,117,99,121,108,141
"NXPH3",36,24,30,4,10,11,43,28,28,30,35,18
"CSF1R",1,0,1,0,0,1,0,0,0,0,0,0
"EPHB3",9,2,7,12,5,8,3,0,0,2,2,1
"VCX",0,0,0,0,0,0,0,0,0,0,0,0
"EPGN",0,2,3,2,1,1,2,0,4,4,0,2
"KRTAP11-1",0,0,0,0,0,0,0,0,0,0,0,0
"SNORC",72,64,45,48,58,48,34,51,43,40,53,29
"HS3ST4",0,0,0,0,0,0,0,0,0,0,0,0
"TRAK1",2396,2226,2732,2720,2772,3383,2653,2303,2254,2275,2145,2482
"TSPAN10",17,14,12,17,9,7,7,15,4,18,16,8
"OR2V2",0,0,0,0,0,0,0,0,0,0,0,0
"PLCB1",586,606,797,646,649,875,954,782,734,704,731,859
"SKA2",1174,1138,1260,1199,1261,1262,1670,1703,1442,1494,1623,1646
"RXFP3",0,0,0,0,1,0,0,0,0,0,0,0
"OR10G7",0,0,0,0,0,0,0,0,0,0,0,0
"NDN",305,275,276,327,338,333,431,390,377,341,455,409
"CCDC172",0,0,0,0,0,0,0,0,0,0,0,0
"OR4Q3",0,0,0,0,0,0,0,0,0,0,0,0
"NTM",83,71,70,69,73,66,93,66,81,66,71,44
"TTC3",2554,2523,3168,3439,3446,4183,3496,3005,2716,2748,2508,3267
"KCNB2",4,8,18,16,9,10,13,7,14,13,14,15
"PPP1R27",3,3,0,3,2,1,1,0,3,0,0,0
"BRICD5",51,62,65,39,38,36,64,100,78,65,62,40
"GALR2",11,8,13,10,13,12,17,8,12,12,6,12
"RESP18",0,0,0,0,0,0,0,0,0,0,0,0
"IGIP",32,27,36,25,35,50,48,39,39,28,33,42
"TSKU",710,602,767,735,825,962,760,715,613,585,620,586
"CMC4",34,40,56,40,44,54,60,69,48,56,66,59
"ANXA2",60175,53493,57823,61759,58437,62162,71586,70036,64166,67016,72252,61290
"RGS6",0,0,0,0,0,0,0,0,1,0,0,0
"HOXB4",488,456,433,436,516,520,705,595,578,592,598,529
"SLC35D3",0,1,0,0,0,0,0,0,0,0,0,0
"PAQR7",237,198,210,172,172,144,301,226,206,203,250,214
"PAPPA",81,85,120,83,78,100,127,83,82,90,78,90
"MAFA",48,57,10,66,52,15,16,7,27,20,45,8
"NGRN",732,579,572,710,654,637,1175,962,1133,1140,1209,1113
"GRID1",8,3,6,5,5,8,6,10,7,11,1,10
"RPS17",6442,5248,5719,6732,6373,7010,6831,9037,6549,6904,8982,7985
"HCAR2",0,0,0,0,0,0,0,0,0,0,1,0
"OR2T29",0,0,0,0,0,0,0,0,0,0,0,0
"CCDC87",7,6,8,7,10,14,11,10,12,9,11,14
"GSTA5",0,0,0,0,0,0,0,0,0,0,0,0
"C1orf116",10,5,5,8,3,1,2,2,2,3,8,6
"MAGEB17",2,0,0,0,1,0,0,0,1,1,0,0
"CRIP2",4885,4400,5396,4586,4715,5966,5656,7423,5663,5245,5744,5904
"DDX28",387,329,302,399,361,377,444,408,390,413,476,350
"KRTAP13-2",0,0,0,0,0,0,0,0,0,0,0,0
"ACBD3",1318,1339,1221,1780,1721,1893,1906,1361,1403,1526,1478,1366
"HAPSTR1",1562,1453,1490,1580,1465,1521,1849,1603,1605,1700,1654,1642
"PLCXD3",0,0,0,0,0,0,0,0,0,0,0,0
"VMO1",6,2,1,1,3,5,4,8,6,4,10,4
"OR4F15",0,0,0,0,0,0,0,0,1,0,0,0
"ALG12",474,440,480,689,766,843,575,469,469,500,512,486
"LCK",0,1,0,0,4,3,1,0,0,4,0,1
"GALNT9",5,9,4,2,3,6,10,11,7,9,5,11
"COL18A1",29122,28190,31097,29111,30580,35679,33647,32877,29350,29135,28080,28799
"RBM10",2205,1974,1988,2355,2194,2279,2296,2133,1987,2109,2170,1938
"ADGRG3",4,2,1,0,0,0,0,0,0,1,0,0
"GLUD2",59,25,46,59,70,60,58,46,39,54,50,44
"TMEM95",0,0,0,0,0,0,0,0,0,0,0,0
"TCHHL1",0,0,0,0,0,0,0,0,0,0,0,0
"RPL35A",6159,5284,5663,6427,5914,7299,7259,10123,7377,7088,9154,8065
"RGS7",3,4,3,7,6,1,5,5,4,3,5,3
"SLC25A18",0,0,1,0,0,0,0,2,0,0,0,1
"ZNF721",401,392,360,468,379,386,448,344,394,412,389,371
"TCEAL7",120,100,51,147,94,41,68,49,58,86,108,53
"C11orf54",216,249,275,246,216,293,245,337,234,260,254,249
"CEP63",245,252,212,251,219,202,257,238,213,258,292,212
"WFDC10B",0,0,0,0,0,0,0,0,0,0,0,0
"SRPRA",4047,3761,4474,5245,5343,5826,7766,6154,5856,6672,6660,6190
"OTOP3",0,0,0,0,0,0,0,0,0,0,0,0
"EWSR1",10596,9164,9802,10190,9722,9554,11777,11189,9483,10753,11061,9645
"CIMAP1C",0,0,0,0,2,0,0,0,0,0,0,0
"HMGN4",753,658,617,820,756,751,801,607,615,634,734,635
"SPATA13",407,358,424,554,530,668,456,326,313,322,300,351
"GJC1",716,679,760,686,624,649,1011,802,728,814,763,774
"SOX1",0,0,0,0,0,0,0,0,0,0,0,0
"CNOT10",598,521,551,621,570,545,659,633,567,618,592,567
"OR4M2B",0,0,0,0,0,0,0,0,0,0,0,0
"MTA1",2992,3054,3366,2881,2715,2945,3716,3950,3253,3613,3445,3392
"ZNF662",37,23,27,12,33,17,35,50,38,27,26,42
"CADM1",58,63,56,64,50,46,61,57,50,49,58,30
"ZNF320",245,225,229,202,220,228,277,210,196,216,204,219
"C12orf60",52,38,45,53,37,37,49,39,60,48,62,44
"PYCR1",1117,936,1155,1786,1700,2403,1379,1417,1308,1327,1395,1378
"NAA38",861,716,788,787,780,947,1020,1552,1126,940,1214,1059
"SPNS2",2320,1967,2422,1449,1412,1646,2857,2807,2419,2426,2422,2349
"MCEMP1",0,0,0,0,0,0,0,0,0,0,0,0
"AP2A2",4133,4003,4629,3600,3528,4194,4799,4813,4198,4210,4025,3983
"SLC8A1",11,8,16,21,10,11,16,12,13,12,15,13
"OR1G1",0,0,0,0,0,0,0,0,0,0,0,0
"SLC25A21",10,13,11,10,11,15,18,25,24,24,21,23
"OTOP2",9,9,4,10,3,2,2,1,2,4,2,3
"CYLC1",0,0,0,0,0,0,0,0,0,0,0,0
"PCP4",0,0,0,0,0,0,0,0,0,0,0,0
"ABAT",19,26,38,17,15,13,27,20,31,25,29,24
"SLC25A10",116,98,112,110,115,175,140,192,169,153,202,173
"CAMK1D",26,32,37,29,25,43,49,21,21,44,27,29
"RGPD6",0,0,0,0,0,0,0,0,0,0,0,0
"LYSMD4",129,110,156,120,137,123,187,193,168,176,162,166
"WBP2NL",4,8,5,4,2,5,2,4,1,1,4,3
"IGSF5",0,0,0,0,0,0,0,0,0,0,0,0
"NKX2-5",0,0,1,1,1,1,1,0,1,0,1,1
"AFMID",411,340,402,326,274,282,322,338,324,286,301,275
"GAS6",930,864,971,825,870,989,1335,1495,1165,1263,1260,1204
"FREM3",1,0,1,5,7,7,1,3,1,1,1,0
"NEB",119,90,101,136,103,110,127,73,62,81,78,85
"BEGAIN",0,1,5,0,3,1,1,0,3,1,1,0
"GPC6",0,0,0,0,0,1,0,0,0,0,0,0
"ARHGEF37",247,213,360,250,234,333,219,241,191,222,208,225
"FAM43B",0,0,0,0,0,0,0,0,0,0,0,0
"CSMD1",397,465,571,427,449,570,571,479,395,421,407,440
"CALHM3",0,0,0,0,0,0,0,1,0,0,0,0
"PTGDR2",10,8,9,6,10,1,6,6,8,3,6,7
"CEP57L1",271,239,250,257,232,273,378,347,273,315,351,261
"RIPPLY3",0,0,0,0,0,0,0,0,0,0,0,0
"GPR19",14,9,13,4,9,6,11,11,7,12,12,6
"GJD3",6,5,11,8,10,7,10,9,7,9,10,8
"RABIF",456,427,527,509,508,563,688,700,609,671,664,651
"TMEM119",17,14,8,15,12,5,13,5,13,15,4,3
"FANCF",446,364,431,581,513,543,525,495,542,456,490,456
"CALN1",1,0,0,0,0,0,0,0,0,0,0,0
"SMDT1",618,472,534,632,593,674,730,908,696,625,810,625
"GABRR3",0,0,0,0,0,0,0,0,0,0,0,0
"C2CD4C",10,9,4,0,5,8,11,5,11,11,10,4
"CHST6",2,2,6,7,4,3,3,9,0,2,2,2
"POTEC",0,0,0,0,0,0,0,0,0,0,0,0
"RUVBL2",2897,2449,2608,3043,2877,3040,3736,3660,3248,3333,3799,3185
"GDPGP1",39,26,28,28,28,26,48,47,27,22,47,23
"CTNNA3",0,0,0,1,0,0,0,0,0,0,0,0
"RIMBP3C",0,0,0,0,0,0,0,0,0,0,0,0
"PRR36",3,3,2,3,0,0,2,7,0,1,2,2
"OR51B4",0,0,0,0,0,0,1,0,0,0,0,0
"PTTG1IP",17250,15570,17482,16898,16423,18651,20314,18762,18600,18685,19590,18743
"DDX41",1717,1564,1700,2060,1925,2136,2215,2161,1904,1922,1972,1722
"ABHD16B",0,2,0,2,1,0,0,2,1,0,2,1
"OR52E8",0,0,0,0,0,0,0,0,0,0,0,0
"CCDC60",0,0,0,0,0,0,0,0,0,0,0,0
"PLGLB1",6,0,4,1,1,3,9,2,1,5,4,2
"DAZAP2",3136,3039,3612,3491,3314,3987,4574,4223,3700,4381,4596,4418
"CCBE1",188,216,238,193,167,157,403,323,311,317,325,311
"SELENOF",3601,3252,3309,4056,3917,4194,4052,4041,3766,3838,4359,3912
"OR5P2",0,0,0,0,0,0,0,0,0,0,0,0
"FAM9A",0,0,0,0,0,0,0,0,0,0,0,0
"MAGEA2",0,0,0,0,0,0,0,0,0,0,0,0
"TMEM121B",9,8,9,8,6,7,9,19,10,7,13,17
"ZNF623",462,398,421,462,428,455,564,395,404,483,411,418
"OR2T34",0,0,0,0,0,0,0,0,0,0,0,0
"OR52L1",0,0,0,0,0,0,0,0,0,0,0,0
"EPHA10",1,1,0,0,0,0,0,0,0,0,0,0
"SPDYE4",0,0,0,0,0,0,0,0,0,0,0,0
"CCDC125",74,82,91,95,78,91,83,77,91,118,87,86
"REC114",0,0,0,0,0,0,0,0,0,0,0,0
"BCOR",841,809,860,1100,1021,1120,1069,743,660,705,686,716
"JRKL",490,474,507,475,499,459,603,540,516,539,505,459
"CABCOCO1",3,3,3,1,1,2,2,6,5,3,3,3
"GBP6",0,0,1,0,1,0,0,0,1,1,0,0
"BRD10",547,525,580,534,546,640,623,463,397,438,373,543
"OVCH2",0,0,0,0,0,0,0,0,0,0,0,0
"SYNDIG1L",0,0,0,0,0,0,0,0,0,0,0,0
"FHL3",1089,995,1056,929,943,1039,1253,1151,1012,1070,1061,975
"OR56A4",0,0,0,0,0,0,0,0,0,0,0,0
"PMCH",47,37,40,167,164,225,84,73,46,65,71,73
"TMEM89",1,0,0,0,0,0,2,0,2,0,0,0
"TEKTIP1",2,0,5,1,1,2,4,3,0,3,2,2
"CCDC159",211,227,271,183,183,196,222,293,180,207,203,196
"RIPK4",0,0,0,1,0,0,0,0,0,0,0,0
"LRIT3",3,8,1,5,7,1,5,4,4,4,6,3
"NPIPA1",136,142,150,174,115,135,143,159,117,138,151,115
"SF3A3",3245,2891,2902,3234,2995,3004,4126,3489,3438,3692,3844,3398
"TFDP3",0,0,0,0,0,0,0,0,0,0,0,0
"TRIM61",1,0,1,0,0,0,0,0,0,0,0,0
"GRIN2A",0,0,0,0,0,1,1,0,0,2,0,0
"URAD",0,0,0,0,0,0,0,0,0,0,0,0
"GTF2H2C",71,91,56,66,69,65,102,80,73,78,76,69
"ASB7",399,388,432,452,368,459,461,360,348,411,414,392
"SH2D7",0,0,0,0,0,0,0,0,0,0,0,0
"TREX2",3,7,4,10,4,5,6,8,7,6,12,4
"GPR132",0,1,0,1,0,0,0,0,0,1,0,0
"MX2",4925,4146,3377,4068,3779,1950,4328,968,1355,3184,4397,1008
"EP400",2021,1981,2072,1911,1817,1984,2457,1687,1490,1645,1358,1860
"MEX3B",390,430,584,394,421,517,558,676,543,593,556,713
"TENT5C",26,21,24,26,17,13,28,18,21,26,23,23
"COA5",282,258,308,277,264,333,372,393,286,326,379,331
"UTP11",1127,1046,1119,1150,1122,1220,1472,1353,1213,1335,1476,1389
"PSMG1",1426,1131,1267,1424,1351,1474,1578,1596,1504,1598,1783,1603
"PRR14L",714,607,789,782,718,789,906,580,572,611,547,632
"KLRC4",0,0,1,0,0,0,0,0,0,0,0,0
"ACSM5",0,1,0,1,1,0,1,0,0,0,1,0
"C10orf120",0,0,0,0,0,0,0,0,0,0,0,0
"IZUMO1R",0,0,0,0,0,0,0,0,0,0,0,0
"SERHL2",7,4,5,6,2,5,8,6,5,7,3,2
"PCBP3",1,0,0,4,2,2,3,4,1,1,1,1
"PGPEP1L",0,1,1,4,1,1,0,0,1,1,2,0
"SETD3",2121,1821,1885,2639,2599,2808,2736,2158,2175,2296,2385,2088
"TNFAIP8L3",2279,1969,2090,4035,3731,4079,2706,2096,2195,2296,2384,2121
"ZNRF3",169,162,156,159,143,178,177,130,148,132,143,163
"FBXL7",945,1009,1150,807,892,1031,1232,1028,804,1006,959,1051
"TANGO2",839,807,956,815,770,814,928,852,738,733,793,749
"H3C13",3,5,2,2,6,7,1,5,4,3,2,1
"SFXN4",322,268,300,400,314,318,434,372,391,394,393,340
"GKN2",0,0,0,0,0,0,0,0,0,0,0,0
"FAM167B",23,31,40,18,32,41,61,76,49,47,44,43
"MRPL54",706,532,598,723,720,780,998,1406,1039,915,1180,909
"ZNF438",1294,1158,910,1488,1153,891,1060,640,706,958,1076,713
"HMCES",1233,1038,1194,1322,1373,1545,1548,1641,1455,1489,1635,1398
"CCR3",0,0,0,0,1,0,0,0,0,0,0,0
"DGCR6",0,1,3,2,1,0,2,2,1,0,2,3
"GOLGA8G",0,0,0,0,0,0,0,0,0,0,0,0
"PRR32",0,0,0,0,0,0,0,0,0,0,0,0
"TP53TG3",0,0,0,0,0,0,0,0,0,0,0,0
"RP1L1",58,68,66,72,38,44,79,59,49,49,43,47
"KRTAP8-1",0,0,0,0,0,0,0,0,0,0,0,0
"HOATZ",0,0,0,0,0,0,0,0,0,0,0,0
"ZNF530",95,53,54,77,54,64,84,66,66,87,62,76
"NDUFB1",410,363,368,349,362,375,436,719,441,446,431,390
"MARCHF11",0,0,0,0,0,0,0,0,0,0,0,0
"KLHL25",168,163,171,187,183,160,151,151,137,145,167,140
"TAFA1",0,0,0,0,0,0,0,0,0,0,0,0
"TRMT12",310,267,282,322,300,321,431,294,388,305,340,276
"PSG9",1,0,1,1,1,1,1,0,0,1,3,3
"CMKLR2",0,1,0,0,2,0,4,1,1,0,0,1
"BMP8A",8,0,7,12,11,3,6,4,3,5,3,4
"ALYREF",3450,2877,2989,3585,3252,3575,4820,4933,4731,4317,4958,4237
"RFLNB",1036,1022,1206,2360,2239,2801,1276,1231,1189,1208,1253,1304
"EFHC2",0,0,0,0,0,0,1,0,0,0,0,0
"NOG",18,21,21,93,93,123,45,64,71,47,62,57
"MRGPRX2",0,0,0,0,0,0,0,0,0,0,0,0
"UPP1",1175,925,835,1297,1213,1216,1436,1363,1310,1264,1432,1107
"OR4N4",0,0,0,0,0,0,0,0,0,0,0,0
"IFNL2",1,0,0,0,1,0,0,0,0,0,1,0
"OPCML",0,0,0,0,1,0,0,0,0,0,0,0
"TRIM52",321,384,337,265,279,289,350,330,222,321,264,271
"LHFPL6",386,374,441,452,385,454,526,401,414,445,485,396
"CMTM4",147,161,210,162,131,209,275,255,233,207,181,243
"TMEM50A",3218,2831,2971,3076,2966,3202,3726,3491,3239,3444,3887,3186
"FIGLA",0,0,0,0,0,0,0,1,0,0,0,0
"ASCL2",0,0,0,0,0,0,0,0,0,0,0,0
"TBK1",1370,1403,1433,1503,1408,1504,1504,1208,1168,1447,1414,1443
"CBX6",2468,2311,2424,2459,2125,2218,3064,2411,2592,2556,2434,2285
"MACC1",0,2,0,0,0,1,1,1,0,0,0,0
"ACSM2A",0,0,0,0,0,0,0,0,0,0,0,0
"TBL3",1312,1146,1161,1238,1160,1221,1724,1599,1537,1536,1479,1268
"BPY2",0,0,0,0,0,0,0,0,0,0,0,0
"ACP7",4,1,0,2,2,1,1,3,3,1,0,2
"KREMEN1",13,5,11,18,12,16,15,8,12,16,10,7
"TRAIP",253,222,252,243,206,204,287,275,281,319,313,274
"CHEK2",395,377,380,423,435,448,515,594,531,474,556,516
"FOXL2",4,1,1,6,1,3,2,3,0,5,4,2
"AIFM3",6,5,7,7,0,9,10,12,4,3,6,2
"KCTD16",5,7,5,9,4,5,7,1,5,3,9,6
"B3GALT5",0,0,3,0,0,0,1,1,0,2,0,1
"ZNF703",1158,1036,901,1043,936,787,1441,1102,1203,1217,1307,1033
"SLC35F3",0,0,0,0,0,0,0,0,0,0,0,0
"KCTD8",0,0,0,2,1,4,0,0,0,0,0,0
"TUBA8",11,10,11,15,28,32,24,16,15,6,13,17
"NPIPA5",6,5,5,7,5,2,8,3,1,3,1,11
"BPY2B",0,0,0,0,0,0,0,0,0,0,0,0
"EMILIN3",0,0,0,2,3,0,1,1,1,0,1,1
"OLFML1",0,0,0,0,0,0,0,0,0,0,0,0
"FAM162B",1,0,0,2,0,2,2,1,1,2,0,0
"RBM12B",605,602,639,620,548,579,802,567,588,673,555,584
"CCR4",20,16,11,16,14,5,17,11,7,7,26,5
"LIN9",319,305,303,310,256,280,399,265,283,348,348,331
"BTBD9",349,292,363,307,281,439,429,344,291,320,305,370
"NUDT14",811,670,792,700,778,857,973,1441,1003,880,1011,803
"ANKRD45",6,10,4,3,5,3,5,1,0,3,4,3
"CFAP91",0,1,0,0,2,0,1,0,2,1,1,1
"PNMA3",0,0,0,0,0,1,0,0,0,0,2,0
"GPR39",8,3,5,11,11,5,9,4,3,2,6,11
"FAM3B",0,0,0,0,0,0,0,0,0,0,1,0
"ZNF730",14,9,11,8,5,3,5,7,3,6,7,12
"KIRREL1",2144,2040,2501,2013,1961,2371,2566,1809,1805,2029,1753,2075
"IQGAP3",1582,1559,1666,1466,1413,1585,2327,1956,1843,1948,1606,1848
"CNGA2",0,0,0,0,0,0,0,0,0,0,0,0
"TOB2",1958,1735,1752,2001,1803,2129,2036,1597,1645,1801,1714,1695
"SCN5A",333,448,496,371,333,448,401,391,335,342,318,421
"ARSI",0,1,0,2,3,0,0,1,4,2,1,3
"UTY",364,355,324,386,331,299,370,305,278,319,331,314
"SRARP",0,0,0,0,0,0,0,0,0,0,0,0
"NPIPA6",15,10,6,17,5,10,12,12,11,12,14,14
"TTC32",98,92,99,73,86,81,122,147,109,114,102,114
"LRRC55",0,0,0,0,0,0,0,0,0,0,0,0
"DNAH2",5,6,4,4,7,3,6,4,3,5,4,6
"SH2D1A",0,0,0,0,0,0,0,0,0,0,0,0
"SDR42E2",0,0,2,0,0,0,0,1,0,0,2,1
"PRKX",806,797,876,800,896,1061,956,828,777,792,787,873
"KMT5A",1186,998,1111,1348,1299,1423,1806,1637,1649,1529,1650,1469
"KCNH8",0,0,0,1,0,0,0,0,0,0,1,0
"SMTN",6948,6007,4796,6232,5175,4027,6277,4855,5176,5771,5829,4331
"NPW",42,33,25,30,34,46,50,47,74,35,48,46
"PP2D1",0,0,0,1,0,0,0,0,0,0,0,0
"COA3",782,604,743,723,642,752,1009,1221,1046,953,1053,957
"NPB",3,4,2,6,3,3,4,4,4,4,5,4
"ST6GALNAC3",502,527,670,793,782,1005,850,755,705,755,714,731
"PTP4A2",3818,3428,3834,3924,3602,3985,4959,4942,4565,4424,4782,4503
"ACTG1",84135,77500,88776,86622,83452,102631,106097,112865,97675,96992,102463,105321
"TMPRSS2",0,0,0,0,0,0,0,0,0,0,0,0
"DENND5A",5428,5005,5311,7236,6682,7232,6118,4312,4362,4942,5163,4765
"OR2T10",0,0,0,0,0,0,0,0,0,0,0,0
"KRTAP20-2",0,0,0,0,0,0,0,0,0,0,0,0
"CTAG1B",0,0,0,0,0,0,0,0,0,0,0,0
"DIABLO",134,89,112,115,122,120,124,88,103,105,98,92
"VPS33B",194,165,137,171,180,158,211,177,151,221,234,171
"TBX1",363,366,362,224,211,225,460,534,394,421,414,418
"ADAP2",3,3,2,3,7,5,4,6,3,6,7,8
"UQCR10",971,790,866,997,943,999,1242,1538,1153,1053,1358,1173
"FAM120C",198,163,202,160,135,144,247,178,169,158,190,187
"TRIML1",0,0,1,0,0,1,0,0,0,0,0,0
"EIF3C",227,216,257,314,267,278,312,265,289,318,302,304
"CLDN5",3337,3289,4492,2404,2685,3199,3784,5324,3989,3564,4047,4049
"NIPSNAP1",837,843,1045,860,856,976,1147,1097,985,968,1065,949
"OR4F6",0,0,0,0,0,0,0,0,2,0,0,0
"CNTN2",0,0,0,0,0,0,0,0,0,0,0,0
"SPRR4",0,0,0,0,0,0,0,0,0,0,0,0
"LRRC51",17,18,27,19,16,19,23,31,20,21,33,35
"OR10J5",0,0,0,0,0,0,0,0,0,0,0,0
"KCNQ3",4,6,1,3,4,4,6,5,3,2,4,2
"ADRA2C",1,0,0,0,0,1,2,3,2,1,2,0
"NR2C2AP",237,161,198,207,184,169,263,251,287,242,292,189
"C1QTNF12",29,33,28,22,24,21,19,37,23,16,14,13
"CRELD2",1427,1081,1164,4116,4876,5705,1687,1971,1614,1727,1961,1499
"OR1D2",0,0,0,0,0,0,0,0,0,0,0,0
"SCFD2",230,183,208,250,192,216,277,219,207,225,237,239
"UBE2F",536,433,492,567,558,577,603,683,571,568,647,607
"KCNJ12",12,11,17,20,16,10,20,23,10,19,11,20
"GPR173",117,100,146,90,103,105,153,146,91,116,102,135
"PPP1R2",705,696,701,846,786,772,861,753,709,765,852,794
"TSPYL2",1714,1571,1576,2295,2741,2874,1598,1518,1217,1451,1276,1141
"GOLGA6L4",12,13,17,7,8,6,8,8,12,13,9,6
"PGP",1391,1138,1280,1557,1370,1483,1727,1809,1692,1606,1737,1565
"SNRNP35",412,335,406,408,406,406,494,529,436,464,477,396
"DGAT2L6",0,0,0,0,0,0,0,0,0,0,0,0
"IRAK1",7211,6478,6692,7336,6678,6959,7605,6644,6667,6984,7464,6390
"CMSS1",950,858,891,985,916,1042,1170,1345,1161,1145,1245,1111
"OLIG1",0,0,0,0,0,0,0,0,0,1,0,0
"PCDH9",388,286,260,369,286,247,386,195,239,296,300,211
"ACOT1",94,78,122,69,73,91,133,130,82,93,128,76
"OAF",2318,1990,2234,2429,2246,2429,2890,2345,2265,2494,2800,2206
"ALDH1A3",905,833,888,890,808,1026,1193,990,1016,962,983,1034
"H2AC20",27,13,19,24,22,24,27,29,27,30,34,29
"KCNK12",1,2,0,2,1,0,0,1,0,0,1,2
"H2AC21",12,4,3,10,5,5,4,3,6,2,2,0
"POU6F1",177,190,166,147,164,184,172,172,142,143,151,152
"DEFB108B",0,0,0,0,0,0,0,0,0,0,0,0
"TM2D3",445,454,456,475,484,530,621,649,615,592,640,551
"TSSC4",2214,1705,1775,2236,2013,2077,2462,2722,2480,2230,2712,1981
"TACSTD2",2276,2247,3217,2619,2617,3746,3830,5018,3597,3883,4207,4335
"SIX6",0,0,0,0,0,0,0,0,0,0,0,0
"PRKD1",106,106,131,116,116,189,148,202,141,141,122,160
"CCSER1",3,6,4,4,3,7,7,5,2,3,3,4
"ZDHHC23",75,68,58,41,41,59,79,70,56,60,44,60
"MROH7",0,0,0,0,0,0,0,0,0,0,0,0
"OR51J1",0,0,0,0,0,0,0,0,0,0,0,0
"S100A7A",0,0,0,0,1,0,0,0,0,0,0,0
"SRPK3",8,12,6,5,3,3,8,9,5,7,5,5
"GDF3",162,181,174,138,154,173,313,416,268,299,295,337
"IQCF2",0,3,0,0,0,0,0,0,0,1,0,0
"SLIT3",2,1,9,6,0,1,3,2,6,4,2,3
"EFNA5",290,252,299,237,203,212,293,225,214,262,294,246
"MRGPRE",1,0,0,0,0,0,0,0,0,0,0,0
"KRTAP19-1",0,0,0,0,0,0,0,0,0,0,0,0
"H1-5",1,3,3,5,2,1,1,3,1,5,3,2
"SPATA32",2,1,0,4,2,2,2,0,1,4,1,1
"PKP3",28,21,17,11,11,18,40,17,27,27,24,13
"MAP7D2",9,15,13,12,13,15,18,14,24,25,18,15
"CSF1",1245,1222,1039,1725,1510,1286,1070,636,636,907,989,593
"COLEC10",1,0,1,2,1,3,0,0,0,2,4,2
"ACTRT3",109,83,106,87,109,123,130,112,125,104,148,94
"PLA2G6",101,97,94,81,89,112,119,125,104,91,79,71
"MAML2",397,499,515,349,307,395,478,322,302,350,308,393
"PABPC1L2B",0,0,0,0,0,0,0,0,0,0,0,0
"A3GALT2",1,2,3,2,2,1,1,1,4,0,2,1
"OR4N5",0,0,0,0,0,0,0,0,0,0,0,0
"SS18L1",340,331,381,345,360,349,529,480,399,456,396,498
"KCND2",8,6,5,2,4,5,11,8,6,3,6,2
"TOP1MT",379,390,374,358,355,409,487,486,416,462,454,435
"COPB2",4763,4678,5457,6214,6049,6966,6598,5718,5223,5614,5714,5590
"LRRC19",0,0,0,0,0,0,0,0,0,0,0,0
"THAP7",386,330,312,419,377,344,493,503,502,471,522,424
"KNTC1",941,905,944,1015,859,906,1251,851,834,883,764,880
"CCR10",90,76,85,93,85,88,101,72,81,60,85,52
"NCMAP",0,0,0,0,0,0,0,0,0,0,0,0
"BPIFC",0,0,0,0,0,0,0,0,0,0,0,0
"WDR27",394,363,405,283,258,294,460,446,308,350,269,318
"TXNRD2",3356,2900,3211,2670,2584,2654,4353,6349,5042,4393,4704,4217
"C1QTNF8",0,0,0,0,0,0,0,0,0,0,0,0
"OR56A3",0,0,0,0,0,0,0,0,0,0,0,0
"FOXO4",171,193,224,147,182,229,217,203,183,165,185,157
"POU3F2",5,5,1,3,4,2,1,0,1,2,3,0
"PTP4A3",60,50,63,55,56,88,55,56,54,53,54,49
"FOXD4L1",1,4,3,4,1,5,1,1,2,3,2,1
"TMEM255B",1704,1411,1546,1520,1455,1602,1956,2134,1776,1734,1996,1607
"PROS1",398,345,425,345,395,414,500,438,386,399,455,441
"GAST",0,0,0,0,0,0,0,0,0,0,0,0
"NUTM1",0,0,2,0,0,0,0,0,0,1,0,0
"HDDC3",280,199,282,257,266,278,324,363,308,332,387,332
"BEX5",0,0,0,0,0,0,0,0,0,0,0,0
"ZFP1",218,256,270,251,230,254,336,264,267,303,313,290
"CEND1",23,22,36,27,34,50,39,58,41,34,41,58
"C6orf58",17,6,5,18,3,6,4,2,4,4,10,5
"DHRS7C",0,0,0,0,0,0,0,0,0,0,0,0
"DUSP8",359,306,231,446,309,240,399,259,339,395,410,286
"SOCS3",544,472,478,426,478,453,896,663,732,663,796,619
"SPEM2",0,0,0,1,0,0,0,0,0,1,0,0
"SLITRK6",0,0,0,0,0,0,0,0,0,0,0,0
"PIWIL3",0,0,0,1,0,0,0,0,0,0,2,0
"LPAR5",3,5,2,1,3,2,1,1,2,3,5,4
"XPOT",2527,2469,2698,3069,3142,3543,3186,2380,2465,2623,2545,2740
"STING1",2178,2019,2244,2344,2397,2587,2471,2221,1874,2134,2134,1809
"PDE4B",2200,1961,2207,2271,2310,3004,4201,3208,2947,2847,3164,3231
"TAFA3",3,0,1,4,0,1,1,3,0,0,1,0
"C14orf180",0,0,0,0,0,0,0,0,0,0,0,0
"SNN",961,922,1024,1270,1212,1588,1200,1116,1058,1080,1210,1239
"KCNH7",0,2,1,0,2,1,0,0,1,0,0,1
"NELL2",0,2,0,1,0,0,2,1,1,0,1,1
"SPDYE12",0,0,0,0,0,0,0,0,0,0,0,0
"KRBA2",116,125,167,99,112,125,146,185,125,147,128,137
"MED12",1231,1222,1466,1104,1045,1225,1453,1245,952,1034,838,1091
"ZNF93",113,144,114,125,131,104,103,112,95,138,123,115
"SEPTIN9",2675,2733,3238,2878,2898,3561,3411,3171,2889,2808,3001,2894
"PRSS55",0,0,0,0,0,0,0,0,0,0,0,0
"ODF4",0,0,0,0,0,0,0,0,0,0,0,0
"FOXD4L4",0,2,0,0,0,0,0,0,0,2,0,0
"CDCA2",830,819,949,843,816,878,1239,1077,1009,1073,1118,1236
"RALYL",0,0,0,0,0,0,0,0,0,0,0,0
"AMER1",132,159,138,157,156,127,219,94,122,147,147,152
"ZBTB40",1509,1462,1539,1376,1206,1246,1599,1161,1073,1302,1096,1123
"H2BC21",339,324,226,420,361,238,266,130,162,277,292,124
"CLDN6",11,8,8,9,3,3,9,3,11,9,5,3
"OR51M1",0,1,2,3,2,5,1,2,3,1,0,1
"SEPTIN5",16,9,13,35,44,65,15,20,8,10,17,10
"EIF4ENIF1",664,658,641,613,626,649,769,659,607,672,598,607
"LRRC26",2,0,0,2,2,2,1,2,0,1,2,0
"SERINC4",11,8,7,2,9,3,7,4,4,12,8,7
"RNLS",25,19,21,20,15,26,28,21,29,30,24,20
"KRTAP6-1",0,0,0,0,0,0,0,0,0,0,0,0
"APOBR",3,6,1,6,9,0,7,7,1,7,1,0
"FAM110C",0,0,0,0,0,0,0,0,0,0,0,0
"DDX53",0,0,0,0,0,0,0,0,0,0,0,0
"ATL3",1797,1614,1853,2026,2019,2282,1918,1782,1644,1612,1766,1694
"NDUFA12",1045,816,947,1064,929,1038,1149,1169,1031,1044,1348,1089
"SMIM10",94,66,93,107,96,94,96,76,76,88,108,68
"DYNLT2",62,50,44,54,56,39,47,51,47,47,63,42
"UBE2G2",2092,2063,2232,1679,1820,1951,2154,2305,1644,1838,1634,1798
"SATL1",0,0,0,0,0,0,0,0,0,0,0,0
"OSBP2",356,407,414,344,371,396,395,303,275,264,341,334
"TRARG1",0,0,0,0,0,0,0,0,0,0,0,0
"PRR23B",0,0,0,0,0,0,0,0,0,0,0,0
"ZBTB7C",0,0,0,0,0,0,1,0,0,0,0,0
"APOO",216,176,203,212,187,196,227,250,214,205,297,218
"PRR16",25,15,22,33,26,25,42,32,26,33,42,45
"TMED9",9131,7606,8085,10004,9498,10109,10909,10635,10624,10091,11689,8732
"DRD1",0,0,0,0,0,0,0,0,0,0,0,0
"TMEM186",295,227,229,262,250,264,330,356,339,370,340,279
"SDR42E1",0,1,0,1,0,0,2,0,1,1,0,0
"RBM33",1340,1357,1436,1198,1114,1047,1430,1088,919,1078,895,1022
"ARMCX2",1018,896,1159,1229,1271,1583,1422,1418,1123,1165,1163,1290
"BTBD6",1896,1650,1777,1875,1930,2115,2268,2410,2250,2145,2325,2046
"SRY",0,0,0,0,0,0,0,0,0,0,0,0
"H1-10",2570,2303,2261,2623,2012,1924,4492,4312,4077,4277,5096,3971
"RBM43",393,343,423,269,302,303,349,319,233,320,337,318
"SUMO3",3769,3320,3443,3746,3563,3728,4633,4209,4096,4350,4746,3903
"IMMP2L",56,48,50,58,58,60,76,87,56,77,71,74
"TCEAL2",0,1,0,2,0,1,1,0,0,0,0,0
"CLCNKB",1,1,0,1,1,0,5,0,2,4,1,0
"DMRTC1B",0,0,0,0,0,0,0,0,0,0,0,0
"JAG2",3939,3574,4656,2611,2703,3322,3653,4479,3549,3272,2961,3548
"FMNL1",26,12,10,16,14,21,17,18,18,20,15,15
"NUTM2A",9,4,7,7,6,6,13,9,3,7,17,3
"PTRHD1",412,297,368,368,365,405,433,571,451,439,472,457
"LCN12",3,8,6,8,6,10,1,6,6,4,4,1
"OR6A2",0,0,0,0,0,0,0,0,0,0,0,0
"WT1",3,4,4,7,1,0,5,4,2,7,6,1
"ZFP90",393,397,501,378,330,361,533,477,385,466,366,478
"AQP12A",0,0,0,0,0,0,0,0,0,0,0,0
"FAM227A",22,18,25,11,12,23,20,30,18,16,11,25
"OR6C70",0,0,0,0,0,0,0,0,0,0,0,0
"MUC6",0,0,0,1,0,0,0,0,0,0,0,0
"NOC4L",697,667,680,742,649,670,813,836,739,745,749,616
"USP18",2565,2261,2080,2963,2811,2171,2730,1270,1657,2262,2827,1247
"NDUFA6",1274,1146,1110,1324,1293,1393,1316,1642,1303,1255,1636,1351
"CHRM5",1,0,0,0,0,0,1,3,2,1,0,1
"SORCS2",31,18,16,17,18,8,15,9,8,19,15,14
"TMEM121",58,44,40,34,39,41,66,64,60,49,71,55
"TMEM106A",215,201,221,319,304,390,260,214,153,219,235,192
"SIVA1",1268,1012,1036,1361,1211,1277,1575,1940,1665,1489,1617,1279
"BRI3BP",240,177,180,251,220,184,268,222,212,240,269,238
"IFNE",17,12,12,18,7,11,10,8,6,4,12,1
"SLC22A10",0,0,0,0,0,0,0,0,0,0,0,0
"DGAT1",393,411,426,426,390,386,492,497,451,461,432,436
"RFX6",0,0,0,0,0,0,0,0,0,0,0,0
"ROBO2",2,3,0,1,2,0,3,6,2,2,3,2
"AP3M1",1815,1801,2066,1989,1871,2024,2257,1800,1546,1890,1797,2077
"F8",22,18,20,37,21,30,40,31,31,32,33,28
"NT5C1B",0,0,0,0,0,0,0,0,0,0,1,0
"CA13",32,27,29,59,50,51,49,18,32,39,39,41
"UBOX5",218,223,213,201,209,199,229,217,158,173,204,150
"MAFF",3869,3114,2453,5391,4762,4682,4053,2898,3460,3427,4415,2918
"BRF1",1301,1230,1304,1094,1108,1111,1559,1442,1271,1359,1394,1252
"LRRC14B",0,0,0,0,0,0,0,0,0,0,0,0
"SEMA4B",540,427,450,401,332,311,560,339,429,441,447,392
"MROH2A",0,0,0,0,0,0,0,0,0,0,0,0
"SPDYE16",1,0,0,0,0,0,0,0,0,0,0,0
"CIB1",1225,1021,975,1261,1198,1230,1310,1542,1435,1259,1501,1235
"ANKS1B",2,0,1,2,2,4,1,2,3,2,0,2
"NELFA",737,586,667,629,597,645,964,777,815,798,828,711
"SLC24A3",0,0,0,0,0,0,0,0,0,0,0,1
"SGCZ",0,0,0,1,0,0,0,0,0,0,0,0
"EFCAB10",1,2,2,2,1,1,1,1,0,0,1,3
"C5orf47",0,1,0,3,0,0,0,0,0,0,0,0
"KRT76",0,0,0,0,0,0,0,0,0,0,0,0
"FLRT2",3440,3891,5253,2741,2842,3840,4547,4754,3685,3924,3739,4776
"INTS5",1219,1000,1037,1318,1211,1364,1449,1234,1197,1335,1338,1114
"RPS27L",3027,2598,2872,2970,2854,3446,3558,4622,3236,3532,4196,3828
"MANEAL",13,22,20,21,18,23,26,18,18,18,24,18
"ADSS1",54,52,56,54,34,43,51,61,48,49,50,48
"ANO9",7,13,8,12,10,7,7,9,6,10,6,3
"FAF1",790,706,796,759,680,722,1049,878,864,972,1030,908
"MYADML2",0,0,0,0,0,0,0,1,0,0,0,0
"FAM43A",14010,12331,14794,8842,8525,9992,16023,16674,14896,14618,15153,15089
"NSMCE3",591,535,574,599,612,631,730,648,664,708,746,671
"HSF1",3656,3110,3392,3691,3682,3920,4017,3915,3585,3646,3992,3421
"C6orf120",979,863,935,1034,974,941,1322,1066,1071,1239,1282,1185
"PURA",569,592,641,676,627,703,758,590,591,606,621,650
"H2BC13",0,3,0,0,1,4,3,3,2,2,3,8
"INPP5J",52,53,34,55,43,16,39,28,22,45,41,20
"NPY2R",0,0,0,0,0,1,0,0,0,1,0,0
"MIXL1",1,0,4,1,1,1,5,9,2,1,0,6
"MFSD6L",0,0,0,0,0,0,0,0,0,0,0,0
"LRRC37B",404,393,342,388,322,274,313,235,262,291,332,229
"DDX51",1047,1036,831,948,882,833,1063,1208,1030,947,907,843
"NOMO2",1131,987,1072,1131,1119,1193,1350,951,823,1021,927,987
"ZNF479",0,0,0,1,0,0,0,0,0,0,0,0
"SIGIRR",601,555,619,510,492,572,737,907,720,627,707,621
"NRBP2",787,816,785,633,655,645,770,796,592,705,533,559
"PRSS57",0,1,1,0,2,0,0,0,0,0,0,1
"IFITM2",7914,6235,6600,6881,6590,6382,8672,6567,6333,7507,8797,5887
"TNFAIP2",883,762,664,809,767,603,880,685,678,705,649,526
"ZNF445",358,286,357,300,310,308,479,370,328,363,316,306
"PGBD2",106,145,119,107,122,134,126,153,127,131,124,139
"TCEAL9",2804,2611,2796,3236,3273,3406,3564,3926,3226,3203,3879,3208
"MC2R",0,0,0,0,0,0,0,0,0,0,0,0
"RAB11B",1867,1860,2028,2040,1978,2423,2589,2900,2362,2446,2512,2415
"PRMT3",568,541,477,633,530,535,719,520,530,615,636,574
"GP1BA",0,0,0,2,3,1,0,0,0,1,0,1
"PRPF39",941,998,916,976,922,831,1085,953,932,1048,930,925
"MAGEA11",0,0,0,0,0,0,0,0,0,0,0,0
"PPIL6",2,1,7,2,2,1,5,4,4,4,3,2
"ZNF74",324,287,380,307,290,330,442,413,424,435,425,412
"KIAA0825",15,21,17,20,25,25,17,18,14,19,18,31
"UBALD2",1357,1120,1107,1430,1301,1526,1505,1370,1447,1433,1807,1469
"CIMIP4",0,1,0,0,0,0,0,0,0,0,0,0
"CDNF",16,19,16,17,17,15,17,13,12,11,21,14
"NOTUM",0,3,0,2,0,1,0,0,1,0,0,1
"KLHL33",2,1,1,0,2,1,0,0,0,4,0,0
"RBM11",0,0,0,0,0,0,0,0,0,0,0,1
"GALNT17",0,0,0,0,0,0,0,0,0,0,0,0
"ZBTB37",68,83,92,78,78,62,126,80,90,102,74,109
"NUPR2",0,0,0,0,0,0,0,0,0,0,0,0
"IL3RA",250,195,281,236,248,256,313,269,251,219,241,251
"SPPL2C",0,1,0,0,0,0,0,0,0,0,0,0
"CCDC137",1667,1580,1544,1756,1511,1495,1969,1852,1742,1734,1951,1454
"SFTPA2",0,0,0,0,0,0,0,0,0,0,0,0
"RGPD2",2,1,3,2,1,3,3,2,4,1,0,0
"ARL15",93,105,116,97,104,135,130,113,111,140,128,124
"C12orf56",0,0,0,0,0,0,2,0,0,1,0,0
"SCN10A",15,11,17,16,18,21,8,4,15,14,11,16
"CDK10",905,833,866,720,799,811,1092,1430,998,1001,946,897
"SOCS1",101,49,48,90,76,92,105,72,83,63,95,57
"TCN2",3459,3160,3609,3519,3419,3692,4184,3394,2974,3392,3814,2972
"GAS2L1",1422,1252,1517,1228,1195,1432,2094,2166,2063,1973,1921,1799
"ATP6V0A2",812,757,734,853,832,872,945,790,797,807,798,789
"PRKN",1,0,0,0,1,2,1,0,0,0,0,0
"TEDC1",550,500,448,551,528,526,774,965,834,742,796,628
"HS6ST3",51,60,30,83,53,39,22,12,24,31,25,21
"HGS",4891,4682,4615,4822,4496,4713,5900,5317,5154,5290,5075,4674
"TNFAIP8L1",2353,2066,2679,1870,1910,2530,3116,3722,2725,2796,3022,3005
"OR2V1",0,0,0,0,0,0,0,0,0,0,1,0
"RAD51D",448,440,480,478,414,426,536,453,461,442,453,435
"OR7A17",0,0,0,0,0,0,0,0,0,0,0,0
"MAPK11",770,687,839,684,693,765,964,1271,895,795,822,846
"SP140L",1013,880,853,925,811,584,598,405,357,507,539,403
"MRPL30",769,840,885,981,876,983,959,920,858,867,1060,1018
"TARS3",166,157,164,218,189,220,208,196,189,197,203,188
"SMYD3",150,128,157,150,142,176,202,209,208,209,209,192
"TMT1A",203,218,316,185,186,251,273,358,253,283,256,278
"IFNLR1",1,0,0,0,0,1,0,0,0,0,0,0
"SH3BGR",2,1,1,1,2,0,2,4,4,4,2,2
"FAM174B",1603,1329,1808,1292,1385,1670,1896,2148,1786,1656,1822,1755
"FAM47A",0,0,0,0,0,0,0,0,0,0,0,0
"ZSWIM9",668,559,604,588,506,508,754,710,717,704,721,583
"KPNA7",0,0,0,0,0,0,0,0,0,0,0,0
"TMEM179B",1117,847,923,1005,977,946,1200,1137,1119,1092,1173,907
"GPRIN3",28,33,60,3,5,8,29,31,25,20,22,33
"KRT6B",0,0,0,0,1,0,0,0,0,0,0,0
"PARPBP",393,407,378,465,455,468,490,498,434,481,446,495
"STAC3",24,19,14,18,20,14,23,24,19,15,20,26
"ROR1",335,285,356,328,366,418,454,361,320,313,282,377
"MUC1",67,70,56,36,33,31,48,79,36,56,23,28
"FAAP100",1476,1229,1390,1372,1283,1453,1786,1875,1566,1581,1398,1429
"IRF7",5550,4716,3735,5640,4783,3230,4401,2469,2824,4314,5637,1935
"L3MBTL1",70,72,76,55,33,34,74,84,58,62,30,45
"BRCC3",690,663,760,795,700,779,978,697,709,770,759,830
"SV2B",0,0,0,0,1,1,0,0,0,0,0,0
"FAM131C",4,1,6,6,5,10,2,3,6,5,4,6
"LMNTD2",32,43,60,26,29,24,46,60,40,43,35,34
"SPATA45",0,1,0,0,0,0,0,1,1,0,0,2
"PDE6G",26,20,32,22,14,20,14,10,22,16,20,25
"PRKG1",119,139,153,130,120,167,189,139,126,149,137,141
"NR2F2",7572,6858,7178,5335,4881,4771,10098,7948,7508,8223,8589,7580
"DLK1",0,0,0,0,0,0,1,1,0,0,1,1
"TLCD2",76,80,97,68,87,96,68,80,60,52,54,62
"LSAMP",0,0,0,2,0,0,1,2,0,0,1,1
"AHNAK2",2680,2305,2750,1966,1756,2256,3136,2003,1858,1671,1519,2083
"OLFML2A",7,2,5,1,1,6,1,1,1,2,1,5
"SP1",1228,1177,1454,1377,1383,1618,1390,1020,916,1021,965,1154
"MRPL40",649,540,585,634,617,651,755,754,642,679,835,674
"DBX2",0,0,0,0,0,0,0,0,0,0,0,0
"INKA1",267,252,349,259,248,367,252,356,255,263,328,241
"PDIA2",6,4,4,2,4,0,2,0,2,2,1,1
"PCGF3",1679,1614,1912,1642,1578,1908,2365,2113,1950,2030,2035,2237
"LMLN",214,222,256,264,251,311,304,229,225,244,215,269
"P4HB",42689,37950,41507,51040,50353,57155,51005,44983,43899,46320,49399,43026
"PSMD13",6900,5499,6089,6973,6656,6720,8134,8522,7536,7368,8535,6977
"PBX1",93,107,175,93,99,121,156,137,89,91,97,154
"NDUFA4L2",1,0,0,0,4,4,0,5,0,3,1,1
"SHC4",2,4,7,10,10,8,3,4,3,10,6,6
"KRT79",1,0,0,0,0,2,0,0,1,0,1,0
"ZFP36L1",4327,3859,3752,3403,3065,2852,4735,3661,3243,3822,3884,3609
"UBE2L3",2806,2476,2684,2839,2612,2859,3658,3383,3264,3261,3752,3377
"NTF3",0,0,0,0,0,0,0,0,0,0,0,0
"BRWD1",769,782,925,687,700,742,1073,917,826,842,874,1026
"SMIM23",0,0,0,0,0,0,0,0,0,0,0,0
"PMEL",11,15,17,7,8,8,12,13,14,6,17,11
"SYN3",0,0,0,0,0,0,0,0,0,0,2,0
"POU3F1",11,18,12,12,9,3,7,2,3,5,17,3
"SNAI3",5,4,2,3,5,0,1,4,3,3,6,2
"ZBTB3",90,87,100,88,82,100,113,120,107,108,89,124
"LYG2",0,0,0,0,0,0,0,0,0,0,1,0
"MORN5",0,0,0,0,0,0,0,1,0,1,0,0
"PRAME",0,0,0,0,0,0,0,0,0,0,0,0
"MYBL1",134,135,135,143,104,115,185,130,149,137,130,141
"MOSMO",341,336,350,414,404,405,418,329,321,395,352,336
"DRG1",1810,1501,1523,2009,1754,1737,2193,1991,2004,2026,2147,1800
"ANKFY1",2776,2721,2680,2647,2582,2416,3016,1829,1919,2255,2249,1972
"YTHDF3",2040,2114,2015,2507,2214,2293,2741,2055,2013,2429,2350,2400
"ZNF696",219,209,181,215,184,180,264,265,250,234,269,241
"ADARB2",0,0,0,0,0,0,0,0,0,1,0,0
"NRG3",82,93,110,92,78,115,149,97,96,103,110,112
"SRL",3,1,5,0,3,2,6,5,2,5,5,2
"C11orf87",0,0,1,0,1,0,0,0,0,0,0,0
"IFIT1",10064,8831,7246,8712,8999,5198,9036,2912,3353,7378,10684,2695
"CXorf38",822,689,795,807,776,850,901,701,650,783,822,715
"CLDN24",0,0,0,0,0,0,0,1,0,0,0,0
"KCNQ5",28,29,26,39,25,13,13,7,18,17,17,10
"ADAMTSL5",1,1,1,0,2,4,1,0,0,0,0,2
"KCNIP4",0,0,0,0,2,0,0,0,0,0,1,0
"SPATA31A6",0,0,0,0,0,0,0,0,0,0,0,0
"MORF4L1",5412,5134,5583,5784,5907,6810,6930,7048,6188,6419,7037,6869
"NLRP9",0,0,0,0,0,0,0,0,0,0,0,0
"WDR53",267,222,230,252,223,223,292,285,266,258,351,263
"DMWD",1545,1416,1582,1520,1444,1484,1548,1422,1307,1389,1132,1202
"SLC52A2",1296,1157,1223,1689,1579,1737,1691,1641,1629,1546,1781,1339
"PIGP",210,196,208,216,213,243,224,240,204,231,267,263
"IKZF1",0,0,0,0,2,0,0,0,0,0,1,0
"PCYT2",1365,1372,1668,1143,1181,1429,1497,1941,1442,1434,1508,1492
"NAT8L",1,1,5,4,7,6,4,8,12,9,5,14
"OR6C76",0,0,0,0,0,0,0,0,0,0,0,0
"NPAP1",0,0,0,0,0,1,0,0,0,0,0,0
"BCAP31",5502,4489,4747,5116,4937,4777,5888,5428,5649,5354,6012,4563
"ARL17A",7,17,14,14,18,23,10,9,13,7,11,12
"GNB1L",316,220,308,243,226,261,563,534,489,466,492,403
"DNAH14",66,56,55,85,82,79,67,71,57,72,74,48
"CCDC190",31,29,31,39,29,50,51,66,56,48,56,77
"EVI2B",86,93,98,75,89,93,67,65,42,69,52,77
"TMEM210",0,0,0,0,0,0,0,1,0,0,0,0
"NPIPB4",109,106,93,113,100,91,123,74,71,91,62,69
"ZNF829",54,56,45,57,55,33,73,36,42,55,51,59
"TMPRSS11B",0,0,0,0,0,0,0,0,0,0,0,0
"THNSL1",133,142,124,113,114,125,180,151,131,191,163,178
"TRIM69",1207,1090,1134,1111,1155,985,1072,611,592,961,1096,615
"ATP6V0C",1777,1487,1453,1860,1693,1770,2011,1571,1591,1790,1850,1540
"IFITM1",7571,5818,5557,6113,5856,3636,8621,2832,3376,6864,9390,2412
"PRSS38",0,0,0,0,0,0,0,0,0,0,0,0
"BPY2C",0,0,0,0,0,0,0,0,0,0,0,0
"LAMP1",13204,12274,13486,13251,12738,14658,15175,13648,12178,12923,13872,13504
"FFAR3",0,0,0,0,0,0,0,0,0,0,0,0
"TAS2R60",0,0,0,0,0,1,0,0,0,0,1,0
"POMK",155,124,126,152,153,169,207,218,199,204,267,182
"C16orf54",0,0,0,0,0,0,0,0,0,0,0,0
"KLHDC8B",771,799,1069,629,695,896,979,1421,959,1024,1055,905
"KLHL34",0,0,0,0,0,0,0,0,0,0,0,0
"SETD4",333,291,278,299,291,289,372,321,306,321,295,292
"PTCH1",195,155,177,189,189,211,192,122,135,140,115,156
"RTN4RL1",2,3,2,0,1,1,2,2,0,1,0,1
"OR4C46",0,0,0,0,0,0,0,0,0,0,0,0
"CALHM1",0,0,0,0,0,0,0,0,0,0,0,0
"KRTAP5-5",0,0,0,0,0,0,0,0,0,0,0,0
"NKAIN3",0,0,0,1,0,0,0,1,0,0,0,0
"RNPC3",274,265,283,200,226,229,257,260,226,267,235,257
"ZNF267",860,772,568,996,784,670,852,561,659,765,828,636
"IRS2",177,207,108,231,174,158,147,100,134,151,138,107
"SPACDR",178,164,140,111,74,71,130,175,128,157,156,122
"FAM186A",0,0,0,0,0,0,0,1,0,0,0,0
"SHOX",0,0,0,0,0,0,1,0,0,0,1,0
"LCE3A",0,0,0,0,0,0,0,0,0,0,0,0
"BICD2",1746,1631,1711,1742,1694,1816,2317,1872,1851,1895,1781,1964
"LCE3E",0,0,0,0,0,0,0,0,0,0,0,0
"CCIN",20,11,12,8,5,14,32,19,19,21,15,14
"TMLHE",111,98,137,93,104,114,118,99,83,103,118,115
"GRK1",0,2,0,2,0,0,0,1,0,2,0,1
"DEFB128",0,0,0,0,0,0,0,0,0,0,0,0
"SLITRK2",0,0,0,0,0,0,0,0,0,0,2,0
"PLK5",2,2,0,2,7,1,1,1,0,0,2,0
"RASA3",3003,2904,2907,3205,2903,2904,4166,3457,3400,3458,3475,3396
"LRCH3",998,1013,1034,915,884,983,1184,1048,861,1016,870,1024
"LEMD1",0,0,0,0,0,0,0,0,0,0,0,0
"ATP4B",1,1,1,2,0,0,0,1,0,1,0,0
"NDUFA13",705,516,565,622,574,650,711,1256,857,682,860,675
"ZNF566",130,129,111,150,131,161,145,139,126,134,128,126
"ZNF529",172,179,180,157,127,163,166,155,129,155,162,140
"ZNF284",21,26,24,28,31,24,25,28,29,45,30,32
"HTR3E",0,0,0,0,2,0,0,0,0,0,0,0
"DLEU7",0,0,0,0,0,0,1,1,0,0,0,0
"KRT73",0,0,0,0,0,0,0,0,0,0,0,0
"TAL2",0,4,1,2,1,0,3,3,0,2,5,1
"AIDA",940,841,843,966,886,904,1135,811,825,965,1078,960
"CDIN1",155,136,136,132,111,149,200,135,153,157,177,161
"CD300LF",0,0,0,0,0,0,0,0,0,0,0,0
"ZPBP2",0,0,0,0,0,0,1,0,0,0,0,0
"KRT5",0,0,0,0,0,0,0,0,0,0,0,0
"NBPF6",1,1,0,0,1,0,2,0,1,1,0,0
"GSAP",74,80,86,78,67,66,91,77,60,72,78,59
"HTR3D",0,0,0,0,0,0,0,0,0,0,0,0
"OR4F5",0,0,0,0,0,0,0,0,0,0,0,0
"AGBL4",0,0,0,0,0,0,0,0,0,0,0,0
"ARGFX",0,0,0,0,0,0,0,0,0,0,0,0
"CYP2R1",167,155,163,154,142,157,238,249,212,197,195,215
"LRRC70",273,323,345,411,420,466,342,283,278,343,292,370
"ANKRD46",282,235,243,302,285,335,432,437,415,425,443,408
"PIP5K1C",3453,3260,3516,3587,3463,4206,4953,4114,4044,3854,3694,3905
"OR5D14",0,0,0,0,0,0,0,0,0,0,0,0
"CYP4F2",0,2,0,1,0,0,2,0,0,0,0,3
"TEX38",0,0,0,1,0,1,0,1,0,0,1,0
"OR5D18",0,0,0,0,0,0,0,0,0,0,0,0
"ZBTB6",210,231,214,282,243,255,194,156,144,167,194,191
"C2orf76",91,92,69,88,96,98,97,130,84,103,94,111
"TAS2R42",0,0,0,0,0,0,0,0,0,0,0,0
"POLR3C",1232,1085,971,1435,1122,1020,1157,967,970,1116,1190,968
"PRR30",0,0,0,0,0,0,0,0,0,0,0,0
"DEFB131A",0,0,0,0,0,0,0,0,0,0,0,0
"UBL4B",0,0,0,0,0,0,0,0,0,0,0,0
"WWOX",90,86,100,117,110,125,113,105,91,104,130,107
"CYP4Z1",0,0,0,0,0,0,0,0,0,0,0,0
"CENATAC",200,165,168,182,162,154,198,240,152,191,220,164
"BCL9L",3925,3755,3827,4240,3817,3759,4571,2965,3015,3573,3233,3151
"POLR1D",1639,1508,1637,1648,1577,1769,1659,2030,1701,1707,1915,1785
"KIF18B",854,858,894,857,872,925,1073,1010,898,1040,932,925
"ZNRF1",847,828,989,677,786,931,1082,1264,1046,1044,1080,1037
"FFAR4",0,0,0,0,0,0,0,0,0,0,0,0
"BPIFB3",0,0,0,0,0,0,0,0,0,0,0,0
"BPIFB4",0,0,0,0,0,0,0,1,0,0,0,0
"SAPCD2",985,967,1110,969,860,1118,1558,1506,1512,1365,1510,1456
"EDARADD",0,1,3,0,1,0,4,0,1,2,0,1
"SLC51B",0,0,0,0,0,0,0,0,1,0,2,0
"CYP4F12",0,1,0,3,1,0,0,0,0,0,0,0
"MTARC1",7,11,10,21,31,44,21,21,9,14,11,13
"LCE5A",0,0,0,0,0,0,0,0,0,0,0,0
"SOWAHB",0,0,0,1,1,0,0,0,0,0,0,0
"BLOC1S4",493,375,371,510,554,487,553,543,559,577,614,502
"LCE1E",0,0,0,0,0,1,1,0,0,0,0,0
"ZNF749",79,79,78,85,77,90,120,87,79,88,76,103
"KLHL32",1,5,3,6,3,1,0,0,3,1,3,1
"MRTFB",506,491,562,335,334,448,523,396,329,320,321,439
"BTLA",6,3,3,2,3,1,2,0,1,3,2,1
"ZNF17",104,92,75,106,90,86,114,84,94,108,94,97
"KDM4D",56,19,36,26,26,23,59,54,30,40,41,28
"GPAT2",182,163,156,195,159,161,249,307,248,217,259,199
"TOR3A",616,555,618,547,512,583,815,749,790,746,852,734
"PABPC1L2A",0,0,0,0,0,0,0,0,0,0,0,1
"GABRA5",1,0,0,1,0,0,0,0,0,0,1,0
"PPP1CC",2983,2689,3064,3233,2903,3408,4109,3809,3794,3899,4069,3954
"ZNF555",102,125,98,175,150,190,144,99,105,110,133,114
"OR10T2",0,0,0,0,0,0,0,0,0,0,0,0
"NAP1L3",2,1,1,1,1,0,1,0,1,1,0,1
"PRELID2",169,140,154,138,130,170,206,158,189,161,172,191
"BACE1",1462,1411,1572,1706,1561,1657,2272,1661,1654,1810,1788,1804
"RGS9BP",2,3,0,5,1,2,1,3,5,8,7,1
"TMEM212",0,3,1,0,0,0,1,0,1,0,1,0
"SLC36A3",0,0,0,0,0,0,0,0,0,0,0,0
"SLC36A2",0,1,0,0,0,0,0,0,0,0,0,0
"THBS2",8,3,4,10,5,4,3,1,4,4,3,4
"RXRA",1532,1305,1492,1420,1351,1448,1712,1362,1411,1376,1438,1397
"ANKRD37",93,113,108,110,132,131,132,109,115,109,151,93
"NUDT17",78,92,76,80,63,67,96,86,59,73,82,82
"MINAR2",0,0,0,0,0,0,0,0,0,0,0,0
"ZNF75D",215,241,254,322,371,493,266,199,171,215,208,220
"CYP4X1",2,2,4,6,10,3,9,11,5,6,3,12
"KRT26",0,0,0,0,0,0,0,0,0,0,0,0
"KRT10",603,494,491,636,633,742,612,775,648,708,787,708
"GOLGA8R",0,3,12,5,3,7,3,4,8,8,3,4
"CD300E",0,0,0,0,0,0,0,0,0,0,0,0
"CCDC30",9,11,14,9,12,8,17,9,11,14,5,10
"NKRF",450,369,502,543,503,543,678,485,510,533,567,568
"GLDN",1,0,0,0,0,0,0,0,0,0,0,0
"FCAR",0,0,2,0,0,0,0,1,0,0,0,0
"KPNA4",4031,3712,3622,4252,3903,3952,5075,3989,4003,4196,4489,4249
"TRDN",0,1,0,1,2,2,2,0,1,0,0,0
"OR6P1",0,0,0,0,0,0,0,0,0,0,0,0
"KRT3",0,0,0,0,0,0,0,0,0,0,0,0
"ZNF501",71,68,76,76,68,70,73,79,79,69,76,67
"ZNF197",279,278,228,289,261,254,348,273,252,267,297,285
"SPATA12",7,14,18,15,10,8,6,11,8,6,8,13
"TMPRSS12",1,0,0,0,0,0,0,0,1,0,2,0
"FAM228A",5,1,2,6,0,6,5,1,3,5,6,2
"DEFB132",0,0,0,0,0,0,0,0,0,0,0,0
"NAP1L2",11,12,5,13,10,8,20,13,18,11,6,10
"RPS23",11528,9688,10378,11504,11174,12855,13620,18655,14725,13470,15336,13453
"GNG2",9,18,10,16,12,10,7,2,8,7,10,5
"BTN3A2",552,465,510,464,558,508,711,464,497,604,632,410
"AKAP14",0,0,0,0,0,0,0,2,0,0,0,1
"PCLO",13,15,11,8,8,4,9,5,3,5,4,5
"KLK12",0,0,0,0,0,0,0,0,0,0,0,0
"RGS7BP",95,104,89,47,34,49,127,56,64,89,63,105
"INSIG1",4338,4426,5389,3549,3622,3853,4869,4787,4268,4252,4308,4401
"MYT1L",0,0,0,1,0,0,0,1,0,0,0,0
"ZNF396",10,9,10,7,7,6,7,17,12,13,10,3
"TMEM222",1331,1054,1086,1270,1211,1105,1296,1175,1196,1272,1330,1031
"OR9Q1",0,0,0,0,0,0,0,0,0,0,0,0
"CLCNKA",1,1,0,0,0,0,0,1,0,0,0,0
"OR9Q2",0,1,0,0,0,0,0,0,0,0,0,0
"ARHGAP30",5,2,1,1,2,1,1,3,4,1,4,0
"SEPTIN10",1874,1820,2155,2070,2071,2581,3085,2589,2523,2667,2672,2938
"FAM86B1",14,16,17,19,23,17,21,15,14,21,13,22
"CYP4F8",0,0,0,0,0,0,0,0,0,0,0,0
"CYP4F3",2,2,0,0,0,0,0,2,1,0,0,0
"SMYD4",340,351,337,302,283,265,432,377,349,367,325,359
"DEFB105A",0,0,0,0,0,0,0,0,0,0,0,0
"FOXD2",1,2,4,9,10,16,8,8,2,8,5,3
"GPATCH8",1268,1325,1304,1439,1175,1327,1273,855,798,1027,980,1071
"CEACAM19",123,111,86,119,111,64,138,111,78,103,81,58
"DEFB107A",0,0,0,0,0,0,0,0,0,0,0,0
"NF2",1875,1487,1439,2016,1835,2001,2374,1941,2012,1936,2133,1784
"SMIM29",413,352,379,465,358,433,555,560,569,486,562,440
"DEFB106A",0,0,0,0,0,0,0,0,0,0,0,0
"SPATC1",0,0,0,0,0,0,0,1,0,0,0,0
"UBE2H",5670,5780,6876,4836,4869,5956,8624,8540,7435,7275,7215,8257
"HPDL",80,61,62,89,80,50,100,71,62,85,91,73
"KATNA1",399,399,421,423,385,416,534,609,569,537,600,508
"FSD2",2,1,0,4,0,0,1,3,1,2,3,1
"ARAP1",3195,2927,3418,2682,2768,2988,3543,3269,2905,3155,3041,2673
"KIF24",237,234,268,250,234,222,273,181,169,226,236,248
"PDE2A",468,434,488,377,425,465,629,522,474,485,469,417
"SPDYE17",0,1,0,0,0,0,0,0,0,0,0,0
"CARMIL3",0,1,1,0,1,0,0,4,0,1,2,0
"PRG2",0,1,0,1,0,1,1,0,1,2,0,0
"PRR5",75,68,71,71,70,92,82,104,83,122,92,89
"ZFP91",2773,2787,2949,3049,2836,3208,3477,2664,2535,2969,3144,3038
"C17orf58",512,575,626,563,640,744,879,995,767,785,797,883
"BCDIN3D",173,174,143,164,154,121,181,164,184,191,182,153
"MAGEE2",0,0,0,0,0,0,0,0,0,0,0,0
"CYP27C1",4,5,6,12,4,3,9,6,9,4,15,9
"LYRM7",232,228,237,224,239,273,192,168,140,184,150,208
"CFAP73",7,4,1,3,6,5,9,5,3,2,5,2
"CCDC73",6,2,0,2,1,0,0,0,0,2,4,0
"BCR",5390,5150,6092,5637,5848,7027,7331,6464,6237,6298,6083,6358
"OR10H1",0,0,0,0,0,0,0,0,0,0,0,0
"MPPED1",0,1,1,0,0,0,0,0,0,1,0,0
"FSCN2",4,3,2,3,3,5,2,2,3,0,1,3
"FOXI2",0,0,0,0,0,0,0,0,0,0,0,0
"SPIN4",78,78,81,108,94,81,138,122,104,117,88,116
"ZNF732",3,4,1,7,5,3,4,5,2,5,5,1
"SPIN2B",37,26,40,32,56,45,42,43,38,33,38,36
"SPATA31D3",0,0,0,0,0,0,0,0,0,0,0,0
"FOXE3",1,2,0,2,1,1,2,1,3,1,0,0
"HYAL3",123,107,142,130,135,164,156,169,137,106,173,134
"KCNK18",0,0,0,0,0,0,0,0,0,0,0,0
"IFNA10",0,0,0,0,0,0,0,0,0,0,0,0
"VSIG10L",57,66,64,42,37,48,71,42,55,68,57,28
"CXCR3",2,0,0,0,0,0,0,0,0,0,0,0
"ZNF397",127,105,95,90,80,83,134,104,113,134,110,98
"ZSCAN30",312,305,323,309,293,257,344,232,262,305,283,284
"TPCN1",1131,1167,1297,983,1042,1216,992,875,760,813,740,757
"LILRB4",0,0,0,0,0,0,0,0,0,0,0,0
"TNFRSF4",17,17,11,11,19,21,22,17,12,15,13,13
"KRT16",0,0,0,0,0,0,0,0,0,0,0,0
"HEXIM1",1984,1750,1654,1897,1676,1636,1968,1946,1913,2037,1991,1675
"SELENOV",0,0,0,0,0,0,0,0,0,0,0,0
"LCE1A",0,0,0,0,0,0,0,0,0,0,0,0
"KRT14",0,0,0,0,0,0,0,0,0,0,0,0
"TRABD2A",20,11,10,18,19,15,19,16,11,22,13,8
"KRTAP17-1",0,0,0,0,0,0,0,0,0,0,0,0
"PDZD7",5,6,6,2,2,5,5,7,8,5,8,2
"POFUT2",1615,1575,1656,1866,1755,1924,2241,2023,1899,2078,2074,1827
"QRFPR",0,1,0,0,0,0,0,0,0,0,0,0
"MAPT",2,3,5,1,4,7,5,4,3,2,3,9
"ERCC6L",314,264,289,298,269,299,469,319,342,366,345,391
"OR13F1",0,0,0,0,0,0,0,0,0,0,0,0
"TMEM17",45,49,40,23,33,35,52,42,43,49,39,42
"TNFRSF18",0,2,1,3,0,4,0,2,0,2,1,0
"FGF3",0,0,0,0,0,0,0,0,0,0,0,0
"C1QL4",2,1,0,0,0,0,2,0,0,0,1,1
"RTN4RL2",14,14,14,8,13,9,16,18,10,16,15,10
"ZDHHC17",478,459,525,472,504,515,663,477,492,532,476,532
"SERPINA11",0,0,0,0,0,0,0,0,0,0,0,0
"P2RY4",0,1,0,0,0,2,0,0,0,1,0,0
"ZNF395",239,197,280,133,103,129,250,261,223,265,251,222
"ZACN",14,6,6,6,8,7,7,7,4,9,7,2
"KRTAP22-1",0,0,0,0,0,0,0,0,0,0,0,0
"KRTAP19-6",0,0,0,0,0,0,0,0,0,0,0,0
"KRTAP6-2",0,0,0,0,0,0,0,0,0,0,0,0
"OR13C8",0,0,0,0,0,0,0,0,0,0,0,0
"PPARA",149,176,220,155,164,196,216,161,130,146,164,188
"TMEM232",6,4,3,5,4,2,3,5,1,6,3,4
"KRTAP19-2",0,0,0,0,0,0,0,0,0,0,0,0
"KRTAP19-4",0,0,0,0,0,0,0,0,0,0,0,0
"KRTAP15-1",0,0,0,0,0,0,0,0,0,0,0,0
"KRTAP13-4",0,0,0,0,0,0,0,0,0,0,0,0
"CFAP144",1,1,0,1,1,0,1,2,0,2,1,1
"EFCAB6",3,2,3,11,5,8,0,3,2,4,3,6
"KRTAP19-5",0,0,0,0,0,0,0,0,0,0,0,0
"KRTAP23-1",0,0,0,0,0,0,0,0,0,0,0,0
"KANK3",1086,1043,1020,1048,1076,1355,1333,1579,1258,1178,1223,1111
"EMID1",2,0,1,3,2,0,6,4,3,4,1,1
"ACTL7A",0,0,0,0,0,0,0,0,0,0,0,0
"KRTAP21-1",0,0,0,0,0,0,0,0,0,0,0,0
"RHD",0,0,0,0,0,0,0,0,0,0,0,0
"ESPN",18,12,9,23,11,9,5,12,10,7,10,10
"PNLIPRP1",0,0,0,0,0,0,0,1,0,0,0,0
"PTRH1",243,207,214,221,226,258,309,360,313,253,341,302
"KRTAP21-2",0,0,0,0,0,0,0,0,0,0,0,0
"SAMD7",0,0,0,0,0,0,0,0,0,0,0,0
"GPR141",0,0,0,0,0,0,0,0,0,0,0,0
"TMPRSS6",0,0,0,0,0,0,0,0,0,0,0,0
"CYP4A11",0,0,0,0,0,0,0,0,0,0,0,0
"TMEM216",162,131,110,205,137,160,229,230,174,211,250,186
"RPS19BP1",1250,1072,1123,1387,1236,1379,1351,1814,1468,1406,1590,1299
"TMPRSS11A",0,0,0,0,0,0,0,0,0,0,0,0
"TMEM262",3,0,1,0,0,0,2,2,0,2,2,2
"C3orf70",2,0,0,0,0,0,4,0,4,0,0,0
"TEAD1",1659,1776,1851,1724,1697,2036,2542,1648,1662,1713,1546,2041
"OR2AK2",1,0,0,0,0,0,0,0,0,0,0,0
"PLCD1",123,105,168,162,168,203,136,160,136,141,128,122
"CCK",0,0,0,0,0,1,0,0,0,0,0,0
"ENTPD5",455,535,599,527,491,557,654,502,455,562,482,565
"MITF",88,88,77,156,158,149,92,63,96,99,105,87
"HEATR4",0,1,3,6,1,0,4,2,2,1,2,1
"NAP1L1",11085,10577,11760,12014,11877,13981,15552,18570,15392,15137,15583,15948
"LILRA5",0,0,0,0,0,0,0,0,0,0,0,0
"CMC1",284,209,232,291,258,262,262,302,310,302,356,293
"SLIT1",2,1,3,2,5,2,9,4,3,4,2,2
"LYPD6",44,52,51,62,67,60,95,85,94,81,97,95
"AKR1C1",18,9,16,12,14,18,11,10,9,10,3,14
"VSTM2B",0,0,0,0,0,0,0,0,0,0,0,0
"FOXD3",0,1,0,1,1,0,0,0,0,1,0,0
"SPATA21",4,3,3,0,2,1,0,2,4,0,5,2
"RNF220",1206,1040,1141,1257,1142,1170,1347,1214,1173,1218,1388,1112
"ANGPTL5",4,0,1,1,0,1,0,0,1,1,0,0
"SHTN1",671,627,742,626,618,705,877,628,586,654,615,673
"H1-7",0,0,0,0,0,0,0,0,0,0,0,0
"LCE4A",0,0,0,0,0,0,0,0,0,0,0,0
"LCE2A",0,0,0,1,0,1,0,1,1,0,0,1
"KRTAP12-1",0,0,0,0,0,0,0,0,0,0,0,0
"LCE2C",0,0,0,0,0,0,0,0,0,0,0,0
"ZNF546",54,50,45,39,35,50,51,37,23,44,44,34
"TSPYL4",1344,1229,1330,1605,1523,1795,1649,1463,1358,1438,1364,1506
"DAZ3",0,0,0,0,0,0,0,0,0,0,0,0
"MT1X",59,30,36,68,40,37,97,81,80,85,95,64
"GCNT1",914,1012,1368,532,555,784,1259,1334,1055,1067,1039,1314
"LCE2D",0,0,0,0,0,0,0,0,0,0,0,0
"SESTD1",517,491,632,540,494,616,847,655,644,651,608,767
"LCE3B",0,0,0,0,0,0,0,0,0,0,0,0
"FNBP1",1221,1247,1578,1181,1141,1358,1737,1565,1420,1466,1362,1458
"DYNC2H1",120,132,181,172,139,158,198,150,123,107,112,155
"KRT12",0,0,0,0,0,0,2,0,0,0,0,0
"MAGED4B",0,1,0,0,0,0,0,0,0,0,0,0
"BCAM",716,731,764,566,535,561,742,783,527,628,535,589
"RSBN1L",444,423,464,465,457,530,502,486,367,458,460,426
"NPSR1",0,0,0,0,0,0,0,0,0,0,0,0
"WDR86",1,0,0,0,0,0,0,0,0,0,0,1
"EPOR",181,190,251,210,192,260,228,290,263,259,256,243
"FAM9C",0,0,0,1,0,0,1,0,0,0,1,0
"KRTAP9-8",0,0,0,0,0,0,0,0,0,0,0,0
"CIDEC",2,0,0,0,1,1,2,0,0,0,1,0
"DCC",0,0,0,0,0,0,0,0,0,0,0,0
"TAF9B",350,348,370,331,338,408,573,515,508,525,527,611
"MAGI2",35,50,38,57,47,40,59,36,49,45,40,43
"LUZP2",5,6,1,7,3,5,2,2,3,1,2,4
"LHFPL3",0,0,0,0,0,0,0,0,0,0,0,0
"CHP1",2255,1971,2316,2348,2430,2859,2661,2523,2289,2418,2353,2455
"FPR3",0,0,0,0,0,0,0,0,0,0,0,0
"H1-6",5,1,1,1,1,3,4,0,1,1,0,0
"C11orf96",642,455,268,582,469,271,660,416,627,522,744,308
"KCNJ11",1,2,2,0,3,3,3,3,4,1,2,1
"CDHR4",1,3,0,0,0,0,0,2,0,0,0,0
"COL4A1",16989,16658,18562,17778,18338,21549,20611,16728,16141,15732,13653,15998
"PLEKHG7",0,0,1,0,0,0,0,1,0,2,0,0
"GJA4",124,131,189,24,22,29,88,177,111,87,91,118
"PTMA",19732,16057,17962,21673,21395,25810,27881,31613,28033,26673,29132,27765
"H2AP",0,0,0,0,0,0,0,0,0,0,0,0
"HSPA14",424,380,343,427,405,428,434,448,393,396,416,409
"ATP13A5",0,2,0,0,0,1,0,0,1,0,0,0
"SIRT7",1187,1126,989,947,947,751,1204,1371,1197,1162,1145,898
"PRR27",0,0,0,0,0,1,0,0,0,0,0,0
"IFT140",327,304,413,311,353,339,509,477,373,421,390,416
"POTEG",0,0,0,1,0,0,0,0,0,0,0,0
"PRAMEF10",0,0,0,0,0,0,0,0,0,0,0,0
"AGMO",2,2,3,3,4,3,3,6,0,7,1,0
"SBK2",1,0,0,0,0,1,0,0,0,1,0,2
"CYP26C1",14,12,9,11,10,6,7,8,6,6,5,4
"TLR5",6,2,5,1,2,4,3,1,4,1,2,2
"USP7",3901,3625,4033,3962,3893,4535,5035,4184,4264,4183,3985,4249
"NANOS3",9,6,10,9,6,9,8,10,10,16,7,7
"FOXD4L3",0,0,1,1,0,0,0,0,1,0,3,0
"NHLRC1",54,38,40,46,42,58,54,33,45,54,60,40
"DPPA3",0,0,0,0,0,0,0,0,0,0,0,0
"COX8C",0,0,0,0,0,1,0,0,0,1,0,0
"PLEKHN1",57,76,68,54,55,30,58,44,48,54,48,34
"ZNF385C",1,0,0,1,0,0,0,0,0,3,0,0
"MAGEH1",438,381,464,479,474,543,513,598,423,499,486,449
"TET3",497,531,468,479,385,404,553,348,382,397,350,430
"ZNF286A",141,145,177,154,120,179,201,187,157,151,175,211
"ISG15",28399,20719,18009,25033,21450,13872,24784,16841,18172,22984,31263,10245
"EXD3",325,251,323,217,263,279,333,452,323,314,317,305
"OR5W2",0,0,0,0,0,0,0,0,0,0,0,0
"MYMK",0,0,0,0,0,0,0,0,0,0,0,0
"LIAT1",36,15,36,34,23,33,43,47,42,31,39,34
"ZKSCAN4",163,176,143,146,131,146,176,156,129,182,155,135
"RGPD1",0,0,0,0,0,0,0,0,0,0,0,0
"DHRS4L2",153,110,121,110,110,114,169,232,175,143,173,113
"SAMD11",3,3,5,8,6,3,5,3,2,4,6,2
"PERM1",1,3,4,3,4,1,2,1,1,3,1,0
"VMAC",32,46,44,21,31,21,36,42,43,46,39,35
"C5orf52",0,1,0,0,1,1,0,0,0,0,0,0
"HAPLN4",0,0,0,0,0,0,0,0,0,0,0,0
"ERC2",83,68,94,110,104,100,96,92,90,91,89,103
"B3GLCT",291,281,316,316,293,365,445,402,384,375,408,445
"SPRY4",455,374,231,1311,1310,1401,570,224,351,419,442,309
"ERAS",1,0,1,1,0,0,0,0,0,0,0,0
"TRPV2",149,141,128,142,134,150,183,130,102,136,132,101
"AMTN",0,0,0,0,0,0,0,0,0,0,0,0
"EZHIP",0,0,0,0,0,0,0,0,0,0,0,0
"C2orf88",5,6,6,5,3,6,12,2,3,5,2,5
"OR2T27",0,0,0,0,0,0,0,0,0,0,0,0
"TMEM203",929,811,771,908,893,889,1153,1148,1085,1032,1223,952
"SLC18A3",0,0,0,0,0,0,0,0,0,0,1,0
"KBTBD12",0,0,0,1,0,0,0,0,0,1,2,0
"THSD4",851,770,904,906,828,1015,863,618,631,634,662,714
"DNAJB13",3,0,1,0,3,0,2,1,1,3,0,2
"GABRD",0,0,0,0,0,0,0,0,0,0,0,0
"AMY1C",0,0,0,0,0,0,0,0,0,0,0,0
"TCEA1",1190,1170,1268,1335,1384,1431,1653,1428,1405,1385,1520,1507
"NHEJ1",149,122,112,123,87,100,141,146,108,138,110,132
"FANCA",1253,1191,1187,1277,1075,1121,1500,1280,1254,1407,1198,1105
"SECISBP2",788,732,861,897,835,944,946,857,780,911,891,899
"OR52B6",0,0,0,0,0,0,0,0,0,0,0,0
"C9orf153",0,0,0,1,0,0,1,0,0,0,1,0
"SSX7",0,0,0,0,0,0,0,0,0,0,0,0
"ADH1A",0,0,0,0,0,0,0,0,0,0,0,0
"SEMA4D",160,198,198,179,176,205,243,220,177,183,167,181
"KRTAP10-8",0,0,0,0,0,0,0,0,0,0,0,0
"LIN28B",2,5,0,1,1,1,3,1,4,1,2,0
"DIPK1C",0,0,0,0,0,0,0,0,0,0,0,0
"DNAH17",30,31,12,57,42,6,7,4,9,17,15,2
"MCRS1",1126,1012,1181,1162,1149,1379,1822,1875,1594,1653,1769,1657
"TMEM72",0,0,0,0,0,0,0,0,0,0,0,0
"FANCM",324,366,383,389,349,359,448,293,306,352,325,378
"SPATA31F3",0,0,0,0,0,0,0,0,0,1,0,0
"ZNF70",84,91,66,107,114,135,113,99,96,98,84,84
"CARD9",80,63,72,74,70,58,92,96,83,75,66,62
"PEAR1",7874,7561,8049,6181,5638,5749,8426,6640,6085,6989,5954,6214
"ZFP69B",50,36,44,63,56,64,72,55,54,57,47,58
"TMEM202",0,0,0,0,0,0,0,0,1,0,0,0
"SOWAHD",0,0,0,0,0,0,0,0,0,0,0,0
"ZFP69",77,57,56,48,51,53,69,77,64,70,61,69
"HELT",0,0,0,0,0,0,0,0,0,0,0,0
"RTL4",0,0,0,0,0,0,0,0,0,0,0,0
"TMEM220",17,28,21,30,13,37,38,32,31,25,39,28
"C2orf78",0,0,0,2,0,0,0,0,0,0,1,0
"H1-2",203,194,164,247,196,155,247,205,236,211,248,168
"PLSCR3",107,73,110,99,95,115,144,130,139,132,91,114
"EIF4EBP1",1995,1647,1858,2093,1953,2287,2355,2626,2245,2240,2617,2295
"P2RX2",0,0,0,0,0,0,0,1,0,0,0,0
"ASCL4",0,0,0,0,0,0,0,0,0,0,0,0
"OR6C75",0,0,0,0,0,0,0,0,0,0,0,0
"CCDC157",86,80,75,96,90,66,79,70,61,73,75,63
"TTC24",0,0,0,0,0,0,0,0,0,0,0,0
"PABIR1",338,318,332,424,394,397,479,353,378,417,418,447
"PALM3",0,2,0,0,0,0,0,1,3,2,1,3
"GFRAL",0,1,0,0,0,0,0,0,0,0,0,0
"FYB2",1,1,1,0,0,0,0,0,0,0,1,1
"SHISA7",0,0,1,1,0,0,0,0,1,0,0,0
"LRRC74B",0,0,1,0,0,0,0,2,0,0,0,0
"DMBT1",2,1,2,0,0,1,1,2,3,2,1,0
"CLEC17A",0,0,0,0,0,1,1,0,0,0,1,0
"OR51I2",0,0,0,0,0,0,0,0,0,0,0,0
"LCN10",1,2,2,2,3,0,5,1,3,1,3,0
"LDLRAD2",27,20,16,24,23,21,30,19,15,29,19,17
"C2orf66",15,8,8,7,7,8,19,6,12,17,19,13
"OVCH1",0,0,0,0,0,0,0,0,0,0,0,0
"ZFTRAF1",1585,1459,1621,1283,1266,1332,1620,1905,1577,1576,1585,1516
"COL14A1",7,9,16,7,14,20,5,12,9,7,7,9
"DNER",49,51,41,51,39,36,36,32,37,45,50,29
"CPSF4L",0,1,0,1,2,1,0,0,1,0,1,0
"KLHL17",422,398,376,364,331,323,541,537,514,465,370,333
"ZCCHC13",0,0,0,0,0,0,0,0,0,0,0,0
"PLA2G2C",0,0,0,0,0,0,0,0,0,0,0,0
"ZSCAN23",5,10,12,11,8,5,11,8,8,11,9,7
"RINL",105,99,125,109,99,104,129,139,107,117,142,127
"C17orf99",0,0,0,0,0,0,0,0,0,0,0,0
"OR7D2",19,18,6,11,8,3,18,12,19,15,11,11
"TPRG1",0,1,1,0,0,1,0,3,2,0,3,0
"MORN2",122,102,112,136,125,151,130,182,161,123,139,155
"RTP5",0,0,0,0,0,0,0,0,0,0,0,0
"S100A3",14,22,9,19,11,19,21,18,8,11,19,6
"UBQLN2",930,880,975,1094,1017,1110,1397,1147,1137,1154,1217,1136
"RILPL1",698,671,764,576,602,638,945,903,799,756,848,731
"C19orf67",0,0,0,0,0,0,0,0,0,0,0,0
"ZNF490",67,63,52,67,55,46,65,47,52,56,57,43
"CLCN1",0,1,1,0,0,0,3,4,2,5,1,0
"NRN1L",0,0,0,1,0,0,0,0,0,0,0,2
"NWD1",0,2,0,0,0,1,1,1,1,2,0,0
"ARL4C",544,574,629,1046,1078,1339,867,797,741,764,776,789
"RNF133",4,4,8,12,12,12,7,4,6,5,5,5
"TMEM221",1,1,3,0,0,0,0,0,2,1,2,3
"TREML4",0,1,0,0,0,0,1,0,0,0,0,0
"RAB42",3,1,2,3,2,3,4,4,5,8,4,1
"WNT7B",0,0,0,0,0,0,0,1,0,2,0,0
"ZFTA",1191,1142,1344,1145,1005,1184,1460,1320,1315,1316,1191,1295
"SCGB1C1",0,0,0,0,0,0,0,0,0,0,0,0
"PLA2G4E",0,0,0,0,0,0,0,0,0,0,0,1
"MESP2",1,0,1,1,0,0,1,0,1,1,2,3
"FAM25A",0,0,0,0,0,0,0,0,0,0,0,0
"EYS",3,4,2,3,0,2,1,1,1,6,2,4
"C6orf132",12,10,9,43,52,67,20,19,9,7,8,9
"DAZ1",0,0,0,0,0,0,0,0,0,0,0,0
"OR2AG2",11,8,4,10,6,14,12,7,7,4,7,12
"MAPK12",1282,1270,1345,1020,907,1023,1414,1697,1301,1310,1089,1188
"TMEM215",0,0,0,0,0,0,0,0,0,0,0,0
"NUTM2G",0,0,0,0,0,0,0,0,0,0,0,0
"COL4A5",1454,1387,1689,1345,1474,1649,1837,1602,1473,1453,1309,1480
"KRTAP10-6",0,0,0,0,0,0,0,0,0,0,0,0
"AGRN",11963,11369,13004,10327,11431,12630,14739,11995,10888,11110,10243,9777
"NHS",15,6,4,11,11,1,14,0,3,15,14,8
"OTOG",0,0,0,0,1,0,0,0,1,0,0,0
"CIMIP2A",1,0,1,1,2,3,1,1,1,2,5,1
"TMPPE",51,53,62,83,60,55,76,50,47,56,64,52
"ZNF626",40,68,58,46,39,61,53,33,39,41,42,45
"HEPACAM2",3,0,1,0,0,0,1,1,0,1,4,0
"SMTNL2",0,0,0,0,0,1,0,0,0,0,2,0
"ZC3H6",102,100,117,115,85,80,142,108,94,114,114,81
"LAMTOR4",506,403,457,502,500,515,606,1041,643,611,715,606
"PRKAR1B",504,472,533,484,481,549,667,642,571,596,630,557
"NUTM2B",0,3,5,8,4,3,9,3,8,5,6,3
"NCR3LG1",583,615,726,628,642,659,640,307,373,345,335,386
"DCUN1D3",932,800,874,840,792,871,1223,1102,1032,1040,1179,899
"POTEE",2,1,0,3,2,2,2,2,1,0,2,0
"ZNF793",16,4,14,6,7,8,13,11,8,3,8,10
"TUBB4B",15346,13106,13936,15753,14009,15223,20236,18450,18209,18429,20354,17096
"AGAP4",75,89,91,74,73,71,120,123,97,113,118,98
"COMMD6",556,459,492,511,502,626,559,930,617,622,712,661
"PLA2G2A",0,0,0,0,0,0,0,0,0,0,0,0
"IL17REL",1,0,3,0,0,2,2,2,0,0,0,0
"HYKK",24,19,18,15,25,22,31,20,22,16,21,29
"OR7A5",0,0,0,0,0,0,0,0,0,0,0,0
"C15orf62",28,41,38,20,19,27,57,78,54,58,42,69
"RUFY4",2,1,0,0,0,0,1,1,0,0,1,0
"ZNF383",136,163,129,167,143,136,150,147,145,159,168,148
"HES4",1157,894,889,1152,970,747,941,838,813,846,1106,522
"IGFL1",0,1,0,0,0,0,0,0,0,0,0,0
"ZNF669",88,117,119,113,113,112,109,87,117,98,113,89
"PEAK3",0,0,0,0,0,0,1,1,0,1,0,0
"LRRIQ4",1,3,2,3,1,1,2,0,1,2,1,0
"CENPP",145,141,139,180,174,140,245,166,176,191,207,200
"PLSCR1",3924,3579,3172,4054,3866,3040,3909,2117,2260,3435,4255,2170
"C3orf62",182,152,131,139,125,120,199,179,161,167,170,144
"ENO4",1,0,2,2,1,2,4,1,0,1,5,2
"ZNF559",137,128,151,170,163,153,189,170,159,171,151,155
"SBK1",4,6,8,1,6,4,10,8,4,9,10,6
"OR6C6",0,0,0,0,0,0,0,0,0,0,0,0
"BSPH1",0,0,0,0,0,0,0,0,0,0,0,0
"SLC38A3",37,20,31,27,23,17,36,15,31,20,33,21
"OR6N2",0,0,0,0,0,0,0,0,0,0,0,0
"GTF2F2",609,554,565,715,643,634,818,893,726,781,892,762
"CIBAR1",279,282,279,204,239,284,313,326,269,269,326,288
"FOCAD",1652,1445,1668,1840,1684,2032,1928,1579,1474,1528,1542,1600
"PRR19",30,28,46,27,34,42,44,39,40,37,37,37
"ZP3",19,17,7,17,16,7,17,11,14,16,11,14
"GPR15LG",0,0,0,0,1,0,0,0,0,0,0,0
"H3-5",2,3,1,2,3,2,8,1,1,3,5,1
"IFNA2",0,0,0,0,0,0,0,0,0,0,0,0
"JAKMIP3",2,1,3,1,1,1,2,1,2,0,0,0
"PPP3R2",0,0,0,0,0,0,0,0,0,0,0,0
"PDCD1",0,0,0,0,1,0,0,0,0,0,0,0
"CLEC2A",0,0,0,0,0,0,0,0,0,0,0,0
"GPR21",2,0,0,0,0,0,0,0,0,0,0,0
"DYNLT4",3,0,1,0,4,3,2,2,1,2,6,1
"SELL",60,51,96,58,52,85,87,78,55,67,80,73
"MAGEB5",0,0,0,0,1,0,0,0,0,0,0,0
"CHM",674,693,686,815,751,909,768,524,546,608,553,665
"NANOS2",0,0,0,0,0,0,0,1,0,0,0,0
"BLOC1S5",401,433,480,641,580,682,579,513,473,539,600,634
"CERKL",0,0,0,0,0,3,0,1,0,0,1,1
"SLC24A5",0,0,0,0,0,0,0,0,0,0,0,0
"IER5L",738,669,560,709,616,525,664,533,580,644,805,520
"H2AX",4858,3946,4378,5224,4641,5159,6179,6143,5998,5810,6398,5540
"INSC",1,1,0,1,3,0,0,0,2,0,3,1
"SERPINA5",1,1,3,2,3,1,3,2,1,0,1,2
"ACTMAP",263,252,258,246,211,220,326,248,220,270,245,214
"LCTL",0,1,1,1,0,1,1,2,0,0,0,0
"NCCRP1",1,0,0,0,0,0,1,0,0,1,1,0
"KRTDAP",0,0,0,0,0,0,0,0,0,0,0,0
"COL25A1",37,25,30,33,42,44,38,41,39,28,24,42
"FAM83G",1352,1254,968,1344,984,738,1339,849,1007,1211,1216,879
"CFAP77",0,0,1,1,0,1,3,2,1,0,2,1
"SRSF10",2372,2334,2348,2722,2593,2588,3023,2540,2487,2659,2642,2570
"HBA2",0,0,0,0,0,0,0,0,0,0,0,0
"DUSP28",57,53,48,63,42,36,73,72,54,81,78,48
"CCDC9B",1030,961,1171,559,572,706,917,1153,818,889,625,782
"NBR1",3452,3207,3542,3337,3220,3476,4034,3319,3022,3394,3460,3395
"OR2G6",0,0,0,0,0,0,0,0,0,0,0,0
"RALGAPA2",920,945,1346,2090,2437,3459,1055,862,725,784,753,1037
"NDOR1",724,616,604,583,567,481,721,691,596,688,554,466
"FBLL1",6,3,2,9,11,19,12,12,15,10,12,11
"NKAIN2",0,1,0,0,0,0,1,0,0,1,2,2
"KRTAP1-1",0,0,0,0,0,0,0,0,0,0,0,0
"PAQR9",0,1,0,0,1,0,0,0,0,0,0,0
"CLEC20A",0,1,1,1,1,1,2,2,0,1,0,0
"CFAP54",1048,934,1005,1032,889,844,1023,722,681,755,798,840
"CLN3",48,42,56,36,31,41,35,49,50,45,39,35
"FAM72B",84,83,66,74,71,84,110,94,83,113,102,97
"ASAH2",6,8,3,5,4,2,4,3,5,6,7,9
"SUMO2",1861,1645,1834,1954,1856,2174,2551,2729,2232,2388,2907,2507
"NANOS1",15,12,5,10,16,8,6,13,9,12,11,5
"HMX3",0,0,0,0,0,0,0,0,0,0,0,0
"IGFL3",3,7,0,7,2,0,3,1,3,3,16,1
"GOLGA8M",1,3,0,0,1,0,0,2,1,0,0,0
"ZNF177",0,0,0,0,0,0,0,0,0,0,0,0
"RTL6",1097,1043,1207,1381,1304,1517,1824,1330,1401,1368,1319,1407
"DPYD",485,419,479,473,481,478,579,408,444,505,433,414
"S100A16",13262,11254,12706,13675,12668,14538,15555,17064,14633,14680,16851,14563
"PTAR1",890,952,1079,925,909,1044,1126,729,737,747,782,946
"CC2D2B",3,1,3,2,0,2,2,2,2,0,2,5
"RNASE9",0,0,0,0,0,0,0,0,0,0,0,0
"SAXO2",39,28,31,23,28,26,38,36,18,35,33,21
"RHCE",4,5,8,9,6,4,6,4,8,2,11,3
"C2orf80",0,0,0,0,0,0,0,0,0,0,0,0
"IDO2",0,0,0,0,0,0,1,0,0,0,0,0
"PARVB",3222,2705,3118,3170,3203,3581,3808,3910,3686,3494,3800,3434
"SLC4A5",17,16,23,14,20,12,18,15,20,15,28,23
"UROS",1022,957,988,1052,978,1062,1047,1122,934,1009,1050,889
"OR56A5",0,0,0,0,0,0,0,0,0,0,0,0
"KRTAP24-1",0,0,0,0,0,0,0,0,0,0,0,0
"ZDHHC9",1328,1261,1473,1505,1442,1731,1682,1356,1289,1349,1413,1427
"QRFP",0,0,0,0,0,0,0,0,0,0,0,0
"DUSP29",0,0,0,0,1,0,0,0,0,0,0,0
"SMIM15",1133,1073,1078,1232,1009,1235,1787,1413,1504,1505,1602,1414
"OSTN",0,0,0,0,0,0,0,0,0,0,0,0
"VWC2",0,0,0,0,0,0,0,0,0,0,0,0
"FAM221A",60,63,76,76,81,102,98,88,73,82,89,65
"TMEM120B",393,362,343,414,411,408,485,396,420,392,348,349
"FSIP2",0,1,1,1,2,2,3,1,2,1,0,1
"RBM34",51,53,50,66,60,51,55,62,54,52,73,45
"NOXA1",23,30,31,15,13,11,16,32,21,17,17,14
"TMEM198",1,1,0,2,0,0,1,0,0,0,0,0
"BCL2L15",2,3,5,7,6,3,3,9,1,5,5,3
"FZD9",19,17,21,10,15,14,9,11,16,20,18,9
"SPRED3",379,368,326,536,479,464,414,290,284,342,295,271
"OPTC",0,0,0,0,0,0,0,0,0,0,0,0
"PLET1",0,0,0,0,0,0,0,0,0,0,0,0
"ADRB3",0,0,0,1,0,4,0,1,0,0,0,0
"SKOR1",0,0,0,1,0,1,2,0,2,6,0,0
"CATSPER4",0,0,0,0,0,0,0,0,0,0,0,0
"PRELP",4,8,0,3,3,8,11,4,1,2,2,7
"PLA2G2E",0,0,0,0,0,0,0,0,0,0,0,0
"ZNF548",129,124,128,127,90,110,139,109,91,136,106,105
"MTF1",728,623,587,819,760,751,955,535,635,674,670,597
"TMCO2",5,0,1,0,0,2,0,3,0,2,0,0
"SHISA6",0,0,0,0,0,0,0,0,0,0,0,0
"TMEM201",552,438,466,562,450,438,726,508,527,574,522,503
"NHLRC3",197,198,228,198,200,209,297,264,250,263,242,221
"HMX2",0,0,0,0,0,0,0,0,0,0,0,0
"SNTN",0,0,0,0,0,0,0,0,0,0,0,0
"ZDHHC11",61,50,63,63,51,50,67,52,36,57,42,40
"CALHM6",1,3,1,4,6,4,1,1,0,3,3,2
"CNR2",0,0,0,0,0,0,0,2,0,0,1,0
"SLX4",371,372,356,374,290,301,505,326,342,401,298,354
"ENTPD8",3,0,8,0,0,1,7,6,3,3,0,2
"RPL14",12231,10337,10976,12319,11894,13582,13873,16957,13320,13481,16057,14357
"BEND4",0,0,0,0,0,0,0,2,0,0,1,1
"FAM78B",1,1,1,2,0,1,4,1,2,1,1,2
"ZNF563",31,39,17,31,24,28,33,28,23,38,49,24
"TMC3",0,0,0,1,0,0,1,0,0,0,0,0
"POTEA",0,0,0,0,0,0,0,0,0,0,0,0
"FBF1",101,100,126,94,96,85,109,117,113,116,118,91
"KLRG2",1,0,0,1,0,0,1,0,0,1,0,0
"ASTL",0,1,0,0,1,1,0,0,1,0,0,0
"MSL1",2574,2561,2835,2253,2119,2419,3099,2771,2606,2688,2639,2673
"LRRK2",24,42,58,86,83,83,44,28,27,54,28,38
"BSX",0,0,0,1,0,0,0,0,0,0,0,0
"GJB3",0,1,0,0,0,0,0,0,0,0,0,0
"INSYN2A",1,1,5,5,7,6,4,4,3,2,2,2
"TRMT2B",545,538,587,576,581,653,602,630,558,541,597,550
"HACD4",142,157,197,149,154,135,208,168,152,138,164,172
"CFAP126",0,0,0,0,0,0,0,0,0,0,0,0
"NYX",0,0,0,1,0,0,0,0,0,0,1,0
"FAM120AOS",1107,1039,1138,1200,1111,1230,1382,1098,1107,1202,1270,1216
"UTS2B",7,19,13,10,13,6,8,4,11,14,8,10
"C9orf152",21,17,10,17,15,8,20,13,11,28,11,11
"NOC2L",3859,3253,3220,3899,3465,3359,4604,4092,4094,4209,4328,3448
"MSANTD1",19,16,18,13,10,9,21,15,7,12,11,8
"AADACL3",0,0,0,0,0,0,0,0,0,0,0,0
"NELFB",2639,2340,2674,2573,2495,2700,3424,3497,3183,3212,3388,2973
"SLC15A5",0,0,0,1,0,0,0,0,0,0,0,0
"LIPI",0,0,0,0,0,0,0,0,0,0,0,0
"LRRC66",10,11,8,16,4,8,9,10,9,7,4,8
"ZNF292",517,503,632,523,496,564,596,419,346,441,404,485
"HUS1B",9,9,13,8,11,6,25,10,16,11,16,15
"KCTD21",585,577,651,550,528,623,687,561,598,638,614,623
"SBSN",0,1,1,0,1,0,0,1,0,1,1,0
"ADAT2",181,177,189,150,149,140,201,187,149,152,132,155
"KIR2DL4",0,0,0,0,0,0,0,0,0,0,0,0
"MAGEB16",0,0,0,0,0,0,0,0,0,0,0,0
"VHLL",0,3,1,0,1,0,0,0,0,1,0,1
"DUSP21",0,0,0,0,0,0,0,0,0,0,0,0
"ZNF567",104,119,121,91,94,101,143,93,103,106,127,78
"NDUFA4",2111,1785,1794,2170,1981,2211,2245,2645,2217,2159,2490,2250
"ANKDD1B",21,3,5,7,8,4,7,4,3,6,9,10
"ALKBH2",74,65,64,73,88,62,83,107,110,101,114,68
"RNFT1",183,195,176,220,230,224,258,218,197,215,231,215
"RNF222",0,0,0,0,0,0,0,0,0,0,1,0
"CGB5",0,0,0,0,0,0,0,0,0,0,0,0
"RELN",212,185,150,350,272,245,161,65,91,97,104,81
"FAM111B",691,600,490,774,618,491,987,590,710,903,905,830
"APOD",13,22,21,14,28,18,38,37,37,36,38,33
"H1-0",7707,6658,6377,7118,6361,5727,11076,7451,8207,9493,10840,6963
"GAGE2E",0,0,0,0,0,0,0,0,0,0,0,0
"LITAF",48,48,37,96,95,119,63,79,53,66,57,53
"VSTM1",2,0,2,0,0,0,2,0,2,3,0,3
"TMEM120A",311,253,325,348,379,442,390,432,344,322,382,350
"ARID2",454,455,642,477,413,488,486,374,323,343,329,479
"FAM25G",0,0,0,0,0,0,0,0,0,0,0,0
"SF3B3",5962,5345,5538,5632,5226,5327,7505,5917,5792,6082,5842,5350
"PRSS48",0,0,0,0,0,0,0,0,0,1,0,0
"IL1RAPL2",0,0,0,0,0,0,0,0,0,0,0,1
"BLOC1S3",629,566,542,689,672,672,629,608,668,635,670,522
"SP6",60,57,55,84,66,72,87,75,57,86,71,51
"ANKRD34B",0,0,0,1,2,1,0,0,0,0,0,1
"PLAC9",54,40,56,44,36,50,49,74,50,52,63,50
"FAM47B",0,0,0,0,0,0,0,0,0,0,0,0
"NKAPL",51,54,33,57,43,47,67,37,59,52,64,53
"FSCB",0,0,0,0,0,0,0,0,0,0,0,0
"CLDN4",3,4,2,8,1,2,3,3,4,2,10,4
"ZNF573",17,12,16,19,12,5,19,19,13,20,18,15
"GRAPL",2,2,4,3,0,4,2,2,5,3,2,5
"FAM47E",1,3,2,0,2,5,4,2,2,2,3,1
"JPT1",6522,5117,5202,6193,5458,5474,7850,8320,7283,7456,8603,6921
"ZNF527",69,71,74,73,69,50,91,95,43,79,92,80
"ZAR1L",0,2,1,1,1,0,6,2,2,3,0,1
"KRTAP10-12",0,0,0,0,0,0,0,0,0,0,0,0
"S100A13",668,533,581,583,570,587,812,1030,685,645,779,633
"ZNF33A",427,345,431,399,359,502,574,471,423,425,441,504
"OR14I1",0,0,0,0,0,0,0,0,0,0,0,0
"KRT77",0,0,0,0,0,0,0,0,0,0,0,0
"PCDH18",19,19,21,21,29,23,22,16,13,16,21,16
"DCAF8L2",0,2,1,3,1,2,5,2,5,5,6,7
"ZNF600",96,93,97,69,69,84,81,86,56,99,83,82
"BTBD8",35,42,61,32,32,30,44,32,39,43,30,46
"MAOA",170,155,168,167,190,235,199,163,125,179,152,138
"C15orf61",85,76,82,87,104,112,117,130,97,107,118,110
"NUGGC",0,1,0,2,1,1,0,1,0,3,1,0
"TSPYL1",2256,2063,2174,2384,2349,2645,2653,2534,2344,2478,2565,2299
"SPANXN3",0,0,0,0,0,0,0,0,0,0,0,0
"TRIM64B",0,0,0,0,1,0,0,0,0,0,0,0
"PNRC2",1739,1683,1823,1863,1717,1963,2329,2372,2001,2291,2393,2466
"DRICH1",14,5,12,6,6,6,4,5,4,5,4,5
"GJB5",0,0,0,0,0,0,0,0,0,0,0,0
"FHIT",5,4,8,6,8,7,13,12,4,5,5,8
"ALKAL2",0,0,0,0,0,0,0,0,0,0,0,1
"ZKSCAN3",139,153,111,119,99,106,150,124,123,141,110,99
"FOXR2",0,0,0,0,0,0,0,0,0,0,0,0
"RRP7A",1994,1585,1733,2112,1780,1825,2402,2259,2075,2245,2500,1893
"LIN54",520,537,482,707,589,637,582,390,400,544,519,456
"FAM53B",439,352,470,524,539,529,523,391,425,418,427,380
"FAM180A",1,1,0,0,0,0,1,0,0,0,0,0
"BNIP5",11,2,4,11,11,0,1,0,4,5,6,2
"SPANXN4",0,0,0,0,0,0,0,0,0,0,0,0
"S100A14",11,5,2,10,2,1,4,5,7,3,1,1
"KAZN",57,61,68,37,33,41,89,100,75,69,83,82
"SLC35E2B",1498,1537,1831,1316,1382,1643,1888,1751,1523,1577,1471,1732
"TOGARAM2",15,14,8,15,10,2,14,7,8,9,7,1
"SPATA31D4",0,0,0,0,0,0,0,0,0,0,0,0
"NEMP2",63,53,54,90,70,57,81,79,80,72,85,63
"KIAA0408",0,0,0,0,0,0,0,0,0,0,0,0
"GSPT2",359,296,351,362,330,394,454,429,341,388,444,436
"TBC1D28",0,0,0,0,0,0,0,0,0,0,0,0
"C8orf76",179,140,165,205,242,200,236,230,200,174,238,190
"CXCL17",0,0,0,0,0,0,0,0,0,0,0,0
"OTUD6A",0,0,0,0,0,0,0,0,0,0,0,0
"HMGB1",5650,5080,5704,5744,5702,6647,7720,8652,7249,7333,8226,8316
"MMP23B",1,2,0,0,1,1,2,2,0,0,1,0
"SH2D5",254,243,152,251,182,90,138,76,136,163,173,48
"ZFP92",88,99,96,91,87,90,97,62,59,84,65,63
"NCR1",0,1,0,1,0,0,2,2,0,0,0,0
"RASSF10",0,2,0,1,1,0,0,2,1,0,0,1
"GJB4",0,0,0,0,0,0,0,0,0,0,0,0
"OR2L13",0,0,0,0,0,0,0,0,0,0,0,0
"BLOC1S2",1552,1403,1490,1633,1444,1489,1905,2048,1848,1916,2103,1798
"SYCP2",2,6,3,2,1,1,3,3,0,5,2,4
"ZNF724",13,14,18,20,20,25,23,16,15,15,25,21
"IL1RAP",328,260,260,368,329,306,421,241,315,336,331,293
"PTPRT",0,0,0,0,0,0,0,1,0,0,0,0
"MYBPC1",0,0,0,0,0,0,0,0,0,0,0,0
"PAX5",1,0,0,0,1,1,0,0,0,1,1,1
"OR5K4",0,0,0,0,0,0,0,0,0,0,0,0
"OR6M1",2,3,2,5,4,1,0,0,0,1,2,0
"SPOCK3",29,22,24,33,29,28,41,31,33,36,39,32
"ZNF676",0,0,0,0,1,0,0,0,0,0,0,0
"ZNF699",72,87,68,81,72,59,61,56,59,46,56,54
"TDRD7",1395,1257,1065,1390,1275,1048,1280,792,817,1062,1295,774
"CFAP119",39,36,47,57,43,38,52,59,42,51,41,38
"OR8A1",0,0,0,0,0,0,0,0,0,0,0,0
"MATCAP1",421,419,422,385,441,504,480,541,401,452,306,363
"HLA-DRB1",3,3,8,6,7,5,6,9,6,6,7,3
"VN1R2",0,0,0,0,0,0,0,0,0,0,0,0
"MYT1",1,1,1,0,0,0,1,0,0,0,1,0
"SERPINA3",0,0,0,0,0,0,0,0,0,0,0,0
"AKR1C3",120,105,144,94,129,177,187,211,172,162,185,184
"SPATS2L",5248,4846,4990,5274,4792,4462,5490,3539,3536,4735,5488,3922
"ZNF250",145,108,120,102,100,106,168,125,131,155,133,110
"WDSUB1",125,124,115,119,107,118,125,143,103,138,138,118
"ZNF79",753,774,580,796,703,594,652,501,597,713,693,469
"S100A4",7,10,7,15,6,9,6,11,11,8,11,5
"PLEKHG4",690,603,719,686,627,576,803,687,633,665,594,576
"KRTAP4-3",0,0,0,0,0,0,0,0,0,0,0,0
"FAT4",1456,1373,1802,1310,1279,1930,1602,1017,868,869,805,1239
"KIF19",126,156,151,91,93,73,202,175,127,135,170,153
"OR6K2",0,0,0,0,0,0,0,0,0,0,0,0
"ZNF681",23,21,17,29,15,16,22,17,18,28,14,18
"ACADSB",297,281,337,361,336,383,304,264,247,292,282,281
"STK40",1567,1299,1348,1718,1729,1697,1922,1550,1506,1666,1757,1404
"OR10J1",0,0,0,0,0,0,0,0,0,0,0,0
"TMEM63A",645,679,760,544,499,547,748,610,519,561,528,484
"CTSE",5,0,1,0,4,4,8,7,2,7,9,2
"SEMA4A",68,53,44,50,46,26,39,25,22,36,32,21
"HRCT1",154,121,158,86,104,89,201,212,171,166,204,171
"MPHOSPH8",954,834,892,944,921,1010,942,1056,799,913,788,738
"GREB1",5,4,4,6,1,2,4,6,4,8,0,4
"SIRPB2",217,198,250,97,108,156,219,190,193,173,168,200
"ZNF766",354,306,338,354,306,306,337,296,285,298,325,296
"RYR1",2,3,3,3,2,2,1,0,1,0,4,1
"SRGAP3",1,9,1,3,1,2,1,2,1,3,2,1
"KRTAP5-3",0,0,0,0,0,0,0,0,0,0,0,0
"FAM217B",278,271,302,339,303,354,519,450,423,472,432,449
"SULT1C3",0,0,0,0,0,0,0,0,0,0,0,0
"TUBB",38426,34790,38829,38187,34754,39281,46839,38883,35060,39862,41777,40149
"LCOR",788,721,885,858,868,936,943,629,627,608,655,738
"SUPT5H",5206,4895,4677,5472,5178,5347,5651,5225,4503,5061,4755,4161
"XPNPEP3",293,251,280,252,209,241,317,283,224,257,275,222
"OR2T2",0,0,0,0,0,0,0,0,0,0,0,0
"OR2C3",1,0,0,0,1,0,2,0,0,0,1,0
"ZNF107",323,309,308,275,258,287,386,227,195,288,304,243
"OR10S1",0,0,0,0,0,0,0,1,0,0,0,0
"SFTA2",0,0,0,0,0,0,0,0,0,0,1,0
"PPIA",10305,8217,9229,9628,9132,9924,11339,13561,11218,11119,12821,10600
"ZNF471",31,45,62,38,27,41,52,44,40,46,41,44
"ZNF836",59,66,64,58,69,65,85,85,39,47,71,59
"ZNF493",61,57,63,43,39,66,67,57,58,59,49,52
"GTF2IRD2",37,37,33,17,22,28,35,43,22,34,32,27
"GRM7",1,0,1,0,0,1,1,0,0,1,0,0
"SUPT3H",105,104,119,125,113,140,121,134,102,132,123,92
"BECN2",0,0,0,0,0,0,0,0,0,0,0,0
"NIF3L1",132,145,151,186,158,177,210,207,196,206,212,188
"ATP2A1",95,120,94,88,85,77,87,89,83,96,60,79
"IARS1",6287,5698,5898,7383,6776,7060,7341,5448,5591,6129,5495,5795
"POM121",1126,1111,1110,1221,1136,1241,1261,903,888,972,875,926
"ZBTB44",507,503,641,421,457,523,725,608,620,577,571,688
"GIMAP5",7,7,11,3,4,3,18,7,5,5,10,7
"STK31",6,2,3,1,3,0,4,2,1,4,2,3
"CGB7",3,0,7,5,1,2,4,5,1,3,3,1
"NLGN3",25,17,19,20,22,9,24,20,15,25,18,7
"OR8D1",0,0,0,0,0,0,1,0,0,1,0,2
"ADH7",0,0,0,0,0,0,0,0,0,0,0,0
"ZKSCAN7",16,18,16,25,25,23,19,7,12,14,20,18
"ZNF729",0,0,0,0,0,0,0,0,0,0,0,0
"CD55",3777,3143,2958,7467,7563,8287,5444,3655,4043,4443,5407,4189
"CPNE4",0,0,0,0,0,0,0,0,0,0,0,0
"ZNF565",47,54,62,53,66,48,70,100,70,77,58,58
"NTNG2",9,11,7,5,14,8,16,3,4,9,8,7
"ELAVL3",1,2,0,1,1,1,0,0,0,0,0,0
"WDR5",1505,1435,1438,1553,1422,1442,1983,1927,1827,1848,1968,1667
"LONP1",2616,2450,2538,3132,3064,3392,3595,3319,3338,3279,3400,2817
"TRRAP",2159,1970,2431,2381,2220,2791,2780,1844,1726,1720,1629,2139
"NUDT11",176,171,166,175,166,162,237,235,208,235,242,241
"SRGAP2B",166,164,175,190,141,189,168,103,110,131,102,133
"FUT4",353,284,310,414,371,390,575,427,435,416,433,427
"ASB13",166,119,132,131,117,107,148,119,139,131,127,134
"SLC35F1",0,2,0,1,0,0,0,0,1,2,0,1
"ZNF34",64,62,61,77,49,57,76,76,52,65,47,62
"ZNF140",415,357,364,446,415,392,338,373,325,409,365,344
"INCA1",17,18,6,9,12,18,20,19,10,18,16,12
"ZNF774",26,34,24,25,20,34,41,31,25,28,30,36
"PTPN1",2401,2228,2176,3081,2632,2836,4624,3051,3361,3860,3967,3488
"EVL",788,798,891,638,659,876,901,1175,828,900,828,961
"SPANXD",0,0,0,0,0,0,0,0,0,0,0,0
"THEM5",0,0,1,0,0,1,0,0,1,1,0,0
"NOXO1",3,5,5,2,11,9,2,11,6,12,9,3
"EPHB4",8156,7755,9803,5765,5792,7170,10648,10443,9515,9391,9047,9039
"PRTN3",0,0,0,0,0,0,0,0,0,0,0,0
"ZNF765",220,198,187,207,172,211,238,164,156,220,209,194
"ZNF124",147,138,154,166,109,128,169,150,154,174,174,163
"XRCC6",11889,10469,11331,12065,11273,12158,14907,13645,12977,13754,15030,12815
"S100A5",0,0,0,0,1,1,0,0,0,0,0,0
"C20orf204",72,55,61,47,31,29,74,120,88,70,62,59
"PPP1R26",468,455,481,464,394,418,536,483,440,481,491,501
"NBPF4",0,1,0,0,0,0,0,0,0,0,0,0
"TSC22D2",1135,1169,950,1346,1125,1079,1048,648,752,842,795,750
"CRYBA4",0,2,0,0,0,0,0,0,0,0,0,0
"ASMT",1,0,0,0,0,0,0,0,1,0,0,0
"NPIPB15",40,34,24,44,32,28,40,40,39,27,40,30
"ZNF569",111,108,118,121,131,118,133,91,108,138,143,124
"ARMCX4",593,565,586,762,661,739,717,634,558,557,449,491
"YRDC",812,721,690,1292,1144,1300,1029,924,956,992,1082,881
"ZNF777",857,741,809,832,785,832,920,719,717,838,925,776
"PIK3R4",707,695,721,754,678,724,873,633,634,723,631,648
"ZNF775",299,222,247,229,207,242,293,301,247,314,309,294
"ZNF605",203,200,254,225,188,222,300,267,195,257,201,245
"TRAPPC2",81,71,86,106,80,102,126,146,113,118,107,115
"RFX8",6,4,3,2,2,4,5,2,3,1,2,1
"MYL6B",941,889,1017,909,927,1089,1148,1609,1203,1141,1363,1151
"ZNF799",45,42,48,54,54,40,60,51,47,59,51,65
"FGF16",202,188,240,213,250,311,361,323,302,248,304,352
"SIAH1",324,313,351,327,354,337,479,410,443,454,455,392
"GK2",0,0,0,0,0,0,0,0,0,0,0,0
"C20orf96",403,409,408,291,317,292,344,495,302,368,313,308
"ESRRG",0,1,0,0,0,0,0,0,0,0,0,0
"IPO4",159,125,108,178,141,126,143,140,111,128,160,142
"NCOR2",6553,6115,6525,5993,5887,6305,7431,5318,5214,5424,4593,5313
"SULT1A1",1,2,4,1,6,4,1,6,4,10,4,1
"ARL9",20,19,20,17,21,12,29,26,16,23,14,11
"PRPF40A",3789,3574,3941,4003,3827,4141,4799,4047,3777,4026,4053,4339
"GDAP2",205,249,250,294,311,320,265,211,225,235,241,214
"TCEAL3",522,456,487,648,669,716,612,616,533,605,620,565
"ANAPC7",1331,1164,1351,1311,1189,1247,1492,1464,1304,1333,1405,1360
"TPK1",294,301,268,298,277,282,379,263,271,313,341,279
"SLC6A9",3,4,4,24,30,44,8,2,6,5,6,9
"AFAP1",4810,4672,4945,5726,5710,6898,7496,5327,5566,5713,5394,6036
"NACA",9319,8288,9004,9812,9227,10176,11677,13642,10915,11427,12886,11137
"MYO18A",461,488,614,376,399,556,604,571,438,462,406,455
"OR2T3",0,0,0,0,0,0,0,0,0,0,0,0
"SPTSSB",0,0,0,0,0,0,0,0,0,0,0,0
"BORCS6",430,321,407,442,501,538,596,625,580,505,661,523
"MAN2A2",1823,1867,2043,1825,1757,1995,1989,1702,1583,1685,1500,1666
"MME",706,680,791,753,699,779,948,679,711,742,783,877
"FAM72A",53,63,57,64,53,66,77,61,78,64,64,62
"CCDC196",0,0,0,0,0,0,0,0,0,0,0,0
"CACNA1H",0,0,2,2,0,1,0,1,0,0,0,0
"SULF2",3899,4015,4973,4060,4093,5097,4625,4509,3906,3873,3834,4595
"HBG2",0,0,0,0,1,0,0,0,0,0,0,0
"LAMA2",124,92,48,114,104,45,64,27,50,97,101,33
"PFN3",0,0,0,0,0,0,0,0,0,0,0,0
"PLXNB2",7118,7090,7474,5729,5709,5976,8133,7860,6644,7194,5949,6496
"OR5AC2",0,0,0,0,0,0,0,0,0,0,0,0
"AJAP1",0,0,0,0,0,0,0,0,0,0,0,0
"XRCC2",215,228,220,231,181,180,295,206,230,275,244,248
"MYO6",2040,2222,2337,1943,1924,2338,2601,2409,1973,2053,1960,2276
"MRTFA",1264,1148,1117,1218,1186,1196,1354,1174,1072,1166,1068,1057
"MBD3L2B",0,0,0,0,0,0,0,0,0,0,0,0
"HDAC2",3068,2889,3132,3356,3226,3851,4417,4176,3879,4070,4363,4335
"ZNF782",102,98,83,112,87,80,119,70,79,90,90,108
"SLC22A25",0,0,0,0,0,0,0,0,0,0,0,0
"POTEF",0,2,0,0,0,0,1,0,0,0,2,0
"ZNF846",61,54,54,44,41,50,71,59,61,56,58,61
"MMP1",544,408,480,1234,1188,1093,883,655,748,597,766,730
"ADH1B",0,0,0,0,0,0,0,0,0,0,0,0
"UGT2B15",0,0,0,0,0,0,0,0,0,0,0,0
"TCF4",3429,2946,3551,3536,3625,4928,5134,4093,3400,3543,3874,4163
"WNK3",8,6,5,6,6,8,18,11,5,7,12,11
"SDHAF3",84,45,52,76,71,68,67,67,83,56,67,82
"HRH1",1167,978,1015,1150,978,925,1131,851,872,955,1020,904
"RABL6",3797,3566,3953,3904,3684,4198,4968,5439,4727,4521,4863,4391
"ZNF136",131,119,135,111,135,103,152,141,98,118,141,125
"ZKSCAN5",744,707,671,823,682,688,840,616,607,725,742,632
"ZNF502",75,63,67,84,82,71,73,62,66,72,78,67
"TRAPPC4",1194,1031,1011,1403,1320,1350,1517,1580,1457,1390,1667,1212
"IFT70B",70,69,84,76,80,108,94,79,81,71,86,88
"SLC30A10",0,0,0,1,0,0,0,0,0,0,0,0
"TECPR2",775,713,851,901,748,903,804,621,587,628,632,651
"TLR7",0,0,0,0,0,0,0,0,0,0,0,1
"FAM180B",5,2,0,0,1,1,0,1,1,1,0,0
"ZFP62",342,330,390,353,358,367,452,417,372,383,368,412
"ERI2",194,179,197,196,165,177,272,219,206,223,191,198
"TOMM7",1300,991,1136,1306,1181,1361,1495,2420,1811,1509,1861,1428
"HSH2D",17,10,9,7,12,5,11,1,5,6,8,1
"TRPV1",129,136,103,116,133,115,133,116,104,118,85,87
"ZNF33B",561,499,606,385,390,488,733,645,593,582,591,734
"ZNF512B",1782,1673,1791,1622,1615,1701,2468,2184,2024,2099,2046,1924
"AMZ2",1244,1027,1173,1196,1093,1179,1449,1372,1416,1426,1449,1257
"ZNF431",215,225,227,186,175,198,263,228,176,193,214,196
"ALKAL1",0,0,0,0,0,0,0,0,0,0,0,0
"NF1",796,754,869,847,776,952,1091,718,651,655,644,778
"VKORC1L1",1747,1550,1866,1735,1760,2157,2698,2334,2278,2177,2261,2497
"ZNF418",69,63,79,75,62,58,78,63,74,70,63,67
"DAPK1",2738,2647,3171,2946,2951,3372,4172,3386,3234,3404,3178,3447
"LCE1B",0,0,1,0,3,0,0,0,0,0,0,0
"HLA-DQA1",0,0,0,0,1,0,0,0,0,0,0,0
"COL27A1",2191,2090,2377,2432,2545,2643,3046,2679,2318,2457,1847,2357
"GM2A",781,689,777,831,791,963,888,740,744,739,791,818
"H2AC13",16,12,3,6,7,7,12,12,14,1,9,9
"CLPSL2",0,0,0,0,0,0,0,0,0,0,0,1
"S100A2",149,109,82,148,119,62,124,126,102,129,152,80
"ZNF700",111,139,108,119,107,88,158,111,112,116,130,135
"POU3F4",0,0,0,0,0,0,0,0,0,0,0,0
"OR14A16",0,0,0,0,0,0,0,0,0,0,0,0
"CD47",2009,1828,1837,2168,1997,1944,2459,1911,1859,1991,2375,1728
"OR52K1",0,0,0,0,0,0,0,0,0,0,0,0
"TLE1",1688,1494,1734,1306,1292,1430,2319,2124,2204,1948,2027,2072
"MAML3",742,650,782,480,555,704,885,703,621,629,634,759
"H2AC11",67,45,45,66,53,27,63,33,45,58,56,38
"STRN3",855,799,866,887,836,880,951,770,719,853,817,815
"ZNF239",9,6,5,5,3,1,10,10,17,4,13,7
"SPINK14",0,0,0,0,0,0,0,0,0,0,0,0
"SPRR2B",0,0,0,0,0,0,0,0,0,0,0,0
"CHRNG",0,0,0,0,0,0,0,0,0,0,0,0
"ZSCAN16",110,123,137,126,117,137,132,166,135,157,150,148
"MVB12B",223,203,260,159,178,211,228,205,180,192,184,203
"ILRUN",2708,2502,2607,2799,2618,2934,3082,2312,2398,2758,2907,2413
"OR11G2",0,0,1,0,0,0,0,0,0,0,0,0
"POTEI",1,2,0,0,1,0,1,0,1,2,0,0
"ADA",313,350,415,259,327,393,453,585,371,397,395,423
"ARID5A",1124,994,802,1636,1426,1346,1009,713,825,962,1161,735
"PATE2",1,2,2,3,0,3,2,1,3,0,5,1
"PPTC7",920,951,910,1294,1167,1242,1201,820,873,975,975,1007
"KRT39",0,0,0,0,0,0,0,0,0,0,0,0
"TOMM20L",1,0,3,1,0,1,0,0,0,0,0,0
"RGPD4",8,13,10,17,8,8,6,8,3,11,4,8
"NHLRC2",392,362,422,428,351,426,511,423,379,412,384,417
"H2AC7",1,1,0,0,2,0,1,0,1,0,0,0
"ZFP28",185,179,174,178,155,169,196,150,142,142,148,166
"CRACDL",104,113,127,99,124,131,142,148,120,116,127,131
"SCN8A",741,752,969,560,530,648,985,642,593,624,593,693
"LAMB3",3311,2701,1627,3665,2514,1371,1890,869,1544,1960,2247,981
"H2BC26",46,31,30,42,35,18,31,21,17,38,29,15
"SPMIP10",1,1,0,1,0,0,1,0,0,1,1,0
"KPNA5",235,235,245,249,240,244,291,262,231,322,263,293
"ANKRD36B",71,65,77,83,65,75,99,77,81,67,53,85
"ARHGEF12",6709,6709,8177,7276,6983,9176,8605,5722,5500,5642,5395,6632
"HCAR1",1,0,0,0,0,3,0,1,0,0,0,0
"PDLIM7",3651,3179,2996,2948,2657,2526,3881,4005,3226,3531,3671,3223
"FLNA",62518,60575,66209,60713,57831,67647,71307,57902,50441,53401,48558,54537
"TMEM26",1,5,4,4,6,9,4,3,1,2,3,4
"SRGAP1",404,353,399,500,437,448,509,349,375,366,361,379
"FAM3C",1040,963,1117,1408,1474,1746,1142,1094,1105,1138,1204,1082
"NOP9",2189,1825,2026,2106,1959,2049,2732,1990,2138,2241,2124,1847
"OR2T4",0,0,0,0,0,0,0,0,0,0,0,0
"ZNF705A",2,2,0,0,1,2,0,2,1,1,1,1
"SLC39A10",870,891,1053,1029,951,1130,1133,904,875,885,811,1047
"CASP4",3349,2853,2900,3799,3542,3425,3537,2800,2779,3358,3861,3018
"AP2A1",2774,2623,2899,2710,2768,3347,3136,3030,2519,2677,2514,2556
"ZNF585A",34,45,37,51,36,52,50,58,32,43,46,49
"FUT11",477,463,509,485,465,553,701,758,693,645,637,683
"SMIM10L2B",3,0,2,0,0,1,6,4,0,6,3,4
"ANXA4",2511,2320,2412,2389,2367,2406,3234,3224,2883,2880,3132,2736
"LAGE3",282,221,234,240,226,283,316,441,363,316,383,317
"WDR5B",200,166,155,217,189,229,227,225,195,232,200,201
"FAM163B",0,0,0,0,0,0,0,0,1,0,0,0
"NPIPB9",2,1,2,1,1,1,4,3,0,0,0,0
"WDR45",387,341,411,345,395,421,484,552,405,416,411,385
"METTL9",2445,2261,2547,2747,2602,3068,3265,3306,3036,3132,3433,3250
"ZNF138",87,91,78,111,78,89,135,118,94,111,129,119
"ZNF429",18,16,15,11,15,12,21,20,14,16,21,15
"ZNF470",119,138,140,135,128,140,150,113,116,116,102,114
"SERTAD1",1778,1311,1029,1736,1339,1008,1443,1146,1341,1550,1937,1033
"ZNF100",147,151,139,178,156,144,198,129,112,165,170,166
"EOLA2",443,399,374,530,450,573,530,501,495,525,533,440
"ZNF398",349,311,334,377,315,373,393,321,331,336,393,343
"ZSCAN25",352,358,368,444,407,390,531,379,406,417,433,414
"ANXA6",5815,5229,6295,7683,7934,9163,6970,7108,5949,6329,6549,6160
"ZNF441",176,161,132,145,137,112,144,81,92,122,101,91
"GMFB",1628,1667,1627,1615,1514,1695,1786,1431,1489,1627,1550,1726
"SIGLEC15",0,0,0,0,0,0,0,0,0,0,0,0
"ZNF420",107,89,112,122,96,96,136,98,127,134,101,108
"ZNF763",11,8,6,9,14,5,12,17,4,13,11,4
"ZMYM1",319,324,363,282,269,310,441,340,294,330,363,367
"DTHD1",0,0,0,0,0,0,0,0,0,0,0,0
"H4C3",5,5,0,6,5,2,8,1,7,4,5,5
"ZSCAN26",329,327,314,301,268,290,326,293,234,340,325,287
"MAFG",2518,2215,1976,2825,2487,2565,2486,1944,2178,2336,2333,1805
"ARRDC1",230,200,236,222,179,240,287,332,262,259,291,287
"KIAA1671",1383,1372,1715,1214,1145,1498,1406,1079,990,928,922,1263
"KRT35",0,0,0,0,0,0,0,0,0,0,0,0
"IGF2R",3627,3282,3639,3618,3413,3792,3796,2783,2452,2456,2291,2821
"LCE1C",0,1,0,0,0,0,0,0,0,0,0,0
"GAL3ST4",97,106,119,110,84,92,124,123,121,97,112,96
"DYNC1H1",15714,13171,14749,14555,13465,15102,17744,11236,10245,10410,10190,11436
"SLC6A17",19,10,10,13,17,12,16,13,14,9,3,7
"IFNL3",2,0,0,1,0,0,2,0,0,0,0,0
"PCBP2",5641,5379,5986,5684,5548,6376,7282,7134,5848,6509,6741,6712
"ZGPAT",355,327,320,293,282,245,396,370,356,354,316,285
"SLC25A29",1768,1792,2099,1576,1844,2013,2071,2642,1925,1820,1485,1804
"PGAP1",648,637,678,616,591,700,795,655,597,645,569,728
"SRC",2345,2186,2184,3032,2516,2471,2587,1804,1946,2254,2243,1828
"ZNF679",0,0,0,0,0,0,0,0,0,0,0,0
"ZNF682",18,17,22,17,16,15,12,22,11,12,7,15
"OR8B8",0,0,0,0,0,0,0,0,0,0,0,0
"ZNF772",90,96,114,92,118,120,98,88,78,97,115,91
"ZNF257",7,5,8,12,5,10,9,8,7,4,7,5
"PCNX3",3205,2957,3172,3190,3126,3427,3818,3211,3053,2969,2679,2710
"ADAM32",49,48,53,56,40,40,51,41,36,36,36,31
"ACSL5",309,281,261,314,296,234,314,169,193,237,313,158
"LRRC8B",2105,2192,2435,5702,5953,7315,2950,2214,2206,2211,2234,2625
"ABCB8",962,986,1013,911,946,955,1122,1131,971,1000,1004,856
"H3C12",4,14,6,8,5,2,1,3,6,5,8,3
"SND1",7314,6458,7044,7871,7276,8030,8075,7425,6804,7171,7253,6522
"ZNF785",223,202,200,170,214,244,235,308,199,244,203,222
"SULT1A2",0,0,1,1,0,0,0,0,0,1,0,0
"NEK5",1,1,1,2,1,5,3,2,1,4,2,2
"PSMD12",2086,1949,1875,2273,2014,2157,2455,2043,2070,2189,2395,2178
"MAGEA3",0,0,0,0,0,0,0,0,0,0,0,0
"ADGRA1",0,0,0,0,0,0,0,0,0,0,0,0
"PIWIL2",3,2,1,1,2,0,2,2,0,1,2,1
"NOL4L",2760,2340,2491,2415,2149,2210,3000,2059,2021,2103,2016,2052
"CYSRT1",11,10,14,13,13,11,16,15,10,11,17,20
"SLC22A4",253,234,299,272,273,287,353,260,238,276,298,270
"ZSCAN5B",0,0,0,1,0,0,0,0,0,0,1,0
"ENTPD4",1209,1287,1533,1140,1224,1477,1976,1834,1517,1547,1395,1673
"C1D",252,206,223,263,260,301,276,395,342,364,356,345
"TBC1D9B",5109,4918,5423,5144,4771,5164,6319,5180,4886,5292,5180,4935
"OR1J2",1,1,1,0,0,0,0,1,0,0,0,0
"H4C11",4,2,3,7,2,3,6,5,2,4,8,2
"SLC2A7",0,0,0,0,0,0,0,0,0,0,0,0
"FAM110D",231,184,218,148,133,205,246,336,236,246,239,217
"SERPINA1",0,0,1,0,0,0,0,0,0,0,0,0
"TPSB2",0,0,0,0,0,0,0,0,0,0,0,0
"KANK2",1257,1171,1339,871,842,985,1683,1409,1306,1257,1222,1407
"C6orf141",163,162,193,48,56,57,219,256,174,176,130,172
"GTF2E2",906,787,879,991,856,1013,1019,1059,1012,1067,1183,1088
"IL27",0,0,0,0,0,0,0,0,0,0,0,0
"GUCA2A",0,0,0,0,1,0,1,0,0,0,0,0
"RAD54B",63,48,57,49,41,46,67,50,66,65,72,56
"ZNF165",15,9,3,28,15,23,15,8,11,10,19,16
"SYNGAP1",350,450,449,488,482,477,457,402,300,327,271,316
"FITM2",293,252,255,262,255,335,363,314,262,301,281,271
"BLM",273,285,268,234,251,219,406,298,284,337,372,325
"KRBOX5",260,305,253,323,303,328,260,276,225,277,320,274
"OR10D3",0,0,0,0,0,0,0,0,0,0,0,0
"DDI2",680,621,703,713,684,765,1073,792,826,775,794,945
"SVIL",3012,2972,3436,2783,2811,3204,3969,3074,2881,2828,2785,3241
"TRIM33",955,956,1028,925,887,981,1342,951,845,957,957,1087
"LRP10",8599,7803,9081,8458,8823,9922,10360,8565,8537,8491,8439,7812
"PELI1",886,865,864,865,813,906,1401,1290,1266,1329,1328,1379
"ZNF655",267,294,220,281,224,215,349,235,245,301,308,251
"MRPL21",1005,806,829,1041,1004,1087,1149,1287,1222,1107,1358,1096
"LYPD2",0,0,0,0,0,0,0,0,0,0,0,0
"UAP1L1",1817,1747,1585,1582,1381,1130,1607,1335,1317,1551,1377,1171
"ZNF98",0,0,0,0,0,0,0,0,0,0,0,0
"FBXL22",6,5,7,10,5,4,5,7,8,9,4,5
"ZNF786",176,154,190,218,147,211,218,189,165,191,214,160
"ZNF517",183,155,192,157,180,164,201,202,181,195,175,174
"ZNF675",175,155,141,161,159,184,171,123,122,154,185,169
"SLC22A5",95,134,112,100,86,70,106,114,88,98,108,86
"DACT3",8,8,15,14,22,29,19,30,21,17,14,20
"ADARB1",1084,1153,1449,1024,1105,1396,1407,1328,1072,1043,1089,1225
"ZNF860",33,18,31,10,10,21,31,18,20,19,17,23
"HTT",2234,2053,2518,2561,2502,2706,2698,1760,1805,1756,1788,1849
"OR6N1",0,0,0,0,0,0,0,0,0,0,0,0
"C5AR1",8,6,2,6,7,6,2,5,3,3,8,5
"DIO3",0,0,0,0,0,0,0,0,0,0,0,0
"CYP2B6",0,0,0,1,0,1,1,0,0,0,0,1
"H3C4",0,0,0,2,2,1,1,0,0,2,0,0
"DCHS2",0,0,0,0,0,0,0,0,0,0,0,0
"VEPH1",2203,1983,2056,2552,2203,2254,2376,1959,1864,2080,2321,2072
"FABP12",0,0,0,0,0,0,0,0,0,0,0,0
"SHPK",106,84,90,112,118,125,104,123,77,114,127,91
"OR51D1",0,0,0,0,0,0,0,0,0,0,0,0
"IPP",178,163,177,179,189,205,222,193,193,181,181,174
"OPALIN",0,0,2,0,0,0,0,0,0,1,0,0
"OR13G1",0,0,0,0,0,0,0,0,0,0,0,0
"MAP3K5",314,349,402,261,293,295,474,396,370,335,358,430
"OGDHL",11,6,10,9,8,7,5,9,9,5,3,10
"CYP2F1",0,0,0,0,0,0,0,0,0,0,0,0
"GSTK1",1473,1312,1492,1364,1320,1494,1829,1727,1492,1448,1631,1350
"HNRNPAB",6680,5761,5906,7260,7043,7562,8742,7674,7938,8164,8905,7842
"OR2L5",0,0,0,0,0,0,0,0,0,0,0,0
"STMN3",84,53,51,85,71,68,91,71,68,84,97,51
"PDGFA",1124,952,859,1176,1039,993,1250,1036,1037,1077,1234,870
"GYPE",0,0,0,0,0,0,0,0,0,0,0,0
"COL13A1",2181,2040,2169,1998,2013,2251,3156,3100,2743,2595,2647,2479
"SPN",0,0,0,1,1,0,0,1,0,0,0,0
"ZNF695",50,37,36,36,35,42,44,42,39,46,57,42
"ZNF628",280,296,294,321,270,312,312,260,275,275,314,267
"GALP",0,0,0,0,0,0,0,0,0,0,0,0
"SLC2A10",108,101,134,163,170,202,140,123,129,134,120,122
"ZNF665",37,35,44,42,32,44,51,51,18,54,35,47
"RPF2",658,600,533,751,671,622,791,747,705,761,866,715
"SLC28A3",0,0,0,0,0,0,0,0,0,0,0,0
"FAM177B",1,0,2,1,0,1,1,1,0,2,4,0
"MIB2",819,762,771,688,723,645,890,1062,859,914,801,752
"OR6Y1",0,0,0,0,0,0,0,0,0,0,0,0
"MYO5A",7055,7070,8502,8207,7611,9430,9390,6375,6169,6376,6336,7667
"GZMM",9,6,3,8,10,7,5,3,1,5,4,0
"ATG7",661,600,670,709,608,687,877,808,697,717,781,700
"SIPA1L1",547,557,657,592,579,592,662,452,440,508,526,614
"IFT70A",97,115,112,101,125,124,106,101,100,105,96,126
"ELANE",0,0,0,0,0,0,0,0,0,0,0,0
"RAB40C",691,630,744,710,679,794,889,956,891,843,877,816
"PIGN",498,519,567,515,489,607,559,461,430,442,413,539
"COL4A6",467,412,419,456,440,442,514,399,425,412,410,403
"ZNF624",71,76,80,78,73,85,98,85,95,92,90,108
"HOXA4",170,124,143,111,112,92,203,130,163,165,167,141
"TOPORS",846,768,853,835,783,801,963,748,729,861,851,908
"BCO2",7,10,18,6,8,7,12,15,11,10,3,3
"KCNMB2",1,0,0,1,0,0,0,0,0,1,0,3
"ENTPD6",1827,1507,1617,1845,1738,1713,2192,2042,2050,1996,2175,1814
"DMBX1",0,0,0,0,0,0,0,0,1,0,1,0
"OR11L1",0,0,0,0,0,0,0,0,0,0,0,0
"ENPP1",132,109,124,122,139,136,129,109,124,98,110,128
"CCDC154",67,69,58,37,33,37,49,65,42,59,31,37
"FAR1",2334,2472,2486,2593,2684,2941,3423,2696,2648,2688,2647,3047
"CPLANE1",565,579,614,608,549,635,709,499,443,502,463,542
"ZNF841",220,234,221,292,293,314,260,207,151,206,157,172
"MFAP5",0,0,0,0,0,1,0,1,0,0,0,1
"MYH6",0,0,0,1,0,1,1,0,0,0,0,0
"VN1R5",0,0,0,0,0,0,0,0,0,0,0,0
"ZNF615",94,77,99,86,76,93,93,104,75,114,82,82
"EOLA1",244,202,217,289,258,255,342,283,268,264,288,240
"CDC42SE1",1917,1893,2049,2661,2703,3171,2505,2198,1989,2182,2051,2051
"MPEG1",0,0,0,0,0,0,0,0,0,0,0,0
"SERPINB2",1512,1256,838,3205,2247,1628,2255,1110,1710,1902,2230,1410
"DPP4",237,261,329,320,292,325,327,210,192,222,235,220
"SERPINB13",0,0,0,0,0,0,0,0,0,0,0,0
"PDCD1LG2",778,615,588,699,552,449,920,491,556,675,824,522
"ZNF433",99,91,89,80,72,61,68,41,46,80,76,66
"CCER1",0,0,0,0,0,0,0,0,0,0,0,0
"DNAH10",19,15,14,9,23,13,17,9,18,13,15,13
"SLC22A24",0,0,0,1,0,0,0,0,0,0,0,0
"KRTAP26-1",0,0,0,0,0,0,0,0,0,0,0,0
"SPTAN1",16651,16287,17190,14394,14436,15578,18815,15976,12102,13506,11373,12704
"NMB",113,98,79,151,80,129,118,169,130,137,141,132
"PARVA",4412,4211,5065,4372,4492,5460,6299,5992,5178,5441,5411,6026
"KLHL14",2,3,1,0,1,1,2,4,1,2,2,1
"OR6C74",0,0,0,0,0,0,0,0,0,0,0,0
"FAM114A1",1553,1616,1889,1988,2011,2462,2414,2112,1830,1894,1808,1935
"RPE",1065,1008,1103,1126,1058,1239,1358,1148,1173,1221,1281,1201
"ZNF460",43,31,27,31,28,25,39,26,36,26,34,27
"CR1L",9,4,3,9,4,2,4,2,6,3,3,2
"PHF2",769,758,888,885,876,1138,998,760,731,805,710,860
"RPS26",2431,2101,2151,2399,2246,2391,2699,3872,2981,2834,3238,2837
"SCGB1D4",0,0,0,0,1,0,0,0,0,0,0,0
"PSAP",40758,36579,40060,41152,40216,43199,46482,45306,42389,42050,46446,40452
"S100A10",8480,7896,8706,8507,7796,8700,11270,13493,9461,10473,12451,10312
"CFAP43",8,12,5,9,9,3,12,1,4,8,6,3
"LHFPL5",1,0,0,0,0,0,0,2,0,1,0,1
"RPL37A",13344,11076,11931,13361,12862,14851,16106,25678,16886,15928,19784,15850
"HOXC6",7,6,11,11,4,3,7,5,10,4,3,8
"TXNRD3",134,109,125,115,102,113,137,159,125,123,146,149
"CFD",15,6,8,4,9,11,7,11,11,5,10,4
"STPG3",0,1,1,0,0,0,1,0,1,0,0,0
"MAP1LC3C",0,0,2,0,0,1,1,0,0,0,0,0
"MCMBP",2123,1845,1834,2409,2107,2112,2752,2077,2153,2259,2324,2315
"EME2",441,372,382,338,360,345,460,507,392,410,284,308
"KLHDC1",30,30,35,15,26,26,28,32,33,26,26,28
"ZNF81",147,166,183,184,147,173,236,126,140,158,153,157
"TAF13",877,696,689,1035,1003,1030,1097,999,958,991,1047,861
"ZNF780A",149,131,133,151,141,188,217,147,157,143,154,157
"ATAD3A",1301,1161,1112,1591,1418,1356,1518,1439,1348,1403,1462,1175
"OR5B17",0,0,0,0,0,0,0,0,0,0,0,0
"OR52M1",0,0,0,0,0,0,0,1,0,0,0,0
"FAM118B",943,869,989,1025,1042,1157,1345,1256,1181,1150,1288,1178
"ZNF461",140,122,82,144,121,111,130,92,93,98,109,101
"CCDC180",10,4,12,2,6,5,10,14,7,8,8,4
"SLC9A8",864,793,709,855,830,685,731,525,531,640,634,500
"OCLN",30,44,34,22,20,17,39,31,19,26,29,30
"CFAP299",0,3,0,3,1,0,0,1,4,1,2,2
"H4C16",37,44,18,40,20,9,24,9,16,29,18,7
"CYP2A13",0,0,0,0,0,0,0,0,0,0,0,0
"ZNF181",134,107,109,124,136,113,141,135,129,154,148,161
"OR8G1",0,0,1,0,0,0,0,0,0,0,0,0
"INKA2",1288,1272,1651,1002,1024,1374,1656,1697,1435,1404,1334,1482
"ZNF44",198,170,133,197,160,130,176,140,147,153,179,117
"GPAA1",1229,1133,1195,1325,1194,1336,1591,1602,1444,1455,1543,1208
"ADAMTSL2",0,0,0,0,0,0,1,0,0,1,0,0
"SGTB",492,514,485,679,643,704,437,316,342,363,375,373
"ZNF790",154,123,102,163,107,107,144,92,95,104,141,93
"PRB3",0,0,0,0,0,0,0,0,0,0,0,0
"CYRIA",734,747,816,581,633,803,1128,949,789,828,822,956
"MYO1C",7877,7612,8258,8410,7865,9178,9615,8024,7717,7787,7459,7768
"NKIRAS1",169,145,151,222,194,171,196,158,159,185,186,180
"OR1S2",0,0,0,0,0,0,0,0,0,0,0,0
"UGT2B17",0,0,0,0,0,0,0,0,0,0,0,0
"MEIG1",2,3,1,3,1,1,2,7,1,3,3,2
"SLC22A12",0,0,0,0,0,0,0,0,0,0,0,0
"KIF13B",2259,2245,2366,2301,2092,2230,2468,1903,1924,1862,1817,1765
"NRAP",0,3,0,3,3,0,2,2,0,2,1,0
"ADH5",1664,1525,1618,1703,1652,1912,2208,2359,2177,2119,2289,2157
"SLC22A6",0,0,0,0,0,0,0,0,0,0,0,0
"H2BC12",306,295,289,349,292,283,442,267,285,338,383,230
"TEAD4",1490,1232,1356,1390,1320,1313,1812,1729,1661,1577,1796,1407
"SPG7",2536,2504,2544,2060,2014,2075,2850,2906,2431,2559,2203,2234
"HRNR",0,0,0,0,0,0,0,0,0,0,0,0
"IFNA1",0,0,0,0,0,0,0,0,0,0,0,0
"HES5",0,0,0,0,0,0,0,0,0,0,1,0
"ZNF677",260,273,267,313,244,314,263,209,192,224,235,254
"ERO1A",2236,2187,2300,2848,2861,3434,2925,2271,2377,2446,2504,2396
"ZNF823",137,125,111,135,105,123,174,137,138,163,173,135
"ZNF311",42,43,45,29,38,26,49,40,38,45,42,27
"ZNF347",125,129,133,150,144,158,183,132,145,136,143,144
"OR5H2",0,0,0,0,0,0,0,0,0,0,0,0
"PLCG2",608,630,463,606,519,340,532,357,358,441,479,350
"FCHSD1",1217,1124,1258,925,980,963,1360,1346,1099,1152,1023,925
"ZNF71",269,237,244,237,245,235,318,318,311,291,349,340
"AADACL2",0,0,0,0,0,0,0,0,0,0,0,0
"S100A6",14094,10988,11526,12754,12081,12672,14712,17836,14186,13499,16813,13629
"RPL12",9487,7829,8527,9327,8987,10236,10599,12762,10676,10390,12291,10729
"DNM3",17,22,20,36,23,27,22,10,19,17,15,22
"ZNF121",457,408,368,348,321,326,413,387,298,340,339,284
"MPZL1",2466,2294,2446,2637,2493,2601,3086,2312,2417,2618,2777,2561
"VPS13A",950,885,1110,890,823,1067,1141,764,704,723,651,969
"MBP",456,396,465,303,326,338,829,521,609,566,577,558
"AKAP17A",2006,1785,1722,2440,2631,2638,2157,1955,1842,1948,2025,1621
"ELOVL2",0,1,0,0,0,0,1,0,1,0,0,0
"GOLGA6L9",71,83,55,70,49,33,55,52,42,45,42,29
"LEKR1",11,6,7,11,8,4,10,7,6,14,8,8
"C1orf122",997,797,837,1169,1087,1222,1054,1137,1123,1039,1199,885
"PCDH20",0,0,0,0,0,0,0,0,0,0,0,0
"CLEC9A",0,0,0,0,0,0,0,0,0,1,0,1
"KEL",0,2,1,3,0,0,0,0,2,0,0,0
"NOL8",1404,1302,1307,1439,1316,1266,1628,1272,1209,1435,1509,1235
"IRAK4",620,554,640,635,605,673,728,656,580,657,706,626
"ODAD3",2,2,4,7,5,0,7,8,3,15,4,5
"DLGAP2",0,1,0,2,0,0,0,0,0,0,0,0
"MRPL42",892,750,775,979,888,924,1141,918,983,1061,1171,1061
"ENTPD7",1089,975,967,2579,2529,3036,1440,858,1049,1146,1082,1098
"SPANXA1",0,0,0,0,0,0,0,0,0,0,0,0
"ZNF335",1328,1361,1185,1407,1285,1253,1298,1147,1039,1121,1021,1056
"ZNF560",7,4,9,8,3,4,7,4,4,6,11,3
"TUBA3C",0,0,0,0,0,0,0,0,0,0,0,0
"RPS4X",10981,9371,10976,11355,10858,12855,13842,17076,13552,13883,15101,14093
"ZNF273",86,96,87,117,85,96,149,98,114,112,132,127
"ZNF84",418,403,455,330,364,365,544,521,421,479,408,475
"MAK16",773,712,709,968,828,791,1105,709,862,974,949,806
"ZNF667",11,12,14,20,20,27,28,14,18,23,21,15
"AVPR1B",0,0,0,0,0,0,0,0,0,0,0,0
"SIRPA",1360,1318,1685,1259,1211,1467,1678,1436,1411,1408,1400,1495
"GRK6",1210,1041,1187,1220,1179,1355,1577,1590,1556,1508,1600,1495
"PRIM1",153,166,150,187,155,158,285,218,213,256,287,242
"MARCHF5",1415,1311,1343,1509,1329,1526,1757,1519,1473,1644,1668,1581
"POTEH",0,0,0,0,0,0,0,0,0,0,0,0
"NPIPB13",4,22,7,7,3,5,9,1,1,0,2,0
"AKR1B10",15,9,8,9,2,12,5,5,6,7,13,12
"SULT1C4",69,75,98,189,276,405,86,98,53,86,59,97
"CYP2A7",0,0,0,0,0,0,0,0,0,0,0,0
"ZBTB14",255,257,249,267,270,273,366,290,317,302,280,325
"KRTAP9-9",0,0,0,0,0,0,0,0,0,0,0,0
"CD2AP",1826,1772,1980,1912,2013,2272,2339,1853,1855,1925,1887,2034
"NUP62CL",0,1,1,0,0,0,1,0,0,0,0,0
"SFI1",595,510,537,462,452,405,635,599,480,545,479,440
"KRTAP4-6",0,0,0,0,0,0,0,0,0,0,1,0
"TMPRSS11F",0,0,0,0,0,0,0,0,1,0,0,0
"ZNF649",199,188,184,243,169,180,184,159,161,153,174,197
"ADH4",0,0,0,0,1,1,0,0,1,0,0,0
"OR2T6",0,0,0,0,0,0,0,0,0,0,0,0
"ZNF248",151,163,175,205,172,204,198,220,174,184,162,184
"CHSY3",41,33,33,98,102,138,58,28,38,44,57,36
"TOR4A",2751,2441,2578,2589,2447,2741,3510,3041,3330,3114,3153,2905
"LPAR1",0,0,1,2,7,10,0,7,7,3,3,3
"MB",0,0,1,0,0,0,1,0,0,0,1,0
"OR2L3",0,0,0,0,0,0,0,0,0,0,0,0
"HIBCH",321,292,343,348,338,376,464,497,408,408,424,364
"ZNF544",823,660,742,804,759,742,956,764,759,829,874,768
"TMEM229B",15,12,11,2,7,6,14,8,9,3,10,11
"SOWAHC",246,281,248,309,286,345,333,256,268,282,315,266
"ZNF770",734,706,698,723,719,817,1027,768,747,808,747,874
"NPIPB6",5,1,3,2,1,0,6,2,1,2,1,5
"HMGN5",127,120,133,138,149,152,190,278,200,182,217,206
"MIER1",1351,1401,1412,1396,1411,1429,1648,1247,1349,1403,1363,1447
"MAN1A2",1004,1049,1280,1414,1526,2061,1153,860,821,784,828,1041
"SVIP",1408,1345,1476,1797,1740,1996,1570,1935,1481,1479,1752,1855
"ZNF251",346,325,308,282,261,253,424,447,360,363,310,344
"DDRGK1",1519,1172,1238,1444,1482,1366,1705,1673,1632,1549,1872,1379
"FAM47C",0,0,0,0,1,0,2,0,0,1,0,0
"TFDP1",3200,3087,3123,3701,3480,3783,4640,3885,4171,4079,4239,4066
"CLEC4C",0,1,0,0,0,0,0,0,0,0,0,0
"ZNF607",57,60,56,46,29,52,73,60,76,69,63,63
"BPIFA1",0,0,0,0,0,0,0,0,0,0,0,0
"ZNF334",2,2,1,3,4,2,6,3,4,2,2,0
"HSD17B11",369,325,389,412,407,443,440,454,391,416,449,401
"SZT2",1293,1219,1198,1336,1280,1230,1207,783,739,881,746,809
"SULT1C2",0,0,0,0,1,0,0,0,0,0,0,0
"ZXDA",126,158,149,140,150,135,142,107,115,123,122,128
"RPS6KL1",313,298,291,227,197,217,432,446,358,384,361,290
"CACNA1E",0,0,0,0,0,0,0,0,0,0,0,0
"QRICH1",2013,1845,2065,2137,2051,2284,2360,1895,1753,2057,1939,1880
"CSF2RA",0,0,0,0,0,1,0,0,0,0,0,0
"FKBP1C",71,54,76,60,56,91,63,58,59,57,58,67
"DDX42",3523,3155,3458,3620,3422,3408,4357,3594,3153,3499,3369,3325
"RPL23A",7182,6174,6603,7277,6947,7459,8451,11163,8330,8249,9936,8466
"SLC29A3",96,75,109,62,82,108,63,79,57,65,49,52
"STYX",627,586,674,743,729,889,700,610,534,581,647,695
"UBL5",1981,1564,1652,1895,1775,1879,2144,3368,2313,2072,2575,2092
"HELZ",851,786,868,859,695,711,857,492,480,574,506,558
"TMEM116",57,48,54,50,53,36,74,72,63,64,58,52
"KRTAP4-5",0,0,0,0,0,0,0,0,0,0,0,0
"UCKL1",649,622,641,619,632,734,885,1017,715,718,787,773
"OR5B21",1,0,0,1,0,0,0,0,0,0,0,0
"CARD11",1390,1208,1358,1421,1253,1263,1693,1330,1353,1375,1477,1360
"ZNF485",26,25,30,25,29,20,44,37,39,38,40,33
"PEG3",0,0,1,0,0,0,0,1,1,1,0,0
"SDAD1",1633,1441,1468,1668,1572,1543,1878,1405,1404,1601,1671,1527
"ZKSCAN8",512,543,698,612,553,654,669,439,382,519,389,556
"PHETA1",545,454,488,481,526,553,657,548,555,603,516,489
"TMEM239",0,0,0,0,0,0,0,0,0,0,0,0
"HYLS1",483,457,518,468,436,505,605,613,531,629,674,704
"MYL4",25,19,18,32,19,34,23,24,24,28,20,26
"ZNF442",49,69,42,45,50,24,32,38,35,49,62,32
"ZNF813",104,118,118,124,96,127,142,145,107,108,123,124
"HOXC4",3,0,1,2,2,0,3,3,1,0,4,0
"DCAF12L2",0,0,0,0,0,0,1,0,0,0,0,0
"PIM3",4280,3566,3802,3256,3062,3242,6188,6532,6396,5559,6160,5576
"GET3",2211,1865,1953,2400,2287,2520,2111,1994,1882,1938,2258,1845
"ASPH",3643,3490,3698,4236,4010,4364,4771,3623,3790,4075,4127,3990
"SPRED2",113,113,103,188,139,125,148,63,116,111,110,128
"WWP2",1580,1455,1661,1477,1383,1498,1875,1652,1508,1539,1536,1555
"GFPT1",1933,1790,2045,3267,3331,4141,1566,1396,1177,1287,1248,1290
"UVRAG",2269,2066,1961,2605,2260,2389,2199,1657,1768,1844,1909,1753
"KRTAP13-1",0,0,0,0,0,0,0,0,0,0,0,0
"ZNF26",190,219,207,263,224,228,276,234,248,218,245,211
"TMEM207",0,0,0,0,0,0,0,0,0,0,0,0
"ITSN2",1885,1917,2107,1872,1900,2134,2331,1739,1713,1803,1741,2016
"NTRK1",0,2,0,2,7,2,3,0,1,0,0,0
"OGA",2841,2860,3033,2361,2283,2436,2197,1872,1631,1836,1695,1739
"MT1F",4,1,3,2,2,5,9,20,6,9,11,8
"TCAF1",543,539,652,491,490,516,721,581,517,563,470,562
"ZNF69",13,11,23,13,15,16,19,19,18,12,21,21
"TXNRD1",29097,27140,25394,41994,36790,36673,36691,24476,31387,34769,35394,31089
"NRARP",1433,1212,1389,1028,957,1123,1767,2049,1781,1591,1653,1829
"ZNF583",102,113,96,134,135,127,119,89,86,97,116,101
"KRTAP4-1",0,0,0,0,0,0,0,0,0,0,0,0
"CCT8L2",0,0,0,0,0,0,0,0,0,0,0,0
"OR14L1",0,0,0,0,0,1,0,0,0,0,0,0
"ZNF568",117,72,106,102,94,99,120,120,85,104,103,107
"ZXDB",458,419,408,447,458,535,520,377,453,451,459,415
"ZNF480",502,512,502,564,485,495,523,404,314,393,464,423
"ZNF587",385,449,531,368,400,365,524,491,345,452,292,369
"TPM2",5727,4654,4979,5267,5034,5647,6227,8857,6556,6003,7006,5789
"RTP2",0,0,0,0,0,0,0,0,0,0,0,0
"SH3BGRL2",301,300,337,377,327,438,420,372,335,370,383,430
"ZNF808",65,49,56,51,43,54,44,29,38,43,33,39
"ANKRD35",13,10,20,9,14,13,13,19,21,13,7,11
"B3GNT6",1,0,0,0,0,1,0,0,0,0,0,0
"YTHDF2",2702,2590,2534,2937,2635,2898,3010,2532,2248,2650,2894,2466
"TMA16",584,586,576,647,661,704,936,960,806,844,987,856
"HLA-DRB5",0,0,0,0,0,0,0,0,0,0,0,0
"ATL1",56,54,65,79,60,61,75,59,54,58,66,58
"CNGA1",2,4,5,3,6,2,5,9,5,10,5,11
"MAFK",2559,2156,1786,2901,2746,2772,2868,2196,2466,2553,2701,2031
"ARMH1",1,1,0,0,0,0,1,0,0,0,0,0
"ZNF43",311,273,303,269,267,311,396,316,220,345,333,314
"GPN1",1255,1130,1246,1283,1215,1244,1379,1286,1245,1370,1304,1316
"PLN",0,0,0,0,0,0,1,0,0,0,0,0
"C2CD4A",8,5,4,10,14,27,6,12,5,9,10,6
"ZNF28",334,351,376,440,358,309,387,257,269,362,336,279
"ITGBL1",144,130,158,147,143,175,269,224,259,226,222,227
"ZNF511",330,255,302,381,304,406,405,456,365,381,480,404
"C20orf203",0,1,0,0,0,0,0,0,0,0,0,0
"ZNF627",372,276,287,339,290,243,307,279,277,324,312,291
"KCNRG",6,1,4,4,0,3,4,6,8,3,5,4
"WDHD1",661,579,638,729,651,615,806,600,634,725,673,686
"ZNF789",274,258,293,190,209,183,254,306,203,237,233,226
"CTNND1",943,973,1159,868,873,1070,1208,1020,847,884,886,974
"DDX39B",2862,3100,2714,2124,2231,1845,2798,2987,2169,2521,1813,1888
"SLC34A3",2,0,0,4,0,1,1,0,0,3,0,0
"RD3",0,0,0,0,0,0,0,0,0,0,0,0
"SPANXC",0,0,0,0,0,0,0,0,0,0,0,0
"SH2D1B",1,1,2,1,0,2,3,0,1,1,2,0
"ARC",83,40,30,85,59,32,60,23,32,50,64,7
"NUDT16",1571,1615,1918,1647,1679,2098,2203,2313,2068,1834,1890,1993
"TLK1",1254,1226,1325,1220,1186,1320,1492,1177,1030,1159,1221,1247
"LRBA",1062,962,1198,1180,1100,1406,1172,778,704,718,709,958
"ZNF536",0,0,0,0,0,0,0,0,0,0,1,0
"MMP17",403,375,374,413,338,379,446,433,457,389,410,356
"OR2M2",0,0,0,0,0,0,0,0,0,0,0,0
"BAZ1A",3254,2990,3089,3295,3130,3196,3018,2528,2118,2277,2328,2255
"AKR1C4",0,0,0,0,0,0,0,0,0,0,0,0
"COPS8",1174,1122,1163,1500,1440,1574,1474,1413,1268,1315,1525,1416
"CCDC69",594,538,660,700,696,850,651,582,472,523,544,575
"MDM4",216,211,241,213,236,181,257,233,224,246,196,186
"RYR2",1,0,1,0,3,0,1,0,0,0,0,3
"ZNF534",1,0,0,1,1,2,1,0,3,1,0,1
"KLHL9",907,873,1062,981,971,1119,1108,957,881,880,879,1061
"FAM3D",5,2,2,10,1,8,6,7,5,3,11,5
"NCOA6",1052,967,1182,986,840,986,1232,967,827,911,805,999
"STK39",310,319,311,403,402,380,441,405,369,387,420,369
"TAT",1,2,0,0,0,1,0,1,2,1,0,0
"C6orf89",1755,1525,1599,1849,1691,1816,1909,1495,1565,1688,1687,1567
"CALM1",9501,8314,8676,10317,9734,11083,11574,11596,10761,10467,11438,11169
"LPA",0,0,0,0,0,0,0,0,0,0,0,0
"TAFA2",16,15,10,15,7,9,14,17,1,15,16,11
"OR10G6",0,0,0,0,0,0,0,0,0,0,0,0
"SKIC3",3555,3401,3680,3861,3597,3808,4305,2964,3032,3520,3239,3404
"TUSC1",455,418,416,699,676,721,583,600,602,574,646,573
"MAGEA1",0,0,0,0,0,0,0,0,0,0,0,0
"PAPSS2",3055,2523,2832,3452,3291,3898,4346,3082,3141,3085,3147,3163
"SLC9A6",565,496,632,532,509,576,700,582,600,618,609,632
"FAN1",438,379,377,340,348,331,545,368,407,405,370,381
"ABCA4",55,45,46,50,36,48,55,52,43,48,44,43
"EIF1AY",660,621,584,806,757,779,787,892,699,766,920,742
"IPO9",3188,3066,3521,3170,2969,3340,4289,3541,3159,3489,3477,3707
"GPX6",0,0,0,0,0,0,0,0,2,0,0,0
"CEP290",852,775,812,917,827,807,1000,645,694,739,774,733
"GLMP",1222,1122,1274,1316,1270,1446,1528,1364,1197,1308,1437,1291
"TOGARAM1",601,598,516,764,605,593,642,467,427,496,467,456
"DLL1",185,219,198,145,156,156,248,231,187,201,190,183
"ANKRD13B",792,730,794,745,671,719,923,927,761,754,681,734
"ECI2",2510,2125,2247,2657,2413,2339,2360,2031,2054,2075,2162,1741
"UNC13B",3223,3164,3756,3307,3184,3964,3740,3229,3038,2991,2879,3257
"SAXO5",0,1,1,0,1,1,1,1,0,2,0,0
"LDB1",2306,2238,2798,1669,1749,1961,2797,2950,2430,2615,2287,2608
"PPP1R14C",0,0,0,0,0,0,0,0,0,1,0,1
"CTR9",3080,2793,3043,3220,3177,3220,3486,2740,2581,2924,2813,2715
"SMOC1",6,4,8,6,12,12,11,17,8,6,9,9
"F5",0,1,0,0,0,0,0,0,0,0,0,0
"MSRB1",430,352,443,410,421,475,514,664,561,542,628,563
"LRRTM3",0,0,1,0,0,1,0,0,0,0,0,0
"ZNF652",208,191,208,180,216,238,252,242,216,211,214,224
"SMURF1",1667,1464,1444,1870,1771,1848,1846,1270,1352,1605,1462,1317
"SLC5A3",174,174,220,209,196,292,288,240,229,217,175,254
"GPATCH3",723,646,623,709,568,562,768,761,710,737,851,607
"CDC42BPB",7408,7121,7797,7788,7483,8279,9307,6796,6548,6828,6488,6839
"PLXNB3",641,670,675,401,426,418,592,715,469,489,275,433
"OXCT2",9,9,8,13,7,7,15,9,9,18,4,14
"RPL10A",10995,9186,9930,11209,10670,12565,13028,17557,13801,12913,14954,13800
"COLGALT2",0,0,0,1,1,0,2,0,0,1,0,0
"EPS8L3",0,0,0,0,0,0,1,1,0,0,0,0
"EGFL6",0,0,0,0,2,0,0,1,0,0,0,0
"SYCP1",0,0,0,0,0,0,0,0,0,0,0,0
"APCDD1L",16,14,13,17,15,8,27,18,16,19,14,19
"RCSD1",60,35,15,65,27,18,16,11,10,19,39,12
"RASSF9",115,144,180,133,146,196,144,133,106,140,151,159
"FAM169A",4,4,3,1,4,5,3,2,0,0,6,5
"ZNF830",480,381,408,443,419,469,576,567,491,554,596,475
"GRIN3A",0,0,1,0,0,0,0,0,0,0,0,0
"MUC2",3,2,1,1,2,2,1,0,0,0,0,0
"CNOT7",1307,1209,1333,1533,1370,1518,1582,1517,1476,1524,1509,1594
"TMEM184B",3709,3453,3847,4057,4004,4778,4990,4597,4221,4144,4356,4271
"MTOR",3450,3316,3524,3472,3277,3465,3879,2734,2679,2848,2591,2967
"SCAMP5",613,530,602,634,637,693,698,619,584,599,613,552
"ZNF521",2123,1937,2459,1348,1344,1756,2876,2436,2055,2349,2141,2521
"ALPK2",1,0,0,1,0,0,0,0,0,0,0,0
"BRINP2",1,1,0,0,1,1,0,1,1,0,0,0
"MAGEB3",0,0,0,0,0,0,0,0,0,0,0,0
"LRIG2",397,405,366,337,328,316,434,328,341,325,330,348
"PNP",4676,3825,3328,6777,6344,6499,5737,4095,4781,4938,5633,3958
"PAX9",0,2,0,0,0,1,0,1,0,0,0,0
"LRRC10",0,0,0,0,0,0,0,0,0,0,0,0
"GK",95,100,102,104,107,93,95,79,95,92,106,104
"FOXJ3",1045,1046,1090,949,921,1015,1248,902,946,1009,942,991
"ZNF358",961,858,1052,844,968,1118,1210,1455,1200,1125,1250,1154
"SFT2D1",321,257,252,412,413,403,401,423,434,350,428,332
"CD247",2,0,1,0,0,0,0,0,0,0,0,0
"GRM3",0,0,0,0,0,0,1,0,0,0,0,0
"CHAMP1",750,714,658,754,672,668,875,673,671,783,673,748
"INPP5F",781,696,802,729,710,778,1069,765,803,869,782,836
"ARHGAP11A",1444,1441,1694,1476,1339,1649,2327,1777,1807,2024,1775,2092
"SUCNR1",0,0,0,1,0,0,1,1,2,1,1,0
"HMGN2",5201,4732,5086,5122,4648,6045,6523,6758,5903,6232,7198,6755
"SELENOM",566,411,439,602,601,677,511,756,592,531,626,483
"UBE2J1",3523,3567,3865,7535,7903,9749,3871,3483,3472,3731,3985,3969
"GJC2",114,104,125,104,84,87,130,123,132,121,146,105
"OPA1",1854,1803,1975,2190,2023,2138,2493,1860,2032,2028,1909,2061
"DENND4B",1736,1687,1752,1581,1576,1540,1935,1651,1465,1680,1291,1303
"RYR3",9,4,2,7,7,4,8,3,6,5,2,2
"ZNF277",534,471,477,490,513,554,599,561,479,511,655,558
"KTI12",225,210,185,264,228,208,281,222,221,220,297,203
"STYXL2",0,0,0,0,0,0,0,0,0,0,0,0
"SELENOT",2185,1935,1922,2592,2408,2741,1987,1708,1653,1676,1948,1894
"ARHGEF15",3634,3740,4244,4435,4696,5190,4069,3904,3564,3494,3194,3344
"TOX",849,904,919,1178,1001,1022,1312,798,823,1038,1125,995
"CES1",0,0,0,0,0,0,0,0,0,1,0,0
"CD3E",0,0,0,0,0,0,0,0,0,2,0,0
"RUSC2",2979,2817,2931,2860,2644,2830,3466,3126,2817,3193,2790,2786
"KPLCE",4,2,2,4,2,0,2,0,0,1,0,0
"FICD",532,424,387,963,985,1134,417,321,301,353,385,286
"OSTC",2839,2558,2772,3514,3521,3981,3354,3694,3221,3170,3760,3526
"R3HDM4",1645,1553,1515,1698,1675,1645,1713,1866,1521,1671,1686,1464
"TSEN15",332,289,307,366,392,447,561,471,490,511,539,500
"LTN1",816,780,870,1032,1043,1145,1143,677,707,815,751,800
"RUNDC1",442,482,488,533,481,585,601,564,508,549,558,516
"CCDC152",40,26,21,37,16,33,35,34,26,35,42,50
"STKLD1",17,6,10,14,15,11,12,15,12,17,18,15
"GRK5",1759,1708,1833,1491,1759,2129,3317,2944,2672,2668,2864,2508
"TYW1",354,354,340,394,364,357,458,376,355,364,399,320
"DCAF12",1030,936,1030,1211,1142,1245,1110,810,826,944,961,915
"SFMBT2",65,55,60,76,64,59,73,47,41,50,42,31
"ASB12",0,0,0,0,0,0,0,0,0,0,0,0
"PNMA5",0,1,0,0,0,0,0,0,0,0,0,0
"ITPRIPL1",31,29,27,25,23,15,51,30,32,30,31,30
"SMC5",993,971,1117,1065,1008,1134,1189,901,807,968,893,1031
"DCAF12L1",22,19,35,14,13,16,27,21,34,30,21,30
"PRMT6",711,608,632,752,691,712,1041,811,967,951,1004,892
"SHISA4",327,265,318,303,292,343,365,411,332,382,372,328
"CIPC",360,339,399,365,330,396,345,298,289,311,304,318
"CAPZA2",4477,4470,4633,4546,4247,4948,5849,5524,5171,5379,5882,5638
"TOP1",4425,4173,4268,4654,4363,4423,5837,4183,4207,4838,4870,4459
"PRC1",536,559,600,595,561,665,815,740,641,772,760,765
"GPRASP3",9,7,11,10,9,7,9,15,14,12,5,5
"MAP3K3",3430,3196,3687,3399,3510,4113,4205,3692,3590,3661,3615,3661
"L1CAM",3,2,6,1,5,5,2,3,6,2,2,1
"SREBF2",5026,5145,5914,4962,5080,5889,6350,5549,5280,5409,5037,5238
"C1orf174",521,533,518,524,505,509,622,607,562,621,637,528
"POU3F3",0,0,0,0,0,0,0,1,0,0,0,0
"RASGEF1A",26,24,17,24,19,28,21,18,12,26,18,21
"SPOUT1",32,25,33,29,20,15,35,30,28,35,18,29
"RPL39",867,741,808,875,878,1035,994,1529,989,925,1163,1021
"DZIP3",281,287,330,310,261,283,344,306,254,282,279,286
"KIAA0753",744,619,649,734,620,645,766,573,622,633,687,644
"DCLRE1A",282,267,292,307,258,267,346,266,251,296,283,300
"ATG9A",1093,1110,1287,1138,1101,1260,1274,1076,1109,1139,1093,1108
"NOS1AP",23,27,32,38,38,27,40,30,34,34,27,22
"CSAG1",0,0,0,0,0,0,0,0,0,0,0,0
"APRT",1472,1228,1451,1464,1508,1674,1842,2216,1849,1703,2004,1695
"GPRASP1",51,46,40,38,57,46,63,49,41,39,33,33
"TBKBP1",843,750,809,711,590,621,895,821,825,828,773,717
"MAGEE1",10,11,16,11,8,14,29,30,16,18,16,23
"CCDC167",407,310,372,448,404,466,458,634,516,448,548,462
"ZFP2",7,11,1,4,6,8,9,8,10,11,6,4
"SOWAHA",0,0,0,0,1,0,0,0,0,0,0,0
"L3MBTL3",1899,2030,2444,2628,2748,3509,2127,2096,1723,1969,1803,2067
"DMD",266,256,338,214,215,244,384,290,241,279,293,321
"MFAP3L",1,3,3,3,3,1,5,3,4,1,3,1
"NAGA",1627,1474,1726,1738,1634,1790,2170,1683,1653,1839,1815,1720
"SMG5",4637,4280,4637,4932,4613,4814,4971,3899,3928,4333,4218,3762
"KIFBP",1293,1207,1307,1361,1260,1396,1847,1457,1522,1516,1610,1460
"TGM2",36057,35451,41945,34811,35763,41487,45995,37316,32260,36849,37096,35599
"ARMCX6",547,510,641,640,602,624,767,823,701,728,666,665
"PJA2",2292,2401,2788,4070,4415,5583,3478,2733,2606,2845,2559,2963
"RORB",0,3,1,2,0,0,0,0,2,0,0,0
"SGMS1",559,563,613,633,665,617,816,608,660,631,685,686
"OR10R2",0,0,0,0,0,0,0,0,0,0,0,0
"OR10Z1",0,0,0,0,0,1,0,0,0,0,0,0
"ZNF525",57,52,41,49,45,55,65,29,30,41,32,45
"INF2",4581,4355,4318,4661,4947,4840,4724,4252,3971,4142,3627,3455
"IQANK1",0,1,1,2,0,0,0,0,0,0,1,0
"GP1BB",0,0,0,0,0,0,0,0,0,0,0,0
"OR2L2",0,0,0,0,0,0,0,0,0,0,0,0
"EFCAB2",147,161,163,149,119,148,154,205,145,166,187,192
"COX20",1049,1037,1037,1164,1052,1199,1262,1362,1118,1212,1362,1326
"CHML",977,934,1073,1082,1002,1208,1229,923,891,951,921,1222
"STUM",0,0,0,0,0,0,0,0,0,0,0,0
"CAPN8",1,2,1,1,0,0,2,1,0,1,0,0
"TATDN3",229,244,236,255,226,235,304,330,284,272,305,255
"CR1",0,0,0,0,0,0,0,0,0,0,0,0
"RAET1G",12,13,10,8,5,19,24,16,8,14,17,13
"C1orf53",19,19,13,31,32,27,27,41,29,22,35,37
"SAMD5",124,137,143,68,75,87,172,237,156,165,139,189
"TEDDM1",0,0,0,0,0,0,0,0,0,0,0,0
"GJE1",0,0,0,0,0,0,0,0,0,0,0,0
"ECT2L",0,0,0,1,1,0,1,0,0,1,1,0
"GPR52",1,0,0,0,0,0,0,1,2,0,1,2
"NTMT2",0,0,0,0,0,0,0,0,0,0,0,0
"FCGR3A",0,0,0,0,0,0,0,0,0,0,0,0
"TMEM244",0,0,0,0,0,0,0,0,0,0,0,0
"OR6K3",0,0,0,0,0,0,0,1,0,0,0,0
"CENPW",435,405,380,444,360,412,689,926,702,593,693,615
"SPRN",0,1,4,1,3,5,4,1,2,2,2,4
"FAM229B",64,78,67,80,67,94,73,98,78,65,71,85
"FANK1",11,10,13,18,12,8,21,24,10,12,6,7
"LORICRIN",0,0,0,0,0,0,0,0,0,0,0,0
"PRR9",0,0,0,0,0,0,0,0,0,0,0,0
"LELP1",0,0,0,0,0,0,0,0,0,0,0,0
"SPRR2E",0,0,0,0,0,0,0,0,0,0,0,0
"KPRP",1,0,0,0,0,0,0,0,0,0,0,0
"EEF1AKMT2",274,255,267,299,263,328,373,397,356,352,354,288
"FAM24A",0,0,0,0,0,0,0,0,0,0,0,0
"DDO",2,0,1,1,5,2,3,2,0,1,2,0
"PLPP4",286,230,289,343,309,319,319,274,298,272,315,264
"H3C14",0,0,0,0,0,0,0,0,0,0,0,0
"H2BC18",14,8,7,20,15,6,11,3,8,6,8,2
"PNLIPRP3",0,0,0,1,0,0,0,0,0,0,0,0
"H3C15",0,0,0,0,0,0,0,0,0,0,0,0
"HSD3B1",0,0,0,0,0,0,0,0,0,0,0,0
"HSD3B2",0,0,0,0,0,0,0,0,0,0,0,0
"RBM20",0,0,1,0,0,0,0,0,0,0,0,0
"SMIM9",0,0,0,0,0,0,0,1,0,0,0,0
"C6orf163",4,3,4,3,3,1,2,8,2,2,6,9
"RIPPLY2",0,0,0,1,0,0,1,0,0,0,0,0
"GDI1",3402,3223,3455,3458,3548,3875,4195,4350,3784,3734,3778,3467
"PCMTD2",440,526,559,366,337,435,652,666,528,577,523,589
"SOX18",3810,3248,4377,1590,1687,2577,6066,7742,6591,5071,5527,6156
"LIME1",142,123,130,91,111,74,121,166,110,126,65,77
"OOEP",4,1,4,0,1,2,1,1,3,2,2,1
"KHDC3L",0,0,0,0,0,0,0,0,0,0,0,0
"DPPA5",0,0,0,0,0,0,0,0,0,0,0,0
"C1orf146",0,0,0,0,0,0,0,0,0,0,0,0
"SPANXN1",0,0,0,0,0,0,0,0,0,0,0,0
"SPANXA2",0,0,0,0,0,0,0,0,0,0,0,0
"CXorf66",0,0,0,0,0,0,0,0,0,0,0,0
"C10orf62",1,3,0,1,0,1,0,0,0,0,1,1
"SAMD13",42,34,50,34,30,29,50,68,45,43,40,47
"RTL8A",760,750,850,819,787,900,1069,1084,918,927,1071,964
"CCDC160",0,0,1,0,1,0,1,0,1,1,2,0
"C1orf141",0,0,0,0,1,0,0,0,0,0,0,0
"EFCAB7",100,113,109,103,104,119,126,76,90,128,115,95
"DEFB110",0,0,0,0,0,0,0,0,0,0,0,0
"GLYATL3",0,1,0,0,0,0,0,0,0,0,0,0
"LDLRAD1",0,0,0,0,2,0,0,0,0,0,0,0
"RHOXF2B",0,0,0,0,0,0,0,0,0,0,0,0
"ZYG11A",40,37,39,36,32,28,49,45,43,32,38,40
"LCN8",0,0,0,0,0,0,0,0,0,0,0,0
"C1orf185",0,0,0,0,0,0,0,0,0,0,0,0
"GLT6D1",0,1,0,0,1,0,1,0,0,0,0,0
"IFIT1B",6,3,2,3,1,0,2,0,3,2,2,0
"CT83",0,0,0,0,0,0,0,0,0,0,0,0
"LIPN",0,0,0,0,0,0,0,0,0,0,0,0
"LIPK",0,0,0,0,0,0,0,0,0,0,0,0
"LIPJ",0,0,0,0,0,2,0,1,0,0,1,1
"TRPC5OS",0,0,2,0,0,0,0,0,0,0,0,1
"LRIT2",0,0,0,0,0,0,0,0,0,0,0,0
"LRRC73",4,2,4,15,15,21,12,5,9,10,11,10
"FOXO6",15,9,6,5,10,12,24,25,14,18,13,22
"TCEAL5",0,0,0,0,0,0,1,0,0,0,0,0
"SYS1",810,655,712,831,794,974,960,917,856,875,986,863
"TCEAL6",0,0,0,0,0,0,0,1,0,0,0,0
"INPP5B",437,416,388,468,402,420,482,366,364,403,430,353
"RPA4",10,9,3,23,16,20,11,10,10,10,4,7
"NEU4",1,0,0,1,0,0,0,0,0,0,0,0
"MAFB",154,178,147,180,153,143,161,135,147,144,144,156
"TRAF3IP1",369,317,376,411,378,442,439,376,337,353,387,390
"CHIC1",296,299,350,292,277,398,405,302,251,307,285,374
"GIGYF2",2142,2205,2197,2399,2154,2273,2605,1932,1653,1984,1787,1859
"C2orf72",1,0,0,0,1,0,0,0,0,1,1,1
"RUFY2",518,544,571,595,577,597,647,530,535,556,525,635
"NHSL2",958,998,1349,771,736,900,1218,755,721,722,665,979
"GGTA1",6,7,11,2,3,4,3,7,1,1,4,1
"PHACTR4",1712,1638,1811,1650,1696,1846,1760,1412,1259,1331,1331,1448
"CLPSL1",0,0,0,0,0,0,0,0,0,0,0,0
"ASAH2B",56,55,47,66,69,54,45,42,46,58,56,53
"AGAP6",57,50,63,50,49,49,57,54,43,53,40,53
"TIMM23B",85,69,51,92,97,86,98,60,68,83,86,56
"ZDHHC18",963,851,839,1092,941,996,1260,1029,1119,1045,988,970
"TMEM273",27,25,29,11,10,20,40,37,26,37,43,23
"CXorf65",0,0,0,0,0,0,0,0,0,0,0,0
"AGAP9",79,70,54,72,76,63,88,63,61,60,68,47
"NPY4R",0,0,0,0,0,0,0,0,0,0,0,0
"GPRIN2",0,0,0,0,0,0,0,0,0,0,0,0
"SYT15",0,0,0,0,0,0,0,0,0,0,1,0
"MACO1",1367,1200,1250,1521,1469,1453,1692,1109,1199,1412,1425,1198
"PTPN20",1,0,0,1,0,1,1,2,0,0,2,1
"ZDBF2",232,221,311,269,278,368,264,230,194,236,156,235
"TXNDC8",0,0,0,0,0,0,0,0,0,0,0,0
"AWAT1",0,0,0,0,0,0,0,0,0,0,0,0
"DAXX",1752,1557,1760,1834,1746,1880,2292,2156,1944,2108,2179,2026
"BMPR2",3706,3536,4257,3822,3728,4903,4624,3163,2972,2967,3233,3837
"TCEA3",11,14,17,8,12,8,17,16,11,15,16,24
"PFDN6",636,475,552,585,519,636,745,968,748,649,835,747
"RING1",691,676,674,703,706,766,834,896,776,758,862,649
"HSD17B8",14,15,9,15,6,16,17,30,11,16,13,17
"RXRB",1286,1231,1309,1051,1115,1210,1478,1706,1203,1354,1184,1234
"OXLD1",416,395,362,386,370,326,485,578,451,475,548,424
"OR13C3",0,0,0,0,0,0,0,1,0,0,0,0
"COL11A2",45,48,58,33,50,38,54,74,37,58,44,40
"HLA-DOA",0,0,0,0,0,0,0,0,0,0,0,0
"BRD2",8042,7317,6398,9466,8233,7965,6980,5375,5386,6757,6697,5054
"HLA-DMA",45,38,50,61,35,53,32,54,36,60,51,51
"COL5A2",9534,9712,11738,10856,11373,13921,13239,11471,10300,10170,9044,10490
"PSMB8",2652,2247,1997,2263,2242,1940,3191,2530,2285,2838,3541,1649
"TAP2",2996,2544,2504,2832,2674,2220,2940,1621,1605,2255,2672,1515
"SPIN3",112,113,114,87,100,114,118,93,97,98,81,80
"NBDY",365,297,362,399,423,461,495,594,471,457,572,487
"TMEM235",0,0,1,0,0,0,4,2,2,3,0,1
"PAGE3",0,0,0,0,0,0,1,0,0,0,0,0
"HLA-DRA",0,0,0,1,0,0,0,0,0,0,0,0
"BTNL2",1,0,0,0,0,0,0,0,0,0,0,0
"COL15A1",1,0,0,0,1,1,2,0,1,0,1,0
"TSBP1",2,3,1,2,3,0,4,2,3,2,5,4
"TMEM225",0,0,0,0,0,0,0,0,0,0,0,0
"NOTCH4",563,541,610,415,456,497,550,535,456,495,440,422
"PBX2",1369,1468,1563,1199,1240,1357,1734,1690,1319,1512,1429,1566
"AGER",176,188,185,129,131,115,185,281,182,170,127,136
"RNF5",747,613,779,749,794,1063,883,1080,911,919,1059,960
"AGPAT1",1032,894,1074,973,1036,1196,1190,1184,1057,1094,1108,1024
"PJVK",8,5,5,7,7,9,14,20,14,14,4,10
"PRRT1",17,13,13,8,11,12,12,13,7,9,10,7
"FKBPL",193,160,142,141,149,164,235,179,211,174,236,169
"MRPL38",342,274,275,255,272,288,339,390,363,373,349,288
"SMIM5",1,0,0,0,0,0,0,2,0,1,1,0
"ERICH2",0,0,0,0,0,0,0,0,0,0,0,0
"SP5",0,0,0,0,0,0,0,0,0,0,0,0
"STK19",326,308,343,384,365,380,329,420,320,370,361,316
"CD300LD",0,0,0,0,0,0,0,0,0,0,0,0
"BTBD17",6,1,0,5,0,0,1,0,0,0,2,1
"DXO",327,279,263,349,285,304,426,391,304,361,327,324
"SKIC2",1389,1227,1258,1306,1313,1347,1638,1616,1359,1425,1373,1197
"NELFE",1446,1273,1317,1537,1500,1643,1712,2036,1712,1713,2044,1570
"NXPE2",0,1,0,1,0,0,1,0,2,0,0,1
"SPANXN5",0,0,0,0,0,0,0,0,0,0,0,0
"ZBTB12",53,69,86,69,58,74,148,119,151,120,136,120
"SDHD",1280,1309,1322,1516,1373,1498,1650,1650,1372,1608,1757,1593
"EHMT2",1272,1263,1338,1185,1177,1268,1738,1641,1419,1506,1347,1399
"XAGE1A",0,0,0,0,0,0,0,0,0,0,0,0
"LAYN",9,7,12,33,11,38,20,19,16,19,16,9
"XAGE1B",0,0,0,0,0,0,0,0,0,0,0,0
"SLC44A4",10,5,8,2,4,1,9,6,6,6,2,2
"NEU1",2694,2393,2272,3151,2884,2790,2679,2429,2437,2606,2923,2131
"HSPA1B",1223,1127,1067,1091,979,960,1187,981,986,1050,1135,858
"HSPA1A",909,783,848,716,608,688,930,842,752,838,998,781
"HSPA1L",15,15,20,22,29,14,36,22,14,23,23,21
"LSM2",621,539,551,646,614,662,822,930,796,800,866,721
"VARS1",3462,2846,3041,3308,3033,3092,4175,3805,3602,3623,3585,3093
"VWA7",16,9,8,23,9,5,19,16,6,12,13,9
"CARD16",880,798,845,928,805,954,1159,1292,898,1032,1326,1017
"CASP12",38,35,40,71,61,70,37,34,32,25,27,28
"MBD5",234,275,294,277,260,296,309,261,217,252,267,266
"MSH5",52,51,53,34,37,30,70,70,23,38,33,49
"CSHL1",0,0,0,0,0,0,0,0,0,0,0,0
"MPIG6B",0,0,0,0,1,0,1,0,0,0,0,0
"LY6G6C",14,10,6,10,6,4,6,7,3,11,1,5
"LY6G6F",0,0,0,0,0,0,0,0,0,0,0,0
"ABHD16A",141,155,146,192,170,193,186,147,113,155,144,152
"LY6G5C",69,45,48,44,50,57,66,97,82,63,66,64
"CSNK2B",917,771,920,966,906,1016,1062,1283,952,1072,1200,983
"GPANK1",351,292,329,378,325,324,397,417,351,394,421,344
"C6orf47",639,576,648,714,668,709,825,707,688,677,790,624
"NALF1",91,85,108,106,90,108,112,101,86,102,135,92
"APOM",14,10,12,13,17,13,7,14,8,10,7,15
"TRIM49C",0,0,0,0,0,0,0,0,0,0,0,0
"TRIM64",0,0,0,0,0,0,0,0,0,0,0,0
"BAG6",5617,5212,5684,5934,5691,6556,7057,6746,5573,6263,5854,5853
"PRRC2A",9282,9217,9549,9439,8483,9375,10325,7919,7200,8111,7316,8073
"AIF1",1,0,1,0,1,0,0,0,1,1,0,0
"NCR3",0,1,0,1,0,0,0,0,0,1,0,1
"PRAMEF20",0,0,0,0,0,0,0,0,0,0,0,0
"PRAMEF17",0,0,0,0,0,0,0,0,0,0,0,0
"PRAMEF19",0,0,0,0,0,0,0,0,0,0,0,0
"PRAMEF14",0,0,0,0,0,0,0,0,0,0,0,0
"LST1",40,38,27,40,30,18,31,43,25,25,28,25
"NFKBIL1",557,508,497,636,559,598,624,648,565,624,717,490
"PRAMEF15",0,0,0,0,0,0,0,0,0,0,1,0
"PRAMEF9",0,0,0,0,0,0,0,0,0,0,0,0
"PRAMEF7",0,0,0,0,0,0,0,0,0,0,0,0
"MCCD1",0,0,0,0,0,0,0,0,0,0,0,0
"ZNF814",86,68,66,85,51,45,94,84,67,58,62,56
"MICB",1639,1613,1717,1572,1481,1498,2041,1499,1484,1751,1731,1521
"AADACL4",0,0,0,0,0,0,0,0,0,0,0,0
"ZNF551",154,167,145,168,160,159,188,140,153,143,139,141
"MICA",1280,1203,1269,1311,1227,1024,1299,1287,1090,1153,1326,1050
"ZNF805",96,89,98,101,126,84,126,70,61,94,97,68
"HLA-C",50281,41359,38350,48305,45248,37289,60753,38511,42225,50739,62341,33074
"POU5F1",2,1,1,1,1,1,2,0,3,1,0,3
"ZSCAN5C",0,0,0,0,0,0,0,0,0,0,0,0
"CCHCR1",519,468,451,408,411,366,640,706,566,625,595,551
"PSORS1C2",0,0,0,0,0,1,0,0,0,0,0,0
"CDSN",0,1,0,0,0,1,2,0,2,2,1,0
"PSORS1C1",45,47,53,35,27,31,45,49,36,48,41,35
"C6orf15",0,0,0,0,0,0,0,0,0,0,1,0
"MUC21",0,1,0,0,0,0,0,0,0,0,0,0
"DEFB121",0,0,0,0,0,0,0,0,0,0,0,0
"DHX16",1525,1344,1393,1646,1527,1648,2098,1805,1707,1870,1797,1603
"C6orf136",237,265,252,204,206,210,351,389,280,303,291,264
"MRPS18B",1241,1028,1069,1193,1063,1106,1354,1355,1268,1373,1453,1152
"PPP1R10",3662,3273,2699,3448,2810,2280,3132,2275,2416,2901,2815,2158
"KRTAP5-11",0,0,0,0,0,0,0,0,0,0,0,0
"KRTAP5-10",0,0,0,1,0,1,2,0,1,0,2,0
"ABCF1",3844,3421,3579,4117,3795,3958,5049,4444,3966,4355,4647,3918
"PRR3",195,214,183,233,192,196,302,261,210,250,262,202
"LILRB3",0,0,0,2,1,0,0,0,0,0,1,0
"DDR1",226,254,295,281,309,418,398,328,294,333,334,326
"LRCOL1",1,3,3,5,2,2,4,4,3,4,5,1
"GNL1",2417,2027,2342,2743,2643,3075,3116,3324,2862,2774,3207,2571
"HLA-E",19704,17783,18871,21049,20239,20929,22753,17238,16723,19417,22571,15321
"DPRX",0,0,0,0,0,0,0,0,0,0,0,0
"TRIM39",275,279,285,355,335,358,354,370,312,333,322,282
"ZNF468",343,355,293,385,354,319,384,215,250,321,332,272
"TRIM15",0,0,0,0,0,0,0,0,0,0,0,0
"ZNF616",181,171,190,212,212,209,231,196,174,201,168,204
"FOXB2",0,0,0,0,0,0,0,0,0,0,0,0
"TRIM10",0,0,0,0,1,0,0,0,0,0,0,0
"TRIM40",0,0,0,0,0,0,0,0,0,0,0,0
"TRIM31",0,0,0,0,0,0,0,0,0,0,0,0
"RNF39",0,0,0,0,0,0,1,0,0,1,0,0
"PPP1R11",1040,895,954,1120,1085,1183,1198,1242,1137,1149,1245,1061
"DISP3",8,16,16,15,14,4,13,9,6,15,10,7
"RACK1",18955,16901,19215,20683,19565,22513,24528,26795,23392,23568,26281,24107
"HLA-G",44,19,24,40,32,21,30,17,22,44,49,16
"TBC1D8",1126,1123,1112,1551,1585,1859,1379,1124,1022,1135,939,968
"NMS",0,0,0,0,0,0,0,0,0,0,0,0
"HLA-F",683,503,459,558,570,326,736,336,387,608,763,272
"ZFP57",75,67,95,43,62,57,85,113,79,72,81,66
"ASPDH",0,0,0,0,0,0,0,0,0,0,0,0
"MOG",0,0,0,0,1,0,0,0,1,0,0,0
"OR2H2",0,0,0,0,0,1,0,0,0,0,0,0
"CBY3",2,1,0,0,0,3,1,2,0,2,0,0
"C9orf57",0,0,0,0,0,0,0,0,0,0,0,0
"IL31",0,0,0,0,0,0,0,0,0,0,0,0
"AKT1S1",4265,3982,3840,4945,3835,4097,4098,3855,3611,3989,4374,3702
"GABBR1",351,399,427,277,290,256,385,406,256,357,196,249
"MAS1L",0,0,0,0,0,0,0,0,0,0,0,0
"OR2H1",0,0,0,0,0,0,0,0,0,0,0,0
"OR11A1",0,0,0,0,0,0,0,0,0,0,0,0
"OR14J1",0,1,0,0,0,0,0,0,0,0,0,0
"OR2J2",0,0,0,0,0,0,0,0,0,0,0,0
"OR2J3",0,0,0,0,0,0,0,0,0,0,0,0
"OR2J1",0,0,0,0,0,0,0,0,0,0,0,0
"OR2B3",0,0,0,0,0,0,0,0,0,0,0,0
"OR2W1",0,0,0,0,0,0,0,0,0,0,0,0
"SPDYC",0,0,0,0,0,0,0,0,2,0,0,0
"CFAP95",1,0,0,0,0,0,0,0,0,0,1,1
"TRIM27",2106,1965,2103,2473,2526,2737,2782,2361,2286,2387,2442,2337
"MALRD1",0,0,0,0,0,1,0,0,0,0,0,0
"RANBP17",183,176,160,185,139,137,197,119,135,165,145,134
"INSYN2B",517,464,437,391,346,300,1023,626,646,737,713,717
"FOXD4L5",0,1,0,0,1,0,0,0,0,1,0,0
"ODAD4",7,4,6,3,3,5,8,10,7,7,7,2
"MRPL53",33,32,29,42,29,26,42,68,41,47,32,32
"MROH6",59,79,69,63,44,41,60,77,50,50,27,45
"ATXN2",995,1004,1044,875,784,894,920,761,628,763,768,791
"DCTN1",4946,4547,5001,4675,4780,5302,5879,5232,4762,4729,4536,4636
"SPATA31A1",0,0,0,0,0,0,0,0,0,0,0,0
"PNMA8B",1,0,0,0,1,0,0,1,0,0,0,0
"TCTN1",218,207,239,223,226,251,246,255,205,238,232,267
"FAM216A",285,257,268,336,282,266,340,328,273,314,374,331
"ZBTB48",411,339,331,359,340,302,379,417,340,348,387,247
"IGFL2",1,0,0,1,0,1,0,0,2,1,0,1
"IGFL4",0,0,1,5,2,0,5,2,0,2,1,0
"KRTAP9-3",0,0,0,0,0,0,0,0,0,0,0,0
"KRTAP4-8",4,1,1,0,1,0,4,1,3,1,3,0
"GPR20",1,0,0,0,0,0,0,0,0,0,0,0
"KRTAP1-4",0,0,0,0,0,0,0,0,0,0,0,0
"KRT40",0,0,0,0,0,0,0,0,1,0,0,0
"KRT25",0,0,0,0,0,0,0,0,0,0,0,0
"MZT1",663,649,690,804,812,1000,1019,1120,892,957,1081,1089
"SPINK9",0,0,0,0,0,0,0,0,0,1,0,0
"LRRC3C",0,0,0,0,0,1,0,0,0,0,0,0
"PRR20B",0,0,0,0,0,0,0,0,0,0,0,0
"PRR20A",0,0,0,0,0,0,0,0,0,0,0,0
"ZNF155",158,154,151,135,118,143,129,106,122,138,115,134
"UQCC3",555,445,457,511,495,510,587,855,674,584,638,511
"FBXO48",44,34,26,28,46,55,40,43,47,34,57,42
"GRXCR2",0,0,0,0,0,0,0,0,0,0,0,1
"FAM221B",0,0,0,0,0,0,0,0,0,0,0,0
"CD177",6,2,0,1,1,3,1,0,0,4,2,3
"PSG5",2,0,3,1,1,1,0,1,1,0,0,0
"ZNF783",279,277,285,243,197,251,332,323,311,287,305,219
"ZNF425",102,108,95,133,90,72,88,76,79,100,119,97
"LRRC10B",0,2,0,1,0,0,0,1,0,1,1,0
"FBXO47",1,1,1,0,1,1,0,0,0,0,1,0
"UQCC6",173,159,191,164,173,214,172,210,183,196,189,163
"TRIM13",478,422,501,388,390,423,623,598,518,533,587,553
"ERICH4",0,0,0,0,0,0,1,0,1,0,0,0
"MS4A13",0,0,0,0,0,0,0,0,0,1,0,0
"PRSS1",0,0,0,0,0,0,0,0,0,0,1,0
"SPIRE2",69,59,80,71,80,68,108,133,109,107,111,75
"AARD",0,0,0,0,0,0,0,0,0,0,0,0
"PABPN1L",0,0,0,0,0,0,0,0,0,0,0,0
"OR5D16",0,0,0,0,0,0,0,0,0,0,0,0
"OR5L2",0,0,0,0,0,0,0,0,0,0,0,0
"PKHD1L1",15,9,9,12,24,28,16,12,8,14,10,17
"SLFN12L",0,1,1,1,0,0,0,0,0,0,0,0
"SLC35B4",449,407,462,486,451,492,589,481,511,478,469,525
"SYCE1L",23,30,25,31,22,18,40,94,37,41,40,42
"TMEM231",146,138,151,137,162,173,182,167,147,136,159,141
"GARIN1A",42,48,28,32,41,11,18,33,15,13,8,13
"CCNI2",0,5,1,1,0,2,8,2,1,0,3,2
"TMEM240",48,47,61,34,40,41,70,75,52,66,69,67
"FRG2",0,0,0,0,0,0,0,0,0,0,0,0
"SPATA31F1",0,0,0,0,0,0,0,0,0,0,0,0
"CDKL4",3,5,1,3,4,0,1,1,0,1,1,2
"TMEM88B",0,0,0,0,0,0,1,0,0,0,0,0
"ACCSL",0,0,0,0,0,0,0,0,0,0,0,0
"CFAP96",3,1,2,3,5,4,5,4,4,2,5,6
"TRIQK",170,213,261,215,223,290,262,281,226,274,293,336
"SDHAF1",136,103,105,129,125,138,184,176,188,190,194,176
"ARID3C",2,2,1,5,3,1,0,2,0,3,3,1
"PSENEN",459,391,473,496,480,570,540,651,540,491,594,474
"C11orf91",41,27,17,29,37,21,42,26,22,27,31,17
"FABP9",0,0,0,0,0,0,0,0,0,0,0,0
"ZBTB10",552,534,470,513,513,466,491,385,391,440,451,407
"C4orf46",356,354,323,397,337,402,484,407,382,458,410,447
"SCGB2B2",7,2,4,4,8,6,6,4,3,8,5,6
"LGR4",212,202,250,173,176,211,187,132,143,164,171,178
"PSMB10",667,545,577,564,576,586,785,698,632,637,781,500
"VIT",32,39,55,29,25,48,72,64,53,44,48,41
"SPDYE2",0,0,0,0,0,0,0,0,0,0,0,0
"E2F4",1742,1542,1605,1696,1621,1657,2175,1870,1767,1791,1867,1643
"PDE7A",182,225,219,231,224,230,263,248,277,303,276,251
"TMEM170B",61,66,80,33,45,63,131,125,118,98,90,162
"MUC12",1,2,0,1,0,0,0,1,0,0,0,0
"CTXN3",0,0,0,0,0,0,0,0,0,0,0,0
"MGAT4D",0,0,0,0,0,0,0,0,0,0,0,0
"SNX2",2038,1923,1996,2224,2096,2148,2458,1942,1825,2093,2324,2042
"SAP25",4,12,4,4,19,5,7,10,10,9,2,2
"NT5M",33,17,27,31,24,24,31,36,27,36,31,33
"SARNP",138,121,95,143,129,115,136,163,134,130,157,108
"OR6C68",0,0,0,0,0,0,0,0,0,0,0,0
"OR6C65",0,0,0,0,0,0,0,0,0,0,0,0
"OR6C3",0,0,0,0,0,0,0,0,0,0,0,0
"OR6C1",0,0,0,0,0,0,0,0,0,0,0,0
"ADGRG1",3482,2954,2871,3571,3183,2993,3506,2345,2544,2689,2858,2413
"IPO7",6965,6723,7253,8200,7495,8458,8923,6404,6556,7214,6999,8113
"PRR13",1324,1126,1174,1285,1250,1263,1398,1592,1286,1318,1505,1157
"TECPR1",2341,2273,2637,1735,1741,2005,2962,3083,2496,2486,2153,2183
"MT1H",0,0,0,0,0,0,0,1,1,0,0,3
"SLCO6A1",0,0,0,0,0,0,0,0,0,0,0,0
"MT1A",9,4,8,5,5,11,8,11,7,6,12,5
"INSYN1",8,6,10,6,9,9,10,24,7,10,12,11
"MT1M",13,13,6,16,7,14,31,40,26,23,38,16
"CFI",269,255,294,223,252,236,328,322,209,291,316,237
"OR52E6",0,0,0,0,0,0,0,0,0,0,0,0
"SAMD9",3688,3516,3078,3566,3292,2249,3242,1093,1322,2373,2897,1502
"KRT6A",0,0,0,0,0,0,0,0,0,0,0,0
"CNEP1R1",398,392,399,476,440,482,613,525,501,528,611,503
"KRT81",1,0,1,0,0,0,0,0,0,0,0,0
"EXOC3L4",0,0,0,0,0,0,3,0,0,0,0,0
"KRTAP12-3",0,0,0,0,0,0,0,0,0,0,0,0
"IZUMO3",0,0,0,0,0,0,0,0,0,0,0,0
"KRTAP10-2",0,0,0,0,0,0,0,0,0,0,0,0
"CCDC85C",1247,1273,1406,1450,1398,1705,2219,1922,1816,1690,1793,1852
"SPDYE18",7,4,5,5,4,2,2,3,4,0,3,3
"OR52J3",0,0,0,0,0,0,0,0,0,0,0,0
"OR51A2",0,0,0,0,0,0,0,0,0,0,0,0
"OR51A4",0,0,0,0,0,0,0,0,0,0,0,0
"C2CD4B",220,212,241,306,328,450,240,312,276,254,305,268
"RGL3",1,5,1,1,0,2,1,3,1,3,2,2
"NAP1L4",4761,4036,4468,4536,4353,4866,6215,5945,5799,5567,6032,5539
"TMSB4X",46631,39042,44098,41204,42529,52871,53924,73691,57647,53359,59326,55636
"TMEM256",169,119,140,164,121,193,167,272,217,181,230,174
"CPT1B",10,9,15,9,10,14,12,20,15,20,10,10
"HMGN1",4892,4625,5156,5243,5065,6021,6976,8334,7232,6824,7509,7314
"MUC19",0,1,0,0,0,1,1,2,0,1,0,1
"DENND6B",136,114,99,73,82,66,106,143,91,97,71,94
"EIF3CL",2,1,4,5,4,0,4,1,1,7,3,2
"LCMT1",518,475,465,542,539,620,670,609,629,588,688,505
"MFSD2B",6,14,16,9,8,14,13,12,12,9,11,13
"VCX3B",0,0,0,0,0,0,0,0,0,0,0,0
"CDPF1",116,111,125,117,103,121,164,202,167,161,174,167
"HTN3",0,0,0,1,0,0,0,0,0,0,0,0
"LIN52",229,219,206,317,301,303,263,184,189,232,249,224
"ARSH",0,0,0,1,0,0,0,0,0,0,0,0
"ACOT6",0,0,0,0,0,0,2,0,0,0,0,0
"SMIM11",0,0,0,0,0,0,0,0,1,1,0,0
"TECRL",0,0,0,0,0,0,0,0,0,0,0,0
"DPF3",483,436,387,430,406,308,619,446,449,460,447,439
"MANSC4",17,16,13,5,12,9,12,12,5,12,13,17
"SMIM45",1,1,1,0,0,0,1,1,5,0,4,2
"ETFRF1",174,162,191,199,193,232,189,214,183,196,253,230
"C17orf107",26,31,29,55,57,76,25,31,22,49,26,23
"MBD3L4",0,0,0,0,0,0,0,0,0,0,0,0
"ITSN1",3186,3076,3525,3359,3275,3638,4066,3288,2947,3273,3133,3475
"ITPRIPL2",1577,1368,1457,1838,1753,1888,1372,1045,1050,1138,1148,1043
"DENND1C",2,1,0,0,0,0,0,0,0,0,0,0
"CRLF2",1,1,1,2,0,0,0,0,0,0,2,0
"CRYZL1",601,564,655,574,597,672,686,798,588,694,642,701
"RIMOC1",671,695,747,834,694,744,629,406,440,512,527,552
"GAGE1",0,0,0,0,0,0,0,0,0,0,0,0
"ARRDC5",0,0,0,0,0,0,0,0,1,0,0,0
"CYS1",0,1,1,1,0,0,0,0,1,1,0,1
"PLPP6",190,150,162,174,172,173,306,253,248,205,265,221
"KLRC2",0,0,0,0,0,0,0,0,0,0,0,0
"KLRC3",0,0,0,0,0,0,0,0,0,0,0,0
"C16orf96",0,0,0,0,0,0,0,3,1,0,0,0
"GMNC",5,3,1,10,3,4,3,0,6,4,6,1
"TTC23L",1,1,1,1,3,1,0,2,1,0,0,1
"CLEC6A",0,0,0,0,0,0,0,0,0,0,0,0
"C22orf42",0,0,0,0,0,0,0,0,0,0,0,0
"NANOGNB",0,0,0,0,0,0,0,0,0,0,0,0
"LRRC72",0,0,0,0,0,0,0,0,0,0,0,0
"C1QTNF9B",0,0,0,0,0,1,2,0,1,1,2,0
"KRTAP5-6",0,0,0,0,0,0,0,0,0,0,0,1
"KRTAP5-2",0,0,0,0,0,0,0,1,0,0,0,0
"KRTAP5-1",0,0,0,0,0,0,0,0,0,0,0,0
"DEFB134",0,0,0,0,0,0,0,1,0,0,0,0
"DEFB135",0,0,0,0,0,0,0,0,0,0,0,0
"DEFB136",0,0,0,0,0,0,0,0,0,0,0,0
"BHLHA9",0,0,0,0,0,0,0,0,0,0,0,1
"ZNF316",1450,1299,1217,1303,1192,1136,1622,1551,1514,1562,1354,1217
"DAZ4",0,0,0,0,0,0,0,0,0,0,0,0
"ONECUT3",0,1,0,0,0,0,0,0,0,0,0,0
"CEMP1",0,0,0,0,0,0,0,0,0,0,1,0
"OLIG2",1,3,0,1,0,1,0,0,0,1,3,0
"EPCIP",0,1,0,0,0,0,0,0,0,1,0,0
"RNPS1",3475,2906,2862,3438,3133,3077,4338,3537,3587,3918,4100,3356
"DAZ2",0,0,0,0,0,0,0,0,0,0,0,0
"NYNRIN",677,647,866,306,365,434,875,795,658,610,556,702
"DNAJC19",283,283,303,302,303,374,352,441,392,340,398,361
"DEFB109C",0,0,0,0,0,0,0,0,0,0,0,0
"IFITM5",0,0,0,0,0,0,0,0,0,0,0,0
"SMIM21",0,0,0,0,0,0,0,0,0,0,0,0
"DEFB109B",0,0,0,0,0,0,0,0,0,0,0,0
"C18orf63",0,0,0,0,1,0,1,0,0,0,1,0
"DEFA1",0,0,0,0,0,0,0,0,0,0,0,0
"DOK6",0,0,0,0,0,0,1,2,0,0,0,0
"JPT2",3321,3130,3390,3369,3205,3622,4148,3711,3886,3880,4116,4177
"LHFPL7",0,0,0,0,0,0,0,0,0,0,0,0
"SERPINB11",0,0,0,0,0,0,0,0,0,0,0,0
"SERPINB4",0,0,0,0,0,0,0,0,0,0,0,0
"SERPINB5",1,0,1,1,0,0,0,0,1,0,1,0
"ZDHHC11B",0,2,1,2,3,5,1,3,1,3,1,4
"KRTAP19-8",0,0,0,1,0,0,0,0,0,0,0,0
"KRTAP20-3",0,0,0,0,0,0,0,0,0,0,0,0
"KRTAP20-4",0,0,0,0,0,0,0,0,0,0,0,0
"KRTAP22-2",0,0,0,0,0,0,0,0,0,0,0,0
"KRTAP27-1",0,0,0,0,0,0,0,0,0,0,0,0
"CFAP99",0,5,1,1,1,2,0,2,1,0,0,0
"GOLGA8O",0,0,0,0,0,1,0,0,0,1,0,1
"TMEM191C",6,1,3,1,0,0,0,5,4,3,2,3
"RNASE13",0,0,0,0,0,0,0,0,0,0,0,0
"HBA1",0,0,0,0,0,0,0,0,0,0,0,0
"HBM",0,0,0,0,0,0,0,0,0,0,0,0
"ELOA2",0,0,0,0,0,0,0,0,0,0,0,0
"ATP10A",13,4,5,13,6,3,10,1,3,3,11,2
"ANKUB1",0,0,1,0,0,0,0,1,0,0,0,3
"TSSK2",0,1,0,0,0,0,0,0,0,0,0,0
"PRR23A",0,0,1,0,0,0,0,0,0,0,0,0
"FOXL2NB",0,0,0,0,0,0,0,2,0,1,0,0
"COL6A6",0,0,0,0,0,0,0,0,0,0,0,0
"RAB12",1356,1209,1291,1598,1559,1689,1701,1541,1487,1607,1710,1557
"LRRC30",0,0,0,0,0,0,0,0,0,0,0,0
"TMEM200C",75,97,72,55,58,52,143,87,122,100,122,96
"OR10C1",0,0,0,0,0,0,0,0,0,0,0,0
"HLA-A",12126,10378,9612,12666,11437,10135,14539,10674,10970,12189,15072,9244
"HACD2",650,632,703,770,783,887,723,585,549,587,596,665
"CFAP44",89,84,74,86,51,62,85,70,60,65,64,66
"CD200R1L",0,0,0,0,0,0,0,0,0,0,0,0
"LNP1",20,20,11,27,14,11,17,23,24,23,13,8
"OR5K3",0,0,0,0,0,0,0,0,0,0,0,0
"VGLL3",143,144,146,351,338,343,215,143,197,168,167,206
"TRIM71",0,0,0,0,0,0,0,0,0,0,3,0
"ZCWPW2",15,13,5,14,21,16,13,10,18,18,16,10
"ANKRD28",2516,2462,2800,4652,4777,5313,3334,2578,2565,2668,2558,2936
"COLQ",18,21,9,14,13,6,25,14,14,20,22,10
"METTL6",328,294,306,317,293,303,338,321,283,303,330,280
"XKR4",0,0,0,0,0,0,0,0,0,0,0,0
"GPX3",78,81,96,94,87,126,133,126,99,114,92,123
"DIO2",47,36,32,95,67,42,72,35,65,50,66,46
"SELENOH",1661,1216,1420,1500,1564,1760,1962,2897,2196,1919,2167,1853
"DIO1",0,0,0,0,0,0,0,0,0,1,0,0
"AKR7L",6,7,4,3,4,7,6,3,4,4,8,6
"STK38L",656,812,1032,892,919,1282,778,873,709,842,697,983
"SACM1L",1099,1041,1172,1231,1192,1373,1443,1175,1114,1212,1196,1262
"TSN",1669,1527,1669,1718,1659,1905,2179,2122,2061,2087,2018,2182
"SLC48A1",594,544,604,563,483,508,628,591,558,583,569,532
"TSSK1B",0,1,0,0,1,0,0,0,0,0,0,0
"PRR22",93,74,81,145,142,118,135,112,106,111,93,88
"TAS2R19",2,2,2,5,3,4,1,1,3,4,4,6
"TAS2R50",0,0,0,0,0,0,0,0,1,0,0,0
"TAS2R14",11,10,12,9,4,17,10,11,2,12,5,6
"TAS2R13",0,1,1,0,0,1,1,0,2,1,0,0
"KRTAP16-1",0,0,0,0,0,0,0,0,0,0,0,0
"KRTAP29-1",0,0,0,0,0,0,0,0,0,0,0,0
"KRTAP9-6",0,0,0,0,0,0,0,0,0,0,0,0
"CTAGE1",0,0,0,0,0,0,0,0,1,0,0,0
"KRTAP4-11",0,0,0,1,0,0,0,0,0,0,0,0
"KRTAP4-9",0,0,0,0,0,0,0,0,0,0,0,0
"KRTAP2-3",0,0,0,0,0,0,0,0,0,0,0,0
"KRTAP2-1",0,0,0,0,0,0,0,0,0,0,0,0
"RTL8B",477,427,545,443,482,617,590,586,511,527,509,519
"OR2A42",0,0,0,0,0,0,0,0,0,0,0,0
"RNF208",53,52,53,53,62,62,79,79,58,74,53,65
"KRTAP3-3",0,0,0,0,0,0,0,0,0,0,0,0
"KRTAP3-2",0,0,0,0,0,0,0,0,0,0,0,0
"KRTAP3-1",0,0,0,0,0,0,0,0,0,0,0,0
"MAP10",77,63,78,69,63,57,106,64,59,75,71,77
"KRTAP12-4",0,0,0,0,0,0,0,0,0,0,0,0
"KRTAP10-3",0,0,0,0,0,0,0,0,0,0,0,0
"KRTAP6-3",0,0,0,0,0,0,0,0,0,0,0,0
"POU5F1B",1,0,0,0,0,0,0,0,0,1,0,0
"ZNF580",400,390,419,355,373,413,496,618,430,431,426,406
"ZNF611",180,164,152,169,151,167,203,149,153,149,165,146
"KLK9",0,0,0,0,0,0,0,0,0,0,0,0
"SYT3",3,8,5,3,2,2,6,5,13,4,14,7
"NUP62",2401,2229,2270,2550,2412,2624,2924,2308,2236,2440,2643,2339
"CGB8",0,0,0,0,0,0,0,0,0,0,0,0
"DENND1B",99,108,103,98,81,89,110,79,73,90,84,89
"SFT2D2",444,343,393,397,407,455,414,397,343,356,418,361
"CEP43",261,229,260,278,284,295,306,324,278,319,261,282
"SCAF8",1250,1177,1202,1274,1153,1267,1415,1008,1078,1179,1064,1090
"CFAP45",39,33,26,39,28,24,40,29,20,40,47,39
"ACKR1",3,0,1,0,1,2,4,2,1,5,3,2
"ZNF254",327,323,345,315,285,321,425,338,268,368,395,404
"DYNLT2B",63,63,53,59,59,79,73,128,85,76,88,75
"CRYGS",12,12,13,11,15,10,11,22,9,5,11,11
"CRIP1",18,21,35,17,10,12,13,31,11,8,8,14
"KLHL23",117,100,129,106,102,127,215,168,144,151,137,214
"LINGO4",0,0,0,0,0,0,0,0,0,0,0,0
"FAM24B",150,129,102,130,115,102,187,165,189,162,193,142
"TRIM59",464,392,455,394,398,515,711,653,579,591,696,679
"MLLT11",2214,1923,2163,2488,2225,2543,2841,2553,2630,2528,2693,2558
"ASIC3",14,7,8,11,3,4,6,15,9,8,6,5
"GIMAP1",1151,1054,1307,570,577,718,1320,1684,1195,1200,1258,1202
"CCDC183",17,16,17,14,16,11,16,15,18,12,19,15
"ARHGEF35",1,1,1,2,1,2,0,0,0,0,3,1
"OR2F1",0,0,0,0,0,0,0,0,0,0,0,0
"CSH2",0,0,0,0,0,0,0,0,0,0,0,0
"DNLZ",2,2,6,2,3,1,6,2,5,4,5,3
"TCL1B",0,0,0,0,0,0,0,0,0,0,0,0
"SUPT4H1",301,265,273,342,271,315,346,335,339,367,374,338
"TSGA13",0,0,0,0,0,0,0,0,0,0,0,0
"NRAS",2871,2822,3310,3442,3297,3928,4351,3518,3700,3700,3777,4060
"LTC4S",1,3,2,3,2,0,2,2,2,5,0,1
"ANKRD39",153,135,133,144,145,162,182,212,157,157,218,164
"QTRT1",420,365,352,387,375,372,463,534,453,449,493,463
"CHUK",955,815,791,1046,1062,1093,1105,767,941,1003,903,872
"MXD3",168,182,231,128,156,189,277,441,318,310,252,258
"GSTM2",34,35,47,17,26,24,41,57,22,27,26,23
"COG8",448,370,386,384,381,417,446,399,371,373,424,392
"ARHGAP19",424,393,490,396,398,515,630,526,510,521,493,583
"HAUS7",74,44,56,38,53,49,68,91,63,63,76,53
"LCAT",473,425,428,372,372,327,388,433,296,380,344,321
"MAGEA12",0,0,0,0,0,0,0,0,0,0,0,0
"PTPRCAP",0,0,0,0,0,0,0,0,0,0,0,0
"PVRIG",0,0,0,0,0,0,0,0,0,0,0,0
"KRTAP4-12",0,0,0,0,0,0,0,0,0,0,0,0
"KRTAP2-4",0,0,0,0,0,0,0,0,0,0,0,0
"GPC2",141,146,137,83,92,114,145,216,154,122,117,111
"KRT222",0,0,0,0,0,0,1,0,0,0,0,0
"OR5AC1",0,0,0,0,0,0,0,0,0,0,0,0
"SIPA1",3131,2926,3465,2606,2664,3108,3502,3836,3129,3082,3096,3030
"ERV3-1",217,264,310,164,181,245,209,217,162,176,129,175
"SYNJ2BP",464,479,619,554,530,650,751,636,567,613,616,749
"ARL2",1942,1672,1923,1946,1918,2217,2356,2671,2150,2240,2587,2212
"TTLL13",0,0,1,0,2,0,1,1,1,2,0,0
"GBP7",1,1,2,0,0,0,0,0,0,0,1,0
"RBMXL1",387,416,479,429,451,517,605,455,411,502,485,493
"SRA1",813,764,778,1075,947,1089,970,1030,923,927,1041,873
"STIMATE",94,94,111,110,107,123,146,124,129,114,128,101
"DNAJC9",1675,1571,1615,1832,1594,1715,2333,2217,2176,2132,2321,2115
"C8orf82",216,183,261,221,198,287,293,399,298,258,342,307
"CPLX3",0,0,0,0,0,0,0,0,0,0,0,0
"VDAC1",4345,4048,4434,4620,4309,4898,5696,4966,4611,5183,5288,4987
"ZBTB9",350,327,315,368,318,334,480,373,361,368,403,381
"TMX2",2043,1762,1852,2244,2138,2066,2494,2072,2028,2178,2301,2007
"HEXA",1847,1633,1884,1785,1730,1870,2100,2051,1811,1844,2031,1773
"NDUFS3",1481,1235,1255,1468,1400,1535,1825,2177,1774,1566,1954,1528
"LEPROT",1517,1350,1499,1371,1385,1491,1999,1704,1487,1739,1908,1809
"LBH",249,177,148,1353,1353,1266,318,184,216,200,253,188
"ADAT3",104,88,98,93,84,95,133,133,129,122,144,114
"PPP1CB",2563,2393,2540,2784,2550,2986,3099,2748,2712,2886,2891,2753
"SULT1A4",0,0,0,0,0,0,0,0,0,0,0,0
"GPSM3",273,276,292,287,270,282,378,421,354,381,385,313
"LAT",19,15,19,5,13,11,19,25,12,17,10,7
"NCKIPSD",331,322,360,294,286,309,397,387,297,324,363,311
"ATF6B",1066,1002,1251,1016,1041,1447,1345,1416,1053,1262,1100,1250
"TREX1",0,0,0,0,0,0,0,0,0,0,0,0
"S1PR3",459,440,574,550,539,572,632,561,539,519,533,638
"SLC35F6",786,716,722,820,777,823,884,688,726,775,871,666
"FAM209B",4,3,0,2,2,1,7,2,1,4,3,2
"CLIC1",15091,11700,12195,15366,14067,13618,16778,16359,15485,15433,18197,13228
"DDAH2",1748,1501,1754,1662,1549,1990,2307,3089,2340,2154,2291,2220
"RPS29",3157,2368,2616,2935,2955,3728,3537,5672,3880,3551,4668,3621
"UGT2B11",0,0,0,0,0,0,0,0,0,0,0,0
"ATP6V1G2",12,9,11,4,6,6,17,12,9,16,8,15
"ZNF134",551,468,448,616,467,392,544,446,451,494,531,427
"GTF2H4",74,74,80,73,72,81,105,91,71,84,84,58
"DDX47",120,117,120,125,112,102,130,134,122,135,104,137
"ZNF888",150,141,132,122,120,119,133,112,107,111,121,119
"ZNF845",253,242,202,213,196,200,269,189,203,220,236,200
"KLRK1",0,1,0,0,0,0,0,0,0,0,0,0
"CEACAM18",0,0,0,0,0,0,0,0,0,0,0,0
"EMP2",187,163,163,200,216,247,227,211,187,203,229,206
"KCTD11",266,275,262,344,291,238,278,217,208,288,313,184
"UBD",3,0,0,0,0,1,3,2,2,1,0,2
"PPM1N",13,10,13,10,4,9,12,13,17,10,14,11
"CEACAM16",1,4,1,0,0,0,4,0,1,0,1,1
"SLC23A3",36,48,38,20,26,14,30,49,34,30,16,19
"LTB4R",154,120,179,102,106,92,189,186,120,151,111,99
"LTB4R2",70,85,95,55,64,39,100,96,53,66,57,47
"DNASE1",278,284,333,188,205,197,312,270,222,219,222,241
"MDP1",19,24,29,25,19,33,30,46,39,34,42,33
"LEUTX",0,0,1,0,0,0,0,0,0,0,0,0
"CSNK1E",1960,1760,2002,1851,1862,2082,2402,2742,2246,2155,2260,2076
"CCL27",0,0,0,0,0,0,0,0,0,0,0,0
"IRF9",270,273,235,224,188,157,243,236,175,226,231,153
"GALT",243,244,217,154,193,204,248,296,194,226,219,190
"HBE1",1,0,0,0,0,0,1,0,0,0,1,0
"HBG1",0,0,0,0,0,0,0,0,0,0,0,0
"CLDN9",1,1,0,2,1,0,0,0,0,0,1,1
"ITGA1",155,161,137,191,195,149,164,83,102,131,113,112
"NUDT19",362,328,371,425,406,436,522,419,405,390,433,381
"ZNF726",27,25,30,32,29,30,32,34,31,38,34,38
"ZNF99",0,0,0,0,0,1,0,0,0,0,0,0
"TAX1BP3",767,815,913,942,881,1104,943,1226,845,929,1076,1008
"AP1G2",441,413,452,326,364,357,571,596,482,503,433,470
"ZNF90",21,11,15,24,15,8,17,22,14,8,13,13
"NAXD",1050,927,1056,1002,923,1044,1456,1281,1192,1184,1268,1045
"TM6SF2",1,1,0,2,2,3,0,0,0,0,0,0
"GANC",401,361,392,356,386,354,430,307,300,345,357,300
"TTLL3",251,281,312,165,225,182,233,331,182,237,153,192
"REPIN1",4397,3814,4229,3862,3542,3802,4651,4405,4232,4199,4243,3939
"MRPL23",168,134,135,181,162,187,168,341,216,199,236,204
"ZNF891",57,64,52,40,53,39,65,58,51,60,54,43
"IFNA7",0,0,0,0,0,0,0,0,0,0,0,0
"SMIM7",644,525,567,557,533,613,729,891,733,781,888,718
"FBXO16",1,2,0,3,3,2,1,0,0,2,0,1
"TSPAN4",2305,2041,2243,2408,2161,2525,2807,3021,2593,2551,2804,2563
"CPNE1",2899,2686,2979,2797,2702,3056,3528,3832,3265,3498,3280,3084
"ARL16",666,569,645,631,604,607,699,988,696,706,864,671
"SMCO1",0,1,0,0,0,0,0,0,0,0,0,0
"WEE2",0,0,0,1,0,0,1,0,0,0,1,0
"MAGEB1",0,0,0,0,0,0,0,0,0,0,0,0
"LYRM4",621,524,590,706,672,747,755,816,687,723,860,681
"MYCBP",321,274,319,354,362,422,528,543,445,460,529,496
"TMEM213",0,0,0,0,0,0,0,1,0,0,0,0
"PRCD",0,1,0,0,0,0,0,1,0,1,1,0
"ALG3",707,681,663,738,591,617,849,745,700,817,767,635
"SH3D21",174,192,167,155,183,168,150,133,127,120,104,104
"SMIM30",443,418,444,504,421,515,498,572,499,520,572,594
"C19orf38",1,3,2,1,2,1,1,2,5,5,2,3
"IQCJ",0,0,0,0,0,0,0,0,0,0,0,0
"C17orf67",168,151,169,186,147,204,209,190,211,179,199,209
"MINDY4B",0,0,0,0,0,0,0,0,0,0,0,0
"FIS1",2178,1910,2061,2251,2158,2432,2650,3396,2796,2529,2923,2502
"ANG",75,89,80,177,198,247,104,119,81,88,110,83
"SCART1",4,8,9,2,4,7,3,16,9,4,10,6
"NPS",0,0,0,0,0,0,0,0,0,0,0,0
"POU2AF3",0,0,0,0,0,0,0,0,0,0,0,0
"SPDYE3",0,0,0,0,0,0,0,2,0,0,0,0
"MBLAC1",46,42,37,38,30,30,61,50,45,33,59,44
"PRR23E",0,0,0,0,0,0,0,0,0,0,0,0
"FOXI3",0,0,0,0,0,0,0,0,0,0,0,0
"MTCL3",0,0,1,0,1,0,0,0,0,0,0,0
"NEURL1B",14,19,53,10,9,32,40,37,43,23,34,35
"EFCAB9",0,0,0,0,0,0,0,0,0,0,0,0
"HAUS3",387,367,320,361,341,295,460,419,405,360,395,368
"VSTM5",0,0,0,0,1,0,0,0,0,0,0,0
"LCNL1",0,0,0,0,0,0,0,0,0,0,0,0
"BBIP1",307,235,257,321,319,322,349,400,306,352,376,353
"TRIM77",0,0,0,0,0,0,0,0,0,0,0,0
"GNAT3",0,0,0,0,0,0,0,0,0,0,0,0
"AS3MT",0,0,0,0,0,0,1,0,2,0,0,0
"FAM187A",0,0,0,0,0,0,0,0,0,0,0,0
"PLIN5",3,3,5,3,0,0,2,6,2,1,0,2
"SEC14L6",1,0,1,1,0,0,0,0,0,0,0,0
"SPINK13",0,0,1,0,0,0,0,0,0,1,0,0
"HIGD1C",0,0,0,0,0,0,0,0,0,0,0,0
"NOTO",0,0,0,0,0,0,0,0,0,0,0,0
"PPME1",1854,1650,1684,1977,1814,2088,2504,1916,1978,2165,2187,1880
"KRTAP2-2",0,0,0,0,0,0,0,0,0,0,0,0
"STARD10",238,190,199,264,235,250,259,344,270,240,330,243
"ZC3H11C",0,1,2,1,1,2,0,0,1,1,1,1
"NUTM2D",26,21,17,15,15,11,23,23,20,21,23,15
"CPEB1",1,2,0,6,5,3,1,1,2,3,4,0
"EML6",17,18,21,30,31,28,25,28,32,26,18,21
"DEFB113",0,0,0,0,0,0,0,0,0,0,0,0
"ZNF727",0,0,0,0,0,0,0,0,0,0,0,0
"B3GALT9",21,25,14,26,13,11,33,25,31,19,20,16
"ZSWIM8",3026,2979,2788,3176,2794,2638,2897,2642,2123,2648,2317,2191
"IQCF5",0,0,0,0,0,0,0,0,0,0,0,0
"IQCF6",0,0,0,0,0,0,0,0,0,0,0,0
"C10orf105",0,0,0,0,0,0,0,0,0,0,2,0
"ARHGEF33",2,3,4,10,4,2,7,7,8,8,4,9
"C12orf71",1,0,0,0,0,0,0,0,0,0,0,0
"IFRD2",2123,1805,1782,2180,1987,2072,2676,2645,2753,2517,2845,2385
"CAPN14",0,2,3,1,6,3,1,0,3,3,1,0
"ZBED1",1777,1579,1837,1736,1617,2008,2331,1957,1981,2078,2017,2171
"TOMM6",0,0,0,0,0,0,0,0,0,0,0,0
"HNRNPUL2",1922,1794,2118,2038,1930,2103,2407,2276,1645,2065,2138,2131
"CSKMT",210,174,143,185,179,208,218,262,245,265,285,225
"MS4A18",0,0,0,0,0,0,0,0,0,0,0,0
"MS4A4E",0,0,0,0,0,0,0,2,1,0,0,0
"FER1L6",24,28,27,39,17,13,40,11,16,22,17,14
"CDRT15L2",0,0,0,0,0,0,0,0,0,0,0,0
"MTCP1",40,32,35,27,32,28,38,38,37,27,30,21
"RAD51AP2",0,0,0,0,0,0,0,0,0,0,0,0
"EVPLL",0,0,0,1,0,0,0,0,0,0,0,0
"DCDC2C",7,6,3,14,3,3,3,3,4,5,4,1
"SMTNL1",0,0,0,0,0,0,0,0,0,0,0,0
"TRIM64C",0,0,0,0,0,0,0,0,0,0,0,0
"PNMA6E",0,0,0,0,0,0,0,0,0,0,0,0
"SPATA31D1",1,0,0,0,0,0,0,0,0,0,0,0
"NPIPA8",1,0,0,0,0,0,0,0,0,0,0,0
"ZSWIM7",402,295,362,444,340,427,490,559,484,474,497,420
"GPR33",0,0,0,0,0,0,0,0,0,0,0,0
"ARHGEF28",3906,3864,4157,3533,3363,3886,4890,4048,3579,3963,3925,4193
"TBC1D26",1,2,0,0,0,0,0,0,0,0,0,0
"LRRC69",18,15,30,17,13,12,18,20,12,20,19,17
"CRPPA",34,36,43,34,43,35,42,42,35,50,51,47
"NPIPA7",0,0,0,0,0,1,0,0,0,0,0,0
"GSG1L2",0,0,0,0,0,0,0,0,0,0,0,0
"ACSM4",0,0,0,0,0,0,0,0,0,0,0,0
"RTL10",2549,2314,2615,1550,1595,1582,3097,2582,2368,2543,2360,2229
"COL28A1",4,2,0,6,1,0,0,0,1,0,0,1
"PHB2",3253,2927,3271,3448,3314,4006,4359,4650,4024,4067,4419,4268
"TCP11X2",0,0,0,0,0,0,0,0,0,0,0,0
"NEURL4",1111,1035,992,1037,1028,987,1321,1195,1114,1155,974,920
"GRID2IP",2,0,1,3,1,0,0,2,0,0,0,0
"CXorf49B",0,0,0,0,0,0,0,0,0,0,0,0
"UBXN2B",176,201,218,193,198,220,205,173,168,164,181,217
"CXorf49",0,0,0,0,0,0,0,0,0,0,0,0
"ZNG1F",50,42,48,48,54,46,54,57,56,58,59,48
"C16orf90",0,0,0,0,0,0,0,0,0,0,0,0
"PRSS41",0,0,0,0,0,0,0,0,0,0,0,0
"NLRP2B",0,0,1,0,0,0,0,0,0,0,1,1
"MUC5AC",0,0,0,0,0,1,0,0,3,0,0,0
"MSMP",192,136,198,178,188,240,184,212,194,190,197,181
"GOLGA6B",1,1,0,0,0,0,1,0,0,0,0,0
"CIMIP2B",0,0,0,0,1,0,0,0,0,0,1,0
"PEX26",1008,953,1022,1171,1147,1310,1120,958,1006,988,1032,945
"GRXCR1",0,0,0,0,0,0,0,0,0,0,0,0
"CFAP90",0,0,0,0,0,0,0,1,1,0,0,0
"UBE2QL1",3,5,6,2,5,1,11,4,4,7,7,2
"FASTKD5",776,718,701,820,789,742,943,724,704,821,869,784
"GOLGA8B",137,163,144,101,138,93,155,188,128,147,115,129
"KCNU1",4,1,3,0,1,3,8,2,2,4,8,5
"GAGE4",0,0,0,0,0,0,0,0,0,0,0,0
"GAGE10",0,0,0,0,1,0,0,0,0,0,0,0
"RNF212B",0,0,0,0,0,0,0,0,0,0,0,2
"DDX3X",8311,8469,9232,9045,9223,10783,11821,9451,8686,9663,9321,9751
"VPS16",873,861,904,898,816,817,1204,1098,967,993,1042,864
"ZNF705D",0,0,0,0,0,0,0,0,0,0,0,0
"FAM90A24",0,0,0,0,0,0,0,0,0,0,0,0
"ZNF705G",0,0,0,0,0,0,0,0,0,0,0,0
"FAM90A5",0,0,0,0,0,0,0,0,0,0,0,0
"MYL5",201,188,199,194,194,177,235,299,222,253,227,181
"SCRT2",0,0,0,0,1,0,0,0,0,0,0,0
"ZNF407",513,418,475,541,474,502,584,390,395,443,419,469
"NPEPL1",421,359,431,367,387,421,496,523,426,411,399,370
"KRTAP10-4",0,1,0,0,0,0,0,0,0,0,0,0
"KRTAP10-1",0,0,0,0,0,0,0,0,0,0,0,0
"SKOR2",0,0,0,0,0,0,0,0,0,0,0,0
"SIAH3",2,0,0,0,0,0,0,0,1,0,0,0
"EFCAB8",6,7,8,8,9,7,10,7,8,4,3,0
"DEFB116",0,0,0,0,0,0,0,0,0,0,0,0
"DEFB115",0,0,0,0,0,0,0,0,0,0,0,0
"GAB4",0,0,0,0,0,0,0,0,0,0,0,0
"C20orf202",0,0,0,1,0,0,0,0,0,1,0,0
"HMX1",0,0,0,0,1,0,0,0,0,0,1,0
"GCGR",1,1,0,1,0,0,0,0,0,0,0,1
"RSC1A1",0,0,0,0,0,0,0,0,0,0,0,0
"CELA2B",0,0,0,0,0,0,0,0,0,0,0,0
"TMEM242",389,383,427,395,356,390,493,605,442,473,576,507
"TMEM167B",674,697,755,819,804,840,854,720,713,827,851,797
"FAM72D",16,14,14,18,18,12,29,21,32,29,19,26
"TNFRSF25",982,943,959,501,533,557,923,1481,887,948,651,709
"ZC3H11B",5,3,2,5,4,4,5,6,4,5,1,7
"TSTD1",24,17,14,27,19,22,36,28,33,14,32,23
"RPTN",0,0,0,0,0,0,0,0,0,0,0,0
"CYB5RL",195,195,222,166,216,174,215,195,184,179,193,181
"LACTBL1",0,0,0,0,0,0,0,0,0,0,0,0
"C1orf167",0,1,1,0,0,2,0,0,1,1,0,0
"TTC34",4,3,5,2,3,6,6,11,6,4,7,3
"ATAD3C",0,0,0,3,1,0,2,0,1,0,0,1
"IFI30",11,3,1,3,1,2,6,3,5,1,10,0
"IGSF23",8,1,4,4,6,1,8,10,6,4,10,3
"GAGE12E",0,0,0,0,0,0,0,0,0,0,0,0
"FAM240C",2,1,0,0,0,0,0,0,0,0,0,0
"CCDC7",33,36,37,42,34,56,36,30,32,21,49,35
"FNIP1",864,1011,866,1005,892,807,864,519,624,715,746,651
"SP9",0,0,0,0,0,0,0,0,1,0,0,0
"SYCE3",0,0,0,1,0,0,0,0,1,0,0,0
"CKLF",246,175,198,201,225,240,259,366,248,258,304,271
"PAM16",194,185,179,153,135,149,196,251,211,215,172,176
"CDC14C",0,0,1,0,0,0,0,0,0,0,0,0
"TENM3",1516,1318,1395,1743,1570,1678,1877,1321,1307,1157,1222,1386
"CEBPZOS",645,580,707,638,662,785,884,911,768,725,799,863
"TDRD15",0,0,0,0,1,0,0,0,0,0,1,0
"PAPOLB",0,0,0,1,0,1,0,0,0,0,0,0
"ZNF579",491,462,429,468,451,500,537,558,510,555,623,482
"CELA3B",4,0,3,2,3,0,1,7,1,0,0,4
"RNASEK",227,193,201,197,172,150,213,198,181,209,218,163
"CATSPERZ",0,0,0,0,0,0,0,1,0,0,1,0
"TAFA5",0,2,0,2,2,0,0,0,0,1,1,1
"NBPF1",331,351,388,334,290,381,582,404,423,459,331,417
"UMAD1",106,104,80,85,102,139,83,98,105,94,94,118
"PPP1R3G",1,1,4,5,3,2,6,4,2,4,5,4
"FAM228B",75,82,97,87,91,84,121,89,76,73,66,74
"LINGO3",0,0,0,0,0,0,0,0,0,0,0,0
"ZGLP1",42,39,36,33,24,28,37,57,32,36,27,34
"VAMP2",577,562,569,688,684,783,676,734,501,571,597,538
"TRIM51G",0,0,0,0,0,0,0,0,0,0,0,0
"OR6B1",0,0,0,0,0,0,0,0,0,0,0,0
"EBF2",0,0,0,0,0,1,0,0,0,0,0,0
"PPP3R1",1476,1378,1470,1884,1898,2239,2242,1845,1845,2030,1949,1941
"PSG3",0,0,0,0,1,0,0,0,0,1,0,0
"FANCG",628,543,557,720,657,680,810,772,730,736,721,675
"OR2A5",0,0,0,0,0,0,0,0,0,0,0,0
"KRTAP10-9",0,0,0,0,0,0,0,0,0,0,0,0
"AP4M1",392,333,406,344,331,446,455,633,454,470,437,470
"OR4A5",0,0,0,0,0,0,0,0,0,0,0,0
"SPATA31H1",21,18,10,19,23,11,11,4,7,7,9,7
"KRTAP1-5",0,0,0,0,0,0,0,0,0,0,0,0
"TAS2R41",0,0,0,0,0,0,0,0,0,0,0,0
"OR2A12",0,0,0,0,0,0,0,0,0,0,1,0
"KRTAP10-10",0,0,0,0,0,0,0,0,0,0,0,0
"KRTAP12-2",0,0,0,0,0,0,0,0,0,0,0,0
"PLXNA4",578,506,730,528,499,628,568,366,409,391,360,492
"CEBPD",205,186,167,331,266,337,244,216,206,224,316,217
"PSG7",2,3,0,3,4,1,1,0,1,2,2,1
"KRTAP1-3",0,0,0,0,0,0,0,0,0,0,0,0
"OR3A2",0,0,0,0,0,0,0,0,0,0,0,0
"FAM200C",103,102,112,108,113,117,132,118,109,129,100,124
"HMSD",6,2,2,3,3,1,8,1,1,2,4,1
"OR1C1",0,0,0,0,0,0,0,0,0,0,0,0
"NPTXR",31,41,46,30,37,37,38,33,30,34,35,26
"POM121L12",0,0,0,0,0,0,0,0,0,0,0,0
"FAM200A",175,185,140,220,171,149,165,149,162,187,208,156
"OR2F2",0,0,0,0,0,0,0,0,0,0,0,0
"PPP2R2A",2481,2396,2665,2147,1970,2283,3025,2759,2505,2709,2808,2863
"C19orf73",11,6,12,6,5,7,10,17,8,10,7,7
"ZNF880",130,135,136,151,136,178,158,136,137,125,119,153
"TRIM16",414,372,408,363,325,330,386,414,365,397,426,365
"OR6X1",0,0,0,0,0,0,0,0,0,0,0,0
"HEPN1",0,0,0,0,0,0,0,0,0,0,0,0
"OR2A25",0,0,0,0,0,0,0,0,0,0,0,0
"TAS2R40",0,0,0,0,0,0,0,0,0,0,0,0
"OR2A14",0,0,0,0,1,0,0,0,0,0,0,0
"TIGD1",189,147,142,125,126,104,185,166,135,173,160,166
"FXYD7",1,0,0,0,0,1,0,0,0,0,1,2
"XKR9",1,0,0,0,1,1,0,0,0,0,0,1
"OR4C12",0,0,0,0,0,0,0,0,0,0,0,0
"SLC12A8",5,5,6,3,7,12,12,2,5,8,4,5
"KIR2DS4",0,0,0,0,0,0,0,0,0,0,0,0
"APOL6",1063,1022,879,988,1150,878,990,356,363,659,830,393
"FADS3",5288,5104,5830,4223,4593,5448,4955,5840,4722,4185,3851,4164
"OR2A1",0,0,0,0,0,0,0,0,0,0,0,0
"OR4E2",0,0,0,0,0,0,0,0,0,0,0,0
"CCNL2",3618,3368,3703,2938,3189,2773,3795,4174,3293,3524,2860,3027
"UBA52",9400,7753,8589,9193,8898,10193,10954,14017,10582,10257,12353,10663
"MYBPHL",0,0,0,0,0,1,0,0,0,0,0,0
"PPT2",202,206,198,222,235,277,293,338,257,283,289,215
"OR2A2",0,0,0,0,0,0,0,0,0,0,0,0
"ZNF630",15,24,12,20,19,15,18,16,16,15,17,18
"OR52B4",0,0,0,0,0,0,0,0,0,0,0,0
"BTBD19",456,488,505,248,289,292,364,608,257,374,206,274
"FAM185A",56,50,65,51,53,63,81,63,65,74,70,77
"RAB6C",1,1,5,3,2,4,3,4,8,5,6,3
"C21orf140",0,0,0,0,0,0,0,0,0,0,0,0
"PSMB11",1,0,2,1,0,0,0,1,1,0,0,0
"POTEM",0,0,0,0,2,1,0,0,1,0,0,0
"POTEJ",3,1,1,5,4,4,3,2,5,3,1,4
"DCDC2B",1,0,0,0,0,0,0,0,0,1,0,0
"TRIM49D1",0,0,0,0,0,0,0,0,0,0,0,0
"USP17L2",0,0,0,0,0,0,0,0,0,0,0,0
"EXOSC6",1154,1037,1103,1160,1041,1124,1520,1653,1547,1373,1567,1310
"VPS52",898,883,965,918,835,857,1043,1001,796,976,866,880
"CDRT15",0,0,0,0,0,0,0,0,0,0,0,0
"ZNF844",240,167,132,188,141,75,100,71,91,137,113,60
"USP17L15",0,0,0,0,0,0,0,0,0,0,0,0
"CKMT1B",0,0,0,0,0,0,0,0,0,0,0,0
"TINCR",27,18,7,24,14,8,15,7,10,9,16,6
"CENPVL1",0,0,0,0,0,0,0,0,0,0,0,0
"EBLN1",0,0,0,1,0,0,1,1,0,0,1,0
"HBD",0,0,0,0,0,0,0,0,0,0,0,0
"SUPT20HL2",0,0,0,0,0,0,0,0,0,0,0,0
"ZNF735",0,0,0,0,0,0,1,0,0,0,0,0
"RFPL4A",0,2,0,2,1,0,0,0,0,1,2,0
"C1GALT1C1L",14,19,13,5,3,7,16,12,11,8,10,5
"SUPT20HL1",0,0,0,0,0,0,0,0,0,0,0,0
"CERS1",46,50,66,29,37,52,47,74,56,40,45,54
"HLA-DPB1",39,41,34,32,48,40,32,19,43,35,25,36
"FAM90A13",0,0,0,0,0,0,0,0,0,0,0,0
"C1QTNF5",50,65,67,64,72,108,100,111,88,81,123,94
"CPTP",761,678,765,686,639,756,887,1044,872,852,976,833
"CT47A10",0,0,0,0,0,0,0,0,0,0,0,0
"ETDB",0,0,0,0,0,0,0,0,0,0,0,0
"CENPVL3",0,0,0,0,0,0,0,0,0,0,0,0
"PRR29",4,2,5,10,4,14,6,3,5,10,16,8
"C4B",32,31,19,28,28,27,25,15,24,26,19,17
"ADM5",43,27,41,36,37,44,49,54,43,51,56,48
"CXorf51A",0,0,0,0,0,0,0,0,0,0,0,0
"ATXN1L",1974,1873,2033,2051,1849,2022,2386,1591,1803,1915,1772,1691
"SMIM13",611,621,648,737,702,837,915,853,798,832,767,843
"HNRNPA1L3",46,59,55,63,64,81,58,126,61,78,83,89
"GPX5",0,0,0,0,0,0,0,0,0,0,0,0
"GAGE12J",0,0,0,0,0,0,0,0,0,0,0,0
"NPIPA3",3,11,4,1,9,2,5,7,5,4,7,6
"NDUFAF8",970,815,851,881,895,1072,1056,1734,1260,1026,1146,1105
"GAGE12H",0,0,0,0,0,0,0,0,0,0,0,0
"PRRT4",0,0,0,0,0,0,3,0,0,0,0,1
"PPP4R3C",0,0,0,0,0,0,0,0,0,0,0,0
"TMEM233",86,59,38,97,56,51,43,16,31,50,49,19
"PNMA6F",0,0,0,0,0,0,1,0,0,0,0,0
"PVALEF",0,0,0,0,0,0,0,0,0,0,0,1
"PLEKHM1",1998,1877,1694,2075,1815,1451,2050,1427,1471,1601,1685,1489
"USP17L1",0,0,0,0,0,0,0,0,0,0,0,0
"CRIPTO3",0,0,0,1,0,0,0,0,0,0,0,0
"FAM236D",0,0,0,0,0,0,0,0,0,0,0,0
"MKRN2OS",0,0,0,0,0,0,0,1,0,0,0,1
"TMA7B",1,3,0,0,0,1,0,0,1,1,1,1
"C2CD4D",2,0,0,0,0,0,0,3,0,3,1,0
"ZNF469",962,817,820,1108,1023,1012,900,555,569,605,564,641
"MCRIP1",1934,1590,1752,2003,1732,2014,2453,2725,2394,2199,2629,2055
"SLC26A6",718,730,725,799,835,782,740,750,551,716,574,487
"OR6V1",0,0,0,0,0,0,0,0,0,0,0,0
"DEFB131B",0,0,0,0,0,0,0,0,0,0,0,0
"FAM229A",62,73,80,50,58,40,84,105,45,65,59,42
"ERCC6",1165,1181,1262,1026,879,1002,1927,1563,1400,1508,1385,1447
"FRG2B",1,0,0,0,0,0,0,0,0,0,0,0
"NOL7",2650,2214,2178,2813,2554,2699,3046,3149,2934,2874,3376,2763
"NTF4",0,0,0,0,0,0,0,0,0,0,0,0
"ELFN1",27,27,27,61,36,20,27,17,16,29,28,21
"PIGBOS1",126,142,132,127,113,150,166,200,157,157,184,177
"OR4A8",0,0,0,0,0,0,0,0,0,0,0,0
"CT47A11",0,0,0,0,0,0,0,0,0,0,0,0
"FTCDNL1",4,1,5,6,1,5,14,5,3,5,6,7
"TEX22",6,8,6,13,5,9,11,12,13,11,9,5
"OR52I2",3,0,0,0,0,0,0,0,0,0,0,1
"CROCC2",0,0,0,0,0,0,0,0,0,0,0,0
"DCAF8L1",0,0,0,0,0,0,0,0,0,0,0,0
"USP17L7",0,0,0,0,0,0,0,0,0,0,0,0
"TMEM185B",1002,983,965,1083,1052,1068,1419,1164,1137,1261,1185,1170
"C8orf90",0,0,0,0,0,0,0,0,0,0,0,0
"CT47A9",0,0,0,0,0,0,0,0,0,0,0,0
"KIF4B",9,10,14,10,6,9,16,14,17,19,15,14
"CT47A12",0,0,0,0,0,0,0,0,0,0,0,0
"C7orf78",0,0,0,0,0,0,0,0,0,0,0,0
"HSBP1L1",107,84,112,100,91,77,91,113,89,86,83,89
"TAS2R46",0,0,0,1,0,0,0,0,0,0,0,0
"SRRM5",28,13,17,21,15,14,9,16,16,17,8,15
"PGAM4",0,1,0,4,1,4,5,3,2,3,4,1
"C13orf42",0,1,0,1,1,0,0,0,0,0,1,0
"MROH5",0,0,0,0,0,0,0,0,0,0,0,0
"ERVMER34-1",3,0,1,1,0,2,5,1,3,1,4,1
"RBMY1J",0,0,0,0,0,0,0,0,0,0,0,0
"LTA",30,14,4,22,10,9,7,1,11,12,6,6
"C14orf132",31,32,33,41,33,44,67,44,44,39,33,61
"WDR46",1618,1483,1642,1590,1544,1605,2341,2385,2095,2076,2292,1964
"ANHX",0,0,0,0,0,0,0,0,0,3,0,0
"ZNF717",23,31,30,21,27,22,42,32,40,33,32,39
"USP17L5",0,0,0,0,0,0,0,0,0,0,0,0
"PRR20D",0,0,0,0,0,0,0,0,0,0,0,0
"OR2T7",0,0,0,0,0,0,0,0,0,0,0,0
"SPANXB1",0,1,0,0,0,0,0,0,0,1,1,0
"KLLN",51,35,36,41,32,31,34,27,29,36,34,30
"PARG",490,423,437,493,480,488,548,428,425,514,507,473
"AKR1B15",5,0,0,0,0,0,1,0,0,0,4,1
"GAGE12D",0,0,0,0,0,0,0,0,0,0,0,0
"SCAMP4",1997,1865,2042,1920,1881,2069,2384,2096,1938,2090,1973,1819
"LTB",27,31,26,24,42,38,40,74,55,37,38,41
"USP17L12",0,0,0,0,0,0,0,0,0,0,0,0
"GOLGA6L25",0,0,0,0,0,0,0,0,0,0,0,0
"RD3L",0,0,0,0,0,0,0,0,0,0,0,0
"TEX46",0,0,1,0,0,0,0,1,0,0,1,0
"MRLN",0,0,0,0,0,0,0,1,0,0,0,0
"POLR2J2",3,2,2,3,2,0,2,4,2,2,1,2
"BOD1L2",0,0,0,0,0,1,0,0,0,0,0,0
"IFNA14",0,0,0,0,0,0,0,0,0,0,0,0
"OR2M3",0,0,0,0,1,0,0,0,0,0,0,0
"ORM2",0,0,0,0,0,0,0,0,0,0,0,0
"FAM174C",958,796,811,993,782,875,1133,1362,1150,1100,1351,1014
"OST4",1866,1698,1764,2063,1941,2244,2098,2919,2148,2123,2557,2141
"C2orf92",13,10,18,9,13,7,10,14,6,17,8,9
"CT47A7",0,0,0,0,0,0,0,0,0,0,0,0
"VN1R4",0,0,0,0,0,0,0,0,0,0,0,0
"NUTM2E",15,11,14,15,9,10,19,6,13,5,8,8
"FNDC10",37,45,34,37,40,41,56,71,71,53,64,45
"CLDN25",0,0,0,0,0,0,0,0,0,0,0,0
"ZNF883",2,1,3,1,0,1,0,1,0,4,1,0
"PROB1",43,41,54,43,31,45,76,61,63,57,51,54
"DHFR",583,543,528,586,593,701,798,771,673,697,750,772
"SAPCD1",9,6,10,3,7,7,8,14,8,10,6,7
"CT45A5",0,0,0,0,0,0,0,0,0,0,0,0
"USP17L30",0,0,0,0,0,0,0,0,0,0,0,0
"TSPY3",0,0,0,0,0,0,0,0,0,0,0,0
"RPL41",12546,9796,10643,12062,11723,13446,14564,21339,16916,14636,17830,16367
"PGA4",0,0,0,0,0,0,0,0,0,0,0,0
"RFPL4AL1",0,0,0,0,0,0,0,0,0,0,0,0
"ORM1",0,0,0,1,0,0,0,0,0,0,0,0
"SPINK8",0,0,0,0,0,0,0,0,0,0,0,0
"PATL2",71,55,33,80,51,18,38,18,19,28,39,15
"NKX1-2",0,0,0,0,0,0,0,0,0,0,0,0
"TSPY8",0,0,0,0,0,0,0,0,0,0,0,0
"PRAMEF25",0,0,0,0,0,0,0,0,0,0,0,0
"USP17L26",0,0,0,0,0,0,0,0,0,0,0,0
"PRAC2",0,0,0,0,0,0,0,0,0,0,0,0
"PRR20C",0,0,0,0,0,0,0,0,0,0,0,0
"H2AL3",0,0,0,0,0,0,0,0,0,0,0,0
"ZNF492",0,0,0,0,0,1,0,0,0,0,0,0
"ZNF688",215,152,186,160,181,206,225,290,258,236,290,213
"PET100",264,203,210,220,218,220,323,572,352,296,325,309
"PGA3",0,0,0,0,0,0,0,0,0,0,0,0
"GK3",0,1,1,0,0,0,0,0,0,0,3,0
"FAM90A26",0,0,0,0,0,0,0,0,0,0,0,0
"PRPS1L1",0,0,0,0,0,0,1,0,0,0,0,0
"IQCF3",0,0,0,0,0,0,0,0,0,0,0,0
"POTEB2",0,0,0,0,0,0,0,0,0,0,0,0
"FAM90A15",0,0,0,0,0,0,0,0,0,0,0,0
"TEX53",0,0,0,0,0,0,0,0,0,0,0,0
"ANKRD66",0,0,0,0,0,0,0,0,0,0,0,0
"ACBD6",1019,941,1043,1036,952,978,1241,1244,979,1127,1209,1076
"OR4F3",0,0,0,0,0,0,0,0,0,0,0,0
"SPATA31C1",0,3,0,0,0,0,0,0,0,0,0,0
"SSU72L6",0,0,0,0,0,0,0,0,0,0,0,0
"OR5H6",0,0,0,0,0,0,0,0,0,0,0,0
"CT47A8",0,0,0,0,0,0,0,0,0,0,0,0
"SPDYE21",1,0,1,1,1,0,0,1,0,0,0,0
"USP17L25",0,0,0,0,0,0,0,0,0,0,0,0
"ANKRD18B",246,208,214,257,232,232,339,296,247,275,279,284
"MBD3L2",0,0,0,0,0,0,0,0,0,0,0,0
"CCDC192",0,0,0,0,0,0,0,0,0,0,0,0
"CT47A4",0,0,0,0,0,0,0,0,0,0,0,0
"TEX48",0,0,0,0,0,0,0,0,0,0,0,0
"PRB4",0,0,0,0,0,0,0,0,0,0,0,0
"SETSIP",1,2,4,2,3,1,3,2,3,3,1,4
"HAPSTR2",0,0,0,0,0,0,0,0,0,0,0,1
"ANKRD63",3,1,2,1,3,0,13,1,3,1,3,5
"YY2",39,46,51,59,61,65,51,56,30,46,45,56
"STMND1",0,0,0,0,0,0,0,0,0,0,0,0
"HSBP1",1952,1800,1790,2095,1872,2076,2509,2687,2251,2379,2696,2482
"USP17L28",0,0,0,0,0,0,0,0,0,0,0,0
"KRTAP21-3",0,0,0,0,0,0,0,0,0,0,0,0
"OR5H1",0,0,0,0,0,0,0,0,0,0,0,0
"PLSCR5",0,1,0,0,0,0,1,0,0,0,0,0
"CFAP97D1",3,3,4,6,3,0,0,0,2,1,6,1
"SBK3",3,5,6,13,7,12,4,6,7,7,12,9
"HLA-DPA1",47,39,41,34,44,36,58,41,44,54,57,48
"USP17L10",0,0,0,0,0,0,0,0,0,0,0,0
"RPS18",19665,16001,17145,19707,19115,21886,21986,27645,22282,21810,27003,22907
"USP17L29",0,0,0,0,0,0,0,0,0,0,0,0
"TSPAN19",0,0,1,2,1,0,0,0,3,0,0,0
"AKAIN1",0,0,0,0,0,0,0,0,0,0,0,0
"CYP21A2",8,6,3,7,6,4,4,6,1,7,5,3
"OR5K2",0,0,0,0,0,0,0,0,0,0,0,0
"PSG1",0,0,0,0,1,0,3,0,0,0,0,0
"TAPBP",2589,2399,2771,2222,2318,2554,3119,2676,2292,2520,2636,2159
"PPP1R2B",2,2,2,0,3,4,1,3,5,0,4,1
"MAGEB6B",0,0,0,0,0,0,0,0,0,1,0,0
"SCAND3",3,2,1,1,3,0,1,2,0,0,1,0
"TMEM253",3,5,1,3,3,4,6,10,2,11,7,7
"TMA7",1534,1259,1303,1438,1356,1572,1629,2387,1888,1647,2080,1824
"TEX50",1,1,0,1,0,0,0,0,0,1,0,0
"MCTS1",730,652,674,734,724,753,847,1014,795,802,922,889
"DYTN",0,0,3,0,0,0,0,0,2,1,1,1
"ASCL5",0,1,1,0,0,0,0,0,0,0,0,1
"TMEM114",0,0,0,0,0,0,0,0,0,0,0,0
"KRTAP25-1",0,0,0,0,0,0,0,0,0,0,0,0
"USP17L24",0,0,0,0,0,0,0,0,0,0,0,0
"OR52I1",0,0,0,0,0,0,1,0,0,0,0,0
"OR5K1",0,0,0,0,0,0,0,1,0,0,0,0
"SMIM26",394,335,331,452,367,432,443,709,557,481,553,472
"USP17L13",0,0,0,0,0,0,0,0,0,0,0,0
"PRAMEF6",0,0,0,0,0,0,0,0,0,0,0,0
"AJM1",51,54,53,62,53,52,81,77,77,79,71,62
"KANTR",64,51,57,52,59,75,76,65,59,61,68,89
"C10orf126",0,2,1,0,2,2,1,1,0,1,1,1
"HLA-DQB2",0,0,0,0,0,0,0,0,0,0,0,0
"GOLGA8N",17,18,16,13,11,18,9,19,20,21,10,12
"TNF",2,2,2,1,1,2,2,0,1,1,0,0
"PET117",49,23,28,35,27,40,32,61,40,45,54,39
"LYRM9",38,19,31,22,26,30,49,65,36,34,35,32
"DEFB130A",0,0,0,0,0,0,0,0,0,0,0,0
"NPIPA9",4,7,6,10,7,3,5,4,7,5,8,5
"PHGR1",0,0,0,0,0,0,0,0,0,0,0,0
"RAB6D",3,1,1,2,1,3,1,1,0,2,3,2
"FAM90A11",0,0,0,0,0,0,0,0,0,0,0,0
"FAM90A3",0,0,0,0,0,0,0,0,0,0,0,0
"USP17L11",0,0,0,0,0,0,0,0,0,0,0,0
"RNF224",0,0,1,1,1,0,0,0,2,3,0,0
"NPIPB7",1,0,0,0,0,0,0,0,0,1,0,1
"GPX1",12391,10641,11113,12323,11830,13616,12893,17144,13986,12851,15153,12582
"FAM90A20",0,0,0,0,0,0,0,0,0,0,0,0
"OR5H15",0,0,0,0,0,0,0,0,0,0,0,0
"BTBD18",0,0,0,0,0,0,0,0,0,0,0,0
"TMEM238",5,7,6,8,5,2,2,10,4,4,8,6
"TWIST2",22,24,43,29,36,31,34,48,33,39,62,45
"PIRT",0,0,0,0,0,0,0,0,0,0,0,0
"PRR23C",0,0,0,0,0,0,0,0,0,0,0,0
"ZNF892",19,8,8,8,17,18,20,12,6,11,5,16
"TRIM49D2",0,0,0,0,0,0,0,0,0,0,0,0
"TSPY1",0,0,0,0,0,0,0,0,0,0,0,0
"IFNA13",0,0,0,0,0,0,0,0,0,0,0,0
"H2BC15",24,20,16,20,18,28,12,12,18,14,14,13
"RPS28",5849,4497,4993,5662,5460,6442,6811,10194,7075,6460,8202,6992
"CTXN2",2,5,4,5,3,5,0,6,4,3,5,3
"UQCRHL",20,18,11,15,19,12,27,23,20,25,21,20
"PAGE2",0,0,0,0,0,0,0,0,0,0,0,0
"TRIM26",2778,2471,2240,2849,2667,2372,2677,1755,2061,2320,2570,1757
"C16orf82",0,0,0,0,0,0,0,0,0,0,0,0
"TMEM229A",0,0,0,0,0,0,0,0,0,0,0,0
"PRR20E",0,0,0,0,0,0,0,0,0,0,0,0
"ZNF879",81,55,71,62,66,61,72,88,78,85,78,75
"H2BC12L",0,0,0,0,0,0,0,0,0,0,0,0
"CCDC188",125,127,146,101,119,113,136,224,120,128,89,108
"RBMY1A1",0,0,0,0,0,0,0,0,0,0,0,0
"KBTBD13",3,0,1,1,0,0,0,0,0,1,1,1
"ZNF736",51,59,51,47,56,65,68,35,44,60,42,60
"PINLYP",177,172,140,305,264,228,128,101,91,109,124,88
"CLDN34",1,0,0,0,0,0,0,0,0,0,1,0
"C5orf58",1,2,0,0,0,2,0,3,0,1,1,5
"FAM133B",187,191,191,204,191,199,266,309,233,253,252,267
"OR10G8",0,0,0,0,0,0,0,0,0,0,0,0
"MCIDAS",0,0,0,0,0,1,0,1,0,0,0,0
"JRK",699,718,781,513,543,586,1021,756,754,757,646,730
"NPIPB2",17,18,19,17,17,3,9,10,14,11,14,10
"HLA-B",28199,22378,18913,26780,24075,17335,35691,18237,21070,27806,35561,14970
"FREY1",16,16,19,19,14,6,14,10,7,13,13,10
"IQCM",0,0,0,0,0,0,0,0,0,0,0,0
"IFNA17",0,0,0,0,0,0,0,0,0,0,0,0
"APOC2",0,0,0,0,0,0,0,0,0,0,0,1
"SHISA8",0,0,0,0,0,0,0,0,0,0,0,0
"C19orf81",30,18,26,23,16,22,31,46,29,31,29,29
"ANKRD65",0,0,1,0,1,2,4,0,2,0,2,1
"BRD3OS",356,293,399,387,328,441,456,417,387,339,382,377
"ZSCAN31",1057,1158,1429,812,835,1107,1050,1021,908,970,999,1114
"FAM237A",1,0,0,0,1,2,0,0,0,1,0,0
"C12orf75",585,503,449,662,601,575,698,659,676,610,775,668
"SMIM1",7,1,2,3,3,3,7,6,0,3,3,9
"HGH1",525,437,449,578,514,484,640,563,589,554,545,508
"PPP1R3E",109,104,98,88,83,91,108,144,117,103,81,89
"KDM4E",0,0,0,0,0,0,0,0,0,0,0,0
"RAMACL",2,1,2,4,3,1,1,2,4,2,1,2
"RPEL1",2,3,1,0,2,3,5,7,4,1,1,3
"SPAAR",783,695,802,512,518,542,827,713,648,637,736,634
"SMIM27",62,55,61,45,47,53,75,91,67,57,68,60
"NFAM1",0,1,0,0,0,0,0,0,0,0,0,0
"NKX1-1",0,0,0,0,0,0,0,0,0,0,0,0
"RNF148",18,7,16,47,31,41,18,22,14,13,15,17
"CXorf51B",0,0,0,0,0,0,0,0,0,0,0,0
"ANKRD34C",0,0,0,0,0,0,0,0,0,0,0,0
"MFRP",4,0,1,0,1,0,1,1,1,1,3,3
"KIAA0040",327,276,267,453,405,511,391,271,262,285,311,339
"USP17L27",0,0,0,0,0,0,0,0,0,0,0,0
"B3GALT4",120,108,149,94,133,110,118,139,131,132,130,121
"LCE6A",0,0,0,0,0,0,0,0,0,0,0,0
"PNMA6A",4,4,6,5,3,8,8,11,4,9,14,12
"PATE3",0,0,0,0,0,0,0,0,0,0,1,0
"OR5H14",0,0,0,0,0,0,0,1,0,0,0,0
"ZBTB22",378,364,493,415,413,567,506,550,469,503,592,490
"USP17L8",0,0,0,0,0,0,0,0,0,0,0,0
"CT47A3",0,0,0,0,0,0,0,0,0,0,0,0
"CLEC2L",0,0,0,0,0,0,0,0,0,0,0,0
"ZBED5",1104,1018,1044,1004,939,992,1150,1156,978,1046,1037,1114
"SLFN14",2,0,4,2,2,1,2,1,1,1,3,2
"PPIAL4G",0,0,0,0,0,0,0,0,0,0,2,0
"GAGE2C",0,0,0,0,0,0,0,0,0,0,0,0
"CT47A1",0,0,0,0,0,0,0,0,0,0,0,0
"CCDC200",1,0,1,0,1,0,1,0,0,0,0,0
"SLC35G4",0,0,0,0,0,0,0,0,0,0,0,0
"TAS2R39",0,0,0,0,0,0,0,0,0,0,0,0
"UBE2L5",6,2,3,4,4,6,6,6,5,5,11,4
"CT47B1",0,0,0,0,0,0,0,0,0,0,0,0
"ZNF853",5,10,1,5,6,2,8,6,6,11,10,2
"IFNA4",0,0,0,0,0,0,0,0,0,0,0,0
"ARHGEF38",0,0,0,0,0,0,2,0,0,0,1,0
"CTAGE9",0,0,0,0,0,0,0,0,0,0,0,0
"ZNF593OS",0,1,0,0,0,0,2,1,0,1,0,1
"OR10G9",0,0,0,0,0,0,0,0,0,0,0,0
"TAAR9",0,0,0,0,0,0,0,0,0,0,0,0
"C4orf51",1,1,0,0,0,0,0,0,0,0,0,0
"B3GNT9",120,105,122,122,92,101,141,99,113,135,133,113
"CDKN2AIPNL",653,596,580,694,615,627,794,879,793,711,866,748
"MBD3L5",0,0,0,0,0,0,0,0,0,0,0,0
"RNF223",0,0,0,0,0,0,1,0,1,0,0,0
"PATE4",0,0,0,0,0,0,0,0,0,0,0,0
"OR4A47",0,0,0,0,0,0,0,0,0,0,0,0
"PRSS56",0,0,0,0,0,0,0,0,0,0,0,0
"ZNF737",83,65,97,84,70,93,75,72,58,75,75,77
"RGL2",1628,1493,1726,1413,1546,1804,1813,2080,1568,1628,1498,1479
"MEIOSIN",0,0,0,0,0,0,1,0,0,0,1,0
"C10orf143",16,23,27,19,16,13,38,40,25,24,20,30
"SHISA9",0,0,0,0,0,0,2,2,1,1,0,2
"OR7E24",0,0,0,0,0,0,0,0,0,0,0,0
"TEX51",0,0,0,0,0,0,0,0,0,0,0,0
"KIFC1",1348,1243,1522,1235,1225,1375,2127,2065,1933,1993,1941,1876
"C2orf74",47,30,33,30,23,37,45,51,42,49,43,32
"GAGE12C",0,0,0,0,0,0,0,0,0,0,0,0
"IRGM",10,11,9,24,7,6,10,0,17,9,15,5
"PRAMEF33",0,0,0,0,0,0,0,0,0,0,0,0
"AMY1A",0,0,0,0,0,0,0,0,0,0,0,0
"FAM200B",288,261,273,322,241,292,314,390,305,361,314,379
"GOLGA6L24",0,0,0,0,0,0,0,0,0,0,0,0
"CT47A5",0,0,0,0,0,0,0,0,0,0,0,0
"MPC1L",2,2,0,2,0,0,1,0,0,1,1,0
"ETDA",0,0,0,0,0,0,0,0,0,0,0,0
"TMEM250",1736,1487,1598,1816,1753,2071,2292,2263,2306,2252,2320,2147
"OR2W3",1,0,0,0,0,0,1,0,0,0,2,0
"PAGE2B",0,0,0,0,0,0,1,0,0,1,0,0
"TXNDC5",5233,5376,5891,5504,5571,7005,7330,6653,6361,6384,6285,7384
"CASTOR1",22,24,34,17,22,25,32,39,26,20,30,33
"RNF103",1009,922,909,954,876,871,905,786,743,879,948,820
"RBM14",1396,1275,1418,1490,1454,1451,1814,1566,1389,1591,1551,1429
"ALKBH6",98,83,80,75,72,66,81,112,83,93,87,88
"ASB14",1,2,2,1,1,1,2,1,1,0,1,0
"KLHL41",5,3,4,1,2,1,1,0,4,1,4,4
"OR1J4",0,0,3,2,0,3,1,1,1,2,1,1
"STPG4",15,9,6,7,5,5,1,1,1,3,2,0
"PRR20G",6,3,0,7,5,0,1,0,1,2,4,1
"MEIKIN",0,0,1,0,0,0,0,1,0,1,0,1
"NME1",2244,1696,1902,2393,2204,2425,2638,3185,2896,2735,2994,2576
"TNFSF12",238,169,226,195,210,211,305,272,256,236,249,210
"CDRT4",6,3,5,3,7,4,4,4,5,5,0,1
"APOBEC3G",156,137,128,134,163,136,169,86,89,130,139,83
"TLR9",3,1,1,0,1,0,0,0,0,0,1,0
"WBP1",173,165,200,175,196,193,212,270,184,235,205,200
"MRPS17",258,172,208,221,228,217,257,285,249,244,296,236
"PRAMEF11",0,0,0,0,0,0,0,0,0,0,0,0
"DEFA3",0,0,0,0,0,0,0,0,0,0,0,0
"GET4",467,445,451,459,394,389,479,491,416,478,455,340
"KRTAP9-2",0,0,0,0,0,0,0,0,0,0,0,0
"C1orf226",65,68,53,63,57,56,98,66,63,66,71,65
"ADSL",992,949,1011,1036,1003,1096,1295,1316,1220,1200,1192,1156
"LILRA4",0,0,0,0,0,0,0,0,0,0,0,0
"LILRA2",0,0,0,0,0,0,0,0,0,1,0,0
"TEX35",0,1,0,0,0,0,1,0,0,0,0,0
"AMY2B",9,13,8,7,8,5,13,14,14,8,8,5
"STRIT1",0,0,0,0,0,0,0,0,0,0,0,0
"LY6G5B",149,139,131,77,119,87,107,154,87,98,69,66
"PSMB9",1298,1032,932,1060,1062,772,1416,769,859,1138,1555,536
"SMKR1",5,7,11,3,5,11,6,11,9,7,19,5
"COX19",409,366,355,402,388,370,410,416,407,463,419,388
"DEFA1B",0,0,0,0,0,0,0,0,0,0,0,0
"ACAD11",46,56,63,52,54,55,41,54,44,41,40,53
"PPIL3",198,158,191,220,225,205,263,225,213,234,243,258
"LCE1F",2,0,0,0,0,0,0,0,0,0,0,0
"KIR3DL2",0,0,0,0,0,0,0,0,0,0,0,0
"KRTAP13-3",1,0,0,0,0,0,0,0,0,0,0,0
"FOXO3B",147,150,144,152,140,204,201,120,130,150,124,124
"TNFRSF13B",0,0,0,0,0,0,0,0,0,0,0,0
"KRTAP9-1",0,0,0,0,0,0,0,0,0,0,0,0
"L1TD1",0,0,0,1,0,0,0,0,0,0,0,0
"AQP1",67,52,92,45,43,66,64,90,43,61,43,48
"C1QTNF9",0,0,0,0,1,0,0,0,0,1,0,0
"ISY1",656,593,622,611,625,645,794,851,817,771,947,703
"PNMA2",394,457,477,420,427,562,880,811,755,660,643,895
"LRRD1",0,0,0,0,0,0,1,1,1,0,0,1
"KRBOX1",1,0,0,1,0,4,1,0,1,4,2,2
"ARHGEF25",21,13,27,19,7,10,18,25,18,23,22,17
"PEDS1",1876,1616,1764,1644,1624,1810,2321,2269,1938,2072,2353,1869
"RDH14",392,379,361,431,359,430,520,506,438,464,489,477
"KRTAP4-7",1,0,0,0,0,0,0,0,0,0,1,0
"PLCXD2",293,308,399,243,226,273,348,280,246,296,239,344
"MIF",3840,3251,3600,4070,3818,4491,4264,4867,4352,4286,5082,4392
"NSUN6",90,74,81,124,108,97,89,74,66,81,90,60
"HLA-DOB",18,18,15,12,10,7,24,18,8,9,12,10
"KRTAP10-5",0,0,0,0,0,0,0,0,0,0,0,0
"YAE1",316,295,262,312,288,268,377,414,383,384,400,359
"OR14A2",0,0,0,0,0,0,0,0,0,0,0,0
"ZNF722",0,0,0,0,0,0,0,0,0,0,0,0
"CRIPTO",0,0,0,0,1,0,0,0,0,0,0,0
"C3orf85",0,0,0,0,0,0,0,0,0,0,0,0
"KRTAP5-8",1,1,1,1,1,0,0,0,2,1,0,1
"KRTAP4-16",0,0,0,0,0,0,0,0,0,0,0,0
"CRCP",909,772,812,859,741,787,949,775,766,890,828,744
"FBXW10B",10,13,4,10,10,8,18,7,6,7,8,9
"RPL36A",1241,1020,994,1214,1089,1203,1460,2297,1543,1457,1848,1488
"OR5G3",0,0,0,0,0,0,0,0,0,0,0,0
"PDXP",104,95,86,136,117,161,130,127,115,112,115,113
"RPP21",177,137,155,173,150,156,186,229,177,168,196,182
"CD302",171,192,230,179,208,265,253,275,232,256,243,298
"EGFL8",58,62,45,39,53,42,52,79,48,53,34,31
"ATP5MF",1651,1368,1598,1716,1563,1929,1795,2257,1752,1741,2234,1892
"SSX2",0,0,0,0,0,0,0,0,0,0,0,0
"ARHGAP8",1,0,0,0,0,0,0,0,0,0,0,0
"ARPC4",2840,2331,2704,3003,2940,3145,3346,3860,3137,3199,3577,2977
"CORT",7,2,1,2,2,0,4,7,2,4,3,2
"KRTAP9-4",0,0,0,0,0,0,0,0,0,0,0,0
"KRTAP5-4",0,0,0,0,0,0,0,0,0,0,0,0
"INMT",0,0,0,0,0,0,0,0,0,0,0,0
"ARPC1A",1095,991,1060,1117,1098,1242,1287,1721,1329,1186,1479,1274
"TMEFF1",61,62,96,61,57,83,113,105,120,84,72,101
"SPRR2A",0,0,0,0,0,0,0,0,0,0,0,0
"ATP5PO",1352,1062,1094,1319,1322,1362,1370,1858,1391,1273,1578,1392
"PLEKHO2",1727,1715,1707,1893,1655,1580,1602,1299,1293,1422,1640,1256
"C8orf58",528,484,508,420,389,408,693,793,657,661,617,578
"PISD",1992,1785,1688,2137,1767,1779,1958,1557,1564,1767,1761,1439
"HOGA1",3,4,2,5,2,3,4,6,2,3,1,0
"PWP2",89,71,74,99,91,85,138,88,84,95,89,96
"PI4KA",2648,2357,2574,2625,2464,2650,2870,2161,2092,2250,2014,2092
"KIR3DL3",0,0,0,0,0,0,0,0,0,0,0,0
"HYPK",180,167,152,138,114,118,149,149,101,131,104,99
"AMACR",81,67,81,77,65,63,97,97,103,78,97,90
"MTFP1",243,191,229,297,283,303,304,279,312,279,273,276
"MDFIC2",0,0,0,0,0,0,0,0,0,0,0,0
"ARHGDIG",28,11,17,15,17,20,25,11,11,20,21,10
"TCP10L",0,0,1,3,0,0,0,0,0,1,0,0
"PSG2",0,0,0,0,0,0,0,0,0,0,0,1
"ARFGAP3",920,857,952,1357,1310,1557,1146,1216,991,1067,1038,1075
"BGLAP",5,7,3,0,3,7,4,8,3,9,5,5
"C22orf39",366,420,396,381,340,435,485,612,445,493,495,481
"PEG10",2828,2590,3125,2958,2966,3683,2926,2322,2351,2121,1981,2691
"CT47A2",0,0,0,0,0,0,0,0,0,0,0,0
"EIF6",3420,2885,2977,3600,3208,3292,3924,3797,3295,3639,4285,3425
"RBMY1E",0,0,0,0,0,0,0,0,0,0,0,0
"GTF2A1L",0,0,0,0,0,0,0,1,0,0,0,0
"MRPL20",1528,1159,1163,1423,1282,1346,1669,2311,1754,1579,1970,1464
"ARPIN",464,402,505,376,383,476,583,565,517,484,453,485
"SERPINB10",7,3,1,8,9,5,10,3,9,5,7,0
"HLA-DMB",10,5,7,9,6,7,4,5,10,2,4,4
"DECR2",554,484,498,523,464,506,571,677,591,550,592,522
"GNG10",71,80,81,87,75,108,93,129,97,100,92,86
"CNTF",47,44,42,49,42,47,45,29,31,41,34,28
"CCDC169",61,77,58,67,65,60,70,79,71,89,95,87
"RTL5",320,272,243,335,284,264,286,254,251,295,243,251
"AP5Z1",3495,3333,2645,3506,2996,2306,2696,2483,2271,2710,2793,1773
"ZNF709",2,2,2,4,3,2,4,1,3,3,2,1
"STRC",0,0,0,0,0,0,0,0,0,0,0,0
"RBMY1B",0,0,0,0,0,0,0,0,0,0,0,0
"ERVW-1",0,0,0,0,1,0,0,0,0,1,1,0
"EIF4EBP3",8,10,8,13,9,11,10,5,5,10,15,8
"PRAMEF4",0,0,0,0,0,0,0,0,0,0,0,0
"PSG11",1,4,0,0,1,0,0,0,2,0,1,1
"PSG4",1,0,0,0,0,0,1,0,0,0,1,0
"MRPL33",504,396,448,552,634,614,606,796,616,573,687,589
"MICAL3",882,876,1021,946,871,974,1151,707,723,750,616,809
"STON1",49,41,78,61,54,70,53,84,64,79,70,78
"PRAF2",304,245,390,348,351,417,413,444,320,339,406,414
"VSIG8",0,0,0,0,0,0,0,0,0,1,2,1
"STMP1",720,565,602,681,612,695,855,985,828,820,912,817
"KCTD7",383,419,482,409,497,535,455,412,462,435,406,432
"EFNA4",345,274,315,219,201,307,369,428,381,328,391,364
"TICAM2",15,10,21,18,18,6,22,14,14,9,17,12
"NICOL1",492,370,407,518,413,539,643,915,665,615,680,587
"NAA80",90,101,131,145,131,128,154,135,116,108,125,97
"AMY2A",0,0,0,0,0,0,0,0,0,0,0,0
"KRTAP10-11",1,0,0,0,0,0,0,0,0,0,0,0
"TNFRSF6B",0,0,0,0,0,0,0,0,0,0,0,0
"WFDC6",0,0,0,0,0,0,0,0,0,0,0,0
"UPK3B",1,3,1,1,0,1,0,1,0,1,1,0
"SMIM34",0,0,0,0,0,0,0,0,0,0,0,0
"OR13C7",0,0,0,0,0,0,0,0,0,0,0,0
"IL10RB",94,84,119,92,93,93,135,112,112,115,120,122
"CFB",75,78,50,73,57,37,84,45,30,53,65,32
"ZNF487",27,25,23,23,33,30,38,50,26,32,29,34
"DNAAF10",153,146,148,112,125,122,196,197,180,194,196,174
"NME2",2081,1847,1912,2193,2121,2371,2282,2388,2027,2135,2559,2291
"PLA2G4B",7,12,7,5,2,3,9,11,6,6,3,5
"LEFTY1",2,1,0,0,1,1,0,1,1,0,1,0
"CFAP57",167,159,109,154,109,58,82,84,85,97,104,60
"NPIPB5",168,149,188,280,303,249,263,213,109,115,141,127
"TTC4",159,129,124,161,141,124,184,138,158,170,195,147
"OR5V1",0,0,0,0,0,0,0,0,0,0,0,0
"TMEM35B",82,68,76,102,74,78,128,99,105,89,119,79
"KIR2DL3",0,0,0,0,0,0,0,0,0,0,0,0
"JMJD7",3,2,4,9,3,4,10,6,4,3,3,5
"APOBEC3D",20,12,26,21,28,15,21,11,11,19,17,13
"OR2A7",0,0,0,0,0,0,1,0,0,0,0,0
"TUBA4B",0,0,1,0,0,0,0,0,0,0,1,0
"MRPS6",359,326,339,370,376,466,471,536,496,472,564,526
"ZNF512",573,528,556,468,517,515,792,635,652,674,655,573
"GSTA1",0,0,0,0,0,0,0,0,0,0,0,0
"RTL9",14,9,2,14,7,0,4,4,2,1,2,0
"ACY1",10,12,15,15,20,30,13,29,26,15,22,15
"NFS1",296,269,282,277,256,250,373,329,265,303,352,351
"MT1HL1",0,0,0,0,0,0,0,0,0,0,0,0
"KRTAP19-3",0,0,0,0,0,0,0,0,0,0,0,0
"DDOST",11646,10688,12078,13104,13124,15147,14138,12888,12117,12698,14043,12998
"TMEM199",623,559,490,683,668,564,704,611,631,668,679,528
"LCE3C",0,0,0,0,0,0,0,0,0,0,0,0
"GSTA2",0,0,0,0,0,0,0,0,0,0,0,0
"SPRR2F",0,0,0,0,0,0,0,0,0,0,0,0
"P2RY11",142,106,92,101,107,75,139,133,115,114,129,93
"TMEM141",256,190,250,257,251,270,317,387,263,299,340,289
"TMEM225B",0,0,0,1,1,0,0,1,0,0,1,0
"GMCL2",0,0,0,0,0,0,0,1,1,0,2,1
"IFITM10",32,40,41,45,33,30,39,34,39,50,30,38
"DBNDD2",49,44,71,59,73,87,67,31,57,54,62,54
"LY6G6D",0,0,0,0,0,0,0,0,0,0,0,0
"KRTAP19-7",0,0,0,0,0,0,0,0,0,0,0,0
"RBMY1D",0,0,0,0,0,0,0,0,0,0,0,0
"ETV5",618,431,346,1003,904,977,687,360,455,480,494,480
"KRTAP5-7",0,0,0,0,0,0,0,1,0,1,0,1
"CFHR1",0,0,0,1,2,0,0,0,0,0,0,0
"RBM12",1781,1722,2165,1867,1883,2279,3007,2364,2209,2274,2248,2566
"ERVFRD-1",3,3,6,1,3,1,5,5,1,2,0,2
"LILRA6",4,0,0,1,0,1,1,0,0,1,2,1
"SCARF2",363,375,362,457,456,576,475,567,440,395,357,434
"APOBEC3C",781,686,820,730,715,806,811,864,683,755,768,695
"KRTAP4-2",0,0,0,0,0,0,0,0,0,0,0,0
"RAD21L1",9,12,12,10,10,10,8,6,4,6,8,10
"CCDC13",6,5,4,2,1,4,1,4,3,6,4,2
"ASPRV1",0,0,0,0,0,0,0,1,0,0,0,0
"OR2AE1",1,1,2,1,0,0,2,0,1,0,0,0
"KRTAP20-1",0,0,0,0,0,0,0,0,0,0,0,0
"UBE2V1",253,244,285,297,240,317,334,290,249,311,305,343
"PTCHD4",257,296,352,230,232,243,416,395,313,405,404,412
"C4A",6,8,9,11,14,13,11,6,3,9,7,7
"HBB",0,0,0,0,0,0,0,0,0,0,0,0
"CRYBB2",12,9,11,16,5,8,8,8,6,12,6,9
"N4BP2L2",943,922,976,923,923,969,991,1007,816,885,950,906
"ZNF585B",62,48,45,64,45,60,60,53,45,38,70,45
"CEBPA",6,9,2,15,13,6,3,8,4,7,8,5
"H2AJ",1334,1180,1150,1351,1220,1347,1557,1804,1482,1500,1814,1379
"UBAP1L",61,58,49,44,27,23,56,66,31,45,22,27
"PGAM5",1348,1200,1216,1417,1268,1390,1632,1387,1436,1476,1489,1374
"ZCCHC3",1037,914,982,1098,945,1011,2025,1835,1899,1842,1958,1713
"MISFA",16,9,9,12,8,12,17,17,19,13,7,12
"TWF2",1537,1328,1512,1460,1429,1671,1842,2241,1843,1628,1910,1651
"MARS2",181,137,156,226,183,176,241,185,181,177,225,168
"USP51",43,56,50,41,32,34,53,37,37,26,49,46
"BCKDHA",87,83,79,76,64,98,86,77,68,84,79,91
"INSL3",0,1,0,0,0,0,0,0,1,0,0,0
"MARCOL",0,0,0,0,0,0,0,0,0,0,0,0
"ADH1C",13,4,6,22,11,2,5,0,1,4,1,1
"APELA",0,0,0,0,0,0,0,0,0,0,0,0
"CDK11B",982,913,928,1061,985,1029,1289,1109,1002,1114,1228,978
"TARM1",0,0,0,0,0,0,0,0,0,0,0,0
"POU5F2",1,1,1,3,1,1,1,2,1,0,1,1
"PCP4L1",1,0,0,0,1,0,0,0,0,0,0,0
"ABHD14A",67,54,59,90,48,64,83,73,59,71,79,59
"DRC12",28,26,33,14,28,16,17,46,47,32,38,22
"C4orf54",0,0,1,0,0,0,0,0,0,0,0,0
"ACTN3",3,4,0,1,3,0,4,5,3,2,1,3
"SMIM31",0,0,0,0,0,0,0,0,0,0,0,0
"FMN1",25,9,11,23,21,18,18,6,4,12,12,7
"USP17L19",0,0,0,0,0,0,0,0,0,0,0,0
"USP17L22",0,0,0,0,0,0,0,0,0,0,0,0
"USP17L17",0,0,0,0,0,0,0,0,0,0,0,0
"HAUS5",413,418,364,391,369,332,482,422,391,442,443,390
"TAF11L12",0,0,0,0,0,0,0,0,0,0,0,0
"ATP5MGL",0,0,1,0,0,1,1,1,1,0,1,0
"TMEM150C",65,60,72,71,77,83,106,90,59,77,84,83
"NAIP",5,2,1,3,2,1,5,5,2,2,3,3
"ZNF324B",95,85,91,121,107,107,146,114,110,104,115,114
"SPATS1",0,0,0,0,0,2,0,0,0,0,0,0
"CLRN2",0,0,0,0,0,0,0,0,0,0,0,0
"SPMAP2L",1,0,4,3,2,0,0,0,0,0,1,1
"ZNF564",16,18,17,9,28,13,15,19,15,11,14,25
"FER1L5",0,0,0,0,0,0,0,0,0,0,1,0
"OR10J4",0,0,0,0,0,0,0,0,0,0,0,0
"ECSCR",2280,1939,2213,2223,2202,2401,2542,3409,2424,2630,3246,2678
"USP17L21",0,0,0,0,0,0,0,0,0,0,0,0
"HS3ST5",0,0,0,0,2,2,1,1,2,1,1,0
"LGALS16",0,0,0,0,0,0,0,0,0,0,0,0
"PDCD6",253,252,285,229,241,267,333,329,248,265,205,220
"GOLGA8K",5,12,6,7,1,8,9,8,6,9,1,4
"GBA3",3,1,0,0,0,0,0,0,0,2,0,0
"TERB1",0,8,2,5,4,1,0,2,2,2,2,0
"TMEM158",199,142,105,321,227,224,358,204,284,249,305,220
"YJEFN3",213,207,175,154,127,112,182,233,158,214,118,128
"PTTG2",1,0,0,0,0,0,1,0,0,0,1,0
"GIMD1",0,0,0,0,0,0,0,0,0,0,0,0
"TRMT9B",0,0,0,0,0,0,0,0,0,0,1,0
"ZNF718",88,79,87,85,78,98,129,107,109,104,92,119
"SMIM20",200,177,226,220,225,256,207,268,240,209,268,226
"GYPB",0,0,0,0,0,0,0,0,0,0,0,1
"TUNAR",0,0,0,0,0,0,0,0,0,0,0,0
"TRIM75",0,0,0,0,0,0,0,0,0,0,0,0
"KIAA1210",0,0,0,0,0,0,0,0,0,0,0,1
"CHCHD10",175,161,183,206,165,218,233,245,200,212,244,197
"CDK3",23,15,13,6,12,11,18,40,24,16,13,13
"GPR162",156,163,203,111,137,129,204,328,178,186,207,209
"ATP6V1E2",54,66,71,46,71,101,75,67,61,50,62,78
"GLI4",174,144,199,127,150,175,228,220,137,164,159,158
"REELD1",3,3,3,7,6,1,8,1,2,3,8,0
"P3R3URF",0,0,0,0,0,0,0,0,0,0,0,0
"SELENOP",3,4,7,7,1,4,4,2,3,4,4,8
"USP17L20",0,0,0,0,0,0,0,0,0,0,0,0
"TAF11L14",0,0,0,0,0,0,0,0,0,0,0,0
"PRODH2",0,0,0,0,0,0,0,0,0,0,0,0
"ZNF475",1,1,1,1,1,1,1,0,1,0,1,2
"EXOC1L",0,0,0,0,0,0,0,0,0,0,0,0
"USP17L18",0,0,0,0,0,0,0,0,0,0,0,0
"PTTG1IP2",0,0,0,0,0,0,0,0,0,0,0,0
"ZNF674",74,70,69,63,65,85,94,71,66,67,87,72
"ZNF345",41,55,48,29,37,38,42,62,48,35,32,39
"RFPL4B",2,1,1,6,2,0,0,0,2,1,1,0
"ALG1L2",0,0,1,1,0,0,0,0,1,0,1,0
"SHANK3",10447,10480,11228,8363,8845,8619,10958,9377,7146,8192,5714,7147
"ZNF550",170,140,167,189,163,156,161,137,125,153,149,111
"DCANP1",0,0,0,0,0,0,0,0,0,0,0,0
"FOXD1",23,20,10,37,25,14,17,15,15,24,25,10
"OR12D1",0,0,0,0,0,0,0,0,0,0,0,0
"PRB1",1,3,0,0,0,0,0,0,0,0,0,1
"PTX4",1,1,3,4,1,2,2,3,1,3,0,0
"OC90",0,0,0,0,0,0,0,0,0,0,0,0
"RGS21",0,0,0,0,0,0,0,0,0,0,0,0
"C8orf88",15,12,18,7,12,9,18,21,15,2,23,11
"SHLD3",70,67,68,81,98,87,82,62,70,89,88,80
"CCDC71L",2768,2380,2479,3058,2703,2919,4735,4486,4183,4136,4677,3815
"HOXA10",810,697,798,755,727,741,878,830,849,809,842,768
"TMEM200B",9,14,15,27,22,19,13,6,12,10,16,6
"SERPINE3",0,0,0,0,0,0,0,0,1,0,0,1
"C1orf210",0,0,0,0,0,0,0,1,0,0,0,0
"TUG1",3550,3470,4353,3485,3360,3812,4822,3470,3217,3542,3161,3729
"TRNP1",908,908,764,999,844,699,869,671,827,852,932,696
"SMIM18",0,0,0,0,0,0,0,0,0,0,0,0
"NACA2",2,2,3,1,0,11,3,1,0,3,3,3
"PYDC2",0,0,0,0,0,0,0,0,0,0,0,0
"SLC10A5",6,5,7,3,5,1,7,5,7,6,7,5
"EIF5AL1",34,35,29,36,37,37,43,34,32,45,58,30
"PRSS51",0,0,0,0,0,0,0,0,0,0,0,0
"ALG11",263,265,301,367,390,418,362,243,261,282,271,251
"ATXN7L3B",1898,1634,1964,1945,1850,2103,2763,2466,2560,2556,2397,2511
"PRKDC",4943,4292,4855,4894,4213,5126,5683,3317,3257,3295,3101,4132
"UTP14C",0,0,0,0,0,0,0,0,0,0,0,0
"ETV3L",0,2,0,2,1,0,0,0,0,0,0,0
"CLDN23",28,24,15,13,12,22,22,9,15,11,23,8
"ZNF260",323,370,422,415,353,507,539,464,411,431,407,488
"LYN",1440,1508,1879,1546,1580,2017,1573,1636,1430,1459,1393,1654
"PINX1",394,281,305,448,373,347,422,403,408,374,510,403
"CD8B2",0,0,0,0,0,0,0,0,0,0,0,0
"NPIPB11",18,20,6,19,20,20,11,11,6,5,10,5
"FAM90A12",0,0,0,0,0,0,0,0,0,0,0,0
"LRRC24",38,33,43,52,42,37,60,59,32,42,50,46
"SIGLEC14",1,0,2,2,6,0,1,2,5,2,1,1
"PBOV1",0,0,0,0,0,0,0,0,0,0,0,0
"OR4D10",0,0,0,0,0,0,0,0,0,0,0,0
"XNDC1N",76,57,72,57,63,66,107,91,96,83,88,76
"AP5B1",1095,979,1069,1014,1017,1074,1368,1153,1171,1090,1089,1046
"CHMP4A",87,83,71,67,91,62,92,116,87,91,75,68
"SIGLEC12",0,0,0,0,0,0,0,0,0,0,0,0
"PABPC4L",13,8,10,10,3,12,12,14,9,13,2,11
"OMP",2,0,3,1,1,2,2,0,2,1,3,0
"MAGEL2",6,2,7,11,12,7,9,8,9,6,5,10
"CSNK2A3",33,37,31,27,32,40,21,20,23,33,27,32
"ARMS2",0,1,0,3,0,0,0,0,0,0,0,0
"INS",0,0,0,0,0,0,0,0,0,0,0,0
"RTL1",0,0,0,0,1,0,0,0,0,0,0,0
"OR8J2",0,0,0,0,0,0,0,0,0,0,0,0
"FPGT",217,204,241,213,205,252,277,246,243,261,255,280
"IGLL5",0,0,0,0,0,0,0,0,0,0,0,0
"MEX3A",509,457,616,422,435,531,861,804,734,768,613,845
"OR10G4",0,0,0,0,0,0,0,0,0,0,0,0
"EEF1G",8,6,7,9,4,7,4,14,6,6,11,14
"OR5M10",0,0,0,0,0,0,0,0,0,0,0,0
"NPIPA2",8,2,3,0,6,4,1,2,1,7,1,4
"MPV17L2",336,278,318,567,617,775,444,406,376,398,502,438
"DEFB109D",0,0,0,0,0,0,0,0,0,0,0,0
"BORCS8",339,290,291,310,320,348,394,431,329,382,397,375
"DPP3",2058,1781,1953,1890,1760,1997,2658,2320,2153,2197,2307,2013
"KRTAP5-9",6,0,1,1,3,0,4,2,3,2,3,2
"BRK1",2727,2314,2537,2985,2722,3106,3009,3143,2642,2915,3374,3186
"UBTFL1",0,0,0,0,0,0,0,0,0,0,0,0
"OR5M1",0,0,0,0,0,0,0,0,0,0,1,0
"PIGY",0,0,0,0,0,0,0,0,0,0,0,0
"OR1D4",0,0,0,0,0,0,0,0,0,0,0,0
"CHMP1B",1670,1534,1408,1678,1505,1403,1914,1639,1710,1835,2121,1598
"EID3",70,60,54,64,60,43,83,56,70,85,70,50
"GLYATL1B",0,0,0,0,0,0,0,0,0,0,0,0
"HTD2",7,3,3,2,2,3,7,5,3,0,3,2
"CCDC166",0,0,0,0,0,0,0,0,0,0,0,0
"NANOGP8",0,0,0,0,0,0,0,0,0,0,0,0
"OR5M11",0,0,0,0,0,0,0,0,0,0,0,0
"PRR23D1",0,0,0,0,0,0,0,0,0,0,0,0
"SMIM35",0,0,0,0,0,0,0,0,0,0,0,0
"OR8G5",0,0,0,0,0,0,0,0,0,0,0,0
"EID1",6384,5864,6271,6744,6600,7115,8586,8692,8096,8000,8731,7859
"OR52B2",0,0,0,0,0,0,0,0,0,0,0,0
"NOX5",1,0,0,1,0,0,2,0,0,0,1,0
"CCDC179",0,0,0,0,0,0,1,0,0,0,0,0
"TAS2R43",0,1,1,1,0,1,1,1,1,1,0,2
"OOSP4B",0,0,0,0,0,1,0,0,0,0,0,0
"HCAR3",0,2,0,0,0,1,0,1,0,0,0,0
"EBLN2",22,24,25,20,19,13,35,42,17,21,18,19
"CARD18",0,0,2,0,0,0,0,1,0,0,1,1
"NPIPB8",0,0,2,2,0,0,1,0,2,0,0,0
"POLR2M",365,365,443,475,452,461,486,431,451,475,577,449
"FDXACB1",60,42,61,60,48,54,80,75,75,68,69,91
"OR10G2",0,0,0,0,0,0,0,0,0,0,0,0
"RAB44",11,10,5,6,8,6,5,8,5,7,7,6
"TRIL",5,9,7,4,3,2,16,12,12,13,8,11
"OR4D2",0,0,0,0,0,0,0,0,0,0,0,0
"OR6J1",0,0,0,1,0,2,0,0,2,0,0,0
"TIFAB",0,0,0,0,0,0,0,0,0,0,0,0
"TAS2R20",20,13,9,17,16,13,31,34,16,16,23,17
"KDM4F",0,0,0,0,0,0,0,0,0,0,0,0
"CYP2A6",0,0,0,0,0,0,0,0,0,0,0,0
"CTSO",316,332,358,287,280,315,400,289,241,336,344,321
"COA8",682,611,620,655,660,724,688,817,658,715,770,625
"TRAPPC2B",146,137,102,151,156,131,130,128,140,143,166,138
"DNAAF4",26,26,27,19,29,21,31,24,24,17,41,27
"ZNF432",201,194,196,175,206,176,212,159,168,206,169,147
"SMLR1",0,0,0,0,0,0,0,0,0,0,0,0
"TAS2R30",0,0,0,0,0,0,0,0,0,0,0,0
"ZNF10",67,73,70,50,67,67,64,43,41,58,65,44
"ZNF486",166,144,137,150,147,179,174,141,116,165,155,142
"SMIM3",47,21,52,22,27,27,15,29,26,15,30,21
"HMBS",587,476,577,593,611,618,656,690,655,678,726,655
"ZNF225",105,110,98,117,125,91,126,81,98,114,98,102
"ASIC5",0,0,0,0,0,0,0,0,0,0,0,0
"TAS2R31",8,6,7,2,1,3,3,9,3,1,7,4
"DND1",15,8,10,12,14,15,16,25,16,18,9,6
"SALL3",5,9,1,5,8,4,3,0,1,3,4,0
"POLG2",257,267,258,247,281,216,289,276,227,269,247,205
"SMIM10L1",826,726,859,871,896,1010,955,1078,891,970,952,916
"OR13A1",0,0,0,0,0,0,0,3,0,0,0,0
"CLEC12B",21,10,13,10,3,8,18,13,9,14,11,14
"LIMS4",0,0,0,0,0,0,0,0,0,0,0,0
"ZNF350",336,265,238,319,262,201,237,192,209,268,282,185
"PGA5",0,0,0,0,0,0,0,0,0,0,0,0
"STH",0,0,0,0,0,0,0,0,0,0,0,0
"ZNF253",82,70,78,84,78,78,72,78,58,53,64,65
"KLRF2",0,0,0,0,0,0,0,0,0,0,0,0
"C17orf100",25,17,24,23,32,41,31,32,28,33,26,28
"CAPNS2",7,9,11,8,2,9,13,10,12,8,8,12
"SLC5A8",0,0,0,0,0,0,0,0,0,0,0,0
"LIMS3",0,0,0,0,0,0,0,0,0,0,0,0
"KHDC1L",0,1,0,0,0,0,1,0,0,0,0,0
"GPR142",2,2,0,3,4,0,1,1,0,1,2,1
"HP",0,0,0,0,0,0,0,0,0,2,1,1
"C11orf97",0,1,0,0,0,0,0,0,0,1,0,0
"DENND11",552,532,661,415,398,546,922,803,708,676,574,741
"LSM14A",2881,2843,2896,2974,2940,3183,3955,3298,3116,3463,3551,3564
"NHLRC4",9,12,22,16,9,14,25,25,17,27,11,15
"OR11H12",0,0,0,0,0,0,0,0,0,0,0,0
"TAS2R38",0,0,0,0,0,0,0,0,0,0,0,0
"GATC",595,574,665,683,655,788,1042,1063,924,888,1008,1041
"ZBED6",37,27,40,25,31,51,40,27,29,20,16,31
"MGAM",0,0,0,1,1,0,1,0,3,1,1,0
"FNTB",192,187,194,214,205,189,242,256,189,219,226,217
"ZNF878",3,4,5,2,3,1,2,2,1,5,5,1
"ZNF625",8,5,3,8,7,7,7,4,6,13,11,5
"GALNT4",51,40,58,71,55,45,53,24,46,20,26,35
"INAFM1",195,135,120,160,190,185,178,212,165,162,182,126
"CNPY2",576,533,555,535,581,622,744,859,629,650,823,614
"MGAM2",0,0,1,1,0,0,0,1,0,0,0,0
"CUX1",1286,1265,1339,1626,1451,1679,1497,1205,1254,1206,1256,1294
"TEN1",2,2,3,1,2,6,3,6,3,5,2,5
"SPMIP11",0,0,0,0,0,0,0,0,0,0,0,0
"OR9A4",0,0,0,1,0,0,0,0,0,0,0,0
"MAP1LC3B2",31,33,16,30,32,23,21,32,38,27,29,34
"PRSS58",0,0,0,0,0,0,0,0,0,0,0,0
"CLEC5A",0,0,0,0,0,0,0,0,0,0,0,0
"CHURC1",1124,1073,1189,1149,1093,1304,1259,1238,1013,1100,1301,1211
"RTEL1",39,63,74,54,60,66,96,71,49,66,44,58
"ZNF578",34,35,22,21,24,31,23,17,12,19,13,10
"PDF",179,154,178,194,201,200,232,241,277,204,248,179
"RNASE12",0,0,0,0,0,0,0,0,0,0,0,0
"OR11H2",0,0,0,0,0,0,0,0,0,0,0,0
"SPESP1",60,51,71,50,73,70,72,67,57,77,54,70
"SERPINA2",0,0,0,0,0,0,0,0,0,0,0,0
"TRIM34",27,34,25,31,30,30,28,15,29,22,22,18
"C20orf141",0,0,0,0,0,0,0,0,0,0,0,0
"OR11H7",0,0,0,0,0,0,0,0,0,0,0,0
"OR4C13",0,0,0,0,0,0,0,0,0,0,0,0
"RNASE4",10,5,15,13,24,19,16,17,9,11,14,13
"MC1R",80,73,73,61,59,37,74,70,44,62,83,44
"DUXA",0,0,0,0,0,0,0,0,0,0,0,0
"CEP95",751,698,651,799,678,673,752,680,554,658,637,561
"TUBB3",461,400,415,623,618,709,511,431,454,456,484,457
"TMEM179",2,1,2,1,3,0,2,3,2,3,1,1
"TPRX2",0,0,0,0,0,0,0,0,0,0,0,0
"ITGB3",1415,1409,1521,1266,1235,1483,1659,1398,1280,1321,1294,1429
"SLC35G6",2,0,0,0,0,0,0,0,2,0,0,0
"INAFM2",1234,1167,1255,1016,899,929,1609,1510,1368,1517,1523,1410
"GH1",1,1,0,0,1,0,0,0,0,1,3,0
"CTXND1",0,0,0,1,0,0,0,0,0,0,0,0
"THTPA",124,120,126,118,113,138,157,163,145,116,128,110
"MRPL46",267,205,215,230,223,257,262,254,244,256,293,267
"BLID",1,1,0,1,0,0,2,0,0,1,0,1
"SLC22A31",10,8,7,19,19,14,6,9,7,4,4,1
"LYPD8",0,0,0,0,0,0,0,0,0,0,0,0
"AQP7B",0,0,0,0,1,1,0,1,1,0,0,2
"RBM15B",2657,2367,2574,2515,2340,2496,3238,2814,2723,2922,3173,2930
"TGFBR3L",20,14,18,9,10,6,12,15,21,16,14,8
"HOXB7",779,697,769,753,718,851,1031,1309,982,882,1116,976
"LRRC37A2",3,8,8,6,10,1,11,6,2,5,3,3
"SPDYE6",0,0,0,0,0,0,0,0,0,0,0,0
"CCDC187",0,1,1,0,0,0,2,1,1,2,1,0
"FRRS1L",0,1,0,0,0,2,1,1,0,0,0,1
"ARMH2",0,0,0,0,0,0,0,0,0,0,0,0
"TBC1D3G",0,0,0,0,0,0,0,0,0,0,0,0
"MRC1",27,40,23,28,23,6,27,15,19,23,28,11
"HSPB9",2,6,1,1,5,0,2,5,3,2,2,1
"SCX",57,44,56,52,49,51,46,64,38,61,52,45
"C16orf95",53,41,32,49,35,42,50,58,43,48,54,32
"KCNJ18",0,0,0,0,0,0,0,0,0,0,0,0
"DUX4",0,0,0,0,0,0,0,0,0,0,0,0
"ANKRD20A1",3,2,6,6,3,4,6,3,1,4,10,6
"TLE7",0,1,0,0,0,0,0,0,0,2,0,0
"SERTM2",0,0,0,0,0,0,0,0,0,0,0,0
"OR4C45",0,0,0,0,0,0,0,0,0,0,0,0
"XKR7",1,0,0,4,1,0,0,0,4,1,2,0
"CCPG1",486,464,568,712,742,835,562,506,428,479,509,587
"SULT1A3",1,2,0,2,1,1,1,7,1,3,2,2
"TMEM178B",2,0,4,0,0,0,4,0,0,2,0,0
"EPPK1",6,4,4,8,1,2,2,5,6,6,2,2
"CLEC19A",0,0,0,0,0,0,0,0,0,0,0,0
"ZNF865",497,442,449,497,458,550,568,510,474,464,465,451
"BOP1",1987,1611,1649,2018,1744,1775,2584,2580,2394,2388,2603,2124
"GOLGA8T",0,0,0,0,0,0,0,0,0,0,0,1
"MUC22",0,0,0,1,1,0,1,0,0,0,1,0
"FIGNL2",19,19,32,18,9,20,34,41,35,31,30,41
"SMIM47",9,6,2,7,2,5,11,5,5,5,6,3
"PECAM1",40376,38431,47438,40276,41113,50696,50077,41865,37374,39886,41292,43353
"TUBB8",0,0,0,0,0,0,1,1,0,0,0,0
"TMEM249",1,7,2,2,2,8,5,3,0,3,0,3
"TPBGL",0,0,1,4,3,6,3,5,2,3,2,3
"GAN",188,184,148,168,189,189,198,163,148,132,172,159
"GOLGA6L7",0,1,0,0,0,0,0,0,0,0,0,0
"PIERCE2",15,14,21,24,29,31,14,22,15,17,11,13
"LY6L",0,0,0,0,0,0,0,0,0,0,0,0
"SCRT1",0,0,0,0,1,0,0,0,1,0,2,0
"HPR",0,0,0,0,0,0,2,0,0,0,0,0
"GOLGA8S",0,1,0,0,0,0,0,1,0,0,0,0
"TCF24",0,0,0,0,1,0,0,0,0,0,1,0
"GOLGA8H",20,12,21,11,7,12,12,11,15,11,8,11
"MIA",3,1,3,3,3,0,0,3,5,2,1,0
"SMIM36",0,0,0,0,0,0,0,0,0,0,0,0
"GFY",0,0,0,0,1,1,0,0,0,0,0,0
"OR1P1",0,0,0,0,0,0,0,0,0,0,0,0
"GREP1",2,1,0,0,0,1,0,0,0,0,0,0
"C17orf114",5,1,4,10,2,4,8,8,3,6,4,1
"MYMX",5,8,1,2,0,1,2,2,0,1,0,1
"CORO7",288,304,309,285,298,342,333,360,299,297,286,232
"MMP12",0,0,0,0,0,0,0,0,0,0,0,0
"SPDYE9",0,0,0,0,0,0,0,0,0,0,0,0
"CCER2",2,1,1,3,3,0,0,3,4,3,3,4
"SMIM28",0,0,0,0,0,0,0,0,0,0,1,0
"OR1D5",0,0,0,0,0,0,0,0,0,0,0,0
"SPON1",0,1,0,1,1,2,1,2,0,2,0,0
"OVCA2",0,0,0,0,0,0,0,0,0,0,0,0
"MRPL12",967,724,738,977,884,933,1081,1342,1196,1097,1258,981
"C19orf84",0,0,0,0,0,0,0,0,0,0,0,0
"CCNQ",420,363,408,440,398,413,439,592,496,433,523,437
"GTF2I",1407,1398,1724,1127,1222,1513,2108,1639,1581,1551,1201,1718
"ZNF234",191,182,170,193,165,170,228,171,173,182,182,185
"MYZAP",252,246,295,253,315,398,422,554,368,365,454,412
"DPEP2NB",0,0,0,0,0,0,0,0,0,0,1,0
"PPIAL4A",0,0,0,0,0,0,0,0,0,0,0,1
"TMEM238L",0,0,0,0,0,0,0,0,0,0,0,0
"SRSF8",1032,982,1088,1181,1213,1395,1363,1353,1229,1249,1236,1279
"FAM72C",10,6,13,8,10,10,14,15,24,21,13,9
"IKBKE",602,477,589,551,523,546,636,466,458,522,448,414
"MSMB",1,1,0,2,0,0,0,1,1,0,2,1
"GDF2",0,0,0,0,0,0,0,1,0,0,0,0
"LASP1NB",25,38,27,29,17,10,24,37,15,22,14,12
"NBPF11",196,178,240,183,228,203,225,180,160,209,182,186
"RHEX",0,0,0,0,0,0,0,0,0,0,0,0
"AKR1C8",0,0,0,0,0,0,0,2,0,0,0,0
"ANXA8L1",0,0,0,0,0,0,0,0,0,0,0,0
"NOTCH2NLA",5,3,0,0,0,2,7,2,4,5,2,1
"DYNLL2",1852,1490,1568,1867,1696,1726,2073,1765,1876,1952,1860,1711
"MYH4",0,0,0,0,0,0,0,1,0,0,0,0
"OTUD7B",962,811,899,1154,1024,1036,1077,790,788,862,906,741
"NPY4R2",0,0,0,0,0,0,0,0,0,0,0,0
"GJA5",3,0,3,1,0,0,0,3,1,0,0,2
"ANXA8",0,1,0,0,0,0,0,0,0,0,0,1
"RBP3",0,0,0,0,0,0,0,0,0,0,0,0
"RBM8A",2973,2460,2525,2883,2689,3023,3777,4485,3723,3811,4007,3491
"TIMM23",1740,1556,1760,1818,1796,1809,2053,1945,1893,1971,2209,1813
"RNF115",1007,910,985,1245,1147,1161,1135,1021,934,1043,1124,1025
"RPL17",1710,1455,1593,1731,1669,1860,1910,2367,2059,1934,2193,2084
"ZNF488",8,5,6,7,4,9,8,7,3,5,5,4
"SEC22B",1173,1043,1218,1533,1586,1677,1327,1116,946,1115,1156,1149
"FSBP",64,38,83,32,47,51,90,68,73,89,79,60
"TXNIP",3087,2699,1921,3034,2210,1176,1861,1047,1266,1790,2098,1045
"SRGAP2",2144,2089,2258,2115,2124,2410,2396,1823,1677,2017,1848,1898
"BAHCC1",618,655,740,599,643,600,657,521,455,577,458,506
"RASSF5",4,5,3,4,0,2,6,6,3,6,4,7
"STRADA",308,302,289,277,307,270,328,324,323,316,269,266
"PNLIPRP2",0,0,0,0,0,0,0,0,0,0,0,0
"KLF14",1,0,2,0,0,0,0,0,0,0,0,1
"NBPF15",655,616,693,611,598,574,665,600,539,574,536,584
"NCOA4",7654,7302,7516,7838,7119,7199,9300,6925,7446,8167,7967,7635
"MRPS21",1121,937,1015,1104,1117,1255,1374,1676,1443,1344,1542,1376
"GDF10",0,0,0,0,0,0,0,0,0,0,0,0
"MYO15B",192,179,207,170,167,137,263,211,195,204,182,150
"IGBP1C",0,0,0,0,0,0,1,0,0,0,0,1
"FXYD1",0,1,3,5,2,1,2,2,3,3,2,3
"AARSD1",187,170,140,163,163,138,174,222,175,177,132,137
"ZNF850",46,32,37,54,39,34,49,31,33,33,29,44
"PTGES3L",3,2,2,5,2,4,5,5,3,2,4,4
"LCN6",0,2,4,3,1,2,1,3,0,0,1,3
"C17orf113",6,9,4,4,4,2,5,8,10,8,7,4
"UPK3BL1",0,0,0,1,1,0,1,0,0,1,0,0
"APOC4",0,0,0,0,0,0,0,0,0,0,0,0
"ZNF285",85,69,85,84,72,74,104,83,97,78,73,79
"S1PR2",12,9,21,15,8,12,20,10,14,10,6,5
"CGB1",0,0,0,0,0,0,0,0,0,0,0,0
"FDX2",129,102,81,94,95,94,102,136,111,118,122,115
"ZNF224",372,351,352,265,299,252,343,368,253,322,247,255
"EDDM13",0,5,5,10,8,3,9,7,7,8,7,5
"SMIM22",0,0,0,0,0,0,0,0,0,0,0,0
"LIN37",233,210,205,208,169,173,225,218,196,211,221,191
"NDUFA7",49,51,57,49,48,46,69,81,31,55,51,48
"CCDC177",0,0,0,3,0,0,2,1,0,0,0,0
"SSX4",0,0,0,0,0,0,0,0,0,0,0,0
"ERFL",2,5,2,2,3,2,1,1,3,5,2,0
"NBPF12",448,427,475,450,491,462,470,361,385,383,381,365
"GABRQ",0,3,1,1,1,0,3,1,1,0,3,2
"SLC6A14",0,0,0,0,0,0,0,0,0,0,0,0
"SMIM17",4,6,6,4,3,2,6,5,4,3,4,3
"OPN1MW",0,0,0,0,0,0,0,0,0,0,0,1
"ARL14EPL",5,4,8,4,7,13,15,4,6,5,2,8
"TCP11X1",0,0,0,0,0,0,0,0,0,0,0,0
"SCGB1C2",0,0,0,0,0,0,0,0,0,0,0,0
"SSX2B",0,0,0,0,0,0,0,0,0,0,0,0
"NFILZ",0,0,0,0,0,0,0,0,0,0,0,0
"SIGLEC5",0,0,0,0,0,0,0,0,0,0,0,0
"TEX13A",1,2,0,1,0,0,0,0,0,0,0,0
"CTAG1A",0,0,0,0,0,0,0,0,0,0,0,0
"SAXO3",5,2,5,3,4,4,4,5,7,2,4,1
"ZNF723",0,0,0,0,0,0,0,1,0,0,0,0
"HSFX2",0,1,2,0,1,0,0,0,1,0,0,3
"H3Y2",0,0,0,0,0,0,0,0,0,0,0,0
"CSAG3",0,0,0,0,0,0,0,0,0,0,0,0
"CT45A1",0,0,0,0,0,0,0,0,0,0,0,0
"ERVV-2",0,0,0,0,0,0,0,0,0,0,0,0
"SPANXN2",0,0,0,0,0,0,0,0,0,0,0,0
"FAM236B",0,0,0,0,0,0,0,0,0,0,0,0
"CALR3",0,0,0,2,0,0,0,0,0,0,1,0
"ZNF728",0,0,0,0,0,0,0,0,0,0,0,0
"CT45A3",0,0,0,0,0,0,0,0,0,0,0,0
"TRABD2B",0,0,0,0,0,0,1,1,0,0,0,0
"FBXO17",555,599,583,608,531,648,727,741,662,689,688,656
"MAGIX",6,3,10,7,7,10,10,17,8,9,9,7
"IKBKG",291,280,307,272,267,298,381,312,322,325,339,282
"ZNF587B",281,226,227,287,272,255,331,243,238,239,287,232
"SPIB",0,0,0,0,3,0,1,0,0,0,0,0
"NXF2",0,0,0,0,0,0,0,0,0,0,0,0
"OPN1MW3",0,0,0,0,0,0,0,0,0,0,0,0
"NXF2B",0,0,0,0,0,0,0,0,0,0,0,0
"H3Y1",0,0,0,0,0,0,0,0,0,0,0,0
"DMRTC1",0,0,0,0,0,0,0,0,0,0,0,0
"ERVV-1",0,0,0,1,0,0,0,0,0,0,0,0
"TMEM185A",207,221,230,215,174,233,281,235,260,230,244,252
"CT45A10",0,0,0,0,0,0,0,0,0,0,0,0
"ZIM2",0,0,0,0,0,0,0,0,0,0,0,0
"NBPF9",515,488,543,563,474,534,535,425,387,460,437,437
"CCDC194",46,45,38,8,14,6,26,19,12,17,15,5
"SLC25A53",66,52,80,75,91,104,103,106,104,108,82,105
"RNF225",1,2,4,2,0,1,1,0,0,3,2,1
"EGLN2",633,634,708,519,494,472,711,844,578,661,564,604
"MEI4",0,0,0,0,1,0,0,0,0,0,0,0
"NCBP2AS2",624,534,468,610,536,502,736,752,698,666,762,602
"NBPF8",321,310,304,341,342,315,398,305,282,293,242,267
"H4C15",0,0,0,0,0,0,0,0,0,0,0,0
"PPIAL4H",1,0,0,0,0,1,0,1,0,0,0,0
"HEATR9",1,3,0,4,1,0,1,0,2,2,1,2
"PRAMEF5",0,0,0,0,0,0,0,0,0,0,0,0
"NBPF14",215,160,161,192,206,188,178,172,183,150,171,140
"TAF15",4454,3552,4013,3900,3590,4302,5942,5965,5136,5465,4996,5204
"GAS2L2",0,1,1,0,1,0,1,0,1,2,1,1
"C17orf50",0,0,0,1,0,0,2,0,1,1,1,1
"H4C14",14,13,12,28,13,8,10,4,9,13,16,10
"RASL10B",6,7,5,13,15,7,3,0,2,7,5,7
"CT45A9",0,0,0,0,0,0,0,0,0,0,0,0
"CTAGE15",1,0,0,0,0,0,0,0,0,0,0,0
"SRXN1",542,499,420,834,665,615,553,327,457,478,554,424
"CTAGE6",1,1,0,0,1,0,0,1,0,0,0,1
"NBPF19",1,2,0,1,0,0,0,0,0,1,0,0
"NBPF10",68,54,52,87,69,87,73,42,55,59,56,66
"MMP28",5,8,13,6,3,12,12,24,10,21,19,20
"CT45A2",0,0,0,0,0,0,0,0,0,0,0,0
"CCL5",726,587,261,823,506,166,334,101,189,345,626,105
"PPIAL4E",0,0,0,0,0,0,0,0,0,0,0,0
"LIX1L",1003,963,1033,1062,1037,1226,1214,1109,1009,1042,1044,1006
"MILR1",11,14,9,7,9,7,14,12,8,8,19,19
"SMIM32",0,0,0,0,0,0,1,0,0,0,0,0
"ANKRD34A",15,11,13,19,23,25,15,17,27,19,21,21
"GTF2H5",498,397,461,449,456,464,562,818,643,592,601,563
"NUDT3",769,673,796,816,807,868,889,895,808,829,855,858
"KMT2B",3181,3126,3033,2915,2897,2691,3360,2794,2450,2803,2175,2365
"POM121C",1321,1238,1246,1376,1304,1389,1446,1008,1001,1130,1016,1022
"IFNL4",0,0,0,0,0,0,0,0,0,0,0,0
"CD24",2,1,2,4,5,1,1,5,1,2,3,4
"CFAP206",0,0,0,0,3,0,0,0,0,0,0,1
"MUSTN1",2,1,2,0,1,0,3,2,0,1,1,0
"ZNF595",116,109,93,106,119,110,125,116,106,122,119,135
"DOC2B",2,3,1,3,5,8,2,4,1,2,1,2
"KRTAP10-7",0,0,0,0,0,0,0,0,0,0,0,0
"DCP1A",1481,1435,1410,1527,1388,1540,1465,1256,1006,1237,1245,1143
"SPMIP1",30,25,22,10,16,17,23,19,18,15,24,13
"OR5AL1",0,0,0,0,0,0,0,0,0,0,0,0
"C2orf15",4,2,0,2,0,5,5,0,3,0,5,4
"GRIN2B",1,1,0,0,0,0,0,0,1,0,1,0
"OR52E1",0,0,0,0,0,0,0,0,0,0,0,0
"LYPD4",0,0,0,0,0,0,0,0,1,0,0,0
"NBPF26",80,71,95,101,83,105,109,55,66,82,83,61
"SNURF",36,39,35,21,34,41,39,34,33,39,39,43
"H3-7",46,59,46,71,71,70,48,29,38,36,40,27
"TMEM271",0,0,0,0,0,0,0,0,0,0,0,0
"ZBTB8B",2,0,1,0,0,0,2,1,2,2,0,2
"TBC1D3K",0,0,0,0,0,0,0,0,0,0,0,0
"FOXD4L6",4,1,2,1,0,1,0,0,0,1,0,0
"SPDYE8",0,0,0,0,0,0,0,0,0,0,0,0
"AGBL1",0,0,0,0,0,0,1,0,0,0,1,0
"H4C12",9,10,13,13,4,3,6,3,1,11,13,0
"CWC25",768,714,660,813,743,731,867,775,736,790,796,707
"EPOP",173,137,110,191,161,150,216,147,166,202,213,140
"ZNHIT3",461,424,436,460,489,524,569,697,615,560,647,590
"CT45A7",0,0,0,0,0,0,0,0,0,0,0,0
"H2BC14",1,0,0,1,0,0,0,3,0,3,0,0
"LHX1",0,0,1,0,0,0,0,0,0,0,0,0
"CYFIP1",2070,2025,2083,2226,2118,2501,2572,2168,1948,2073,2022,2027
"GOLGA6L26",0,0,0,0,0,0,0,0,0,0,0,0
"CEACAM20",0,3,0,0,1,0,1,1,0,0,1,0
"H2BC8",163,150,95,181,116,58,129,68,100,126,141,54
"USP27X",72,81,68,68,68,71,122,100,94,97,92,100
"TAF9",1738,1553,1631,1961,1739,1933,1846,1682,1694,1920,2165,1953
"NOL12",206,200,209,194,199,217,250,273,194,198,254,199
"GOLGA6L1",0,0,0,0,0,0,0,0,0,0,0,0
"H3C8",0,4,5,5,10,13,14,13,9,8,5,17
"CASTOR2",113,96,135,85,81,129,147,193,169,161,147,158
"OR4M2",0,0,0,0,0,0,0,0,0,0,0,0
"NATD1",199,227,264,157,187,185,274,256,219,229,242,247
"H2AB1",0,0,0,0,0,0,0,0,0,0,0,0
"ANTXRL",0,0,0,0,0,0,0,0,0,0,0,0
"SOCS7",169,194,191,241,245,263,313,234,216,208,208,211
"TBC1D3H",0,0,0,0,0,0,0,0,0,0,0,0
"GGTLC3",0,0,0,0,0,0,0,0,0,0,0,0
"GAGE13",0,0,0,0,0,0,0,0,0,0,0,0
"ADRA2B",1,0,2,1,0,0,0,2,1,1,0,1
"H2BC6",26,31,12,33,19,8,16,12,13,22,22,8
"ZNF658",32,38,35,48,26,28,52,39,51,39,32,41
"TMEM269",0,3,2,2,0,2,0,0,3,2,2,3
"TPTE",0,0,0,0,0,0,0,0,0,0,0,0
"TBC1D3D",0,0,0,0,0,0,0,0,0,0,0,0
"C8orf89",0,1,0,0,1,0,0,0,0,0,0,1
"TBC1D3",56,45,43,31,41,29,52,37,34,43,50,44
"RCC1L",2074,1790,2048,2131,2026,2180,2542,2376,2460,2294,2471,2091
"SEBOX",0,0,0,0,0,0,0,0,0,0,0,0
"SPDYE10",0,0,0,0,0,0,0,0,0,0,0,0
"DGKK",0,0,0,0,0,0,1,0,0,0,1,1
"RIMBP3B",0,0,0,0,0,0,0,0,0,0,0,0
"H4C6",1,0,0,0,1,1,1,0,0,2,0,0
"H2BC17",2,2,1,3,0,1,3,1,4,2,3,5
"CCL23",9,6,4,3,3,4,19,14,11,10,22,13
"KRTAP7-1",0,0,0,0,0,0,0,0,0,0,0,0
"H3C6",82,62,45,82,62,54,44,40,30,38,72,34
"PRAMEF27",0,0,0,0,0,0,0,0,0,0,0,0
"TBC1D3B",2,2,4,6,2,2,5,4,4,2,3,3
"TBC1D3I",0,1,0,0,0,0,0,0,0,0,0,0
"H2AC12",2,0,2,2,1,2,1,0,1,0,0,0
"ZNF280B",71,52,94,88,57,86,76,67,55,68,72,82
"MLLT6",1840,1838,2238,1619,1555,1794,1971,1760,1520,1651,1451,1595
"TP53TG3E",0,0,0,0,0,0,0,0,0,0,0,0
"PPP4R3B",2223,2201,2348,2381,2214,2605,2602,2048,1995,2144,2160,2344
"SYNRG",1416,1416,1450,1394,1277,1315,1574,1245,1066,1136,1200,1213
"NUDT18",239,214,248,253,243,280,308,361,320,279,333,287
"ZNF2",106,103,88,81,84,101,128,117,124,115,140,113
"GAGE12B",0,0,0,0,0,0,0,0,0,0,0,0
"H4C13",1,1,0,0,0,0,0,0,0,0,1,0
"CCL16",3,2,4,0,0,1,4,13,7,9,6,3
"LENG9",86,78,94,83,78,104,89,102,73,77,99,82
"H2AC15",12,5,3,4,6,7,6,4,5,3,3,2
"CCL4",13,5,3,9,9,0,3,2,0,2,3,0
"PRAG1",1194,1198,1431,1341,1303,1610,1537,1541,1318,1288,1282,1332
"H3C11",1,5,0,3,2,0,0,0,0,0,2,3
"CCL18",0,0,0,0,0,0,0,0,0,0,0,0
"FCGBP",2,2,2,6,3,3,6,4,8,9,5,2
"HNF1B",0,0,0,0,0,0,0,0,0,0,0,0
"SPMAP1",1,0,1,0,1,0,0,0,0,0,1,0
"FAM236A",0,0,0,0,0,0,0,0,0,0,0,0
"GRIFIN",0,0,0,0,0,0,0,0,0,0,0,0
"XKR5",1,0,0,1,0,0,0,0,0,0,0,0
"H4C7",0,0,0,0,0,0,0,0,0,0,0,0
"AATF",1601,1338,1415,1626,1456,1451,1836,1570,1702,1640,1851,1421
"H2BC9",33,33,30,30,34,26,43,41,44,24,54,28
"H3C1",4,10,3,5,8,1,9,6,4,4,8,8
"CCL15",0,1,1,0,0,0,3,2,2,1,2,0
"LYZL6",0,0,0,0,0,0,0,0,0,0,0,0
"HNRNPCL2",0,0,0,0,1,0,0,0,1,0,0,0
"RIMBP3",0,0,0,0,0,0,5,0,1,0,0,0
"ARHGAP23",11142,10739,10855,12893,11698,11690,12185,8438,9748,10651,9959,8828
"TUBGCP5",344,303,325,341,346,332,395,297,339,375,393,353
"PRSS2",9,7,16,4,8,16,18,44,20,23,28,55
"TBC1D3F",0,0,0,0,0,0,0,0,0,0,0,0
"SPATA31A3",0,0,0,0,0,0,0,0,0,0,0,0
"SPDYE11",0,0,0,0,0,0,0,0,0,0,0,0
"DUSP14",1747,1611,1494,2042,1815,1744,2361,1848,2005,2117,2453,1848
"SPATA31A7",0,0,0,0,0,0,0,0,0,0,0,0
"UHRF1",678,593,552,622,527,504,914,697,711,771,732,658
"ORAI1",1279,1079,1119,1192,1116,1111,1260,1087,1099,1095,1360,1063
"CCL4L2",28,25,6,26,14,4,1,1,4,6,11,1
"CCL3L1",5,10,1,11,9,0,3,0,3,4,6,1
"OR13C2",0,0,0,0,0,0,0,0,0,0,0,0
"H4C9",9,2,1,5,4,6,1,2,3,0,1,3
"PIK3R6",0,0,0,0,0,1,0,0,0,1,0,0
"TADA2A",440,398,472,423,399,467,608,607,484,512,562,468
"OR4E1",0,0,0,0,0,0,0,0,0,0,0,0
"PIP4K2B",1994,1794,1979,1782,1615,1769,2604,1981,2077,2067,2026,1990
"H2AC14",2,1,4,2,2,2,4,2,3,2,7,6
"UBE2NL",0,0,0,0,0,0,0,0,1,0,0,0
"CCL14",85,90,99,64,50,94,164,192,124,161,187,231
"H2BC3",0,0,0,0,0,1,1,0,1,0,0,0
"FAM25C",0,0,0,0,0,0,0,0,0,0,0,0
"SPATA31A5",0,0,0,0,0,0,0,0,0,0,0,0
"RAB7B",0,1,0,31,21,30,6,6,5,8,7,3
"DACH1",224,260,396,323,355,559,299,375,316,315,279,388
"PADI6",0,0,0,0,0,0,0,0,0,0,0,0
"H2AC16",7,5,4,2,6,10,3,4,5,5,7,3
"GSTT4",0,0,0,0,0,0,0,0,1,0,0,0
"H4C5",26,14,7,23,18,9,14,21,14,8,16,5
"HNRNPCL3",1,0,0,0,0,0,0,0,0,0,0,0
"H2AC8",54,38,37,73,50,27,43,34,31,33,48,35
"TYW1B",123,111,90,114,93,90,138,84,103,122,109,99
"F8A3",0,0,0,0,1,0,0,0,0,0,0,0
"H4C4",2,1,2,4,4,2,2,3,4,4,2,5
"PIGW",511,503,416,570,465,416,631,449,502,572,595,510
"CCDC92B",0,0,1,0,0,0,0,0,0,0,0,0
"H2BC7",6,10,2,9,7,8,10,3,4,6,3,6
"PCGF2",1530,1464,1557,1400,1371,1590,1803,1871,1564,1726,1748,1633
"GOLGA6L6",0,0,0,0,0,0,0,1,0,0,0,0
"SRCIN1",1,2,2,0,5,2,0,0,0,0,0,1
"GPR179",1,0,0,0,0,0,0,0,0,0,1,0
"MARCKS",13120,11960,11998,10754,10648,11445,15972,14784,14700,14065,15109,13351
"ZNF670",158,144,113,118,142,97,167,124,136,140,163,152
"PKD1L3",0,0,0,0,0,1,0,0,0,0,0,0
"GPIHBP1",6,7,8,2,1,4,7,16,8,10,7,9
"PNMA8C",0,0,1,0,0,0,0,0,1,0,0,0
"CT47C1",0,0,0,2,0,0,0,0,0,0,0,0
"OR13C5",0,0,0,0,0,0,0,0,0,0,0,0
"NEFL",2,1,0,1,0,0,0,2,0,1,0,1
"CCL3",24,8,3,21,9,0,4,2,3,10,16,0
"CHD9NB",47,54,51,41,39,47,63,55,56,57,48,51
"H2AB3",0,0,0,0,0,0,0,0,0,0,0,0
"SYT15B",0,0,0,0,0,0,1,1,0,0,0,0
"H3C7",6,0,4,2,6,0,1,3,5,0,9,3
"PSMB3",3203,2535,2689,3156,2992,3006,3936,4817,3863,3703,4500,3328
"H2AB2",0,0,0,0,0,0,0,0,0,0,0,0
"GOLGA6L22",0,0,0,0,0,0,0,0,0,0,0,0
"SRD5A2",0,0,1,1,0,0,0,0,0,0,1,0
"OR52E5",0,1,0,0,0,0,0,0,0,0,0,0
"CISD3",401,358,368,406,355,428,403,564,463,391,501,434
"RDM1",0,0,0,0,0,0,1,3,1,1,0,2
"DDX52",2011,1861,2036,1873,1818,1849,2401,1930,1961,2199,2208,2079
"TEX28",0,0,0,0,0,0,0,0,0,0,0,0
"CT45A8",0,0,0,0,0,0,0,0,0,0,0,0
"ZNF8",101,66,72,54,74,58,107,79,65,80,68,76
"SSTR3",0,1,0,1,2,0,0,0,0,0,4,1
"PRICKLE4",12,19,14,12,6,6,8,15,11,15,8,8
"MYO19",1991,1799,1808,1972,1883,1796,2063,1561,1580,1788,1666,1525
"CT45A6",0,0,0,0,0,0,0,0,0,0,0,0
"TBC1D3C",0,0,0,0,0,0,0,0,0,0,0,0
"GGNBP2",1846,1764,1760,2034,2031,1955,1991,1833,1679,1832,1802,1692
"ZNF229",246,227,250,284,224,234,280,186,184,237,198,194
"H2AC4",2,1,1,0,0,0,1,0,0,2,4,2
"C17orf78",0,0,0,0,0,0,0,0,0,0,0,0
"POTEB3",0,0,0,0,0,0,0,1,0,0,0,0
"DHRS11",118,90,146,128,109,154,140,152,115,130,106,113
"ACACA",3492,3419,4135,3362,3325,3797,4275,3066,2914,3037,2712,3181
"TMEM191B",0,0,1,0,0,2,0,2,0,3,1,0
"NR2E3",9,9,4,7,2,7,9,3,1,3,5,5
"H2BC10",1,2,0,2,1,1,2,2,0,2,2,4
"TBC1D3E",1,0,0,0,0,0,0,0,0,0,0,0
"C11orf98",259,254,245,289,318,319,353,400,333,345,432,320
"MRM1",90,79,74,97,70,85,133,122,110,110,128,116
"H4C1",1,0,0,0,0,0,1,0,3,2,4,0
"H2AC17",4,2,3,4,3,3,9,3,2,3,2,5
"IQCA1L",1,0,1,1,1,0,2,0,0,1,2,0
"H4C2",9,2,2,2,2,1,0,1,0,1,2,0
"PWWP4",0,0,0,0,0,0,0,0,0,0,0,0
"H3C10",55,54,32,39,34,28,53,40,35,43,45,32
"MRPL45",905,779,837,921,849,895,1186,1262,1091,1217,1238,1143
"TP53TG3F",0,0,0,0,0,0,0,0,0,0,0,0
"OR51G1",0,0,0,0,0,0,0,0,0,0,0,0
"OR2S2",0,0,0,0,0,0,0,0,0,0,0,0
"OR10A6",0,0,0,0,0,0,0,0,0,0,0,0
"OR51B2",0,0,0,0,0,0,0,0,0,0,0,0
"OR6Q1",0,0,0,0,0,0,0,0,0,0,0,0
"OR10X1",0,0,0,0,0,0,0,0,0,0,0,0
"OR8D2",0,0,0,0,0,0,0,0,0,0,0,0
"PRAMEF13",0,0,0,0,0,0,0,0,0,0,0,0
"TSTD3",78,67,72,83,71,54,74,96,65,62,74,76
"OR2L8",0,0,0,0,0,0,0,0,0,0,0,0
"OR52R1",0,0,0,0,0,0,0,0,0,0,0,0
"OR2T11",0,0,0,0,0,0,0,0,0,0,0,0
"OR5L1",0,0,0,0,0,0,0,0,0,0,0,0
"OR4N4C",0,0,0,0,0,0,0,0,0,0,0,0
"OR2AG1",0,0,0,0,0,0,0,0,0,0,0,0
"OR4C16",0,0,0,0,0,0,0,0,0,0,0,0
"OR5D13",0,0,0,0,0,0,0,0,0,0,0,0
"PPIAL4F",0,0,0,0,0,0,0,1,0,0,0,0
"PRAMEF18",0,0,0,0,0,0,0,0,0,0,0,0
"OR8U3",0,0,0,0,0,0,0,0,0,0,0,0
"OR51F1",0,0,0,0,0,0,0,0,0,0,0,0
"OR8B4",0,0,0,0,0,0,0,0,0,0,0,0
"OR1B1",0,1,1,1,0,0,0,0,0,0,0,0
"OR1S1",0,0,0,0,0,0,0,0,0,0,0,0
"OR12D2",0,0,0,0,0,0,0,0,0,0,0,0
"PRAMEF26",0,0,0,0,0,0,0,0,0,0,0,0
"OR8K3",0,0,0,0,0,0,0,0,0,0,0,0
"CCDC163",50,54,67,62,87,84,50,49,50,40,65,41
"PAGR1",389,334,361,446,448,448,532,525,456,471,502,435
"RPS4Y2",0,0,0,0,0,0,0,0,0,0,1,0
"TMEM272",0,0,0,0,0,0,0,0,0,0,0,0
"BLACAT1",1,0,1,0,0,1,1,0,0,0,0,0
"TMEM265",0,0,1,0,0,0,0,0,1,0,0,0
"TEX13D",0,0,0,0,0,0,0,0,1,0,0,0
"ADORA3",1,0,1,1,1,0,2,2,2,1,0,0
"DUXB",0,0,0,0,0,0,1,0,0,0,1,0
"TEX13C",0,0,0,0,0,0,0,0,0,0,0,0
"C1orf232",0,0,0,0,0,1,0,1,0,0,0,0
"TMEM275",0,0,0,0,0,0,0,0,0,0,0,0
"KLF18",0,0,0,0,0,0,0,0,0,0,0,0
"LBHD2",0,0,0,0,0,1,0,0,0,0,0,0
"CENPVL2",0,0,0,0,0,0,0,0,0,0,0,0
"C13orf46",88,105,93,107,89,94,61,41,37,45,42,48
"SPRR5",0,0,0,0,0,0,0,0,0,0,0,0
"CCDC201",0,0,0,0,0,0,0,0,0,0,0,0
"FAM237B",0,0,0,0,0,0,0,0,0,0,0,0
"TEX54",2,0,0,0,0,0,0,0,0,0,1,0
"SMIM33",0,0,0,1,0,0,0,0,0,0,0,0
"TEX52",0,0,0,0,0,0,0,0,0,0,0,0
"CTXND2",0,0,0,1,0,0,0,0,0,0,0,0
"FAM240B",0,0,0,0,1,0,0,0,0,0,0,0
"CFAP97D2",2,2,0,0,2,0,0,0,0,0,0,0
"CCDC195",0,0,0,0,1,0,0,0,0,0,0,0
"SPEM3",0,0,0,0,0,0,0,0,0,0,1,0
"HSFX4",0,0,0,0,0,0,0,0,0,0,0,0
"FAM240A",0,0,0,0,0,0,0,0,0,0,0,0
"LITAFD",0,0,0,0,0,0,0,0,0,0,0,0
"PRRT1B",0,0,0,0,0,0,0,0,0,0,0,0
"C19orf85",0,0,0,0,0,0,0,0,0,0,0,0
"FAM236C",0,0,0,0,0,0,0,0,0,0,0,0
"EXOC3L2",7,8,11,8,4,13,19,17,10,11,11,11
"ETDC",0,0,0,0,0,0,0,0,0,0,0,0
"CIROP",0,0,0,0,0,0,0,0,0,0,0,0
"MYOCOS",5,1,1,0,2,2,1,1,2,0,1,1
"HSFX3",0,0,0,0,0,0,0,0,0,0,0,0
"VSIG10L2",0,0,0,0,0,0,0,0,0,0,0,0
"PRSS50",0,0,0,0,0,0,0,0,0,0,0,0
"TAF11L11",0,0,0,0,0,0,0,0,0,0,0,0
"CPHXL",1,0,0,1,0,0,0,0,0,0,0,0
"PMIS2",0,0,0,0,0,0,0,0,0,0,0,0
"TAF11L13",0,0,0,0,0,0,0,0,0,0,0,0
"PRR33",0,0,0,0,0,0,0,0,0,0,0,0
"SSU72L4",0,0,0,0,0,0,0,0,0,0,0,0
"TAF11L8",0,0,0,0,0,0,0,0,0,0,0,0
"GNG14",0,0,0,0,0,0,0,0,0,0,0,0
"TAF11L9",0,0,0,0,0,0,0,0,0,0,0,0
"SLURP2",0,0,0,0,0,0,0,0,0,0,0,0
"SSU72L5",0,0,0,0,0,0,0,0,0,0,0,0
"MSANTD7",663,571,540,717,694,614,743,466,538,628,659,543
"TAF11L6",0,0,0,0,0,0,0,0,0,0,0,0
"C1orf202",1,0,0,1,0,2,2,1,0,2,1,0
"SCO2",471,405,435,495,490,492,627,578,583,529,697,498
"CCNYL1B",0,0,0,0,0,0,0,0,0,0,0,0
"TAF11L5",0,0,0,0,0,0,0,0,0,0,0,0
"TAF11L4",0,0,0,0,0,0,0,0,0,0,0,0
"SSU72L2",0,0,0,0,0,0,0,0,0,0,0,0
"C2orf81",3,0,3,1,2,2,0,2,1,1,2,3
"TAF11L10",0,0,0,0,0,0,0,0,0,0,0,0
"TAF11L2",0,0,0,0,0,0,0,0,0,0,0,0
"PERCC1",0,0,0,0,0,0,0,0,0,0,0,0
"SSU72L1",0,0,0,0,0,0,0,0,0,0,0,0
"TAF11L3",0,0,0,0,0,0,0,0,0,0,0,0
"TAF11L7",0,0,0,0,0,0,0,0,0,0,0,0
"SMIM39",0,0,0,0,0,0,0,0,0,0,0,0
"CPHXL2",0,0,0,0,0,0,0,0,0,0,0,0
"THSD8",6,12,8,7,1,8,8,4,12,17,8,8
"SSU72L3",0,0,0,0,0,0,0,0,0,0,0,0
"OR8B3",0,0,0,0,0,0,0,0,0,0,0,0
"SCYGR10",0,0,0,0,0,0,0,0,0,0,0,0
"SCYGR1",0,0,0,0,0,0,0,0,0,0,0,0
"SCYGR4",0,0,0,0,0,0,0,0,0,0,0,0
"SCYGR8",0,0,0,0,0,0,0,0,0,0,0,0
"SMIM44",0,1,0,0,0,0,0,0,0,0,1,0
"SCYGR2",0,0,0,0,2,0,0,0,0,0,0,0
"OR4F16",0,0,0,0,0,0,0,0,0,0,0,0
"SCYGR5",0,0,0,0,0,1,0,0,0,0,0,0
"OR8B2",0,0,0,0,0,0,0,0,0,0,0,0
"CD300H",0,0,0,0,0,0,0,0,0,0,1,0
"TMEM247",0,0,0,0,0,0,0,0,0,0,0,0
"SCYGR3",0,0,0,0,0,0,0,0,0,0,0,0
"SMIM38",0,2,2,3,1,2,2,1,0,0,0,0
"SCYGR7",0,0,0,0,0,0,0,0,0,0,0,0
"OR8S1",0,0,0,0,0,0,0,0,0,0,0,0
"SCYGR6",0,0,0,0,0,0,0,0,0,0,0,0
"TMDD1",3,2,1,4,3,3,2,5,2,6,4,6
"OR4F29",0,0,0,0,0,0,0,0,0,0,0,0
"EEF1AKMT4",58,39,54,59,68,62,76,77,75,92,104,75
"TBCE",64,52,36,60,58,49,46,56,43,52,56,40
"SMIM41",0,0,3,0,1,0,0,0,0,0,0,0
"CIST1",0,0,0,0,0,0,0,0,0,0,0,0
"TOMT",0,0,0,0,0,0,1,0,0,0,0,0
"CCDC39",0,0,0,1,0,2,0,0,0,1,2,1
"OOSP1",1,1,0,1,1,2,1,0,2,0,0,0
"UPK3BL2",0,0,0,0,1,1,0,0,0,0,0,0
"OOSP4A",0,0,0,0,1,0,0,0,0,0,0,0
"ARHGAP11B",101,106,94,62,78,67,107,104,110,153,84,92
"OOSP3",4,3,2,2,0,2,2,6,3,2,2,2
"POLR2J3",9,8,4,6,5,7,4,6,1,2,1,3
"H2BK1",7,3,2,4,0,5,1,2,2,0,1,1
"FAM90A9",0,0,0,0,0,0,0,0,0,0,0,0
"FAM90A16",0,0,0,0,0,0,0,0,0,0,0,0
"FAM90A19",0,0,0,0,0,0,0,0,0,0,0,0
"FAM90A22",0,0,0,0,0,0,0,0,0,0,0,0
"FAM90A17",0,0,0,0,0,0,0,0,0,0,0,0
"FAM90A23",0,0,0,0,0,0,0,0,0,0,0,0
"FAM90A14",0,0,0,0,0,0,0,0,0,0,0,0
"MSANTD5",0,0,0,0,0,0,0,0,0,0,0,0
"FAM90A18",0,0,0,0,0,0,0,0,0,0,0,0
"FAM90A8",0,0,0,0,0,0,0,0,0,0,0,0
"LCE7A",0,0,0,0,0,0,0,0,0,0,0,0
"FAM90A10",0,0,0,0,0,0,0,0,0,0,0,0
"FAM90A7",0,0,0,0,0,0,0,0,0,0,0,0
"SPDYE15",0,0,0,0,0,0,0,0,0,0,0,0
"NOTCH2NLB",10,9,9,16,9,22,20,15,18,18,27,9
"FAM246C",0,0,0,0,0,0,0,0,0,0,0,0
"SPDYE13",0,0,0,0,0,0,0,0,0,0,0,0
"ASDURF",6,5,0,3,4,8,5,4,4,3,5,3
"SMIM10L3",0,0,0,0,0,0,0,0,0,0,0,0
"SPEGNB",1,1,0,0,2,2,0,2,3,1,1,0
"FAM246A",0,0,0,0,0,0,0,0,0,0,0,0
"TMEM217B",0,0,0,0,0,0,0,0,0,0,0,0
"NOTCH2NLR",1,0,0,2,0,1,0,1,0,0,2,1
"SPADH",0,0,0,0,0,0,0,0,0,0,0,0
"SPDYE14",0,0,0,0,0,0,0,0,0,0,0,0
"DERPC",6,6,4,3,4,6,4,3,2,5,5,6
"FAM246B",0,0,0,0,0,0,0,0,0,0,0,0
"NOTCH2NLC",0,0,0,2,4,1,1,3,0,0,0,0
"H3C2",3,5,3,5,3,1,5,1,3,3,4,8
"SMIM40",0,0,0,0,0,0,0,0,0,0,0,0
"H3C3",6,0,8,10,7,3,11,7,2,5,5,7
"CIMIP3",0,0,0,0,0,0,0,1,0,0,0,0
"SMIM42",0,0,0,0,0,0,0,0,0,0,0,0
"NPBWR1",5,6,5,13,8,7,13,8,6,11,9,7
"ACTL10",57,37,45,51,50,44,63,58,48,47,53,41
"RNF228",0,0,0,34,44,60,0,0,1,1,7,6
"PANO1",46,40,47,46,38,45,46,61,43,56,48,40
"HRURF",0,0,0,0,0,0,0,0,0,0,0,0
"PRRC2B",6321,5858,6237,6018,5686,6077,8269,5952,6148,6395,5813,6366
"F8A2",1,0,0,0,0,0,1,1,0,0,0,0
"F8A1",92,71,79,100,111,96,121,123,115,90,98,95
