"gene","X1.4hr.Con.1.y","X2.4hr.CA.1","X3.4hr.ABA.1","X4.4hr.ABTAA.1","X5.4hr.Con.2","X6.4hr.CA1.2","X7.4hr.ABA.2","X8.4hr.ABTAA.2"
"A1BG",0,0,0.381893,0.087446,0.393596,0,0.309152,0.659691
"A1CF",0,0.00724729,0,0,0,0,0,0
"A2M",1.28661,1.42247,1.02874,1.473,1.26607,1.61722,0.903508,1.54862
"A2ML1",0,0,0,0,0,0,0,0
"A4GALT",2.42927,1.6697,1.9864,1.58176,2.69924,1.28464,2.22934,1.47912
"A4GNT",0,0.127028,0,0,0,0,0,0.039727
"AAAS",41.0072,40.4384,43.8059,43.2113,42.4147,49.5122,41.6591,39.2243
"AACS",4.164,4.21506,4.07227,5.3955,5.06691,4.44466,4.41759,4.17572
"AADAC",0,0,0,0,0.0927261,0,0,0
"AADACL2",0,0,0,0,0,0,0,0
"AADACL3",0,0,0,0,0,0,0,0
"AADACL4",0,0,0,0,0,0,0,0
"AADAT",2.85309,1.46509,1.68748,2.36038,1.94845,2.6608,1.21706,2.71974
"AAGAB",12.5841,16.277,14.2607,14.0242,11.4436,13.4942,12.5477,14.0054
"AAK1",22.5841,22.4326,24.0861,20.5466,24.2007,22.7321,25.8606,22.9756
"AAMP",14.2942,12.9845,16.1445,12.8107,14.5651,17.1948,14.8236,12.8641
"AANAT",0,0,0,0,0,0,0,0
"AARS2",3.19498,3.01041,2.97894,3.12415,3.68307,4.27084,3.47229,3.91127
"AARSD1",7.49545,6.1748,4.52377,6.21435,4.45498,5.50661,5.45187,4.69538
"AASDH",0.354317,0.664786,0.674522,1.11017,0.325253,0.260502,0.540651,0.445965
"AASDHPPT",9.16906,11.0173,9.945,9.19376,9.7063,8.88735,9.36023,9.37107
"AASS",11.2524,9.98603,10.0961,7.64174,10.9989,7.39466,11.811,10.6435
"AATF",9.53865,8.61564,9.67623,10.2589,10.0381,9.76547,7.67445,8.39066
"AATK",0.113361,0.404717,0.113869,0.161784,0.152706,0.395987,0.041817,0.188778
"ABAT",0.894455,1.12445,0.791345,0.918838,0.986285,0.89219,0.517178,0.92053
"ABCA1",1.51956,0.654041,0.800704,1.32276,1.61625,0.295782,1.34731,1.07253
"ABCA12",0.00779899,0,0.00782101,0.0285711,0,0.0407391,0.0258868,0.0155671
"ABCA13",0.00723341,0.0193617,0.0108654,0,0,0.00711055,0.0359999,0.00360574
"ABCA2",3.23724,4.12859,3.6626,4.61662,3.66404,4.82,3.59829,4.30567
"ABCA3",4.18636,4.24775,4.28719,4.47731,6.22888,5.05714,4.7383,3.90813
"ABCA4",1.56329,1.31613,1.27631,1.0204,1.57746,1.5363,1.78862,1.8317
"ABCA6",4.03832,3.25871,4.83051,2.65009,5.39336,3.06604,4.91519,4.90217
"ABCA7",2.43212,2.03798,1.80186,2.8696,2.65477,3.14408,2.91788,2.4533
"ABCA8",7.01252,6.99778,6.60577,6.90477,6.90841,5.87749,7.05829,8.24727
"ABCA9",1.40425,0.766211,0.903244,1.12238,1.18915,1.01385,1.44729,1.11245
"ABCB1",0.0272816,0,0,0,0.0709245,0,0,0.0136327
"ABCB10",5.27991,4.03293,5.16194,4.56828,4.28777,4.7385,4.13372,3.99212
"ABCB11",0,0.0432618,0,0.0741397,0.0280011,0,0.0149033,0.0269112
"ABCB4",0,0.0182115,0,0.0156225,0,0.0333978,0.0188239,0
"ABCB5",0,0,0.0413054,0,0,0,0,0
"ABCB6",2.06443,1.28859,0.971137,2.51412,1.63406,2.57275,1.3853,1.76233
"ABCB7",5.36014,4.45164,4.38145,4.90045,5.44066,5.04484,4.93134,4.74913
"ABCB8",7.11109,7.07588,8.38724,10.7771,8.92914,10.3783,7.73625,9.02921
"ABCB9",2.7016,2.77706,2.10578,2.81823,2.55006,3.12393,2.24267,2.7049
"ABCC1",46.3392,57.403,53.6323,64.8625,55.9786,66.9821,45.1878,63.3496
"ABCC10",3.45534,3.87415,3.38598,4.06585,4.49676,5.17384,4.46831,4.30649
"ABCC11",0,0,0,0,0,0.0141953,0.0159992,0
"ABCC12",0,0,0,0,0,0,0,0
"ABCC2",0.331034,0.426229,0.531862,0.371969,0.474347,0.569662,0.619883,0.630148
"ABCC3",0.110399,0.118333,0.0372679,0.137203,0.0385233,0.216304,0.243812,0.110592
"ABCC4",3.53612,4.67154,3.59332,5.05816,3.77649,4.21178,3.99445,5.27802
"ABCC5",8.465,7.99279,7.08686,7.14218,7.15544,9.24794,6.73629,7.93292
"ABCC6",0.122595,0.0402407,0,0.234524,0.0130198,0,0.136947,0.125862
"ABCC8",0,0,0,0,0,0,0,0
"ABCC9",0.787237,0.956473,0.766628,0.790218,1.0451,0.900121,1.12219,1.1633
"ABCD1",7.09275,6.9392,6.33468,9.98244,9.05227,11.195,6.60471,6.94873
"ABCD2",0,0,0,0,0,0,0,0
"ABCD3",18.7202,21.5332,20.9147,20.3781,14.0969,17.3434,20.3376,21.7323
"ABCD4",6.2127,5.95881,5.48488,7.35815,7.52037,6.67669,7.4333,7.18192
"ABCE1",28.6239,29.656,30.0949,27.2296,27.2659,26.3012,31.0814,26.5772
"ABCF1",0,0,0,0,0,0,0,0
"ABCF2",32.3685,31.656,33.8401,35.8513,32.7658,30.885,27.929,32.6194
"ABCF3",9.48659,9.71795,6.5481,8.65107,8.48595,9.28562,8.66344,8.87408
"ABCG1",1.88027,1.75075,1.55168,1.77248,1.70075,1.27035,1.75372,1.93657
"ABCG2",1.02533,1.03156,0.811368,1.22504,1.18857,1.0223,0.870949,1.10989
"ABCG4",0.399105,0.223339,0.286183,0.644916,0.315836,0.514977,0.340435,0.362115
"ABCG5",0,0.0521276,0,0,0,0,0,0.0487507
"ABCG8",0,0,0,0,0,0,0,0
"ABHD1",0.0998997,0.107127,0.0508132,0.278828,0.0524888,0,0,0.050366
"ABHD10",8.32005,8.03394,7.79441,8.82019,6.88667,6.44204,7.39712,7.90323
"ABHD11",4.97461,5.35841,5.094,5.42068,4.92922,6.20731,5.26126,5.23246
"ABHD12",23.2489,27.2918,23.8911,22.4253,24.8549,31.6168,37.0962,22.6293
"ABHD12B",0.0487175,0,0,0,0.102354,0,0.0540846,0.0491088
"ABHD13",2.12408,1.9388,1.87862,1.8155,1.71858,1.4821,1.97684,1.71207
"ABHD14B",38.6855,33.5924,36.4271,36.4741,34.5324,36.7087,34.8675,34.4595
"ABHD15",1.64287,1.50851,1.69345,1.78944,1.87429,1.84959,1.77609,1.60513
"ABHD16A",0,0,0,0,0,0,0,0
"ABHD16B",0.629972,0.886341,0.838098,1.24052,0.989958,1.69886,1.26661,1.18795
"ABHD2",14.024,14.7462,15.2092,16.183,14.6917,14.1262,14.9021,17.7379
"ABHD3",4.80165,4.58238,4.94342,6.17901,6.78479,4.27291,2.77754,3.17177
"ABHD4",53.6794,40.1379,45.619,44.4108,45.3972,48.7472,45.4063,42.0522
"ABHD5",1.94154,1.95793,2.10298,1.91631,1.80891,1.87335,2.2349,1.47105
"ABHD6",3.91286,2.79074,3.63432,3.93971,3.86973,3.62492,3.55322,3.02538
"ABHD8",5.73703,4.5613,4.61809,6.0726,4.22442,4.61977,4.26943,4.23081
"ABI1",31.4449,26.321,30.6711,25.2559,30.4794,23.2243,28.2593,25.5701
"ABI2",21.3978,20.495,21.1725,22.3452,24.7018,22.0608,23.1973,24.5168
"ABI3",21.3926,26.0838,19.5851,31.7874,24.6655,34.8094,20.3208,21.7905
"ABI3BP",61.0662,53.7873,67.8686,59.7947,63.5825,47.5835,75.5005,64.9951
"ABL1",33.3858,34.1847,35.6418,38.7423,37.6381,38.1226,35.9223,35.3199
"ABL2",14.1394,14.866,15.383,13.5479,14.9854,12.4057,16.5197,15.1572
"ABLIM1",71.1402,59.9413,81.5932,60.7212,74.9021,55.3134,84.2018,67.2049
"ABLIM2",0.286052,0.0414315,0.133457,0.071938,0.0201309,0.205397,0.19014,0.0260695
"ABLIM3",19.5939,21.4215,18.2203,21.9883,20.7622,22.9725,17.982,19.7651
"ABO",0,0,0,0,0,0,0,0
"ABR",20.3227,20.7749,20.3025,23.5272,23.3219,22.4604,22.4765,21.9254
"ABRA",0.024192,0,0,0,0,0,0,0
"ABT1",8.42974,8.77637,8.94167,8.03348,8.61927,8.71323,7.24883,8.00695
"ABTB1",2.45198,1.60508,2.2857,2.51863,2.45906,2.55422,1.9741,2.00822
"ABTB2",0.450206,0.482454,0.545863,0.609738,0.439016,0.647921,0.332678,0.572207
"ACAA1",7.82906,8.63557,8.99044,11.1797,8.47261,8.28138,8.29244,8.63875
"ACAA2",22.3565,23.0735,21.93,23.4725,19.8695,21.9924,22.2306,23.0028
"ACACA",6.30365,7.41884,5.91482,7.42096,6.88179,7.49093,6.50965,7.20648
"ACACB",0.251386,0.230354,0.267274,0.410533,0.20449,0.236413,0.376611,0.340097
"ACAD10",2.88693,3.64249,2.86528,2.66612,2.89801,3.07557,2.88175,3.50605
"ACAD8",7.5833,8.30232,5.58047,6.81741,7.90821,5.82567,6.13255,7.51292
"ACAD9",15.2038,15.663,14.0608,18.2325,14.9555,16.0955,13.7675,14.1014
"ACADL",0,0,0,0,0,0,0,0
"ACADM",6.10453,6.87578,5.63074,5.6804,4.75852,4.16638,4.8002,5.63548
"ACADS",1.44427,1.2337,0.877382,0.886255,0.361607,1.25816,1.58489,0.579125
"ACADSB",4.42499,3.69676,3.93421,3.86913,4.12231,3.80731,4.21726,4.02885
"ACADVL",21.2679,21.3753,17.9414,24.8243,21.1458,23.7168,20.0546,20.3072
"ACAN",0.0221095,0.0473525,0.0147783,0.0134958,0.0765053,0,0.0163061,0.00735271
"ACAP1",0,0.0574122,0,0.0494179,0,0,0,0
"ACAP2",7.1145,6.26129,7.37778,5.82069,7.83263,5.6693,7.42108,7.43716
"ACAP3",3.36979,2.55729,2.86938,3.41299,3.74901,4.46207,3.33599,3.47161
"ACAT1",7.39624,7.58341,8.4494,8.34399,7.56467,6.37697,7.41859,6.62153
"ACAT2",23.5768,20.1119,22.844,16.193,17.8916,18.1402,17.2767,21.551
"ACBD3",10.7816,8.86192,10.2963,9.08816,9.97733,8.43168,11.6272,10.5943
"ACBD4",5.0903,3.90835,3.9547,3.88914,3.81467,6.54287,4.53254,3.79946
"ACBD5",2.67391,2.7112,2.6605,1.63101,2.22349,1.93703,2.21927,2.35103
"ACBD6",12.1542,11.5254,10.2896,13.6442,11.0926,11.5709,11.4425,10.0725
"ACBD7",2.90027,2.46051,3.46866,3.58073,3.00073,2.63768,3.44899,2.62993
"ACCS",3.50217,2.4639,3.24589,3.14956,4.60281,4.48792,2.70723,3.51572
"ACCSL",0,0,0,0,0,0,0,0
"ACD",12.5309,10.5859,10.1089,12.2268,11.5254,12.686,10.8879,9.07678
"ACE",14.3144,16.5653,15.818,19.9684,18.9361,19.1498,15.9806,16.0415
"ACE2",0.0373084,0.0199828,0.0187756,0.188681,0.0194263,0.0183186,0,0.0373319
"ACER1",0,0,0,0.0660949,0,0,0,0
"ACER2",3.68915,3.99638,3.8624,2.98118,3.68751,2.86597,4.5014,3.83086
"ACER3",7.53871,7.7266,7.86825,7.64135,7.85065,7.42044,8.02864,7.7419
"ACHE",0.247879,0.185911,0.150006,0.022843,0,0.219909,0,0.198732
"ACIN1",68.4254,70.211,74.8692,76.6594,79.3337,82.7005,73.7775,69.5013
"ACLY",102.054,91.9465,103.846,105.816,107.221,96.6057,103.684,92.1033
"ACMSD",0,0,0,0,0,0,0,0
"ACO1",37.7796,37.5673,38.6014,36.313,37.9644,35.187,39.2429,35.0652
"ACO2",21.9795,20.7648,20.3902,23.7243,23.538,22.2468,20.5838,20.9773
"ACOT1",0.664345,0.189939,0.0899362,0.370058,0.418183,0.607837,0.1966,0.222983
"ACOT11",0.288235,0.797494,0.553748,0.734405,0.213532,0.915997,0.229295,0.414556
"ACOT12",0.103917,0,0,0,0,0,0,0
"ACOT13",3.37881,3.47084,2.77489,3.21368,2.34934,3.01464,3.1988,3.40538
"ACOT2",2.99458,3.27066,3.16074,3.02239,4.39474,2.88363,2.67355,2.43144
"ACOT4",0.26029,0,0.0440325,0,0.136501,0.127588,0.0481388,0.087345
"ACOT6",0,0,0,0,0,0,0,0
"ACOT7",28.6932,33.0558,28.9991,32.388,26.576,31.5579,24.8763,25.6918
"ACOT8",0.46733,0.810591,0.695184,0.655673,0.858341,0.720964,1.08459,0.913761
"ACOT9",34.0133,30.6973,31.9968,31.2613,28.0462,27.4032,29.3194,30.8851
"ACOX1",8.78699,7.8385,8.7914,7.59028,8.94952,8.31142,8.42582,9.08062
"ACOX2",1.6984,1.60665,0.960333,1.50124,1.07962,2.06777,1.08866,1.87101
"ACOX3",10.7006,14.5171,13.2422,11.7544,11.7897,12.4893,13.2233,12.1839
"ACOXL",0,0,0,0,0,0,0,0
"ACP1",48.666,54.1517,55.4779,44.1637,43.6493,45.4602,51.3407,48.6139
"ACP2",19.2882,18.8151,16.329,21.2538,20.7214,21.3485,16.0638,19.2011
"ACP5",0.488359,0.523671,0.744923,0.408742,0.461716,1.34006,0.704812,0.590754
"ACP6",5.01554,6.66081,4.92302,5.80713,5.89376,6.01632,4.74524,5.50946
"ACR",0.48002,0.429039,1.19295,0.486375,0.83844,0.878371,0.586964,0.534357
"ACRBP",1.26545,1.33258,1.28162,2.04832,1.52907,1.86916,1.66396,1.2916
"ACRV1",0,0,0,0,0.0719872,0.0666936,0,0
"ACSBG1",0.0222659,0,0,0.0205023,0.0929723,0.043724,0,0.0669583
"ACSBG2",0,0.0263566,0,0,0,0.024147,0,0
"ACSF2",6.72084,6.86427,6.96934,9.11181,6.22871,7.44738,5.99449,6.23818
"ACSF3",2.30174,2.89767,3.29659,3.00126,3.191,3.44799,2.9144,2.33037
"ACSL1",5.94885,7.81886,6.10587,6.46831,6.23926,6.53721,6.43045,6.40345
"ACSL3",6.29887,6.16372,6.25123,5.20641,5.44939,5.58278,6.56852,6.10944
"ACSL4",19.0562,15.7488,20.7268,16.1117,17.735,13.5774,20.8616,16.5159
"ACSL5",2.30872,2.86006,2.23569,2.7355,1.90978,2.84323,1.9152,2.93923
"ACSL6",0.0403211,0,0.0202294,0.00923432,0.0104668,0.00989974,0,0
"ACSM1",16.1541,9.56548,18.467,9.34294,16.6124,8.34448,20.6779,9.01165
"ACSM2A",0,0,0,0,0,0,0,0.0447529
"ACSM2B",0,0,0,0,0,0,0,0
"ACSM3",4.53298,1.69412,5.25835,1.38902,3.5854,1.67259,5.50164,2.56584
"ACSM4",0,0.086242,0.0407884,0,0,0.0394433,0,0
"ACSM5",0,0,0,0,0,0,0,0
"ACSS1",0.746974,0.600229,0.902308,0.440222,0.849746,0.476983,0.726795,0.392341
"ACSS2",20.8783,23.6534,22.4381,23.9488,22.4327,21.7906,19.9587,20.5082
"ACSS3",0,0.0233494,0.0878396,0,0,0.021398,0.0482821,0
"ACTA1",0.240735,0.103254,0.195796,0.223818,0.202272,0.0471859,0,0.0485266
"ACTA2",13.3043,12.3082,11.9935,13.3276,12.7711,14.4523,10.6494,12.5655
"ACTB",9216.36,10086.6,10582.7,9394.77,12021.2,10606.6,9549.68,8219.92
"ACTBL2",0.0238164,0,0,0,0.024839,0,0,0
"ACTC1",0,0,0,0,0,0.0173394,0,0
"ACTG1",3955.42,3427.48,3902.64,3560.54,4288.56,3687.74,3720.89,3518.95
"ACTG2",0,0,0,0,0,0.0610265,0,0
"ACTL10",0.169465,0.145301,0.137162,0.031343,0.141803,0.0332486,0.112739,0.272327
"ACTL6A",20.4206,19.2049,21.2537,17.5364,16.484,17.4697,17.8972,19.5946
"ACTL6B",0,0,0,0,0,0,0,0
"ACTL7A",0,0,0,0,0,0,0,0
"ACTL7B",0,0,0,0,0,0,0,0
"ACTL8",0.112011,0,0.113457,0,0,0,0,0.0375315
"ACTL9",0,0,0,0,0,0,0,0
"ACTN1",253.818,245.723,255.684,253.82,266.959,259.278,257.806,257.685
"ACTN2",0.185064,0.167721,0.0858416,0.091479,0.118449,0.0419513,0.110308,0.0996051
"ACTN3",0.023248,0.0747227,0.0703072,0,0.0727265,0.0912902,0.0257539,0.0698661
"ACTN4",144.86,137.878,151.31,142.768,152.619,146.392,148.75,129.411
"ACTR10",22.6996,22.2198,24.3185,20.4241,20.367,20.3557,20.7872,19.5166
"ACTR1A",152.692,155.644,161.399,157.333,158.127,146.22,154.304,145.92
"ACTR1B",12.2012,12.4793,12.3138,12.2383,12.0285,14.5073,11.8982,11.6376
"ACTR2",59.2104,62.7812,63.6111,52.8277,55.3824,47.5602,56.1635,57.5994
"ACTR3",122.711,115.015,132.226,106.644,125.922,91.6519,97.6143,106.037
"ACTR3B",5.18761,3.91499,3.87803,3.96969,3.42739,3.2207,3.29761,4.8766
"ACTR3C",0,0,0,0.0572488,0,0.056511,0,0.0619448
"ACTR5",2.14357,2.61671,2.52907,2.6773,2.39035,3.02153,2.45393,2.01808
"ACTR6",1.93873,1.98471,1.59287,2.39324,2.22541,1.80696,1.75777,2.13397
"ACTR8",13.2394,13.2659,11.2738,12.4172,14.0868,12.3921,12.3388,12.4344
"ACTRT1",0,0,0,0,0,0.0982122,0,0.101065
"ACTRT2",0,0,0,0,0,0,0,0
"ACVR1",11.4989,11.0933,12.7208,13.5841,14.068,11.6625,13.2208,12.5945
"ACVR1B",11.6846,12.5996,11.8662,13.6259,12.6116,14.8422,10.9915,11.9028
"ACVR1C",0.0149868,0.0240739,0.00751268,0.00686041,0.00744937,0,0,0
"ACVR2A",1.15975,1.5428,1.22606,1.41101,0.837518,1.2953,1.4052,1.0123
"ACVR2B",0.798752,0.877397,0.820275,0.965791,0.814675,0.835316,0.85891,1.09916
"ACVRL1",45.5242,55.8296,45.967,58.8496,51.7806,62.8709,46.0847,54.905
"ACY3",0,0,0,0,0,0,0,0
"ACYP1",7.29618,5.21807,6.5262,4.60336,4.22876,4.80731,6.50481,4.85809
"ACYP2",7.97953,9.02254,7.50022,6.80295,7.83762,6.81812,5.34859,8.03015
"ADA",15.9773,19.5744,18.2429,16.4847,17.044,18.9049,15.2379,18.8036
"ADAD1",0,0,0,0,0,0,0,0
"ADAD2",0,0,0,0,0.0697329,0,0,0
"ADAM10",29.1445,26.5219,31.3418,28.5912,29.1831,24.195,30.557,30.4521
"ADAM11",0.0293287,0.09424,0.0147399,0.0942486,0.167792,0.0432133,0.0162334,0.190571
"ADAM12",0,0.0559612,0.104899,0.114818,0.0434399,0.0513434,0.0559278,0.135676
"ADAM15",77.3013,83.7853,67.8679,94.1614,85.6504,106.365,72.5615,76.2013
"ADAM17",11.2249,11.626,10.9415,11.2737,10.7601,11.7087,12.6611,12.0934
"ADAM18",0,0,0,0,0,0,0,0
"ADAM19",6.58353,9.12316,8.19305,8.7612,7.45569,9.37272,6.67938,9.21279
"ADAM2",0,0,0,0,0,0,0,0
"ADAM20",0.0715048,0.0255369,0.0720966,0,0.0497168,0,0,0.0238801
"ADAM21",0.050164,0.0537483,0,0,0,0,0,0.0754116
"ADAM22",0.165304,0.227922,0.204853,0.225039,0.173779,0.160661,0.165775,0.265049
"ADAM23",11.4342,10.201,11.0481,8.92056,10.7127,9.95819,12.2236,10.9679
"ADAM28",0,0,0,0,0,0.0200672,0,0
"ADAM29",0,0,0.0634876,0,0,0,0,0
"ADAM30",0,0,0,0,0,0,0,0
"ADAM33",0,0,0,0.0341801,0.019818,0.0186846,0,0
"ADAM7",0,0,0,0,0,0,0,0
"ADAM8",0.0876131,0.0703863,0.0441156,0.0201445,0.0456093,0.12906,0.0484652,0.109688
"ADAMDEC1",0,0,0,0,0,0,0,0
"ADAMTS1",1.01005,1.0752,0.542415,1.16879,1.05074,0.716378,0.5209,0.889306
"ADAMTS10",2.50344,2.62144,2.47902,2.57576,3.01049,2.64481,2.70259,2.36843
"ADAMTS12",0,0.0555016,0.0390436,0.0950992,0.0942865,0.0509087,0.0143395,0.0388364
"ADAMTS13",0.112055,0.148263,0.201958,0.24762,0.17076,0.237976,0.201583,0.133051
"ADAMTS14",0,0,0,0,0,0,0,0
"ADAMTS15",0.0224834,0.120394,0,0,0.0700928,0.0552252,0,0.0224569
"ADAMTS16",0.0129009,0,0.0259192,0.0355115,0,0,0.0428373,0
"ADAMTS17",0.0100373,0.0107491,0,0.0275997,0,0,0,0.020045
"ADAMTS18",15.1832,29.2066,16.4645,25.4371,18.8808,26.2465,15.6306,30.0561
"ADAMTS19",0,0,0,0,0,0,0,0
"ADAMTS2",0,0.0100532,0,0,0,0,0,0
"ADAMTS20",0,0,0.0111695,0,0,0,0,0
"ADAMTS3",0.0656932,0.246238,0.0988703,0.240287,0.113769,0.0644708,0.0726369,0.153092
"ADAMTS4",1.5958,2.36417,1.99394,1.76659,2.18755,2.94451,1.7996,2.63902
"ADAMTS5",0,0.00695638,0.006512,0,0,0,0.00718672,0.0129627
"ADAMTS6",7.28523,8.60005,6.9605,7.97229,6.83599,8.1061,7.83957,8.41161
"ADAMTS7",10.8507,11.4471,11.1535,14.0469,12.5553,14.8324,12.1349,12.4768
"ADAMTS8",0.0178096,0.038155,0,0,0,0,0,0
"ADAMTS9",3.41855,6.9683,4.93795,4.49406,4.55769,5.57163,3.99816,5.64459
"ADAMTSL1",6.45069,5.98283,5.05827,6.53801,4.63606,6.20627,4.11029,5.8061
"ADAMTSL2",0,0,0,0,0,0,0,0
"ADAMTSL3",0,0,0,0,0,0.00847208,0,0
"ADAMTSL4",0.893448,1.78196,1.06864,1.92454,1.00969,1.5688,1.11371,1.28918
"ADAMTSL5",0,0.0249076,0.0234357,0,0.0484843,0.0456451,0,0
"ADAP1",0.291581,0.249966,0.147263,0.161499,0.0609134,0.343355,0.226219,0.175508
"ADAP2",0.0727194,0,0.0488876,0.0223353,0.0758508,0.142768,0.0805646,0.0485763
"ADAR",78.8689,82.5025,87.5389,85.3299,85.0916,85.7433,86.6782,90.6987
"ADARB1",9.07122,10.2668,9.73073,9.4679,9.14954,10.7518,9.56183,9.52529
"ADARB2",0,0.00800496,0,0,0,0,0,0
"ADAT1",8.49838,8.7014,8.76284,9.10455,9.37618,8.561,9.25416,9.1597
"ADAT2",1.07144,1.62811,1.23308,1.45227,0.869679,1.25339,1.36598,1.45763
"ADCK1",1.93105,3.0481,2.3211,1.74276,2.45243,2.25888,1.80231,2.35305
"ADCK2",3.34405,3.20553,2.97678,3.68955,3.49737,3.39722,2.08478,3.46155
"ADCK5",1.33743,0.90535,1.10434,0.911773,1.28895,0.759512,1.05376,1.06081
"ADCY1",0.0999354,0.133755,0.0500615,0.0457136,0.041466,0.10314,0.116066,0.0548163
"ADCY10",0,0,0,0.0118558,0,0,0.0130513,0.0129113
"ADCY2",0,0.0103723,0,0,0,0.0190342,0.0107174,0
"ADCY3",7.47365,7.31312,7.32863,8.42517,8.46112,9.1445,7.42761,7.8815
"ADCY4",17.6909,19.008,17.7021,23.2443,21.8467,24.7276,20.1527,23.0329
"ADCY5",0.0875624,0.147368,0.0376923,0.0229513,0,0.0368666,0.0415342,0.0249956
"ADCY7",1.10822,1.43685,0.941288,1.41559,1.01859,1.48677,1.06131,1.32484
"ADCY8",0,0,0,0,0,0,0,0
"ADCY9",3.59125,3.02706,3.72102,2.81633,4.2007,3.80511,3.4959,2.67134
"ADCYAP1",0,0,0,0,0,0.0204617,0,0
"ADCYAP1R1",0,0,0,0,0.0102542,0.0194076,0,0.00985666
"ADD1",98.3913,93.9002,94.3656,110.36,113.327,111.41,97.5361,96.0863
"ADD2",0.096488,0.0944495,0.0172919,0.221175,0.0725034,0.0844141,0.0380615,0.103171
"ADD3",17.479,17.2288,18.8195,15.2784,17.5964,14.5427,16.3401,17.7878
"ADGB",0,0,0,0,0,0,0,0
"ADH1A",0,0,0,0,0,0,0.0531135,0
"ADH1B",0,0,0,0,0,0,0,0
"ADH1C",0,0,0,0,0,0,0,0
"ADH4",0,0,0,0,0,0,0,0
"ADH5",15.2048,18.0533,17.1758,16.6743,15.4684,14.6265,14.1837,15.7715
"ADH6",0.155679,0,0,0,0,0,0.0576243,0
"ADH7",0,0,0,0,0,0,0,0
"ADI1",94.2435,87.3987,92.2224,94.1326,93.0252,83.1422,86.2361,83.659
"ADIG",0,0,0,0,0,0,0,0
"ADIPOQ",0.0140583,0,0.0141298,0.0129047,0,0,0.0155641,0
"ADIPOR1",74.6782,61.1291,79.0441,66.6984,70.0049,59.6742,76.3376,63.468
"ADIPOR2",8.26826,7.67417,6.82454,8.04568,8.10985,8.63097,8.6974,8.01074
"ADK",8.03525,5.65955,6.85134,6.25058,2.48801,4.60733,5.94566,5.31664
"ADM",11.0925,10.8175,12.2663,12.8186,12.7756,11.4746,12.2769,13.7752
"ADM2",0.0160842,0.137846,0.0485296,0.0295533,0.033478,0.0157979,0.0356176,0.0643445
"ADNP",45.2407,45.2705,48.0923,51.2099,58.309,56.6688,55.7945,55.5325
"ADNP2",7.07468,7.52709,7.57583,7.89246,7.64658,7.77339,7.72736,8.06781
"ADO",3.13246,4.38643,4.54255,4.71273,4.846,3.6263,3.62346,4.32395
"ADORA1",0,0,0,0,0,0.047305,0,0
"ADORA2A",5.47823,5.74675,4.67702,5.41853,6.43004,7.10019,3.90549,4.54746
"ADORA2B",1.69548,1.70358,1.19486,2.07815,2.00211,1.51591,1.2543,1.62949
"ADORA3",0.129801,0.273759,0.0321023,0.480962,0.273985,0.381196,0.144295,0.328414
"ADPGK",15.87,15.1751,15.4855,15.3302,15.9085,15.2039,13.6753,14.8738
"ADPRH",0.629813,0.607981,0.408915,0.504033,0.503811,0.557289,0.379694,0.400854
"ADPRHL1",0.185444,0.530863,0.300517,0.382541,0.543631,0.69114,0.452476,0.583663
"ADRA1A",0,0,0.0594183,0,0,0,0,0
"ADRA1B",0,0.0645801,0.0913382,0,0,0.0886992,0.0333988,0.0302353
"ADRA1D",0,0,0,0,0,0.0245998,0.166603,0.0502331
"ADRA2A",0.184651,0.143847,0.0675402,0.169672,0.139775,0.164866,0.0371718,0.0839469
"ADRA2B",0.100645,0.0862544,0,0,0.0209709,0.0395295,0,0
"ADRA2C",0,0,0,0,0,0,0,0
"ADRB1",0,0.0248604,0.0233911,0,0,0.045559,0,0
"ADRB2",0.879595,0.701269,0.716051,0.68818,0.873608,1.15298,0.877541,0.517623
"ADRB3",0,0.0270735,0,0,0.105455,0.0496042,0,0
"ADRM1",70.5132,72.5893,68.8369,82.14,72.8401,81.6459,66.1635,67.1922
"ADSL",43.5389,47.3565,42.3835,40.728,37.6599,39.8604,37.7665,40.1699
"ADTRP",1.47357,1.83797,1.877,2.62567,2.13987,1.58936,1.97849,1.21352
"AEBP2",2.05032,1.60919,1.86157,1.32477,1.41313,1.26172,1.52815,1.42078
"AEN",8.67439,10.4711,8.9469,13.5882,10.5752,14.2597,7.5326,9.23648
"AFAP1",24.5957,22.3129,25.9571,23.698,29.622,23.7963,25.9746,22.9594
"AFAP1L1",6.95991,10.533,5.9331,12.0442,12.1448,11.9121,7.25489,12.6085
"AFAP1L2",0.22857,1.06676,0.395677,0.719973,0.563358,0.930044,0.199887,1.16152
"AFF1",58.8049,53.2209,59.5241,51.7048,63.1667,48.4396,63.8829,61.9209
"AFF2",0.0823418,0.239517,0.114575,0.25942,0.113796,0.296097,0.12382,0.292005
"AFF3",0.0232726,0.00830039,0.0233379,0,0.00804649,0.00761655,0,0.00773523
"AFF4",23.2691,20.4734,25.4156,17.921,22.4714,18.2041,26.8394,22.7293
"AFG3L2",18.9217,17.3323,18.0659,16.2676,18.3724,16.9242,17.6035,19.3223
"AFM",0,0,0,0,0,0,0,0
"AFMID",6.77133,10.2005,8.72842,8.51933,9.3535,10.217,9.75159,8.43497
"AFP",0,0,0,0,0,0,0,0
"AFTPH",4.03572,4.55394,4.76057,4.15807,4.41197,4.23278,5.43571,3.65763
"AGA",5.20993,5.2581,4.11614,3.61167,3.60884,3.85157,3.76682,4.38093
"AGAP1",5.85184,4.99541,5.27155,4.36202,6.67259,5.25703,5.24654,5.4718
"AGAP2",0.0132059,0.0707719,0,0,0.0137315,0.038943,0,0
"AGAP3",44.347,43.7694,42.9201,55.3043,44.7669,56.3212,45.5564,45.449
"AGAP4",0.388111,0.445584,0.447817,0.58828,0.23156,0.571339,0.0921657,0.139006
"AGAP6",3.45957,2.9212,3.2372,3.53627,2.69842,3.11771,3.64074,3.45733
"AGAP9",0.0848534,0.0606173,0.0571233,0.0261016,0.0590736,0.41636,0.0940394,0.0567378
"AGBL1",0,0,0,0,0,0,0,0
"AGBL2",0,0,0,0,0,0,0,0
"AGBL3",0.582146,0.902884,0.448424,0.426961,0.810427,0.609495,1.14546,0.555327
"AGBL4",0,0,0,0,0,0,0,0
"AGBL5",37.8408,43.6961,41.0052,46.6774,42.1273,41.055,45.8628,39.7229
"AGER",0,0,0,0,0,0,0,0
"AGFG1",14.5955,14.0475,16.2087,12.7795,14.9756,12.1895,16.2632,14.2299
"AGFG2",10.849,9.56118,10.4922,11.1145,12.8346,11.6458,9.97428,10.744
"AGGF1",5.17734,5.98951,6.24639,5.63851,5.55057,5.36668,6.22192,6.09003
"AGK",14.2788,12.0359,13.5915,12.7019,12.4769,11.8376,12.2191,13.4161
"AGL",1.62125,1.57078,1.74671,1.46947,1.45189,1.13798,1.57551,1.62685
"AGMAT",0.229863,0.223892,0.147366,0.250001,0.217756,0.348798,0.138868,0.125527
"AGMO",0.353365,0.0582522,0.301818,0.150443,0.482399,0.133387,0.271096,0.136279
"AGPAT1",4.54042,6.74065,5.54594,7.09066,4.92465,6.16988,6.04106,5.26928
"AGPAT2",14.0335,15.3156,15.3341,16.7103,15.7682,19.2578,13.4356,14.3353
"AGPAT3",18.1926,17.0747,18.1776,20.2173,20.2479,18.8328,18.0078,17.2395
"AGPAT4",4.23848,3.57327,3.57443,3.01971,4.22926,3.30774,4.50914,4.84125
"AGPAT5",4.82167,3.90092,4.02151,3.59479,3.83731,3.5193,3.65079,3.96574
"AGPS",7.13039,6.79429,7.83054,6.72473,7.29142,6.02516,7.13315,7.31292
"AGR2",0,0,0,0,0,0,0,0
"AGR3",0,0,0,0,0,0,0,0
"AGRN",19.062,20.6643,18.7864,28.7654,26.4971,31.87,21.0602,22.8364
"AGRP",2.59689,2.42636,1.79936,2.6595,2.13575,1.93582,2.72358,2.42261
"AGT",0,0,0,0,0,0,0,0
"AGTPBP1",4.15784,4.60513,4.15025,3.89671,4.5238,3.92416,4.05271,4.24824
"AGTR1",0,0,0,0,0,0,0,0
"AGTR2",0,0,0,0,0,0,0,0
"AGTRAP",29.8761,32.2252,26.5448,31.2924,30.0949,35.6942,24.0333,25.606
"AGXT",0,0,0,0,0,0,0,0
"AGXT2",0,0,0,0,0,0,0,0
"AHCTF1",4.65776,4.48398,4.7551,3.75205,4.72053,3.63076,5.15485,4.27726
"AHCY",60.2065,64.5538,60.0389,63.9325,61.5648,64.1585,56.0577,60.9194
"AHCYL1",32.0459,33.8229,35.5976,33.8851,31.9967,30.0775,38.5117,33.4053
"AHCYL2",8.9107,9.03641,9.36656,8.75899,8.61481,8.71593,9.49803,10.3699
"AHDC1",8.7398,8.55879,9.9425,9.45017,10.9326,10.3959,10.6153,9.24959
"AHI1",2.363,1.72396,2.33189,1.74413,1.74928,1.83668,1.88543,1.7365
"AHNAK",149.751,165.552,142.602,127.151,160.878,148.106,147.618,153.66
"AHNAK2",30.9075,33.42,34.3058,33.8416,35.1862,34.0011,33.5471,33.0934
"AHR",13.6045,14.1802,13.4021,10.5028,11.3948,11.383,12.2439,14.6031
"AHSA1",31.7873,32.0054,33.808,30.6797,27.5921,27.2016,27.6021,30.7217
"AHSG",0,0,0,0,0,0,0,0
"AHSP",0,0,0,0,0,0,0,0
"AICDA",0,0,0,0,0,0,0,0
"AIDA",19.365,16.7228,20.0362,18.2048,17.5158,17.7309,19.8808,16.1756
"AIF1",0,0,0,0,0,0,0,0
"AIFM1",8.14647,9.75386,8.63397,9.1788,7.52595,10.998,8.43549,9.13281
"AIFM2",0.789561,0.694366,0.73433,0.260775,0.696406,0.675878,1.05405,0.628238
"AIFM3",0,0,0,0,0,0.0288866,0,0
"AIG1",41.8559,49.2341,51.4816,43.7814,42.2267,35.7353,35.0204,27.544
"AIM2",0,0,0,0,0,0,0,0
"AIMP1",3.15669,2.92205,3.13744,3.77455,3.4931,2.90882,3.38096,3.28471
"AIMP2",42.9514,53.3065,43.7386,45.2266,41.6657,45.7162,43.2388,42.1911
"AIP",32.4492,30.9845,29.7975,33.9778,27.897,29.7631,32.3658,28.6501
"AIPL1",0.0238894,0,0,0,0,0,0,0.023935
"AIRE",0,0,0,0.1301,0,0,0.0779666,0
"AJAP1",0,0.0710012,0,0.0306235,0.0945885,0.194978,0,0.066525
"AJUBA",14.0036,8.51328,15.9797,10.2158,15.877,9.14947,15.2458,8.98091
"AK2",30.5899,33.3981,33.7596,30.5346,28.7692,33.2306,31.5967,31.6173
"AK3",26.1234,27.4994,25.9859,21.9774,24.4473,25.4657,24.6377,23.7444
"AK4",1.44635,2.01856,1.28414,1.42587,1.49187,1.91429,1.35398,1.45128
"AK5",4.41516,3.19929,3.79348,2.96073,6.91299,2.94555,4.23045,3.15214
"AK7",0.0252471,0.0270512,0,0,0,0,0,0.0506074
"AK8",0.194965,0.10447,0.197165,0.210239,0,0.0956481,0.216152,0.195742
"AKAP1",4.68846,5.43486,5.1709,6.25036,4.6709,5.60788,4.04175,5.17559
"AKAP10",11.7671,9.95264,11.3798,9.73612,9.22523,10.9628,12.0818,11.4015
"AKAP11",5.33788,4.56479,5.29177,5.67267,4.55816,4.10551,5.34973,5.04003
"AKAP12",30.393,25.1279,36.5831,23.7365,33.2223,24.9805,38.0103,25.4877
"AKAP13",11.6375,13.0665,13.1248,10.6473,9.38987,9.88166,10.7829,13.9488
"AKAP14",0,0,0,0,0,0,0,0
"AKAP3",0.0218919,0.0469113,0,0.0604694,0.182582,0,0.169769,0.087704
"AKAP4",0,0,0,0,0,0,0,0
"AKAP5",0.146813,0.146741,0.127683,0.0986718,0.0610004,0.163493,0.140795,0.166133
"AKAP6",0,0.0193831,0,0.0220896,0.0250442,0.0118611,0.00667482,0
"AKAP7",0.602555,0.338814,0.25043,0.504146,0.313673,0.377003,0.375341,0.520819
"AKAP8",6.31079,6.18856,6.4961,6.29149,7.35622,7.72176,5.50258,6.78888
"AKAP8L",16.5573,15.354,15.2508,17.7467,17.8832,15.5797,18.2501,16.3855
"AKAP9",4.86003,4.62577,4.65976,4.35383,3.82201,3.53678,4.96526,4.36905
"AKIP1",11.3881,10.2662,6.27145,10.1032,7.63539,8.63403,8.31507,8.71111
"AKIRIN1",10.3721,10.4234,11.3385,10.6427,10.5665,9.46094,11.6854,9.97438
"AKIRIN2",30.21,30.7601,30.0128,32.0536,34.079,38.1427,32.6825,33.2209
"AKNA",6.30397,6.01199,6.44442,7.68363,6.82125,7.95386,7.11161,7.71768
"AKNAD1",0,0,0,0,0,0.0212848,0,0.0434178
"AKR1A1",33.5694,33.7565,33.6838,35.019,32.6333,33.7662,30.3177,31.4794
"AKR1B1",89.2511,90.3138,88.297,90.1924,78.4658,82.0796,78.2651,86.6311
"AKR1B10",0,0.0954524,0,0.0826597,0,0,0,0
"AKR1B15",0,0,0,0,0,0,0,0
"AKR1C1",0.158493,0.113317,0,0.295232,0,0.0517601,0.117342,0.106618
"AKR1C2",0,0.0399833,0.112716,0.128836,0.0388698,0.0733128,0.0413333,0.0747032
"AKR1C3",14.2663,13.966,15.5801,11.627,9.96207,11.5217,11.3999,11.5827
"AKR1C4",0,0,0,0,0,0,0,0
"AKR1D1",0,0,0,0,0,0,0.0573723,0
"AKR1E2",0.883243,1.089,0.493204,1.18892,0.880256,0.952431,0.980162,1.0672
"AKR7A2",27.6994,28.3116,25.6815,35.893,35.3139,31.887,26.8798,27.1708
"AKR7A3",0.23982,0.12864,0.183608,0.335942,0.0631853,0.410976,0.33312,0.242417
"AKR7L",0,0,0,0.0895699,0,0.0633804,0.097328,0.064866
"AKT1",63.5744,59.2133,62.2225,67.0783,65.2583,61.3897,54.5961,63.6767
"AKT1S1",165.774,153.275,167.519,208.531,185.607,188.696,161.411,163.906
"AKT2",7.84407,6.85682,8.17671,7.14383,9.1664,8.19804,7.575,7.18481
"AKT3",0.639683,0.686912,0.754397,1.29552,0.388781,1.51804,2.23989,1.21021
"AKTIP",15.9239,13.1034,14.2095,13.2608,15.087,9.97448,13.682,13.411
"ALAD",8.53998,9.06011,9.88345,8.84765,8.75381,9.13619,7.4461,9.27257
"ALAS1",30.0061,25.0784,30.195,28.3042,29.5762,27.1503,28.2409,26.6506
"ALAS2",0,0,0,0,0,0,0,0
"ALB",0,0,0.0305522,0,0,0,0,0.0910211
"ALCAM",17.6259,16.8544,18.6358,17.5497,19.3258,16.353,21.732,18.5656
"ALDH16A1",3.1229,2.13811,2.61954,3.57301,2.8807,3.14874,2.65729,2.87404
"ALDH18A1",18.3045,19.968,20.1597,21.6118,19.7009,21.1343,19.7616,19.4706
"ALDH1A1",110.663,76.1974,95.6217,71.8126,96.8404,65.423,99.5307,76.5264
"ALDH1A2",25.4951,32.0558,26.0737,23.9873,19.0956,27.4458,24.9041,27.8041
"ALDH1A3",1.69785,1.43732,1.54788,1.638,2.08267,1.75423,1.92318,0.883159
"ALDH1B1",4.68626,6.05582,5.46122,6.4297,4.79034,5.57436,5.99075,4.43642
"ALDH1L1",0,0,0,0,0,0,0,0
"ALDH1L2",0.383695,0.54194,0.55981,0.439279,0.455268,0.479756,0.547288,0.493457
"ALDH2",40.635,39.8937,41.7111,45.7508,44.9549,44.1078,36.2502,42.9542
"ALDH3A1",0,0.0422252,0,0.146027,0,0.0772582,0,0.0396156
"ALDH3A2",5.45681,6.3411,5.8436,5.69998,5.23544,4.98079,4.83075,5.56137
"ALDH3B1",0.24668,0.237877,0.190526,0.113665,0.344901,0.210527,0.104669,0.3708
"ALDH3B2",0,0,0,0,0,0,0,0
"ALDH5A1",0.312216,0.720934,0.137966,0.653044,0.259216,0.441687,0.442316,0.549019
"ALDH6A1",19.2638,18.784,18.4584,17.4966,19.1475,18.0451,17.8941,20.7877
"ALDH7A1",17.4429,16.0442,14.636,15.4628,16.1319,15.0174,17.4798,17.458
"ALDH8A1",0.0844383,0.240806,0.0284389,0.0259926,0,0,0,0.0842816
"ALDH9A1",20.3097,17.5358,18.6538,19.2724,14.9464,16.9172,17.2278,20.9976
"ALDOA",2254.61,2416.67,2265.18,2478.03,2168.41,2526.25,2082.51,2150.68
"ALDOB",0,0.0297729,0,0,0.029011,0.272681,0.0307916,0.0278645
"ALDOC",2.05472,2.61587,2.82362,4.44849,5.07253,3.39936,2.84991,3.01613
"ALG1",3.40126,3.4487,3.68661,5.59772,3.57422,3.63244,3.34533,3.78141
"ALG10",1.78431,1.95989,2.14941,2.15605,1.70096,1.88672,1.67267,1.88551
"ALG10B",0.793173,0.866613,0.67659,0.886666,0.868054,0.933428,0.998291,1.10469
"ALG12",4.21648,3.56518,2.62752,4.07241,3.30147,4.75894,3.30518,3.81851
"ALG13",8.28648,6.93627,7.41512,10.2763,7.29825,8.06826,8.45989,9.16478
"ALG14",13.0777,17.4838,12.4194,15.8586,12.6793,13.8889,18.4198,18.2864
"ALG1L2",0,0,0,0.153777,0,0,0,0.082994
"ALG2",13.855,14.1365,13.9498,12.0871,13.39,12.2882,12.512,12.5826
"ALG3",73.9291,74.5147,72.9669,77.683,71.181,86.512,75.4622,76.1648
"ALG5",7.85506,7.16487,6.19304,7.65629,5.64782,6.88047,5.3434,6.00651
"ALG6",2.56855,2.56395,2.60556,2.48781,2.47279,2.04451,2.13339,2.0838
"ALG8",16.9896,18.2394,19.7471,20.4722,15.4167,14.1056,18.2702,17.243
"ALG9",14.3401,15.417,15.2499,13.9098,15.5772,12.9529,15.6143,15.8959
"ALK",0,0,0,0,0,0,0.0112283,0
"ALKBH1",6.0535,5.1497,7.55793,5.67303,5.74623,4.86577,5.13981,5.72432
"ALKBH2",4.07122,3.28145,3.34482,3.04637,2.97247,4.24653,3.33731,2.10142
"ALKBH3",9.31306,9.46114,8.32945,6.91732,7.13129,8.12102,7.13586,8.06726
"ALKBH4",0.999348,0.898316,1.5321,1.31092,0.943711,0.822345,1.64398,1.5535
"ALKBH5",27.5947,19.7274,25.9534,30.9238,26.1764,26.9663,22.5914,26.9466
"ALKBH6",16.0394,14.7365,13.7736,13.4826,11.2602,18.0453,11.7851,11.4763
"ALKBH7",15.1553,14.4944,15.9719,18.4529,18.9111,18.5888,15.2737,14.8536
"ALKBH8",1.95234,3.0175,2.55019,2.28731,1.69867,2.88402,1.71152,2.93176
"ALLC",0,0,0,0,0,0,0,0
"ALMS1",2.62332,3.49302,3.19439,2.82345,3.01718,2.75544,3.43413,3.43849
"ALOX12",0.430015,0.460795,0.11581,0.476262,0.329343,0.253194,0.317722,0.258804
"ALOX12B",0,0,0,0,0,0,0,0
"ALOX15",0,0,0,0,0,0,0,0
"ALOX15B",0,0,0.0544331,0,0,0,0,0
"ALOX5",0,0,0,0,0.117974,0.0277106,0,0
"ALOX5AP",0.0891243,0.6699,0.275696,0.252486,0,0.261313,0.19856,0.362973
"ALOXE3",0.122091,0.0871953,0.102463,0.0561658,0.296821,0,0.0901451,0.101849
"ALPI",0,0,0,0,0,0,0,0
"ALPK1",2.49196,1.49902,0.978487,2.27018,1.87395,2.50769,1.34327,2.3186
"ALPK2",0,0,0,0,0,0,0,0
"ALPK3",10.6145,11.9831,12.6895,13.6154,12.1799,12.9081,13.9846,13.7602
"ALPL",0.110885,0.138216,0.236409,0.162039,0,0.143536,0.0972696,0.264564
"ALPP",0,0,0,0,0,0,0,0
"ALS2",8.40468,9.63503,9.18522,9.48733,9.75748,9.01436,9.975,9.03509
"ALS2CL",0.456219,0.741377,0.373147,1.08957,0.734609,1.11436,0.524995,0.990642
"ALX1",10.7807,8.17717,7.97613,9.14183,7.16837,6.78078,6.75887,8.92317
"ALX3",1.18985,1.36005,1.13724,1.71017,1.28409,1.39382,1.43076,1.22279
"ALX4",0,0.0125213,0,0,0,0,0,0.011679
"ALYREF",31.2158,30.3532,29.1426,31.4723,32.7682,33.4732,28.7098,31.6271
"AMBN",0,0,0,0,0,0,0,0
"AMBP",0,0,0,0,0,0,0,0
"AMBRA1",5.66469,5.68949,5.80934,7.75644,6.31564,7.5103,6.10163,6.11459
"AMD1",8.59998,8.92523,10.1726,8.20262,8.22059,9.17657,10.6211,9.30914
"AMDHD1",0,0,0.0970172,0,0.0334368,0,0,0.0963287
"AMDHD2",5.08329,4.07829,2.96677,4.25226,4.75311,6.15576,4.23452,2.92509
"AMELX",0,0,0,0,0,0,0,0
"AMELY",0,0,0,0,0,0,0,0
"AMFR",13.3757,12.4808,13.6435,13.9344,13.2273,12.0647,13.1007,12.3131
"AMHR2",0,0,0,0,0,0.0731484,0,0
"AMIGO1",0.517373,0.437668,0.879589,0.527494,0.59697,0.64139,0.663858,0.464175
"AMIGO2",9.98893,10.8372,11.4823,10.2301,10.028,9.92095,10.3905,12.5303
"AMIGO3",1.55942,1.69455,1.95314,1.53841,1.74177,1.85905,1.08577,1.82952
"AMMECR1",6.49631,7.17176,6.51393,6.09385,6.6929,5.35693,6.01894,6.71928
"AMMECR1L",8.41428,8.56142,9.6997,7.25967,11.0104,6.91251,9.98644,8.11266
"AMN",0,0,0,0,0,0,0,0
"AMN1",3.2749,2.74828,3.15186,2.37244,2.88689,2.51877,3.33387,3.17381
"AMOT",2.09221,2.15208,2.66732,2.10043,2.4125,2.29112,2.38474,2.4409
"AMOTL1",10.5472,10.7988,12.2828,10.9211,11.0438,10.8738,11.351,11.1653
"AMOTL2",27.3243,23.2095,27.924,24.2718,31.8851,25.689,27.3762,21.432
"AMPD1",0,0,0,0,0,0,0,0
"AMPD2",13.0205,14.58,13.094,17.3623,14.1082,17.5893,14.7414,13.6307
"AMPD3",0.636737,0.627114,0.529078,0.934153,0.813291,0.875784,0.382986,0.939327
"AMPH",49.7524,41.4091,52.726,39.9812,53.5016,38.9561,45.4326,44.7409
"AMTN",0,0,0,0,0,0.0770887,0,0
"AMY1A",0,0,0,0,0,0,0,0
"AMY2A",0,0,0,0,0,0,0,0
"AMZ1",0,0.046974,0,0.107377,0.0912382,0.0143599,0.0161831,0.0292274
"AMZ2",33.8934,43.6925,36.6554,38.6315,33.2616,34.0515,31.6452,36.9165
"ANAPC1",16.4725,18.1319,18.1876,18.2534,16.6713,16.9894,18.4886,17.521
"ANAPC10",1.38971,2.47538,2.45712,1.68151,1.38195,2.281,2.56914,1.77342
"ANAPC11",45.1038,41.1098,39.4236,28.4557,34.7115,41.5278,36.5686,34.7164
"ANAPC13",15.2479,18.5134,17.4895,13.9733,15.0684,16.2841,16.3271,15.4757
"ANAPC16",4.08013,4.2737,4.07222,4.11374,3.47749,3.49109,3.31662,3.82911
"ANAPC2",8.85668,9.24266,8.78569,9.59931,10.3179,10.2564,10.2403,8.33491
"ANAPC4",6.01869,4.8153,5.5564,4.56906,6.67086,4.5255,4.54643,6.96671
"ANAPC5",28.0986,29.7743,27.0101,26.9004,28.2471,27.2773,29.2723,28.3263
"ANAPC7",21.868,22.2879,22.2407,21.2169,22.7849,22.9414,23.3602,21.8425
"ANGEL1",8.22293,8.89233,8.17906,9.41515,10.3547,9.54802,8.78133,10.6575
"ANGEL2",4.58886,5.07683,5.09719,4.69658,4.16628,4.78577,5.11158,5.00042
"ANGPT1",0,0.0159566,0.0299509,0.0273588,0.0309948,0.0731663,0.0329837,0.178719
"ANGPT2",12.1326,7.71287,14.7472,6.79679,10.9983,6.11892,13.3667,7.59154
"ANGPT4",0,0,0,0,0,0,0,0
"ANGPTL1",0.0184356,0.13824,0.148435,0.101713,0.0384011,0.108625,0.0204146,0.0553392
"ANGPTL2",10.9245,12.3647,11.8367,13.8655,11.143,12.0719,11.4857,13.6857
"ANGPTL3",0,0,0,0,0,0,0,0
"ANGPTL4",7.38971,7.56714,6.76474,12.1446,11.7651,10.7024,7.62567,7.28929
"ANGPTL5",0,0,0,0.0263347,0,0.0560045,0,0
"ANGPTL6",0.785995,0.521545,0.530788,0.970423,0.94052,0.734189,0.373605,0.827727
"ANGPTL7",0.0911242,0.0650921,0.122762,0.16829,0.0318158,0,0.033664,0
"ANK1",0.404963,0.336677,0.19938,0.223967,0.260299,0.503631,0.359202,0.119437
"ANK2",0.00436452,0.00467525,0.00791232,0,0.00819133,0,0.00872969,0
"ANK3",0.367748,0.368572,0.478705,0.283227,0.502583,0.323897,0.283665,0.344687
"ANKAR",0.42452,0.397884,0.264771,0.222509,0.247579,0.283335,0.281062,0.246824
"ANKDD1A",1.33817,1.49755,1.32742,1.1966,1.41317,1.77077,2.15393,1.46744
"ANKFN1",0,0,0,0,0.029011,0,0.0923749,0
"ANKFY1",12.5886,12.5742,12.8783,13.6421,12.1528,13.1594,13.5953,13.1361
"ANKH",3.20274,3.33912,3.84321,3.36203,3.16536,3.26824,3.06751,3.44147
"ANKIB1",7.51056,6.10439,7.64766,5.9069,6.53065,5.61986,8.02293,6.62291
"ANKK1",0,0.0565474,0,0,0.0275403,0,0.029239,0
"ANKLE1",0.143204,0.276793,0.164828,0.23595,0.343803,0.326732,0.263882,0.211303
"ANKLE2",16.2523,15.7651,16.6784,14.9129,17.9443,16.8424,18.4142,14.9324
"ANKMY1",0.72799,0.788889,1.13531,0.486813,0.917879,1.11807,1.08152,0.566642
"ANKMY2",6.18559,6.41809,6.57159,4.16039,4.39122,5.71846,5.92144,7.11687
"ANKRA2",3.67977,4.17887,2.8323,4.0005,3.00195,3.09692,2.68944,3.5905
"ANKRD1",468.404,236.962,499.867,244.837,453.442,212.409,512.182,230.759
"ANKRD10",20.6555,21.1871,24.3234,19.61,22.9718,17.4941,23.4481,22.3671
"ANKRD11",29.0075,30.3998,30.8068,32.9966,29.8868,34.2879,31.07,33.2137
"ANKRD12",1.22891,1.17293,1.65834,0.965901,1.38085,0.9881,1.29782,1.09895
"ANKRD13A",13.4597,11.9089,13.1773,10.3416,10.8849,11.0563,11.9607,11.8205
"ANKRD13B",20.9471,20.3066,20.8796,25.8026,24.9707,28.4973,23.3045,21.8948
"ANKRD13C",8.27973,8.98573,9.17249,8.82881,10.9508,8.37197,8.16909,7.53988
"ANKRD13D",12.0657,11.1972,10.9362,12.471,14.9769,12.6526,13.9163,10.349
"ANKRD16",1.30514,1.27386,1.27488,1.55833,1.06639,1.46099,0.960805,1.23131
"ANKRD17",27.1867,24.9797,29.3132,27.0762,27.756,27.2391,30.674,27.4355
"ANKRD18A",0.0180024,0.0771558,0.181214,0.0165488,0.0562448,0.106105,0.0199351,0.0900781
"ANKRD18B",1.37438,0.939606,1.44938,0.805773,1.46179,1.6373,1.31166,1.43847
"ANKRD2",0.0497474,0.320079,0.101207,0.0462794,0,0.438741,0.120141,0.255579
"ANKRD22",0,0,0,0,0,0,0,0
"ANKRD24",0,0.0172582,0.0486091,0.044404,0.0167667,0.0632998,0.0178382,0
"ANKRD26",0.27132,0.514565,0.297186,0.35942,0.340921,0.552098,0.451898,0.439701
"ANKRD27",7.0599,6.04291,7.37706,5.31354,7.60587,6.5561,6.06396,6.3802
"ANKRD28",15.5619,15.8742,15.5794,15.2675,15.6919,14.0553,16.0111,15.3109
"ANKRD29",0.0895594,0.0639826,0.0301618,0.0551308,0.093567,0.087881,0.0661786,0.149769
"ANKRD30A",0,0,0,0,0,0,0,0
"ANKRD30B",0,0,0,0,0,0,0,0
"ANKRD30BL",0,0,0,0,0,0,0,0
"ANKRD31",0,0,0,0,0,0,0,0
"ANKRD33",0.282863,0.151588,0.0810081,0.133409,0.0418477,0.208092,0.166056,0.142099
"ANKRD33B",1.05354,0.880439,1.21501,0.978042,1.25255,1.1341,1.30944,0.821117
"ANKRD34A",0.718224,0.507063,0.638466,0.767277,0.664098,0.497107,0.463425,0.425009
"ANKRD34B",0,0,0,0,0,0,0,0
"ANKRD34C",0,0,0,0,0,0,0,0
"ANKRD35",0.117049,0.0208982,0.0392817,0.215325,0,0.0191561,0,0.136672
"ANKRD36",1.77613,2.32025,1.79205,1.08269,1.95274,1.15375,2.57666,2.13912
"ANKRD36B",1.01259,1.28188,1.32018,1.06205,1.21995,0.843244,1.30172,1.33975
"ANKRD37",1.25248,1.4757,0.441007,0.969227,2.24491,1.39387,0.835277,0.820576
"ANKRD40",28.558,24.5039,30.5942,23.9116,28.9731,23.1534,27.5016,28.0821
"ANKRD42",1.62087,1.22125,1.29639,1.38392,2.73465,1.46697,1.55591,1.52058
"ANKRD44",0.583002,0.623804,0.523189,0.406302,0.424437,0.36187,0.295186,0.67219
"ANKRD45",0.175073,0.187582,0.151365,0,0.0260932,0.368247,0,0.125325
"ANKRD46",2.84041,4.29112,3.22736,3.04721,3.40776,3.19887,3.10909,4.04423
"ANKRD49",2.37502,2.302,2.11732,1.90485,1.6055,1.98181,1.46416,2.32603
"ANKRD50",5.31311,4.88147,5.71391,5.15238,5.95354,4.35499,5.83323,4.90153
"ANKRD52",29.5142,27.5233,33.345,32.8749,35.4528,34.557,35.3546,28.1696
"ANKRD53",1.14753,0.999771,1.01481,1.04694,0.979566,0.998249,1.06666,0.961597
"ANKRD55",2.62611,2.2854,2.69986,2.17848,2.26621,1.99326,2.60984,2.43144
"ANKRD6",2.02446,1.88499,1.51252,1.13069,1.98865,1.69077,1.97052,1.81692
"ANKRD63",0,0,0,0,0,0,0,0
"ANKRD65",0,0.0464682,0,0,0,0.0424879,0,0.0873039
"ANKRD7",0,0,0,0,0.0566525,0,0,0
"ANKRD9",1.67007,1.15024,0.887931,1.36234,1.87264,1.60431,0.941113,1.21806
"ANKS1A",5.6158,6.7778,6.09387,8.38105,8.01625,7.51861,6.26853,6.9963
"ANKS1B",0.480039,0.242832,0.209499,0.164441,0.334939,0.300267,0.324509,0.356901
"ANKS3",2.23547,1.44053,1.56716,2.50542,2.03787,2.11283,1.37409,1.60538
"ANKS4B",0,0,0,0,0,0,0,0.0228619
"ANKS6",4.69667,3.9687,4.53962,3.86655,4.77041,5.21036,4.61809,4.09671
"ANKUB1",0,0,0,0,0,0,0,0
"ANKZF1",5.40798,5.02888,5.07896,6.23568,6.32098,6.45497,5.44765,6.72492
"ANLN",32.2843,29.1703,36.9255,31.7594,27.7942,28.5638,41.24,31.5074
"ANO1",0,0.0389231,0,0.0167025,0.018917,0.0262632,0.0201175,0.0181771
"ANO10",12.8601,14.6066,13.9281,15.592,16.2541,15.5705,15.9724,14.2141
"ANO2",3.60706,6.18712,3.69532,4.59674,4.23943,4.83266,5.45788,4.63127
"ANO3",0,0,0,0,0,0,0,0
"ANO4",0.110068,0.067369,0.0632427,0.0288854,0,0.0154442,0.0696319,0.047168
"ANO5",0.0952545,0.081625,0.191158,0.0611038,0.207817,0.121678,0.105401,0.161637
"ANO6",29.9716,25.8941,35.6293,26.586,32.8232,25.365,36.6555,29.7793
"ANO7",1.30108,1.19227,1.46681,1.10747,1.15603,2.11408,0.989023,1.22224
"ANO8",1.52842,1.55358,1.42701,1.66165,1.63897,1.9608,1.65756,1.59062
"ANO9",0,0,0,0,0,0.0226682,0,0
"ANP32A",48.1408,49.9175,45.7035,46.2468,47.4658,45.5862,40.1319,46.8771
"ANP32B",213.251,186.016,219.4,225.478,200.082,188.043,185.602,198.666
"ANP32D",0,0,0,0,0,0,0,0
"ANP32E",9.63423,8.44347,9.36019,10.0742,8.55094,8.94504,8.4709,9.31207
"ANPEP",283.075,300.075,282.471,343.033,293.183,329.181,284.602,298.544
"ANTXR1",4.67879,4.6243,4.80613,4.4036,4.69798,3.83967,4.84423,5.43047
"ANTXR2",6.42204,7.03361,7.25298,7.00712,6.80909,6.15198,6.96997,7.9379
"ANTXRL",0,0,0,0,0,0,0,0
"ANXA1",623.919,486.079,628.524,423.493,527.75,409.105,561.199,454.714
"ANXA10",0,0,0,0,0,0,0,0
"ANXA11",83.1861,85.7419,84.8455,96.331,96.6209,99.317,79.5241,88.0501
"ANXA13",0,0,0,0,0,0,0,0
"ANXA2",1467.68,1455.49,1344.62,1312.04,1256.13,1292.95,1300.31,1351.2
"ANXA3",10.2706,6.95235,9.61049,7.61703,8.04314,7.55943,8.94594,6.94553
"ANXA4",28.8916,27.6414,27.568,27.1787,25.3373,25.8245,20.081,28.0806
"ANXA5",283.487,277.689,283.463,271.27,245.26,231.266,242.558,253.13
"ANXA6",56.4167,60.6103,58.929,62.9607,57.5571,58.9847,54.2468,58.2431
"ANXA7",35.8346,31.8193,35.7731,31.4998,33.8067,28.2454,29.9839,32.7877
"ANXA8",0,0,0,0,0,0,0,0
"ANXA9",0.114591,0.163776,0.27091,0.10614,0.0800044,0,0,0.19202
"AOAH",0,0.0309444,0,0,0,0,0,0
"AOC2",0.325462,0.319672,0.379348,0.175119,0.270599,0.418369,0.210379,0.201015
"AOC3",0.048349,0.0690508,0.0324146,0,0.184483,0.0474873,0.0535287,0.0966989
"AOX1",0.0390391,0.069686,0.104582,0.0955247,0.0270594,0.140622,0.0432102,0.0130033
"AP1AR",4.13969,5.43122,5.07787,4.51284,4.66262,4.06477,4.26086,4.83195
"AP1B1",73.1373,72.2078,72.9099,79.2173,83.7904,77.6453,74.7495,70.5486
"AP1G1",26.1421,22.7285,24.56,21.588,23.9348,22.7069,25.0458,25.395
"AP1M1",46.9374,46.1929,49.3468,54.5564,52.4096,54.3932,44.0664,46.6374
"AP1M2",0,0,0,0,0,0,0,0
"AP1S1",41.269,40.9113,35.5897,44.7518,41.0594,48.2717,34.5425,37.4348
"AP1S2",47.7758,59.3211,60.5602,51.1105,52.9427,53.9367,45.4476,61.7751
"AP1S3",2.73504,4.88078,3.81592,4.73522,2.25034,2.94495,1.85536,4.02156
"AP2A1",69.0974,70.8207,71.3716,84.4612,75.2293,77.7359,68.179,69.9451
"AP2B1",127.225,139.936,143.28,137.568,141.558,137.563,143.479,129.834
"AP2M1",254.426,261.697,261.609,280.803,257.5,255.534,234.562,235.888
"AP2S1",419.216,423.437,416.917,426.146,386.842,437.776,365.2,387.554
"AP3B1",22.2158,23.951,26.0535,24.056,25.2363,23.0942,29.3269,25.2053
"AP3B2",0,0,0,0,0,0,0,0
"AP3D1",31.8448,31.8206,28.994,29.6693,37.3436,35.2978,33.0552,31.9747
"AP3M1",25.0637,22.9258,26.7961,20.4966,22.2203,20.0027,25.888,21.8688
"AP3M2",5.65037,4.3566,4.84031,5.24766,4.25672,4.08164,4.2389,4.5779
"AP3S1",77.7264,73.4052,76.1023,67.5329,74.4695,69.3434,76.8564,71.0981
"AP4B1",5.94839,6.54305,6.16695,6.69952,5.19226,5.9867,5.71186,6.65976
"AP4E1",1.61346,1.30854,1.26557,1.0573,1.09863,1.11463,1.37573,1.47034
"AP4M1",8.17928,6.57545,8.39745,8.91587,8.91368,5.57893,7.62833,6.91363
"AP4S1",2.30878,2.34872,2.06077,2.45591,2.47626,1.8857,2.80573,2.53184
"AP5B1",4.05035,3.22217,4.04013,4.79657,4.84133,4.10806,3.99498,4.07244
"APAF1",6.76222,5.77569,7.80487,7.8855,6.87692,6.58641,6.49203,6.9812
"APBA1",0.852963,0.974985,0.856677,0.939045,1.15072,0.89111,0.924841,0.901911
"APBA2",4.33639,3.65178,3.90566,3.60114,4.28129,4.43475,4.20742,3.81069
"APBA3",7.88698,5.84509,8.47435,7.08977,8.10183,7.51916,7.36012,6.65143
"APBB1",23.1851,18.0579,20.672,25.6313,24.8031,21.8388,20.1667,19.4712
"APBB1IP",0,0,0,0,0,0,0,0
"APBB2",44.7796,45.4374,48.6179,37.7986,49.2679,37.7098,50.8072,49.1691
"APC",8.40448,8.64437,8.86027,8.42671,8.16001,7.95116,9.24129,9.43499
"APC2",0.0247095,0.0330728,0.0123828,0.0113078,0.0641007,0.0182141,0.013667,0.00616248
"APCDD1",3.08844,7.09522,3.59186,7.55402,3.46906,7.16727,2.40713,7.34659
"APCDD1L",1.7384,2.06677,1.58036,2.02926,1.74538,1.76926,1.03316,1.57076
"APCS",0,0,0,0,0,0,0,0
"APEH",6.70438,7.82896,7.18372,9.12915,7.24387,7.76272,6.77352,6.89085
"APEX1",130.118,140.68,148.678,157.472,130.31,138.451,142.303,139.881
"APEX2",36.3642,37.8624,35.2801,44.1268,36.8365,38.6115,38.2008,36.1562
"APH1A",130.309,124.816,134.25,151.387,143.2,135.957,118.457,133.267
"APH1B",43.813,51.8784,43.8887,48.6474,48.9919,56.101,33.3162,34.2426
"API5",39.8375,42.8002,43.1586,37.0211,44.9372,40.5682,44.0826,42.9367
"APIP",4.89493,4.61807,6.55968,4.01907,4.16308,3.81187,4.25931,3.75474
"APLF",0.388641,0.561094,0.458927,0.465818,0.703516,0.381695,0.610803,0.456321
"APLN",161.937,0,168.959,167.066,239.28,191.586,174.329,134.117
"APLNR",0.0838636,0.0751633,0.144,0.196099,0.0174575,0.164736,0,0.201307
"APLP1",5.16831,6.33702,4.5196,5.35888,3.99537,6.40473,5.02641,5.52958
"APLP2",278.981,279.628,283.364,280.378,280.389,265.164,260.692,270.251
"APOA1",0,0.581828,0,0.0853157,0.384082,0,0,0.183945
"APOA2",0,0,0,0,0,0,0,0
"APOA4",0,0,0,0,0,0,0,0
"APOA5",0,0,0,0,0,0,0,0
"APOB",0.185366,0.368594,0.19894,0.234137,0.324998,0.312356,0.195261,0.272859
"APOBEC1",0.181954,0.0976924,0,0,0,0.266705,0,0.0926699
"APOBEC2",0,0.046444,0,0,0.0454351,0,0,0
"APOBEC3C",25.1492,36.4943,23.359,27.5726,22.0315,29.1984,26.0722,27.9552
"APOBEC3H",0.592256,0.877059,0.203487,0.417259,0.70541,0.0724597,0,0.599706
"APOBEC4",0,0,0,0,0,0,0,0
"APOBR",0,0,0,0,0,0,0,0
"APOC1",2.49373,2.15433,1.89989,2.74769,3.3288,3.8617,1.12604,2.90056
"APOC3",0,0,0,0,0,0,0,0
"APOD",2.89165,3.03049,2.61506,2.64495,2.84088,3.09353,2.54223,3.88157
"APOE",0,0.410389,0.32582,0.178874,0.470848,0.0624154,0.141733,0.0645045
"APOF",0,0,0,0,0.0437164,0,0.0462676,0
"APOH",0,0,0,0,0,0,0,0
"APOL1",5.40407,5.15283,6.16043,7.333,6.36373,5.90913,6.05383,7.35976
"APOL2",7.08361,9.48768,9.40534,8.30721,6.56525,8.17375,7.35711,6.28192
"APOL3",23.4729,20.6282,21.7209,20.7508,23.5475,24.9454,25.5717,20.5486
"APOL4",1.04022,1.23349,0.904825,2.47726,1.06244,1.76239,0.743846,2.28711
"APOL5",0,0,0,0,0,0,0,0.0507423
"APOL6",0.160806,0.311261,0.334742,0.356628,0.32731,0.33433,0.266828,0.314667
"APOLD1",2.31453,2.82039,2.66007,2.2135,2.40701,3.47171,2.42393,3.71199
"APOM",0,0,0,0,0,0,0,0
"APOO",8.14483,7.85924,6.05224,7.2068,5.72643,7.42272,5.87233,5.5271
"APOOL",2.45014,3.27807,2.63024,2.11552,2.43633,2.67571,3.65934,2.64079
"APP",538.533,582.208,550.973,599.454,581.557,561.879,556.509,568.743
"APPBP2",5.55097,5.4754,5.99943,4.6477,6.60231,4.64698,6.48604,5.85743
"APPL1",7.67137,8.85062,8.22522,7.21888,8.20682,6.61908,8.19305,7.84747
"APPL2",1.16393,1.25082,1.15989,1.11926,1.2278,1.23969,1.02566,1.16946
"APRT",119.778,113.779,122.937,152.152,143.115,153.599,100.569,117.927
"APTX",11.957,10.9103,13.5697,11.2253,11.1507,11.3349,11.1461,11.0616
"AQP1",6.52051,10.2191,5.40908,10.0204,9.23291,11.2531,5.86431,11.0477
"AQP10",0,0,0,0,0,0.11473,0,0.0784344
"AQP11",0.380448,0.441699,0.512831,0.468716,0.265123,0.404377,0.28117,0.445555
"AQP12A",0,0,0,0,0,0,0,0
"AQP12B",0,0,0,0,0,0,0,0
"AQP2",0,0,0,0,0,0,0,0
"AQP3",2.15244,5.09168,1.5035,4.08889,2.91397,4.91368,1.85216,4.58821
"AQP4",0,0,0,0,0,0,0,0
"AQP5",0.420951,0.410207,0.0775496,0.283578,0.360701,0.412826,0.0848932,0.538672
"AQP6",0,0,0,0.0232276,0,0.0494446,0,0.025241
"AQP7",0,0,0.180895,0,0,0.057866,0,0
"AQP8",0,0,0,0,0,0,0,0
"AQP9",0,0,0.0220546,0,0,0,0,0.0438381
"AQR",23.528,22.3562,26.6889,23.148,23.8803,20.673,26.0763,23.8239
"AR",6.84096,4.74767,7.03626,5.24678,6.19412,4.79094,7.24977,5.79114
"ARAF",67.2061,68.5301,70.8844,80.6817,76.076,82.1358,69.8587,64.9362
"ARAP1",8.27548,7.57471,7.68097,10.0206,10.5969,10.2331,8.5576,9.41389
"ARAP2",0.0858883,0.0367898,0.0258461,0.0629445,0.0178371,0.00844009,0,0.00857316
"ARAP3",46.607,42.2055,47.1794,53.1632,53.3325,55.8488,51.7704,51.6179
"ARC",0.0225144,0.024121,0.0226906,0.145125,0.0234723,0.198932,0.099759,0.0901993
"ARCN1",134.244,136.82,147.861,126.868,140.342,127.069,138.889,136.124
"AREG",0,0,0,0,0.0633743,0,0,0
"ARF1",316.508,295.076,299.61,298.454,308.785,295.839,297.002,276.258
"ARF3",75.945,79.6889,78.5341,81.3289,75.752,81.4976,75.2418,78.1846
"ARF4",373.185,390.824,338.85,353.828,356.386,358.756,343.591,362.044
"ARF5",215.345,233.776,202.647,225.576,230.79,245.482,173.749,209.57
"ARF6",34.6225,29.0141,31.192,28.1447,32.1064,32.2737,32.4832,28.5015
"ARFGAP1",10.6047,8.56789,8.85296,9.85621,10.3331,10.648,9.69157,8.53241
"ARFGAP2",6.88323,7.03726,6.04079,7.83578,7.24109,7.01279,6.71335,7.14306
"ARFGAP3",12.9337,11.1225,12.5629,11.0512,9.77867,10.0426,11.9846,12.0609
"ARFGEF1",5.98161,5.40046,6.56187,5.382,5.4491,4.48888,6.13116,6.11166
"ARFGEF2",8.58223,9.79151,8.83073,7.43715,8.92113,8.13095,9.21415,9.14486
"ARFIP1",5.93463,5.91931,6.70894,5.16766,5.48764,5.30089,6.36613,5.57813
"ARFIP2",8.48704,9.92494,8.87112,9.85262,9.96853,10.3614,9.60344,9.84733
"ARFRP1",2.23033,2.24992,1.7301,2.85054,2.52192,2.81421,1.39084,2.63748
"ARG1",0,0,0,0,0,0,0.108633,0
"ARG2",13.8916,12.4635,12.8961,10.3387,11.0735,9.90407,13.435,12.2066
"ARGFX",0,0,0,0,0.0131599,0,0,0
"ARGLU1",28.6188,26.7212,27.7276,27.2816,29.5501,23.6848,23.803,25.1802
"ARHGAP1",67.9085,64.4214,69.282,72.7922,73.6216,71.9436,66.4462,66.3566
"ARHGAP10",5.61714,4.36415,6.97152,5.48408,6.04759,6.25551,6.57026,4.88718
"ARHGAP11A",7.10187,8.06106,9.72968,7.79541,7.15719,7.18881,9.43979,8.09357
"ARHGAP11B",3.30036,4.03657,3.30968,2.5969,2.84498,2.77775,4.01417,3.42785
"ARHGAP12",5.08211,5.19446,6.05203,5.36418,5.28727,4.49291,5.33689,5.06944
"ARHGAP15",0,0,0,0,0,0,0,0
"ARHGAP17",178.468,140.734,164.922,151.689,176.443,174.71,169.101,143.22
"ARHGAP18",30.0378,23.5169,28.9815,17.9309,23.0141,18.6484,30.4379,19.5999
"ARHGAP20",0.775931,0.682816,0.522667,0.442756,0.496837,0.396754,0.430007,0.912667
"ARHGAP21",22.1548,19.5059,25.5049,19.8701,23.6535,17.5129,25.9143,22.463
"ARHGAP22",5.90484,6.84865,5.35708,7.43462,6.17385,5.59142,4.93932,6.07188
"ARHGAP23",47.614,51.8554,45.5536,53.9485,59.0024,57.3061,46.9759,47.9722
"ARHGAP24",30.4252,23.5201,30.5058,23.7036,26.0871,21.4121,29.1298,22.5166
"ARHGAP25",0.158299,0.304191,0.227917,0.632098,0.246746,0.511953,0.262106,0.566253
"ARHGAP26",3.66235,3.43602,3.47555,2.75578,3.01837,3.66342,2.49128,3.30812
"ARHGAP27",0,0,0,0,0,0,0,0
"ARHGAP28",20.2227,20.3657,21.7956,18.1873,21.0733,16.5163,18.8395,23.7986
"ARHGAP29",80.02,73.9632,90.662,61.6207,79.0042,68.2042,88.7271,77.1327
"ARHGAP30",0.0875055,0.0624846,0.0439767,0.147291,0.273061,0.071629,0.129156,0.145789
"ARHGAP31",24.1502,27.3523,25.3652,25.656,27.6577,26.5133,25.0884,26.9136
"ARHGAP32",3.20397,3.67012,3.91425,3.79361,4.00595,3.51916,3.86394,3.94146
"ARHGAP33",11.2568,9.05423,10.789,12.5721,11.7361,15.2121,14.2384,11.1466
"ARHGAP35",21.412,19.1682,22.528,20.5501,21.6604,18.3352,21.258,21.4111
"ARHGAP36",0,0.0229097,0,0.0393669,0.0222871,0,0,0.0214123
"ARHGAP39",2.00615,1.99274,1.77321,2.08959,2.77396,2.68665,2.09155,2.29581
"ARHGAP4",2.66391,2.70103,2.5659,4.80113,2.54801,4.38424,3.04584,2.9648
"ARHGAP40",0.0702496,0,0,0,0,0,0,0.0703756
"ARHGAP42",0.663091,0.971083,0.693445,0.683079,0.408084,0.784324,0.793886,0.824968
"ARHGAP44",0.683752,0.455698,0.397186,0.669804,0.379401,0.313417,0.487809,0.622854
"ARHGAP5",3.6578,3.03885,3.66074,2.85582,3.11531,2.97764,3.7972,3.32716
"ARHGAP6",0.0987227,0.583305,0.138054,0.768011,0.243633,0.617731,0.18153,0.686398
"ARHGAP9",0,0.074669,0,0,0,0.101598,0.0364282,0.104981
"ARHGDIA",446.517,460.939,453.009,502.846,528.713,632.71,499.269,425.756
"ARHGDIB",953.976,888.632,960.745,907.37,827.375,835.402,941.627,883.682
"ARHGDIG",0.338792,0.545587,0.784789,0.878297,0.179817,0.414008,0.565873,0.4307
"ARHGEF1",16.5518,15.3866,15.8787,18.5225,20.6174,19.9859,18.8592,14.9889
"ARHGEF10",25.2193,21.688,25.5319,21.1775,26.5294,19.7577,28.4956,21.3148
"ARHGEF10L",0.815598,1.16032,0.5635,1.4081,1.17533,1.29822,1.02359,1.24778
"ARHGEF11",12.7675,11.5303,12.4927,13.2352,14.3354,13.7212,12.0469,12.7873
"ARHGEF12",27.2322,22.7086,30.3442,23.1676,27.0829,20.8614,28.0643,26.0252
"ARHGEF15",31.6624,35.9741,30.8082,37.9545,38.8258,44.7651,33.3001,34.1908
"ARHGEF16",0.0456825,0.1713,0.115113,0.315535,0.119076,0.358782,0.151815,0.251669
"ARHGEF17",7.66368,6.52709,7.80463,7.70201,9.11621,6.93108,8.04887,6.91763
"ARHGEF18",3.42581,3.53533,3.21101,4.53409,3.64288,3.82704,3.38723,3.30365
"ARHGEF19",0.523818,1.02884,0.681733,1.03635,0.636994,0.814279,0.388462,0.772817
"ARHGEF2",37.8586,37.8237,41.0162,44.6959,42.5301,41.0976,38.3202,42.3914
"ARHGEF25",0.482855,0.388367,0.335904,0.418627,0.328918,0.415133,0.3355,0.272926
"ARHGEF26",0.593408,1.15193,0.760789,1.0577,0.835336,1.0931,0.916759,1.02782
"ARHGEF3",27.689,38.8663,29.3983,39.9168,26.5858,37.4097,27.6385,40.7108
"ARHGEF33",0.120128,0.0160835,0.0150952,0.0413663,0.078106,0.029499,0.0332464,0.0150121
"ARHGEF35",0,0.0582781,0.109801,0,0,0.0266891,0,0
"ARHGEF37",2.82631,3.50757,3.62917,2.62547,3.56685,3.58283,2.35413,3.7262
"ARHGEF38",0,0,0,0,0,0,0,0.0117014
"ARHGEF4",0.0177931,0,0,0.0817826,0.0185251,0.0873739,0.0394053,0
"ARHGEF40",2.07805,1.85006,2.12751,2.75936,2.56026,2.62611,2.10939,1.97851
"ARHGEF5",0.0232854,0.062345,0.046763,0.0960999,0.0363007,0.148703,0.0386556,0.0232603
"ARHGEF6",2.77789,2.86481,3.42926,3.35934,2.93709,2.97624,3.57213,3.13802
"ARHGEF7",42.4054,40.1872,41.7688,39.6535,44.6833,39.1228,41.9054,44.0594
"ARHGEF9",1.68127,2.09578,1.5586,1.91455,1.77814,2.06964,1.94222,2.00503
"ARID1A",27.7644,27.6095,30.5202,31.0795,29.9529,32.0533,30.9159,31.3695
"ARID1B",21.8479,20.052,22.1355,22.3354,22.5116,22.2745,22.9458,21.7375
"ARID2",4.7975,6.12945,6.91261,5.06656,5.22711,5.20705,6.82604,6.44199
"ARID3A",3.24518,2.41244,2.5076,1.77246,3.08473,2.35045,2.12743,2.02742
"ARID3B",4.44387,5.24781,4.72745,7.157,5.50739,4.96818,5.01988,4.50102
"ARID3C",0,0,0,0,0,0,0,0.242894
"ARID4A",1.00939,1.7616,2.50676,2.30809,1.12342,1.36201,2.03339,2.74282
"ARID4B",7.10696,9.53662,12.3053,8.94516,9.59703,7.4378,5.52412,8.73359
"ARID5A",5.89653,6.10553,7.19978,8.71267,7.97983,5.83643,6.38099,6.38742
"ARID5B",1.73959,2.52697,1.70909,1.66811,1.33859,1.984,2.40481,1.68875
"ARIH1",13.327,14.6354,16.3689,12.8861,13.6275,12.9351,16.6283,14.287
"ARIH2",9.15036,9.2936,10.1913,9.33851,8.52527,8.83538,9.53971,8.40591
"ARL1",9.89768,9.45938,10.3219,8.36027,9.21333,8.91179,7.66761,9.38227
"ARL10",3.08448,2.96044,3.43367,2.62388,3.0274,2.75652,3.40357,3.12418
"ARL11",0.0866097,0.0371096,0.0174268,0.175119,0.0901599,0.0850591,0,0.0519816
"ARL13A",0.134492,0.0721507,0.0472531,0,0,0,0,0
"ARL13B",1.61034,1.62091,1.95743,1.39964,1.85408,1.27359,1.85065,1.39309
"ARL14",0,0,0,0,0,0,0.127365,0
"ARL15",4.21178,5.33811,5.08796,3.81511,5.30667,3.62502,4.93924,4.05798
"ARL16",20.702,16.5831,16.999,17.6679,17.413,22.1301,16.0829,16.3516
"ARL17A",0.388072,0.0389985,0.0365699,0.0556696,0,0.379066,0.121576,0
"ARL2BP",39.3719,38.9831,39.0787,36.6074,38.3468,35.7511,34.447,39.7555
"ARL3",2.33088,2.41616,2.27295,2.34996,1.78055,2.03707,1.89905,2.38487
"ARL4A",7.17739,7.03031,6.81945,7.17406,6.07868,6.7709,6.99796,7.88913
"ARL4C",1.14939,1.23115,1.23731,1.20466,0.829244,1.1607,0.931998,1.13323
"ARL4D",1.4808,1.49143,0.637967,1.66672,1.64795,1.45156,1.54378,1.40089
"ARL5A",7.91789,5.81814,8.81948,7.06552,7.44645,5.30821,7.50758,5.86777
"ARL5B",4.45209,5.17181,6.0527,5.07659,5.1825,4.55732,6.33577,5.80823
"ARL5C",0,0,0,0,0,0,0,0
"ARL6",2.66972,3.36892,2.29255,3.48291,2.26532,2.42239,1.94086,3.51517
"ARL6IP1",177.045,151.923,186.333,177.041,157.977,131.973,190.519,177.431
"ARL6IP4",179.817,197.782,198.428,205.755,193.13,187.391,169.274,188.48
"ARL6IP5",23.4856,22.37,22.6488,20.9576,19.2262,17.3491,17.8724,23.3332
"ARL6IP6",4.49314,3.17569,3.60494,5.28754,4.07235,2.67883,3.98732,3.60576
"ARL8A",46.8733,36.2395,41.2493,41.8277,44.7768,48.7813,46.5816,35.9466
"ARL8B",16.1196,15.5118,15.0596,12.004,16.2259,10.9278,13.3855,14.9889
"ARL9",0.198428,0,0.102659,0.188102,0,0,0,0
"ARMC1",10.0007,11.6409,11.2177,10.3811,9.71615,8.96221,9.3655,10.2533
"ARMC10",7.8591,7.60053,7.26073,8.30086,6.37455,6.39444,8.25568,6.42874
"ARMC12",0.283678,0.620767,0.197802,0.26249,0.408171,0.591294,0.117967,0.472008
"ARMC2",8.95995,10.4339,7.8311,13.8598,10.6525,8.00562,6.69896,9.25614
"ARMC3",0,0,0,0,0,0,0,0
"ARMC5",2.9185,2.20275,2.65312,3.35412,3.09553,3.03057,3.2405,3.25419
"ARMC6",8.09547,9.1983,8.67005,11.2238,10.1238,9.17151,7.08756,9.27458
"ARMC7",10.1031,10.3277,8.80883,12.3444,11.6157,12.7926,8.71783,10.545
"ARMC8",8.98101,9.19401,10.8949,9.48409,9.33257,8.2084,9.87174,9.72397
"ARMC9",8.50971,9.15695,7.27678,8.31982,9.88427,8.6894,9.12393,10.6067
"ARMCX1",5.73428,6.47129,5.52888,5.59237,6.26259,5.84296,5.61125,5.76813
"ARMCX2",14.9315,15.1937,15.0954,17.2232,13.4845,15.5049,12.7481,15.178
"ARMCX3",8.84719,8.65783,7.54909,7.42921,7.41316,7.86283,7.60015,7.0679
"ARMCX4",1.37261,1.28756,1.07882,1.22718,1.63583,1.42255,1.08703,1.56732
"ARMCX6",71.9143,64.577,62.6113,55.5829,54.7295,60.0894,61.2203,58.7504
"ARMS2",0,0.111638,0.215407,0,0,0,0,0
"ARNT",20.2358,16.6869,19.9412,18.691,19.2265,17.1441,19.2261,19.2021
"ARNT2",0.0774234,0.114005,0.165094,0.195126,0.110578,0.0950962,0.0321269,0.125617
"ARPC1A",747.645,738.269,638.813,637.474,672.549,759.332,673.641,650.47
"ARPC1B",287.751,278.829,265.708,325.717,274.304,310.298,257.672,276.518
"ARPC2",261.091,252.786,223.02,196.945,187.478,234.695,241.467,227.477
"ARPC3",733.138,793.628,699.731,702.555,632.301,650.751,651.302,654.44
"ARPC5",44.514,38.3917,40.439,34.0366,37.2212,32.9876,36.5956,34.307
"ARPC5L",7.82719,7.99295,7.80007,5.42645,8.93129,8.92013,7.01817,6.70938
"ARPP19",59.2324,54.647,63.2205,52.2866,55.9709,49.1067,64.4799,55.0284
"ARPP21",0,0,0,0,0.0211453,0.0398559,0,0
"ARR3",0,0,0,0,0,0,0,0
"ARRB1",84.5085,114.965,84.2615,113.138,101.128,106.39,87.4427,116.358
"ARRB2",36.6039,37.0191,36.0474,38.2002,38.8302,38.1781,36.4072,34.1722
"ARRDC1",9.38036,9.51846,8.25649,10.9595,13.0918,11.6775,8.88389,9.26262
"ARRDC2",3.21779,2.42247,3.02228,2.20395,3.50325,3.3076,2.58841,2.71998
"ARRDC3",6.96429,10.9471,8.54681,7.25178,7.35997,7.71537,10.0851,7.8358
"ARRDC4",1.14772,1.34887,1.17016,1.47892,0.945478,1.15859,1.35889,1.33896
"ARRDC5",0,0.046313,0,0,0,0,0,0.0434861
"ARSA",5.42328,5.86095,4.27676,6.42681,6.70015,7.43348,5.65107,6.40148
"ARSB",26.1973,21.3818,27.0028,22.888,24.9537,19.7669,21.6247,24.5999
"ARSD",10.1675,11.1638,10.3255,13.2326,14.3369,11.8323,10.9098,12.1541
"ARSF",0,0,0,0,0,0,0,0
"ARSG",1.10454,1.68308,1.49724,1.71489,1.41921,1.48398,1.39864,1.57077
"ARSH",0,0,0.0846052,0,0,0,0,0
"ARSI",0.0208046,0,0,0,0,0.0408545,0,0
"ARSJ",7.21878,5.93929,8.78799,6.00146,8.7682,5.04357,7.97695,5.14701
"ARSK",1.07913,1.21908,1.44209,1.29944,1.5533,1.09817,1.7383,1.00151
"ART1",0,0,0,0,0,0,0,0
"ART3",0,0.252348,0.0478031,0.0874689,0.0493954,0,0.104474,0
"ART4",4.86351,2.51868,4.09607,4.0983,4.03673,2.6786,4.68977,3.70405
"ART5",0,0,0,0,0,0,0,0
"ARTN",0.0777931,0.125088,0.0788392,0.108116,0.0407403,0.114434,0.043143,0.117345
"ARV1",4.03296,4.76773,4.54394,3.3873,5.76149,5.6845,4.55209,4.16394
"ARVCF",6.86391,6.59243,7.2766,7.4949,8.42183,7.88565,7.07433,6.15191
"ARX",0,0,0,0.0212753,0,0,0,0
"ASAH1",4.65501,5.1333,3.65117,5.5512,4.49247,3.6535,4.05897,5.2799
"ASAH2",0.0292771,0.0627539,0.0295744,0.189228,0.0611707,0,0.0649062,0.0881279
"ASAH2B",0.147946,0,0,0,0,0,0,0
"ASAP1",72.2754,83.3924,79.0003,76.842,81.9552,81.8174,80.242,84.7524
"ASAP2",43.682,39.0417,43.1197,41.8348,41.614,42.7442,40.8633,46.888
"ASAP3",5.33418,5.0169,5.66707,7.91071,6.46515,6.13774,6.59202,5.38487
"ASB1",1.40064,1.0927,1.42389,1.10119,1.62808,1.23047,1.62394,1.11292
"ASB10",0,0,0,0,0,0,0,0
"ASB11",0,0,0,0,0,0,0,0
"ASB12",0.0570557,0.0611979,0.0581834,0.10645,0,0.167649,0.12677,0.0576318
"ASB13",2.59196,2.8557,2.45578,2.86691,2.49304,2.74163,2.20788,2.00927
"ASB14",0,0.0331873,0,0.0286277,0.0647284,0.0303853,0,0
"ASB15",0,0,0,0,0,0,0,0
"ASB16",0.0638702,0.20535,0,0.0885366,0.13354,0.0939987,0.141624,0.128243
"ASB17",0,0,0,0,0,0,0,0
"ASB18",0,0,0,0,0,0.152404,0,0
"ASB2",0,0,0,0,0.050398,0,0,0
"ASB4",0,0,0,0,0,0,0,0
"ASB5",0,0,0,0,0,0,0,0
"ASB6",7.00286,7.11766,7.1691,7.92075,8.00175,8.35601,7.09394,6.34959
"ASB7",5.6635,5.53759,6.29604,6.08581,6.87586,5.72904,6.19678,6.75689
"ASB8",6.49611,6.11496,5.24867,4.80481,5.08876,5.74423,6.40705,6.293
"ASB9",1.92838,1.50755,1.27082,1.86655,1.66643,1.5795,1.34697,2.87611
"ASCC1",10.6086,11.6142,11.7438,12.702,8.81927,11.0447,9.51369,10.9405
"ASCC2",49.8601,49.7009,56.3843,57.4828,48.5027,56.3564,56.871,54.7891
"ASCC3",15.6294,15.1176,15.5571,15.6407,16.0595,15.8421,16.9284,16.2755
"ASCL1",0,0,0,0,0,0,0,0
"ASCL2",0,0,0,0,0,0,0,0
"ASCL3",0,0.152545,0,0,0,0,0,0
"ASCL4",0,0,0,0,0,0,0,0
"ASF1A",13.663,13.7215,13.7629,12.7745,12.0527,10.4649,11.7857,15.7402
"ASF1B",62.1223,53.7332,61.186,55.1913,49.5474,58.3107,51.5788,54.1658
"ASGR1",2.99691,3.00006,2.54838,3.21429,2.48859,3.64557,1.56307,3.06083
"ASGR2",0,0,0,0,0,0,0,0
"ASH2L",33.92,28.3678,31.0733,28.4934,33.8864,25.161,32.171,28.1475
"ASIP",0,0,0,0,0,0,0,0
"ASMTL",0,0,0,0,0,0,0,0
"ASNS",9.0318,10.901,10.1654,10.2483,8.66513,10.5987,9.8911,7.82198
"ASNSD1",6.40891,7.03188,5.90974,5.85267,5.53063,4.8906,6.33682,5.43358
"ASPA",0,0,0,0,0,0,0,0
"ASPDH",0,0,0,0,0,0,0,0
"ASPG",0,0,0,0,0,0,0,0
"ASPH",25.7613,26.3742,26.3665,25.0191,27.3495,21.6215,28.1651,28.0523
"ASPHD1",0.146045,0,0.148505,0,0.102275,0.0954165,0,0.0981441
"ASPHD2",4.48007,4.55153,5.3062,5.35703,5.40277,5.64104,4.0472,5.25354
"ASPM",12.478,14.9708,15.1377,12.3706,12.163,10.2142,17.2497,16.2069
"ASPN",0,0.0634266,0.0597946,0,0,0.0290399,0,0.0296919
"ASPSCR1",6.82304,6.9824,7.49949,7.15393,8.36995,7.75045,8.73065,7.16428
"ASRGL1",5.78997,8.28203,6.46729,7.9424,7.76662,8.16948,6.81194,8.16376
"ASS1",5.25896,5.78734,4.50687,6.99622,5.08181,5.20868,4.31449,6.00148
"ASTE1",1.63167,1.69447,1.62055,1.36514,0.969028,1.20736,0.917817,1.2579
"ASTL",0,0,0,0,0,0,0,0
"ASTN1",0.00864692,0,0,0.0307477,0,0,0,0
"ASTN2",2.24605,1.48765,0.803302,1.9038,1.59152,2.10595,1.37244,2.30738
"ASXL1",17.9513,22.5366,22.5541,19.6328,22.2925,20.3959,22.0145,20.4155
"ASXL2",21.5461,19.9635,24.0052,19.8429,22.571,18.7588,24.5301,24.0573
"ASXL3",0.4711,0.672637,0.820666,0.620775,0.403325,0.609147,0.859569,0.635188
"ASZ1",0,0,0,0,0,0,0,0
"ATAD1",8.97711,9.2179,13.627,10.0585,12.7786,10.1587,10.6663,11.573
"ATAD2",10.5604,7.72193,9.3837,8.58592,7.83116,6.72695,10.0279,7.66317
"ATAD2B",2.66595,2.55051,2.29388,1.85103,2.67891,2.08804,2.627,2.87178
"ATAD3C",0.033702,0.0541503,0.101702,0.0774219,0.105236,0,0.0559723,0.084271
"ATAD5",1.08559,1.16221,1.4928,1.11953,1.19665,0.866278,1.4548,1.05727
"ATAT1",0,0,0,0,0,0,0,0
"ATCAY",0,0,0,0.0116841,0.0132394,0,0,0
"ATE1",9.10861,8.25708,8.63481,6.54677,7.67647,6.34263,9.07039,7.26779
"ATF1",8.58319,6.75101,8.74518,7.12163,8.45641,7.02852,8.0557,7.69145
"ATF3",4.59998,1.80567,3.16078,2.41338,4.05996,2.08891,3.17678,2.2228
"ATF4",417.165,387.791,426.012,405.524,426.504,367.068,388.494,364.305
"ATF6",40.6358,39.2264,46.9034,36.8017,41.7695,35.9421,46.7881,37.815
"ATF6B",0,0,0,0,0,0,0,0
"ATF7IP",30.3251,38.2012,30.6262,38.8325,30.6776,33.6054,32.8894,39.97
"ATF7IP2",2.0496,2.74555,2.1355,2.60142,1.74836,1.80044,2.01596,2.19435
"ATG10",0.746822,0.85702,1.02615,1.08248,0.720331,0.44477,0.889885,0.615954
"ATG12",4.54924,4.65952,3.98107,3.45835,3.38073,3.83402,4.22356,3.88071
"ATG13",17.4762,16.7804,17.9754,18.3588,18.2588,16.838,18.6725,16.7726
"ATG14",2.80239,3.39491,3.14216,3.003,3.50246,2.78111,3.45723,4.2208
"ATG16L1",5.84404,5.68724,5.12396,6.52363,6.25785,5.28236,5.37985,5.06884
"ATG16L2",5.08533,5.39858,5.27768,5.07219,6.09766,7.24379,5.30807,5.79856
"ATG2A",5.06443,5.70411,4.8499,6.83436,6.5383,6.96052,6.2153,5.42509
"ATG2B",8.35979,7.83152,9.40492,7.94998,8.82291,7.81341,9.54044,9.10709
"ATG3",29.9096,30.0448,32.0225,32.2289,27.1549,28.5719,28.971,30.6038
"ATG4A",4.271,4.22034,3.39149,3.467,3.71542,4.06096,3.31037,4.71537
"ATG4B",16.8665,17.4326,17.8228,20.5908,20.5438,17.4466,16.7356,15.1779
"ATG4C",1.04528,1.0088,0.906328,1.27937,0.689516,0.53298,0.900721,0.929348
"ATG4D",2.69387,3.52675,2.89888,4.09486,3.82682,3.11955,2.47319,3.04958
"ATG5",5.73789,6.18226,5.83966,5.24566,5.80917,4.81801,4.82787,4.46512
"ATG7",8.23829,8.89352,7.96902,9.15365,8.0253,8.44156,7.16668,9.72858
"ATG9A",32.9083,29.8694,31.6946,33.5546,30.8515,33.3109,29.4405,30.2371
"ATG9B",1.12632,1.07063,0.523499,0.710807,0.863901,1.68725,1.23118,1.09762
"ATIC",25.3538,31.9739,26.8429,36.1654,26.2258,25.7523,28.5234,30.6099
"ATL1",1.11689,0.981139,0.628938,0.88604,0.474762,0.535361,0.777003,1.04146
"ATL2",4.11909,4.71397,4.62483,3.75879,5.00442,4.13142,5.40531,4.31065
"ATL3",23.3064,18.9837,24.3935,17.4511,23.2402,17.5781,22.1466,21.1253
"ATM",4.88025,4.76551,5.65371,5.26114,5.15496,4.78262,5.46131,5.82909
"ATMIN",22.3561,20.6485,24.8603,18.7246,20.601,18.4359,22.9296,21.0185
"ATN1",142.055,113.337,137.946,142.921,165.389,162.567,156.724,132.802
"ATOH1",0,0,0,0,0,0,0,0
"ATOH7",0,0,0.0958344,0.0438185,0,0.0462101,0,0
"ATOH8",5.29385,3.19311,5.11338,4.3779,4.31668,2.37615,4.13783,3.41198
"ATOX1",256.966,298.617,252.32,240.826,226.385,245.612,208.103,260.872
"ATP10A",0,0,0,0,0,0,0,0
"ATP10B",0,0,0,0,0,0,0,0
"ATP10D",3.6476,4.49863,4.6774,4.4667,4.25365,3.25272,4.50002,4.47299
"ATP11A",20.9712,19.9199,22.5752,20.4675,25.2972,21.8856,22.3739,21.5095
"ATP11B",7.40571,6.08879,7.89486,5.0336,7.0845,5.41654,7.72354,6.02197
"ATP11C",8.67812,7.32226,7.77765,6.44844,7.89331,6.0593,9.21628,7.73855
"ATP12A",0,0,0,0,0,0,0,0
"ATP13A1",18.5538,18.6104,19.0141,18.0944,19.8278,28.0124,21.1353,20.0381
"ATP13A2",14.5481,17.162,18.6219,21.042,16.9233,23.0434,17.5398,16.4141
"ATP13A3",7.48012,6.72538,9.07545,6.94925,7.14802,6.15483,9.338,7.47215
"ATP13A4",0.0151271,0.0162025,0,0.0277827,0.0472117,0,0.0334925,0.0151236
"ATP13A5",0,0,0,0,0,0,0,0
"ATP1A1",75.3367,83.3769,76.1182,89.8636,73.9968,81.0919,70.5201,78.5107
"ATP1A2",0,0,0,0,0,0,0,0
"ATP1A3",0.075554,0.121407,0.0190098,0.0521082,0.0590142,0.111292,0.125505,0.0378005
"ATP1A4",0,0,0,0,0,0,0,0
"ATP1B1",6.77858,6.36874,6.22553,5.71843,5.88728,5.19328,7.13667,5.28107
"ATP1B2",0.0197024,0.063319,0.0991881,0.0543711,0.061572,0.077386,0.283655,0.0197198
"ATP1B3",930.183,919.03,913.841,935.663,900.377,871.529,764.646,900.225
"ATP1B4",0,0,0,0,0.0280508,0.0264998,0,0
"ATP2A1",0.480771,0.217891,0.226206,0.544061,0.404702,0.472126,0.368575,0.536563
"ATP2A2",28.7046,26.5522,28.4279,28.027,27.9024,28.6388,29.3498,26.1143
"ATP2A3",0.0152804,0.114575,0.0921796,0.0701687,0.184055,0.20062,0.219926,0.137506
"ATP2B1",4.49602,3.4057,3.79339,3.95927,4.42449,3.46771,4.46365,4.09657
"ATP2B2",0,0,0,0,0,0,0,0
"ATP2B3",0,0.010591,0,0,0.0102728,0.0194379,0,0.00987427
"ATP2B4",37.6534,49.1868,39.7076,50.3435,42.7595,49.0399,38.3391,54.0298
"ATP2C1",15.2576,12.0608,16.5062,11.6416,14.6937,11.2897,13.0782,13.7175
"ATP2C2",0.0193727,0,0.0780141,0.0178183,0,0,0.021454,0.0775531
"ATP4A",0,0,0,0,0,0,0,0
"ATP4B",0.0479588,0.10285,0,0,0,0,0,0.0966695
"ATP6AP1",146.01,138.897,140.772,154.21,158.421,151.967,126.989,131.238
"ATP6AP2",47.3288,47.0477,47.3937,44.3974,43.3029,41.3744,40.6053,46.6197
"ATP6V0A1",12.7963,18.5823,14.8456,18.6784,19.2059,24.1333,15.311,17.0435
"ATP6V0A2",6.33937,6.92644,6.78771,6.28224,6.7356,6.36321,6.90883,7.10153
"ATP6V0A4",0,0.0700377,0,0.0401186,0,0.0213886,0,0.021814
"ATP6V0B",27.8353,29.8618,28.0276,26.4981,25.5427,24.0207,21.447,24.9517
"ATP6V0C",1019.84,949.837,1015.54,1160.51,1107.68,1096.51,997.008,903.631
"ATP6V0D1",107.656,113.317,102.35,110.44,100.701,105.124,96.3249,109.867
"ATP6V0D2",0,0.0305483,0,0,0,0,0,0
"ATP6V0E1",94.7469,103.63,99.4238,92.1991,78.5974,94.7429,85.8138,80.923
"ATP6V0E2",15.3366,16.8546,17.5124,19.2995,18.542,21.3086,15.4336,15.443
"ATP6V1A",27.225,18.974,29.1871,20.6477,27.8087,17.8034,27.3376,21.6606
"ATP6V1B1",0,0.229234,0,0.032985,0,0.0349634,0,0
"ATP6V1B2",17.5282,16.5668,19.2812,19.4327,17.1149,16.5244,19.2206,17.7276
"ATP6V1C1",9.1318,9.36064,9.70208,8.73509,9.47917,9.00201,9.24092,9.12368
"ATP6V1C2",0.382936,0.364648,0.428616,0.137065,0.221705,0.167151,0.141373,0.255604
"ATP6V1D",10.3945,9.10422,10.1525,8.09267,9.41235,8.74116,8.5226,8.76018
"ATP6V1E1",70.0748,65.9754,71.9812,61.2103,68.9679,58.4648,63.5939,57.4855
"ATP6V1E2",2.12626,1.80972,0.833944,1.02971,1.08386,0.947302,0.784971,0.793182
"ATP6V1F",346.481,323.692,291.518,312.128,298.751,362.694,285.703,304.361
"ATP6V1G1",19.2875,16.5713,18.7766,15.2882,14.1355,13.5549,13.5361,15.8286
"ATP6V1G3",0,0,0,0,0,0,0,0
"ATP6V1H",23.0705,16.5822,20.2561,18.2098,20.0388,17.85,18.4686,19.1242
"ATP7A",2.18129,2.3581,2.69677,2.34242,2.12988,2.41291,3.03332,2.60385
"ATP7B",1.36319,1.32993,1.41318,1.41204,1.65705,1.33475,1.49199,1.27608
"ATP8A1",0.60555,1.32125,0.776325,1.33976,0.720729,1.31134,0.703917,1.37372
"ATP8A2",0.0640732,0,0,0,0,0.0377673,0,0.0256089
"ATP8B1",18.4721,20.7779,19.1074,17.502,19.5703,17.8954,19.7052,21.4005
"ATP8B2",16.7537,13.8512,17.4971,18.0402,16.4689,15.2057,13.6813,15.4911
"ATP8B3",0.544789,0.422024,0.620398,0.547004,0.665063,0.521567,0.434611,0.570081
"ATP8B4",0,0,0,0,0,0,0,0
"ATP9A",19.3517,18.8556,19.5882,17.0634,19.4297,19.6847,18.4268,19.1002
"ATP9B",2.91757,2.27988,2.58339,2.94991,2.54276,3.14743,2.4958,2.78949
"ATPAF1",20.6554,23.5801,21.4714,21.4803,18.598,16.1011,18.6504,19.713
"ATPAF2",12.5969,10.5001,12.3498,14.9836,9.62482,10.799,13.9904,12.7537
"ATR",2.67152,3.06756,2.48309,2.17856,2.82017,2.64322,2.55503,2.98799
"ATRIP",3.72359,2.83937,3.24327,3.64214,2.86832,4.68407,3.36684,3.04103
"ATRN",16.5509,17.9816,17.8804,18.2242,17.6025,16.3941,18.1484,17.5187
"ATRNL1",0,0,0,0,0.00748056,0,0,0
"ATRX",8.53983,8.62372,8.50497,7.96504,8.76619,7.14713,8.9233,8.04078
"ATXN1",13.0194,11.7553,15.5857,13.003,14.4809,9.69471,11.7932,11.8727
"ATXN10",91.4187,100.81,104.773,106.497,104.723,99.5361,94.695,97.7973
"ATXN1L",7.115,7.00217,8.30076,7.70536,8.38515,7.92119,8.25312,7.93943
"ATXN2",54.7997,42.3013,54.0966,44.697,57.1276,47.7195,61.5966,50.6745
"ATXN2L",120.624,99.4869,115.263,129.397,141.161,144.028,137.829,120.412
"ATXN3",1.87879,2.20645,2.2514,2.42727,2.13667,2.3842,2.65753,2.32498
"ATXN3L",0,0,0,0.111269,0.209642,0,0,0.0402502
"ATXN7",6.80999,6.0169,7.66256,6.27324,7.01497,6.13159,7.29744,7.46162
"ATXN7L1",6.6343,5.77582,7.0831,10.0162,7.65407,7.78658,9.05122,6.78701
"ATXN7L2",3.86054,5.03359,4.54888,5.709,5.57756,6.14368,4.4905,6.20006
"ATXN7L3",14.7609,16.2658,15.9876,17.2471,18.8441,18.9206,15.451,15.7902
"ATXN7L3B",41.1105,43.2234,45.317,42.3503,40.5043,40.4247,39.7412,41.3784
"AUH",3.94376,2.55795,2.01637,3.61872,3.16775,2.99024,3.06408,1.96519
"AUP1",150.327,149.349,155.602,180.394,160.444,155.167,144.278,144.37
"AURKA",28.0719,32.3674,30.9121,31.881,24.9568,28.1576,33.7586,32.3438
"AURKAIP1",33.676,34.5575,31.8519,43.3895,38.2518,45.5891,31.4711,33.9711
"AURKB",71.4108,73.4356,83.1671,94.3939,72.421,79.7147,84.9903,72.8014
"AURKC",0.206399,0,0.140738,0.386826,0.0725537,0.532968,0.459147,0.278767
"AUTS2",10.8339,12.0228,12.313,13.1488,13.9411,13.4648,16.4922,13.4271
"AVEN",2.24649,2.51267,2.96575,1.75221,1.3277,2.0291,1.78358,1.37213
"AVIL",0.530421,0.284132,0.356331,0.183134,0.299499,0.477359,0.195846,0.575468
"AVL9",10.3191,8.75088,10.2863,8.17553,9.00931,6.42991,8.49626,7.64317
"AVP",0,0,0,0,0,0,0,0
"AVPI1",2.56007,3.92213,3.72339,3.1136,4.3951,4.09514,4.29339,4.11149
"AVPR1A",0,0,0,0,0.0162191,0,0,0
"AVPR1B",0,0,0,0,0,0,0,0
"AVPR2",0,0.0475276,0,0,0,0.0427348,0.0491932,0.0877789
"AWAT1",0,0,0,0,0,0,0,0
"AWAT2",0.93049,0.249305,0.605047,0.368681,0.20851,0.260804,0.478975,0.400461
"AXDND1",0,0,0.0360619,0.0823606,0,0,0,0
"AXIN1",4.56352,4.46098,4.12099,4.4139,6.00754,4.4644,4.52314,3.99123
"AXIN2",0.553252,0.533461,0.966647,0.782196,1.29506,0.690654,0.586963,0.803282
"AXL",54.5215,50.0713,53.0071,54.1462,52.9443,55.5069,57.8537,43.1488
"AZGP1",0,0,0,0,0,0,0,0
"AZI2",15.7398,18.1659,17.4004,15.6277,15.7497,14.714,16.068,14.519
"AZIN1",57.1123,50.6295,63.3668,51.2186,55.151,52.856,59.6555,54.2421
"AZU1",0,0,0,0,0,0,0,0
"B2M",389.239,363.054,375.991,342.577,332.027,281.349,323.344,334.6
"B3GALNT1",4.61095,6.19095,4.88423,5.61086,5.17249,4.66706,3.82173,4.56559
"B3GALNT2",8.09542,7.61959,7.96993,8.03035,7.27038,7.14921,6.66783,9.05764
"B3GALT1",0.0314602,0,0,0,0,0,0,0
"B3GALT2",0.0368491,0.0197366,0.0556291,0,0.0191859,0.0180933,0.0612426,0.0184351
"B3GALT4",0,0,0,0,0,0,0,0
"B3GALT5",0.0254382,0,0,0.0234493,0.0796453,0,0,0
"B3GALT6",7.48417,8.17182,6.84918,9.57411,8.7253,7.90847,8.81942,7.78492
"B3GAT1",0,0.0795151,0.0373522,0.0511873,0,0.0182198,0,0.0714142
"B3GAT2",0.2875,0.15408,0.363877,0.332591,0.376193,0.141053,0.557949,0.613986
"B3GAT3",5.15551,6.39199,4.86052,6.60795,5.44217,7.45176,5.31096,4.28573
"B3GNT2",8.07186,7.58355,8.06645,6.87928,7.7115,6.02004,8.75469,8.33084
"B3GNT3",0,0.0788168,0.0247294,0.0903862,0.102315,0,0,0.0491426
"B3GNT4",0.0476979,0.358013,0.19394,0.354708,0.150269,0.140242,0.370633,0.0480687
"B3GNT5",10.6946,9.36525,12.4541,10.9595,9.55298,8.62753,12.4842,11.1511
"B3GNT6",0,0,0,0,0,0,0,0
"B3GNT7",0.162074,0.270668,0.036243,0.136003,0.175526,0.268462,0.259393,0.358735
"B3GNT8",4.14647,4.64052,3.78815,5.20996,5.77701,6.31552,3.23936,4.16587
"B3GNT9",0.616714,1.18939,0.497596,0.72749,0.849223,0.629587,0.710603,0.865214
"B3GNTL1",7.04229,5.35223,5.68431,7.16438,7.10928,5.06571,4.4923,4.35567
"B4GALNT1",0.0219742,0,0,0,0,0.021574,0.0486805,0.0220059
"B4GALNT2",0.0385572,0,0,0,0,0.0757146,0.0427819,0
"B4GALNT3",0,0,0.0767219,0.0525688,0,0.0187105,0,0.0381354
"B4GALNT4",1.27923,1.23892,1.25961,1.30768,1.22426,1.06124,1.40672,1.27119
"B4GALT1",54.5623,65.615,58.8439,64.3793,61.1809,64.1811,58.4952,59.6659
"B4GALT2",42.078,40.9545,48.0319,52.9201,47.5346,49.0649,45.8059,43.6442
"B4GALT3",30.6102,30.0542,31.2304,37.4704,34.6857,35.8184,32.7659,30.245
"B4GALT4",1.54049,1.54296,1.57773,1.48836,1.3177,1.15589,1.32351,0.969929
"B4GALT5",77.6686,76.758,80.7784,73.1715,80.8659,75.0684,75.9312,83.0164
"B4GALT6",10.1779,11.2508,11.2556,10.9907,11.6306,10.0543,9.59929,12.3374
"B4GALT7",8.42148,8.71582,8.28586,11.8469,10.3099,11.5641,8.29822,8.1794
"B9D1",20.6546,18.7407,20.286,19.8075,16.2966,17.3846,16.8631,14.3085
"B9D2",1.3927,1.60186,1.1686,1.09957,1.63439,1.19974,1.1299,1.19409
"BAALC",0.513052,1.1275,0.68987,0.128875,0.640993,0.481052,0.335819,0.539574
"BAAT",0,0.020799,0,0,0,0,0,0
"BABAM1",107.081,101.331,114.36,134.639,109.807,111.468,100.375,100.992
"BACE1",7.35208,8.30051,7.90347,7.68174,7.48907,7.74306,7.90572,8.59816
"BACE2",44.2012,43.6529,47.3431,39.626,44.1652,38.864,43.2014,45.14
"BACH1",4.15246,2.74255,3.73357,3.20299,3.77515,3.09569,3.86929,3.29373
"BACH2",1.06517,0.941477,1.31933,1.21829,1.11994,0.779992,1.12994,1.03288
"BAD",43.4292,35.1538,40.0157,45.5672,49.7749,40.7008,34.565,37.7293
"BAG1",12.3054,9.85659,11.0661,13.2662,11.0687,14.1225,8.80248,11.6264
"BAG3",80.485,83.2388,84.0674,98.6464,95.2564,99.4521,85.3195,79.8404
"BAG4",5.51753,4.94756,5.96262,5.06884,5.27649,4.53546,5.7672,5.54171
"BAG5",9.9676,10.0996,9.51598,7.80414,9.37889,9.36111,10.1121,9.21274
"BAG6",0,0,0,0,0,0,0,0
"BAHCC1",1.4145,1.88043,1.66922,1.98744,2.05635,2.40519,1.69577,1.94409
"BAHD1",6.63301,5.55441,6.08935,5.60023,7.94542,7.78615,6.3788,5.63729
"BAIAP2",3.9,4.28489,2.56843,3.89944,4.18901,4.74162,3.33526,3.64028
"BAIAP2L1",0.782034,1.02809,0.983611,0.882233,1.27681,1.23929,1.14146,0.817919
"BAIAP2L2",0.623769,0.364462,0.580316,0.150405,0.27307,0.607597,0.790791,0.524408
"BAIAP3",0.0434047,0.0471759,0.103318,0.0943735,0.0610916,0.0288381,0.0650158,0.0997068
"BAK1",9.0317,9.99185,8.95537,10.1543,10.1058,9.73145,7.34491,8.93807
"BAMBI",3.21785,2.22694,1.85878,2.60575,2.56133,3.35491,2.21426,2.25383
"BANF1",269.845,285.554,284.479,303.401,278.823,276.45,260.684,273.848
"BANF2",0,0,0,0,0,0,0,0
"BANK1",0.0650799,0,0.196724,0,0,0,0.0480563,0.0380524
"BANP",6.99893,5.30743,4.91614,5.51755,6.13618,5.04228,6.68786,4.87242
"BAP1",18.8028,17.9328,18.9691,22.7389,21.1144,21.5569,18.6513,18.0586
"BARD1",2.60664,1.96994,2.0659,1.34451,1.73308,1.72596,2.03315,1.98327
"BARHL1",0,0,0,0,0,0,0,0
"BARHL2",0,0,0,0,0,0.0470387,0,0
"BARX1",0,0,0,0,0,0,0,0
"BARX2",0,0,0,0,0,0,0,0
"BASP1",112.739,93.7171,101.31,95.4797,95.8428,97.0992,116.183,90.2444
"BATF",0,0,0,0,0,0,0,0
"BATF2",0.4031,1.21766,0.51954,0.58991,0.734526,0.970439,0.650259,0.662946
"BATF3",0.160743,0.172547,0.495725,0,0.340832,0.078595,0.0894621,0.0816522
"BAX",165.097,165.197,161.663,167.556,169.412,199.075,161.896,157.124
"BAZ1A",4.80658,5.05337,5.72569,4.296,4.9608,4.59695,6.49667,3.99717
"BAZ1B",24.3484,22.542,22.0892,20.9686,22.4974,21.8593,23.3402,23.0077
"BAZ2A",18.8381,18.7918,19.2317,20.868,22.8622,20.0796,21.5785,20.6915
"BAZ2B",11.2417,12.5451,13.4231,12.5855,13.3432,9.44353,11.0046,10.5777
"BBC3",14.2741,11.1734,13.8277,15.566,13.6232,17.1496,14.1047,11.9957
"BBIP1",8.04794,8.14855,8.96862,7.87502,6.03459,8.13223,8.06112,7.80288
"BBOX1",0,0,0,0,0,0,0,0
"BBS1",11.5534,11.085,10.8319,11.172,12.4895,11.7704,11.5044,10.4113
"BBS10",3.22723,3.22266,3.19273,3.10113,3.66416,3.58108,3.29094,3.19244
"BBS12",1.23679,1.0643,1.44169,0.615604,0.84497,1.11486,0.763475,1.19747
"BBS2",12.0659,11.9769,13.6903,12.1697,13.6946,13.6237,13.9456,11.9639
"BBS4",3.82729,3.54519,3.31833,4.31371,2.47084,4.21738,3.27936,3.75604
"BBS5",3.38191,4.37316,3.24142,3.82633,4.12346,5.01659,3.02984,3.3215
"BBS7",4.49998,3.97561,4.85431,3.39859,3.14107,4.41206,4.38354,4.07982
"BBS9",5.07484,4.34532,3.98382,4.09475,4.59845,3.88168,3.58557,4.36412
"BBX",6.59764,6.83092,7.03441,6.34639,6.23883,5.9943,7.51989,7.16132
"BCAM",17.039,18.5013,15.9803,25.6856,23.9637,24.5377,20.2403,19.164
"BCAN",0.139435,0.141474,0.0379811,0.0214053,0.145395,0.203794,0.125354,0.188792
"BCAP29",12.8995,11.0542,12.7352,10.2793,12.5485,9.69897,12.6882,10.2665
"BCAP31",83.2136,87.3097,67.2366,110.415,82.2904,97.3329,80.685,84.5095
"BCAR1",75.9985,75.8526,76.6447,84.1337,92.5254,96.4311,76.3424,72.5069
"BCAS1",0,0.0201792,0,0,0.0784726,0.0184983,0,0
"BCAS2",13.4362,16.6551,14.9512,14.7906,16.7668,14.4225,14.7497,12.5939
"BCAS3",8.80727,7.63277,8.32412,10.139,8.18379,9.97391,8.78733,8.65867
"BCAS4",1.8114,1.29334,0.418777,2.05226,0.989168,1.18366,0.931547,0.905492
"BCAT1",15.6019,16.8445,16.1162,15.9581,15.7755,14.5367,16.6867,18.1577
"BCAT2",24.2947,24.5783,23.2271,30.1982,24.9229,26.9827,20.0533,20.4807
"BCCIP",5.22961,4.31537,5.41247,3.5259,3.40013,4.06849,3.57213,4.20589
"BCDIN3D",2.02427,1.35785,1.8476,1.4399,2.0291,1.60156,1.47922,1.50168
"BCHE",1.78901,1.8875,1.30593,1.42195,1.09195,1.70174,1.31154,1.49042
"BCKDHA",27.6756,31.5766,27.3519,35.2894,26.429,34.376,26.5757,29.1616
"BCKDHB",7.92178,9.07544,10.8512,8.42918,6.83763,5.20622,8.35658,6.51396
"BCKDK",103.73,98.1649,103.562,121.491,112.174,108.425,97.8781,98.1803
"BCL10",24.9477,25.3713,22.731,21.6602,22.9526,21.3924,23.2496,22.8394
"BCL11A",0.555186,0.815889,0.535915,0.435217,0.936994,0.559644,0.633712,0.730729
"BCL11B",0.0747843,0.095138,0.0833429,0.0608895,0.034509,0.0476227,0.0183849,0.0829368
"BCL2",1.11283,0.533161,0.912807,0.595969,0.716206,0.219125,0.493466,0.462318
"BCL2A1",0.183299,0.393697,0,0.346539,0.0974933,0.528144,0,0.280133
"BCL2L1",59.1814,58.8256,64.3306,72.9377,69.9739,68.1165,62.486,54.8728
"BCL2L10",0,0.196849,0.0945903,0.259904,0.0974933,0,0,0
"BCL2L11",6.85567,7.11021,10.3981,6.92899,8.5224,5.31907,8.4288,9.16846
"BCL2L12",19.4069,21.7012,21.4919,22.1314,22.0557,23.824,18.5118,19.6174
"BCL2L13",12.9447,10.9624,12.3894,12.211,11.9595,11.2222,11.4315,12.652
"BCL2L14",0,0,0.136295,0,0,0,0.0815505,0
"BCL2L15",0.167746,0.0829222,0.0777762,0.0118397,0.12074,0.0380331,0.114258,0.141829
"BCL3",55.8586,52.6339,58.9203,75.3771,68.2962,67.8676,55.3455,59.385
"BCL6",12.2228,14.093,14.3536,14.4048,13.6964,14.5488,13.2381,14.362
"BCL6B",74.2798,74.9688,86.7841,107.503,94.7903,96.3018,83.7629,92.599
"BCL7A",5.85688,4.77877,6.42758,4.76429,6.09471,5.8544,5.28472,5.2094
"BCL7B",25.2535,25.1338,23.1735,28.2158,24.2739,26.3176,21.7345,24.0627
"BCL7C",38.6099,36.6306,31.289,42.9018,39.0782,44.7362,32.675,32.7317
"BCL9",14.1209,15.1729,14.3451,16.8236,14.5153,17.6292,15.6433,16.505
"BCL9L",29.9434,34.1115,32.1939,36.8846,34.1102,44.4759,31.8861,28.6645
"BCLAF1",27.2216,23.5367,26.8129,21.5728,22.7653,19.6018,28.6986,26.7572
"BCO2",0.0775214,0.221512,0.143906,0.246218,0.181236,0.269309,0.110791,0.388568
"BCOR",12.9973,9.26596,12.9011,8.95339,13.5873,8.95601,12.6022,9.57366
"BCORL1",5.28166,4.26509,4.53092,5.24478,6.49313,5.71881,5.58659,4.45902
"BCR",29.5875,23.9382,21.4347,22.831,29.9489,24.4802,26.3886,21.4605
"BCS1L",16.2988,18.3226,16.2809,19.9925,16.8122,16.9954,16.5901,16.1821
"BDH1",1.98214,1.76077,1.46206,2.12664,1.60536,1.64492,1.36916,1.45754
"BDKRB1",0.0566345,0,0,0,0,0,0,0
"BDKRB2",0,0,0,0,0,0.0151457,0,0
"BDNF",1.17511,0.630543,1.56364,0.534334,1.46257,1.12195,1.66468,0.762475
"BDP1",4.82369,3.86295,4.96618,3.88051,4.81732,3.87767,5.05189,4.38716
"BEAN1",0.0236914,0.10155,0.0716694,0.0654865,0,0.0465197,0,0.0627959
"BECN1",26.0045,22.4969,23.4289,20.8951,20.7942,20.4589,24.4429,20.9476
"BEGAIN",0,0.0267341,0,0.184029,0.104151,0.0489912,0.0276449,0
"BEND2",0,0,0,0,0,0,0,0
"BEND3",1.71885,1.53954,1.84023,1.66373,1.64507,1.65816,1.42944,1.92724
"BEND4",0.135059,0.138138,0.186827,0.157488,0.148779,0.080045,0.134854,0.15663
"BEND5",0.110515,0.0592655,0,0.154537,0.290779,0.378898,0.184134,0.278953
"BEND6",0.0742146,0.132527,0.249506,0.113994,0.103229,0.145698,0.164449,0.0991622
"BEND7",12.0508,10.3306,11.0925,9.52704,10.4235,8.29999,11.0649,10.0803
"BEST1",0,0,0,0,0,0.0244335,0.077977,0
"BEST2",0,0,0,0,0,0,0,0
"BEST3",0.276773,0.197686,0.302247,0.42486,0.192395,0.285981,0.383252,0.395233
"BEST4",0,0.035009,0,0,0,0.0961431,0.181078,0
"BET1",25.6396,21.957,20.8837,20.9056,17.0803,18.348,22.7827,23.7031
"BET1L",19.0611,17.2005,18.2036,19.3325,21.058,21.8388,19.1285,17.8245
"BEX1",0.856904,0.920289,0.688666,1.80236,1.92624,1.20917,0.212226,1.26211
"BEX2",0.270127,0.290058,0.312676,0,0.429492,0,0.401232,0.183394
"BEX4",6.54751,7.11062,7.22978,7.07752,7.8317,7.33956,6.91666,6.78281
"BEX5",3.06053,2.30137,3.27558,4.25976,2.50344,3.38697,1.70644,1.45884
"BFAR",32.0744,31.7738,31.5406,28.2739,32.2652,30.2103,30.2869,32.0641
"BFSP1",2.84275,3.16748,3.23161,2.63116,3.16309,2.41384,2.38612,4.33111
"BFSP2",0,0,0,0,0,0,0,0
"BGN",1680.38,1897.57,1978.27,2420.26,2211.63,2362.94,2059.72,2163.64
"BHLHA15",0,0.13503,0,0,0,0,0,0
"BHLHA9",0,0,0,0,0,0,0,0
"BHLHE22",0,0,0,0,0,0,0,0
"BHLHE23",0,0,0,0,0,0,0,0
"BHLHE40",4.92386,3.78127,5.67189,3.81362,5.20641,3.71241,5.74903,3.29442
"BHLHE41",0,0,0.0346568,0,0.0358605,0.0507493,0,0.0172295
"BHMT",0,0,0,0,0.0280632,0.0263857,0,0
"BHMT2",0.1095,0.146668,0.193446,0,0.114319,0.0537317,0.0303339,0.192158
"BICC1",0.190339,0.339853,0.191739,0.311435,0.198358,0.186882,0.304515,0.127049
"BICD1",4.7743,4.38556,5.04786,5.21956,4.95951,5.27515,4.49655,4.66035
"BICD2",6.46427,5.60991,6.32595,5.21969,6.24908,5.1187,6.04796,6.27281
"BID",14.1225,13.4864,12.6551,13.5614,10.6897,13.382,11.1932,12.3188
"BIK",0.667451,0.0895674,0.343428,0.078613,0.265593,0.407851,0.464459,0.254475
"BIN1",13.5339,19.1923,12.949,18.1797,12.4842,20.7245,9.95157,13.2164
"BIN2",0,0,0,0,0.0321676,0,0,0
"BIN3",7.60686,6.49883,6.29447,6.7655,5.95415,6.86941,4.88676,6.47358
"BIRC2",17.5751,17.74,16.3087,16.077,17.114,13.0119,18.1369,15.8361
"BIRC3",0.103892,0.111036,0.26904,0.136278,0.170409,0.174875,0.181072,0.0732059
"BIRC5",44.6831,49.8638,48.3181,50.577,41.2895,47.6709,47.9497,43.2556
"BIRC6",8.25863,8.29369,8.88067,6.74888,8.40459,7.10667,8.95069,8.49258
"BIRC7",0,0,0,0,0,0,0,0
"BIRC8",0,0,0,0,0,0,0,0
"BLCAP",169.557,153.061,159.464,159.307,158.94,148.266,149.189,157.988
"BLID",0,0.102254,0,0,0,0,0.424451,0.0970857
"BLK",0,0,0,0,0,0,0,0
"BLM",2.12112,1.78394,2.85688,2.3311,1.55144,2.04788,2.60012,2.07462
"BLMH",33.9882,35.0246,37.0542,34.8388,31.8028,32.5431,30.5343,33.5547
"BLNK",0,0,0,0,0,0,0,0
"BLOC1S2",7.30163,8.73429,6.98924,7.03364,5.64772,7.42826,5.7722,7.30344
"BLOC1S3",14.449,12.4737,15.9813,14.0574,14.0833,14.8141,13.2131,12.108
"BLVRA",14.5995,16.5065,13.7968,13.8354,13.8889,12.9067,12.9485,12.107
"BLVRB",34.0216,32.4106,30.5956,33.5776,31.0152,31.8259,22.8162,31.2683
"BLZF1",3.47756,2.86412,3.56121,3.13458,4.49673,2.82741,4.16957,2.62746
"BMF",2.40734,1.72974,2.22248,2.37509,2.28111,2.30337,2.19856,2.36947
"BMP1",24.6958,25.6889,26.9353,29.6759,29.3661,31.6159,26.2261,29.4952
"BMP10",0,0,0,0,0,0,0,0
"BMP15",0.0587491,0,0,0,0,0,0,0
"BMP2",18.0988,15.0302,21.1539,18.14,22.7777,15.7121,21.6976,16.0244
"BMP2K",25.7307,23.8748,26.6072,21.4413,24.6642,18.2963,27.252,25.8527
"BMP3",0,0,0,0,0,0,0,0
"BMP4",1.321,0.674847,0.642769,0.588111,0.796215,1.35492,0.839004,0.890841
"BMP5",0,0,0,0,0,0,0,0
"BMP6",51.8318,0,56.7537,54.4745,59.0892,46.9476,58.8451,43.3435
"BMP7",0,0,0,0,0,0,0,0
"BMP8A",0.0340369,0.0729044,0.0455652,0.0728292,0.2476,0.122618,0.0878928,0.147323
"BMP8B",0.0345172,0.0184869,0.0173627,0.0158613,0,0.0338995,0.0191098,0.0517913
"BMPER",0.548168,0.750933,0.384164,1.05267,0.636156,0.801521,0.380966,0.827953
"BMPR1A",0.0722236,0,0.0181697,0,0.0188,0.0709271,0.039987,0.0903231
"BMPR1B",0.183773,0.291814,0.107059,0.063197,0.0615542,0.128021,0.121435,0.195043
"BMPR2",47.3403,45.7103,56.9335,43.8363,47.2675,37.6632,58.4797,52.9268
"BMS1",7.91228,11.1521,8.73486,8.2973,8.61697,8.84235,9.89077,8.32856
"BMX",24.6801,25.1887,24.9845,22.2566,24.1517,20.3437,22.9899,23.0825
"BNC1",6.05549,3.39837,5.66991,4.38107,5.4604,3.5296,6.25201,4.51355
"BNC2",19.422,22.3304,23.1283,22.8837,21.9187,19.7706,22.8403,24.7245
"BNIP1",11.2267,8.6067,11.2539,10.4742,11.3356,9.56575,11.3384,9.93035
"BNIP2",11.328,10.3246,12.0651,10.7067,13.1652,9.70438,13.3214,11.761
"BNIP3",86.8001,79.4883,96.3168,88.312,93.2918,66.3905,78.1594,71.6033
"BNIP3L",39.6873,35.6653,42.6933,37.5594,42.3622,33.9248,43.2861,38.0852
"BNIPL",0.0315873,0.203123,0.0319331,0,0.066037,0.0309921,0.0700359,0.031707
"BOC",0,0.0323572,0.0455544,0.0277414,0.0314278,0.0296732,0.0167215,0.0755057
"BOD1",15.1661,14.6072,13.689,14.4959,12.9893,13.5545,14.2384,13.682
"BOK",23.6331,19.8823,27.9162,25.0354,32.7331,25.6267,25.0135,21.9668
"BOLA1",6.3331,6.59561,7.83489,5.90516,5.41638,5.53041,5.02661,6.16536
"BOLA2B",0,0,0,0,0,0,0,0
"BOLA3",26.9835,25.5272,20.6233,18.189,21.5266,21.1865,15.2569,23.1847
"BOLL",0,0,0,0,0,0,0,0
"BOP1",9.6792,13.209,10.0621,13.8196,10.8218,14.5833,10.4433,9.13744
"BORA",2.90547,4.09058,3.87398,4.49111,3.45614,3.32358,3.11245,3.87345
"BPGM",20.5454,18.207,22.6453,19.9047,15.6436,14.674,21.476,18.3811
"BPHL",4.46414,6.22269,5.41596,4.97259,5.17391,4.50272,4.75751,5.41898
"BPI",0,0,0,0,0,0,0,0
"BPIFA1",0,0,0,0,0,0,0,0
"BPIFA2",0,0,0,0,0,0,0,0
"BPIFA3",0,0,0,0,0,0,0,0
"BPIFB1",0,0,0,0,0,0,0,0
"BPIFB2",0,0,0,0,0,0,0,0
"BPIFB3",0,0,0,0,0,0,0,0
"BPIFB4",0,0,0,0,0,0,0,0
"BPIFB6",0,0,0,0,0,0,0,0
"BPIFC",0,0,0,0,0.072852,0,0,0
"BPNT1",9.06846,8.6772,10.2887,8.42354,8.87199,8.16713,9.30566,9.13955
"BPTF",24.4301,21.4023,22.47,23.8318,22.1448,21.539,25.2902,21.6476
"BPY2",0,0,0,0,0,0,0,0
"BPY2B",0,0,0,0,0,0,0,0
"BPY2C",0,0,0,0,0,0,0,0
"BRAF",5.53709,4.50743,6.28333,5.43147,4.99347,4.65383,5.65274,6.45122
"BRAP",19.9354,19.681,21.3706,25.6876,22.7692,22.1761,22.24,23.6547
"BRAT1",6.78293,7.36666,6.14338,8.39134,8.32675,8.74997,8.10907,6.02378
"BRCA1",3.60194,2.82946,3.41464,2.69571,3.07254,3.44327,3.17128,2.75474
"BRCA2",3.27156,2.8054,3.32587,3.17892,2.12283,2.89993,3.21239,2.44923
"BRCC3",4.72915,4.22841,4.35623,3.98763,3.65023,3.85168,4.33371,4.56119
"BRD2",0.0205054,0.0219671,0,0,0,0,0.0227105,0
"BRD3",27.6704,24.0939,34.1479,27.7653,29.8456,29.2857,31.5718,30.3998
"BRD4",57.8328,48.3165,56.4943,58.061,69.0363,70.5364,67.5501,59.5339
"BRD7",21.0798,21.4764,22.2463,19.9505,18.4678,18.7288,23.6585,21.2883
"BRD8",17.232,19.1116,22.8269,24.6119,20.0669,24.7082,21.9115,23.0058
"BRD9",14.0886,14.8897,16.3419,18.3127,15.4494,19.9876,14.4606,14.1352
"BRDT",0,0,0.035427,0.0193075,0,0,0,0
"BRF1",4.67765,4.49927,3.28705,5.41865,4.85065,5.84375,3.75684,3.83059
"BRF2",2.82288,2.84104,2.96101,2.57918,3.24119,2.73534,3.13008,3.28511
"BRI3",306.533,271.209,246.776,219.806,241.511,259.07,216.331,257.132
"BRI3BP",4.25623,2.61827,5.34302,4.86381,3.67112,4.3885,3.34813,4.40048
"BRIP1",2.45512,1.84028,3.11781,2.67918,1.43361,1.78457,2.50999,2.85345
"BRIX1",13.5457,15.5162,15.9714,13.189,16.6523,11.3389,17.4562,12.3602
"BRK1",143.982,148.907,139.719,128.322,119.091,122.843,122.473,142.9
"BRMS1",12.4924,10.8504,8.14545,11.244,12.4716,14.5494,11.1738,12.0869
"BRMS1L",1.589,2.08376,1.7006,1.10533,1.62358,1.30814,1.26418,1.59941
"BROX",12.7043,13.8516,12.4806,11.8965,13.8989,11.2873,15.326,12.2922
"BRPF1",5.06083,4.87778,5.03139,5.14845,5.03509,5.0585,5.42233,5.17748
"BRPF3",13.2428,12.6326,16.2794,14.6746,16.7603,14.3424,16.4061,15.6618
"BRS3",0,0,0,0,0,0,0,0
"BRSK1",0.150006,0.0459155,0.107946,0.0986252,0.37968,0.189359,0.142414,0.0858296
"BRSK2",0.100204,0.178729,0.158289,0.197174,0.06608,0.14038,0.0175601,0.047591
"BRWD3",2.97654,3.30566,3.15311,3.13815,3.28998,2.74826,3.38954,3.60148
"BSDC1",25.6017,17.2763,25.274,19.765,34.5734,19.3591,25.1733,19.6277
"BSG",555.124,517.013,525.896,604.685,574.909,569.291,495.46,472.447
"BSN",0.100527,0.0709534,0.0743674,0.13182,0.0588832,0.0881399,0.11593,0.104939
"BSND",0,0,0,0,0,0,0,0
"BSPH1",0,0,0,0,0,0,0,0
"BSPRY",0,0,0,0,0,0,0,0
"BST1",6.32002,7.15579,6.8584,6.8985,5.56512,5.18621,6.77732,6.32324
"BST2",5.44322,6.57434,3.15259,6.0141,3.79225,5.07178,5.01948,4.75781
"BSX",0,0,0,0,0,0,0,0
"BTAF1",6.74858,7.22061,7.08478,5.75189,6.03736,5.77371,6.46891,6.12949
"BTBD1",15.0591,14.1921,14.2976,13.2519,14.7684,12.7532,15.3551,14.5176
"BTBD10",13.9244,14.1884,13.897,13.0131,14.5978,14.5205,12.9491,15.0253
"BTBD16",0.112904,0.322725,0.381245,0.278816,0.157628,0.221458,0.29219,0.264835
"BTBD17",0,0,0,0,0,0,0.0932345,0
"BTBD18",0.0650426,0.0929172,0.152961,0.259496,0.135707,0.0852887,0.168093,0.130283
"BTBD19",56.5559,51.0221,61.2182,61.9855,69.1559,66.5214,67.2842,68.9376
"BTBD2",65.991,66.7322,60.3075,75.1974,69.8518,80.4018,58.2759,72.0001
"BTBD3",11.3624,12.4447,13.2589,12.3452,12.3253,9.90004,12.6509,13.9494
"BTBD6",17.4778,18.4353,17.4068,20.1454,18.6482,18.2332,17.0732,15.6763
"BTBD7",10.3189,11.5524,10.5757,11.3659,12.2026,10.475,11.2889,12.5014
"BTBD8",0.299455,0.107039,0.152314,0.0928656,0.0524455,0.146721,0.277062,0.150974
"BTBD9",2.29442,2.26455,2.11292,2.01924,2.11807,1.90145,2.0947,1.96403
"BTC",0,0,0,0,0,0,0.0616569,0
"BTD",13.7396,13.1216,12.4617,13.1106,12.1555,12.0859,12.23,11.8574
"BTF3",723.494,778.18,735.85,693.205,640.429,643.035,639.357,656.379
"BTF3L4",9.56514,9.19332,9.42279,8.61666,8.84236,8.54697,9.57852,10.0955
"BTG2",111.803,119.911,126.942,135.936,121.566,133.923,117.989,136.424
"BTG3",8.38995,8.49181,7.62384,7.67938,6.64514,5.66246,8.47662,7.50126
"BTG4",0,0,0,0,0,0,0,0
"BTK",1.80959,2.5218,2.07819,4.03486,1.90333,3.09989,2.7955,2.97189
"BTLA",0,0.0438615,0,0,0,0,0,0
"BTN1A1",0,0,0,0,0,0,0,0
"BTN2A1",11.0345,7.96033,8.84306,11.6299,7.93979,12.4298,9.79663,11.4657
"BTN2A2",2.48333,2.72783,2.80667,3.654,3.00587,3.42313,3.08443,3.17293
"BTN3A1",2.31596,2.19863,1.89793,2.64809,2.31785,2.20034,2.51815,2.47158
"BTN3A2",4.01781,4.093,3.54749,4.50042,3.7704,3.59665,3.64882,5.10306
"BTN3A3",4.37363,5.19185,3.7626,4.6502,3.75124,4.25494,4.26277,5.19381
"BTNL2",0,0,0,0,0,0,0,0
"BTNL3",0,0,0,0,0,0,0,0
"BTNL8",0,0,0,0,0,0,0,0
"BTNL9",0,0,0.0376318,0,0.0584038,0.0183576,0.0207012,0.0187059
"BTRC",17.0735,13.6758,19.4993,17.8447,18.7439,13.2824,19.2699,18.0161
"BUB1",21.8084,20.4466,23.7817,21.5626,21.6437,20.0826,25.9032,23.562
"BUB3",90.2367,90.2188,94.542,79.6585,76.444,85.6004,91.099,89.8091
"BUD13",9.92865,10.6095,12.1756,12.0808,12.6239,10.749,9.37277,11.0256
"BUD31",60.9548,59.9929,57.421,51.8612,47.2017,53.087,58.2215,46.1489
"BYSL",9.76298,11.3892,14.0509,11.2391,12.7162,12.9724,12.9746,10.7479
"BZW1",85.8672,78.773,83.4791,80.6916,73.3356,69.2358,77.6498,76.0731
"BZW2",34.3835,36.1374,32.0994,36.3839,29.6672,32.5513,34.3296,34.0444
"C10orf105",0,0,0,0,0,0,0,0
"C10orf120",0,0,0,0,0,0,0,0
"C10orf53",0,0,0,0,0,0,0,0
"C10orf62",0,0,0,0,0,0,0,0
"C10orf67",0.0225144,0,0,0.0414643,0,0.0221035,0,0.0225498
"C10orf71",0,0,0,0,0.0231981,0,0,0
"C10orf88",1.69548,1.53495,1.89901,1.81088,1.91215,1.15569,1.68885,1.47753
"C10orf90",0,0,0,0,0,0,0,0
"C10orf95",0,0,0.249322,0,0.103021,0.0480502,0,0
"C11orf16",0,0.192596,0,0,0,0.0352493,0.0797143,0
"C11orf21",0,0,0,0,0,0,0,0
"C11orf24",46.0556,49.166,47.2494,60.284,44.7411,50.2425,49.1471,48.2522
"C11orf42",0,0.213456,0.135657,0.124138,0,0.0649005,0,0
"C11orf54",2.57076,2.55133,2.86221,2.7803,2.80711,1.73514,2.05986,2.44202
"C11orf58",10.4961,10.5664,10.8829,8.87012,9.60807,9.34415,9.53482,8.94614
"C11orf65",0,0,0.540509,0,0.159311,0,0,0
"C11orf68",19.2134,16.5165,17.9684,18.613,18.4822,20.2582,16.0833,16.0199
"C11orf71",2.42764,3.68667,2.40035,3.44109,5.70505,1.80785,3.99475,3.24135
"C11orf86",0,0,0,0,0,0,0,0
"C11orf87",0,0,0,0,0,0,0,0
"C11orf96",0.331545,0.414858,0.22526,0.257562,0.465246,0.108257,0,0.167372
"C12orf42",0,0,0.11304,0,0,0.0543179,0,0
"C12orf43",6.84787,10.4391,7.71056,7.64301,6.22311,8.64959,7.0451,6.88905
"C12orf50",0,0,0,0,0,0,0,0
"C12orf54",0,0,0,0,0,0,0,0
"C12orf56",0,0,0,0,0,0.0438581,0.0367453,0
"C12orf57",98.5413,103.464,90.9743,101.671,82.8906,90.8678,87.4038,92.3643
"C12orf60",0.742982,0.50731,1.10604,0.316297,0.142682,0.264433,0.375513,0.889234
"C12orf71",0,0,0,0.0772049,0,0,0,0
"C12orf75",10.4187,8.93897,10.4482,7.914,8.54266,6.49063,9.1974,8.14199
"C12orf76",5.67169,5.23876,6.87072,5.0617,6.63552,4.3626,6.19694,5.75398
"C14orf119",14.9161,12.9194,12.6067,11.5807,9.52273,10.359,12.0869,11.8975
"C14orf132",2.96851,2.93053,3.58389,3.49136,3.00914,3.27158,3.51435,3.10257
"C14orf180",0,0,0,0,0,0,0,0
"C14orf28",0.228243,0.122266,0.506116,0.0210199,0.356961,0.134443,0.202269,0.342928
"C14orf39",0,0,0,0,0,0,0,0
"C14orf93",2.87801,2.77268,2.28679,2.86644,1.50233,2.25063,1.8997,1.77837
"C15orf39",17.2249,17.3046,18.085,21.8787,22.8319,23.0954,18.7319,18.2155
"C15orf40",6.37864,6.0902,7.28515,3.8036,4.81586,7.69367,5.70608,5.22948
"C15orf61",4.20648,3.29244,3.36189,2.17396,4.24959,4.34278,4.73617,3.73199
"C15orf62",0.621057,0.376138,0.408831,0.547955,0.507396,0.397528,0.329148,0.595641
"C16orf46",1.39639,1.3407,1.64478,1.12773,1.00173,1.39338,1.34936,1.08449
"C16orf54",0,0,0,0,0,0,0,0.0258604
"C16orf74",15.3533,18.5369,12.8442,16.8811,16.9416,19.6206,13.3459,17.3287
"C16orf78",0,0,0,0,0,0,0,0
"C16orf82",0,0,0,0,0,0,0,0
"C16orf86",0.233432,0.187792,0.119076,0.217866,0,0,0.129678,0.176899
"C16orf87",2.80889,2.284,3.14682,2.14901,2.56988,1.39416,4.06852,2.87437
"C16orf89",0,0.834968,0.0724743,0.198989,0.373911,0.0692178,0.157346,0.35846
"C16orf90",0,0,0,0,0,0,0,0
"C16orf92",0,0,0,0,0,0,0,0
"C16orf95",0.599897,1.17327,0.835203,1.60582,1.20584,0.635381,1.07439,1.02594
"C16orf96",0,0.0204876,0,0,0,0,0,0.0191394
"C17orf100",2.97325,3.33503,2.36977,2.54937,1.6323,2.60052,2.38611,2.94885
"C17orf107",0.0856877,0.16065,0.0863262,0.157745,0.0223588,0.273424,0.118637,0.150196
"C17orf50",0.603453,0.485746,0.851515,0.212577,0.0798555,0.516523,0.503572,1.07156
"C17orf58",28.6478,27.4551,26.9598,29.8799,27.8264,25.434,23.0034,27.4216
"C17orf67",4.22966,3.37315,4.67977,2.82966,2.52006,3.78073,3.15417,3.79468
"C17orf75",1.58712,1.46167,1.68577,1.84051,1.56104,1.48757,1.56177,1.27566
"C17orf78",0,0.159987,0,0,0.0390679,0,0,0.150055
"C17orf99",0,0,0,0.0659393,0.0743448,0,0,0.071274
"C18orf21",7.60202,6.4031,6.3147,6.62311,5.28859,4.51275,4.11468,5.52937
"C18orf54",5.05804,3.79267,5.24138,4.03088,4.21002,4.20999,4.78447,4.66213
"C18orf63",0,0,0,0,0,0,0,0
"C19orf12",3.29166,2.83252,3.64256,2.7897,3.8338,2.74645,3.19008,2.55244
"C19orf18",0.0879768,0,0,0,0,0.0859877,0,0
"C19orf25",3.76092,3.80462,3.25289,5.86244,4.93542,5.93412,4.13535,4.61915
"C19orf33",4.48872,6.19369,4.88544,9.24224,6.935,6.51662,5.06718,6.59218
"C19orf38",0,0,0,0,0.0744319,0.0689016,0,0
"C19orf44",0.941482,1.19767,1.22439,1.42532,0.796834,1.19412,1.49881,1.31529
"C19orf47",7.86475,7.9226,7.1883,8.92488,8.2304,10.9395,10.1054,6.85607
"C19orf73",0.116547,0.250515,0.485302,0.44488,0.12488,0.454771,0.520499,0.716844
"C19orf81",0.112079,0,0,0,0,0,0.250179,0
"C1D",5.42962,6.44517,5.7162,6.02573,4.52463,5.27209,5.28113,5.85557
"C1GALT1",65.4671,49.3417,75.9155,48.6145,58.2036,41.5753,44.701,50.855
"C1GALT1C1",15.9842,15.5062,14.5852,12.3955,15.9533,11.2036,13.305,13.3286
"C1orf105",0,0,0,0,0,0,0,0
"C1orf115",13.7451,13.9621,12.0556,13.8456,17.4873,15.6816,12.7085,12.4273
"C1orf116",0,0,0.0120834,0.0220763,0,0,0.0665982,0
"C1orf122",9.06973,10.7509,8.94514,13.2852,10.1703,12.4809,8.74176,7.5074
"C1orf127",0,0,0,0,0,0,0,0
"C1orf141",0,0,0,0,0,0,0,0
"C1orf146",0,0,0,0,0,0,0,0
"C1orf159",5.94967,6.56824,7.96242,7.6675,9.35091,8.71379,9.74348,6.6624
"C1orf162",1.66958,1.13029,1.21966,1.3967,1.57209,0.712247,1.9717,1.41467
"C1orf174",18.8049,13.0867,15.103,15.985,13.6389,14.8916,17.4184,16.343
"C1orf185",0,0,0,0,0,0,0,0
"C1orf198",16.7111,13.467,21.605,15.5016,20.5327,14.0316,16.8926,15.6973
"C1orf21",1.52639,1.54977,1.06661,1.6085,1.29989,1.81102,1.13015,1.55908
"C1orf210",0,0,0,0,0,0,0,0
"C1orf216",2.91398,2.87992,2.73196,2.62098,3.83874,2.7499,2.62737,2.10412
"C1orf35",4.57723,4.35723,3.50096,5.28432,6.26605,5.04348,3.55953,2.31181
"C1orf43",138.816,133.142,144.132,134.487,133.681,127.655,135.13,131.858
"C1orf50",7.84611,8.20547,8.29971,6.71173,7.39584,5.76118,5.96546,8.70728
"C1orf52",13.0411,9.78494,12.0268,10.4322,8.63489,9.60616,8.6678,14.628
"C1orf53",2.10871,2.97604,1.65513,1.01203,0.709246,1.02749,2.50472,2.57662
"C1orf54",7.9008,9.7926,7.61009,5.63395,5.199,8.24326,7.54872,7.63873
"C1orf56",2.71144,1.45301,2.36611,2.19415,2.37521,2.49365,1.76625,3.30196
"C1orf87",0,0,0,0,0,0,0,0
"C1orf94",0,0,0,0,0,0,0,0
"C1QA",0,0,0,0,0,0,0,0
"C1QB",0,0,0,0,0,0,0,0
"C1QBP",65.2251,72.1373,76.5153,72.8069,71.7841,71.2837,60.2432,63.4497
"C1QC",0,0,0,0,0,0,0,0
"C1QL1",0.334927,0.205218,0.0486387,0.133438,0.150744,0.281355,0.212453,0.192881
"C1QL2",0,0.0718168,0,0,0,0,0,0
"C1QL3",0.0809006,0,0,0,0,0,0,0
"C1QL4",0,0,0.0671918,0,0,0,0,0
"C1QTNF1",0.394805,0.210427,0.373297,0.227385,0.566377,0.290691,0.300712,0.370907
"C1QTNF2",0.140773,0.150847,0.142147,0.0779418,0.117601,0.0828907,0.124809,0.141189
"C1QTNF4",0.461572,0.109997,0.0521961,0.429644,0.107827,0.301508,0.170842,0.36211
"C1QTNF6",13.0654,16.8438,12.1597,20.292,15.085,22.1057,13.0161,20.0045
"C1QTNF7",0,0,0,0,0.046357,0,0,0
"C1QTNF8",0.0192451,0,0,0,0.020045,0,0,0
"C1QTNF9",0,0,0,0.0353355,0,0,0,0
"C1QTNF9B",0.391101,0.251875,0.321397,0.367782,0.49725,0.459014,0.348206,0.158848
"C1R",0.718924,0.834619,1.11984,0.968123,0.688523,1.17574,1.12889,0.841593
"C1RL",6.58844,6.768,7.5115,8.43946,6.91648,6.28722,6.41213,7.36772
"C1S",0.0734666,0.0262337,0,0,0.0510891,0.0480746,0,0.0245339
"C2",0,0,0,0,0,0,0,0
"C20orf141",0,0,0,0,0,0,0,0
"C20orf144",0,0,0,0,0.189283,0,0,0
"C20orf173",0,0,0,0,0,0,0,0
"C20orf202",0.132773,0,0,0,0,0,0,0
"C20orf203",0,0,0,0,0,0,0,0
"C20orf96",21.1897,22.6205,22.6685,31.7141,24.7894,28.892,28.128,29.4105
"C21orf58",5.22735,4.67929,6.42483,6.50524,6.03683,5.74801,6.01449,5.98821
"C22orf15",0.189834,0.101937,0.0980665,0,0.101058,0,0,0
"C22orf23",2.52062,1.86702,2.32794,2.24185,2.02395,1.70428,2.26736,1.88056
"C22orf31",0,0,0,0,0,0,0,0
"C22orf39",8.61497,7.30241,8.29584,7.10849,8.67816,7.2285,6.12784,8.06329
"C22orf42",0,0,0,0,0,0,0,0
"C2CD2",7.96797,6.99223,7.41587,6.98265,7.66456,6.73425,8.20209,7.04635
"C2CD2L",3.44653,2.97844,3.30004,3.57933,3.55264,3.04452,2.70487,3.0803
"C2CD3",6.2267,6.65838,7.72039,7.37985,6.36136,6.83957,7.75611,7.41736
"C2CD4A",0.0570377,0,0.0191386,0,0.039603,0,0,0
"C2CD4B",1.66662,0.577066,1.23548,0.251207,1.75883,1.32831,1.09936,0.499047
"C2CD4C",0.126674,0.0226179,0,0,0.0880067,0.0829161,0.0233839,0.190245
"C2CD4D",0.0410319,0.0879744,0,0,0.0430065,0,0,0
"C2orf15",0.154633,0.276383,0.104928,0,0.162568,0.404029,0.171707,0.155982
"C2orf42",8.11386,8.62068,6.54153,8.31923,6.99936,6.26643,7.41408,6.52574
"C2orf49",10.7045,11.2232,8.75843,8.62227,7.16805,9.41834,10.7124,9.81494
"C2orf66",0.595168,0.879379,1.91838,1.25898,0.503218,0.797555,0.702878,1.3596
"C2orf68",5.54006,6.16339,5.86715,5.12869,5.82457,5.90611,6.73699,4.93578
"C2orf69",2.87477,4.53015,3.37663,9.58054,7.08126,7.28094,3.60246,4.48321
"C2orf72",0,0,0,0,0,0,0.0202139,0
"C2orf74",0.859571,0.615417,0.789577,0.180783,0.610199,0.653084,0.851566,0.876556
"C2orf76",7.88934,7.78775,9.29712,5.94347,3.15626,6.08909,5.55169,6.29748
"C2orf78",0,0,0,0,0,0,0,0
"C2orf80",0,0,0,0,0,0,0,0
"C2orf81",0.335568,0.261534,0.18497,0.366278,0.255018,0.359197,0.0676299,0.0918417
"C2orf88",0.192897,0.26328,0.181277,0.0602029,0.153472,0.157877,0.163272,0.225038
"C3",0,0,0,0,0,0.0123444,0,0.0125546
"C3AR1",0.141268,0.340709,0,0.196149,0,0.311781,0.0783375,0.319391
"C3orf18",0.521752,0.540307,0.791984,0.22802,0.643529,0.533368,0.403582,0.435773
"C3orf20",1.46062,1.92951,1.64963,1.31936,1.95416,1.45222,1.92082,2.12062
"C3orf22",0,0,0,0,0,0,0,0
"C3orf33",0.537174,0.422226,0.398808,0.0662822,0.224871,0.351262,0.198567,0.215909
"C3orf38",6.23169,4.60579,4.95236,4.05642,4.80372,5.21796,5.7492,4.99676
"C3orf49",0,0,0,0,0,0,0.127246,0
"C3orf52",1.21402,1.38496,1.10869,0.344705,0.779538,0.649607,1.85005,0.788622
"C3orf62",1.21907,1.50078,0.915534,1.17095,1.42093,1.53667,1.00739,1.43816
"C3orf70",0.183544,0.0809382,0.151734,0.168279,0.179492,0.0954729,0.0716882,0.248004
"C3orf80",0,0,0,0.0239691,0,0,0,0
"C4BPA",0,0,0,0,0,0,0,0
"C4BPB",0,0,0,0,0,0,0,0
"C4orf17",0,0,0,0,0,0,0,0
"C4orf33",0.896088,1.10542,1.30278,0.542999,1.18412,1.38607,0.943421,1.01384
"C4orf36",0,0.190844,0.18325,0.251731,0.188902,0,0,0.542851
"C4orf46",16.7345,15.9985,21.7164,19.2594,16.422,15.9052,18.8187,17.4872
"C4orf51",0,0,0,0,0,0,0,0
"C5",0.164307,0.439973,0.330011,0.322946,0.280568,0.288285,0.324782,0.351782
"C5AR1",0.115589,0.0309659,0,0,0.0301819,0.0567149,0.0960814,0.0869634
"C5orf15",28.0424,25.175,26.6187,25.2608,26.2206,21.1266,28.6099,24.2872
"C5orf22",12.9542,12.9196,12.8823,11.6508,13.6965,11.7747,14.4942,11.5733
"C5orf24",11.9072,10.9316,13.5755,10.9133,11.8578,11.1814,13.3605,12.4556
"C5orf34",1.19255,1.07904,1.28374,1.0509,0.912786,1.14445,1.7913,0.9299
"C5orf46",0,0,0,0,0,0,0,0
"C5orf47",0,0,0,0,0,0,0,0
"C5orf52",0,0,0,0,0,0,0,0
"C5orf58",0,0,0,0,0,0,0,0
"C5orf63",0.183084,0.360267,0.64128,0.0103009,0.319238,0.11037,0.257126,0.128203
"C6",0,0,0,0,0,0,0,0
"C6orf118",0,0,0,0,0,0.0371141,0,0
"C6orf120",7.29452,7.02691,6.45495,6.87201,6.66343,6.5971,6.89975,6.29413
"C6orf132",0.028215,0.0302152,0.05662,0,0.0293049,0.0369664,0.0728471,0
"C6orf136",0,0,0,0,0,0,0,0
"C6orf141",0.0415037,0.0444937,0,0.115473,0.043507,0.162775,0.0460477,0.167051
"C6orf15",0,0,0,0,0,0,0,0
"C6orf163",0.467637,0.145052,0.254733,0.0998927,0.186431,0.186027,0.407557,0.249814
"C6orf47",0,0,0,0,0,0,0,0
"C6orf52",0,0.406758,0.609424,0.28794,0.208236,0.184733,1.06872,0.397068
"C6orf58",0,0,0,0,0,0,0,0
"C6orf62",79.323,76.6311,79.7732,72.3944,80.1415,76.7652,72.9453,80.9261
"C6orf89",26.7296,27.6391,28.6569,28.3666,24.8319,29.2281,27.2054,25.9669
"C7",0.0646692,0.0173173,0.0325177,0.207932,0,0.0476373,0,0.0646706
"C7orf25",4.61894,4.99206,5.99495,4.73794,4.19759,4.15545,4.36108,5.44995
"C7orf33",0,0,0,0,0,0,0,0
"C7orf57",0,0,0.0325276,0,0,0.0631231,0,0.0968885
"C8A",0,0,0,0,0,0,0,0
"C8B",0,0,0,0,0,0,0,0
"C8G",0,0,0,0.0879953,0,0,0,0.0948264
"C8orf33",12.104,11.3718,11.3646,9.43691,13.0032,12.2252,10.6805,13.0125
"C8orf34",0,0,0,0,0,0,0,0
"C8orf48",1.54844,1.07127,1.11789,1.34767,0.734844,0.978935,0.665493,1.05769
"C8orf58",8.15252,6.64938,7.29722,7.54021,7.9806,7.27324,7.32378,6.62489
"C8orf74",0,0,0,0,0,0,0,0
"C9",1.18819,1.24869,2.47408,0.549023,0.436224,1.83508,1.61453,1.02411
"C9orf152",0,0.0269624,0,0.0463903,0,0,0,0
"C9orf153",0,0,0,0,0,0,0,0
"C9orf40",1.13555,1.27925,1.26464,0.886969,1.12528,1.05718,0.74223,1.34363
"C9orf43",0.100733,0.252007,0.373646,0.403621,0.280943,0.197691,0.223375,0.505824
"C9orf50",0,0.0938166,0,0,0,0,0,0
"C9orf57",0,0,0,0,0,0,0,0
"C9orf72",2.10954,2.04579,2.02521,1.32589,1.66851,1.51004,1.56159,2.02885
"C9orf78",17.2841,20.0812,15.5705,16.6134,18.1543,20.2961,15.6122,19.0517
"C9orf85",2.66141,3.10545,1.84903,2.17097,3.7067,2.18688,2.33015,3.24724
"CA1",0,0,0,0,0,0,0,0
"CA10",0,0,0,0,0,0,0,0
"CA11",1.79449,1.62011,1.78576,2.77272,2.75417,2.05205,2.61144,2.36378
"CA12",0.329491,0.705885,0.579967,0.69631,0.30864,0.582514,0.328321,0.708496
"CA13",1.1851,0.560175,1.14647,0.595247,0.6827,0.907769,0.868399,0.89309
"CA14",0,0,0,0,0,0.0394949,0,0.081034
"CA2",0,0,0,0,0,0,0,0
"CA3",0.0400152,0,0.0405689,0,0.0419285,0,0,0
"CA4",0,0,0,0,0,0.128281,0,0
"CA5A",0,0,0,0,0,0,0,0
"CA5B",1.2453,1.43535,1.46381,1.41253,1.33769,1.35204,1.37807,1.44387
"CA6",0,0,0,0,0,0,0,0
"CA7",0,0,0,0,0,0,0,0
"CA8",0.0297807,0,0,0.109991,0,0.0292227,0,0.119522
"CA9",0,0,0,0,0,0,0.0509591,0.23125
"CAB39",12.0561,10.3784,13.2344,9.27519,12.8688,9.83195,12.5663,10.2935
"CAB39L",2.94716,2.38354,2.26089,2.67368,1.81723,2.44355,2.18134,2.66751
"CABIN1",22.3793,24.6347,24.3207,30.4887,27.8299,33.4811,21.0921,22.621
"CABLES1",26.2889,22.1192,28.2701,20.2211,24.7039,19.7155,23.4186,21.9088
"CABLES2",9.75276,8.51885,7.96017,8.80819,9.30782,9.68599,9.26345,8.02047
"CABP1",0.0786168,0,0.161541,0.443665,0,0,0,0.0798348
"CABP2",0,0,0,0,0,0,0,0
"CABP4",0.0484126,0,0.146059,0.0296496,0.117553,0.0633996,0.125065,0.0968266
"CABP5",0,0,0,0,0,0,0,0
"CABP7",0,0.0713932,0.0447696,0.0204526,0.0463127,0.130848,0,0.0667385
"CABS1",0,0,0,0,0,0,0,0
"CABYR",6.72483,8.93481,9.1958,8.62712,6.3419,7.91914,7.70195,8.05986
"CACHD1",4.94442,5.39254,5.0929,6.92356,5.2629,4.72127,5.37103,6.13681
"CACNA1A",0.0291684,0.0702764,0.0804488,0,0.0151384,0.0573315,0.00806736,0.0654885
"CACNA1B",0.0915293,0.0549127,0.0706798,0.0837843,0.0997844,0.0693028,0.086789,0.117408
"CACNA1C",0,0,0,0,0.00961009,0,0,0
"CACNA1D",0.0165332,0.0531358,0,0,0.00857854,0.00811799,0.0365972,0.00824526
"CACNA1E",0,0,0,0,0,0,0,0
"CACNA1F",0,0,0,0,0,0,0,0
"CACNA1G",0,0,0.0382933,0.0151617,0,0,0,0.0123039
"CACNA1H",0,0.0167168,0.00782759,0,0,0.0230123,0,0.0155796
"CACNA1I",0,0.01357,0,0,0,0,0,0
"CACNA1S",0,0,0,0,0,0,0,0
"CACNA2D1",7.91209,9.79144,12.0075,8.80378,7.87487,7.95189,7.91169,12.0331
"CACNA2D2",0.0359104,0.141166,0.192553,0.131889,0.161919,0.164874,0.238517,0.14365
"CACNA2D3",0,0,0,0,0,0,0,0
"CACNA2D4",0.0359163,0.0641095,0.0721368,0.0219624,0.0746623,0.0823343,0.0265002,0.0478404
"CACNB1",3.98172,3.18507,4.14819,3.30106,4.51278,3.77952,3.4041,3.80296
"CACNB2",0.0654868,0.0350577,0.0493885,0.0451148,0.0681507,0,0.0181066,0.0163503
"CACNB3",14.1787,11.9838,13.0009,14.7558,15.5559,13.6316,12.8519,12.5671
"CACNB4",0.0397787,0.136341,0.0797999,0.173201,0.0826108,0.0721138,0.0440119,0.0873564
"CACNG1",0,0,0,0,0,0,0,0
"CACNG2",0,0,0,0,0,0,0,0
"CACNG3",0,0,0,0,0,0,0,0
"CACNG4",0,0,0,0,0.0198945,0,0,0
"CACNG5",0,0,0,0,0,0,0,0
"CACNG6",3.53339,3.36992,4.52471,3.81011,3.60638,4.48158,2.9586,3.01158
"CACNG7",16.5018,18.6721,16.9225,21.8357,20.8864,23.5994,16.0964,22.2617
"CACYBP",7.98109,8.83267,7.3862,7.33272,6.77754,7.17559,7.62907,6.15508
"CAD",9.93471,9.51273,8.95105,9.81627,10.2929,13.1949,9.10925,8.32705
"CADM1",1.15539,1.75182,1.16147,1.84633,1.06146,1.38544,1.09632,1.4101
"CADM2",0,0,0,0,0,0,0,0
"CADM3",0,0,0.0554409,0,0,0,0,0
"CADPS",0,0,0,0,0,0,0,0
"CAGE1",0,0,0.0234663,0.0643303,0,0,0,0
"CALB1",0.0795718,0,0,0.0244608,0,0.0780982,0,0
"CALB2",0,0,0,0,0,0,0,0
"CALCA",0,0,0,0,0,0,0,0
"CALCB",0,0.161915,0,0,0,0,0,0
"CALCOCO1",14.8136,12.8626,14.1161,17.1781,17.2809,13.0026,15.8482,13.949
"CALCOCO2",22.5941,22.6903,20.1085,20.5187,20.9531,20.5953,20.471,21.8772
"CALCR",0,0,0,0,0.0380199,0,0,0
"CALCRL",34.9276,47.3829,33.8612,40.6523,32.9067,35.8835,30.994,47.1132
"CALD1",97.8253,91.8416,111.768,76.899,87.5662,74.7523,103.264,88.8015
"CALHM1",0,0.0231601,0,0.0199002,0,0.0212249,0,0.0432947
"CALHM2",19.6664,16.7493,19.11,22.3504,20.9502,23.3766,16.3396,22.358
"CALHM3",0,0,0,0,0,0,0,0
"CALM1",86.5212,88.7582,83.1938,77.6046,75.1264,76.4639,76.9503,77.5375
"CALM2",23.2372,22.7433,22.4823,19.4927,20.2527,19.9436,21.2792,16.9507
"CALM3",356.167,335.489,322.802,362.792,385.324,401.404,333.909,324.906
"CALML3",0,0,0,0,0,0,0,0
"CALML4",1.79073,2.94333,2.7807,2.95501,1.99777,3.31972,2.51901,3.12101
"CALML5",0,0,0,0,0,0,0,0
"CALML6",0,0,0,0,0,0,0,0
"CALN1",0,0,0,0,0,0,0,0
"CALR",1064.26,1021.89,1009.7,1093.89,961.705,1037.72,975.928,1086.53
"CALR3",0,0,0,0,0,0,0,0
"CALU",45.838,45.9314,44.7441,41.8588,40.4675,39.2789,45.1256,44.7509
"CALY",0,0,0,0,0,0,0,0
"CAMK1",2.33865,2.11706,2.69694,3.53262,3.17143,2.28036,2.20003,3.28592
"CAMK1D",2.77923,4.236,4.92865,6.81185,3.87434,4.44109,2.10696,3.44978
"CAMK1G",0,0,0,0,0,0.0267364,0,0
"CAMK2A",0,0,0,0,0,0,0,0
"CAMK2B",0.0322244,0.202115,0.133306,0.187223,0.0489423,0.354427,0.127818,0.176369
"CAMK2D",12.2963,8.43881,11.3724,9.87375,9.95323,6.76481,11.4195,9.58087
"CAMK2G",8.87897,9.65097,10.3461,8.47575,10.415,8.83764,8.66499,8.99918
"CAMK2N1",29.5587,18.9746,22.0823,25.8,29.9192,25.0845,26.9888,20.6613
"CAMK2N2",0.10742,0.288013,0.109417,0.350282,0.169504,0.105235,0.119302,0.216829
"CAMK4",2.27439,1.59239,2.35956,1.23228,1.6477,1.16048,2.25213,1.88672
"CAMKK1",0.335336,0.34079,0.401579,0.875237,0.525622,0.699496,0.661254,0.24324
"CAMKK2",15.1455,15.3486,16.6878,18.0204,16.4715,13.5443,15.4689,15.9274
"CAMKMT",4.16982,4.61052,4.55544,4.7556,3.87837,5.43886,3.87428,5.11772
"CAMKV",0,0,0,0,0,0,0,0.0218642
"CAMLG",8.16649,7.05134,8.6437,8.35429,7.56727,7.52239,6.30771,6.82672
"CAMP",0,0,0,0,0,0,0,0
"CAMSAP1",6.32201,5.69237,6.92747,6.26333,6.05389,6.45636,6.83506,6.4639
"CAMSAP2",9.75338,9.29603,10.9977,9.0828,10.0087,7.5509,12.255,10.8804
"CAMSAP3",0.584183,0.338233,0.412778,0.623588,0.72219,0.708899,0.915113,0.457841
"CAMTA1",25.0671,31.5477,30.1773,29.5817,22.6056,26.5082,27.9174,28.1245
"CAND1",12.4014,11.7671,14.2106,11.4043,11.9316,11.122,14.2936,13.0018
"CAND2",1.06689,1.07805,0.851863,0.790336,1.66121,1.10334,1.24035,1.39188
"CANT1",31.127,32.9183,28.745,30.2096,30.1377,29.875,31.16,28.3189
"CANX",188.395,187.104,187.953,180.407,195.314,184.014,212.934,195.917
"CAP1",151.413,141.353,159.192,142.564,154.249,135.135,148.314,153.647
"CAP2",1.83496,1.82515,1.65143,1.28413,1.54809,1.39384,1.62092,1.81538
"CAPG",18.8914,18.6567,16.2073,18.5361,17.6553,17.7215,17.0066,16.2956
"CAPN1",124.979,116.309,123.654,140.839,140.857,135.307,127.509,118.484
"CAPN10",3.77989,4.08436,3.45301,4.74222,4.87874,5.00785,3.83921,3.24774
"CAPN11",0.0244426,0.104754,0.0985998,0.135143,0.0254966,0.167953,0.0541599,0.0244925
"CAPN12",3.20369,2.91284,2.75999,1.84274,2.9651,4.07672,2.73139,2.72252
"CAPN13",0,0,0,0,0,0,0,0
"CAPN14",0.08512,0.0364709,0.051376,0.0782216,0.0177203,0.0334391,0.0376985,0.153251
"CAPN2",59.973,59.2503,55.2765,63.5127,57.0945,60.654,51.7065,61.8347
"CAPN3",0.581334,0.495861,0.538817,0.433455,0.421326,0.571775,0.392602,0.765514
"CAPN5",14.0767,20.8664,13.8214,23.7017,14.2982,22.2373,14.9618,17.8898
"CAPN6",0,0,0,0,0,0,0,0
"CAPN8",0,0,0,0,0,0.0319628,0,0
"CAPN9",0,0,0,0.0264091,0,0,0,0
"CAPNS1",306.304,291.414,273.011,304.719,287.038,314.404,273.973,264.276
"CAPNS2",0.0775283,0.416069,0.557338,0.145773,0.246376,0.151658,0.603937,0
"CAPRIN1",101.508,97.8257,109.369,98.1363,99.1047,92.4956,103.946,103.678
"CAPRIN2",9.21326,8.42039,9.7373,8.88366,7.71612,8.06629,8.71423,9.86366
"CAPS",0.881973,0.331025,0.716457,0.609171,1.01776,0.550726,0.929811,0.754837
"CAPS2",0.0320016,0,0,0,0,0,0.0354771,0
"CAPSL",0,0,0,0,0,0,0,0
"CAPZA1",82.7267,101.429,93.2697,82.5122,82.0467,81.9383,102.774,82.4775
"CAPZA2",50.6744,41.6334,49.1786,36.9717,45.9717,32.3546,40.3567,39.1737
"CAPZA3",0,0,0,0,0,0,0,0
"CAPZB",206.696,232.355,227.069,201.736,235.665,220.014,192.526,224.694
"CARD10",5.51708,5.14191,3.83922,4.5639,5.55133,6.31892,4.05998,4.45098
"CARD11",10.691,11.5318,12.1276,12.5788,10.6928,13.5079,12.776,13.3887
"CARD14",0.0497739,0.0355435,0.0500629,0.381106,0.15541,0.0651804,0.183698,0.0497802
"CARD16",29.7702,34.5693,26.1144,23.9184,27.3834,23.8276,30.2732,24.3253
"CARD18",0,0,0,0,0,0,0,0
"CARD6",21.1474,20.1352,19.7551,22.1614,20.1741,17.3649,20.9262,19.956
"CARD8",35.7384,38.9368,34.4179,33.7036,36.2163,36.0781,33.7846,37.8466
"CARD9",0.135131,0.434388,0.218236,0.349003,0.366764,0.87532,0.419285,0.433578
"CARHSP1",0.362006,0.25941,0.880576,0.807344,0.388359,0.353043,1.48251,0.371476
"CARM1",78.9247,79.053,87.116,99.5212,87.7027,93.0268,83.5982,84.203
"CARNS1",0.0494012,0.0176148,0.0331152,0.0453867,0.0342681,0.0808825,0,0.0329263
"CARS2",37.2986,38.6178,24.3373,38.5891,39.3065,38.8481,41.5137,32.2467
"CARTPT",0,0,0,0,0,0,0,0
"CASC3",39.0968,37.8272,42.494,39.5802,39.0072,41.8734,41.9641,39.1694
"CASD1",1.47479,1.58041,1.24363,1.58688,1.90167,1.27294,1.11333,1.42122
"CASK",4.19533,4.12633,4.00057,3.40056,4.1155,4.00195,3.83488,4.16662
"CASKIN1",6.98173,8.04002,7.70124,9.96286,9.12189,10.7532,9.39117,7.11413
"CASKIN2",7.41142,7.47154,7.38221,8.63997,10.0117,10.4421,7.92002,7.96063
"CASP10",8.99881,11.4633,8.1637,9.98184,8.98727,9.70201,8.21069,10.4769
"CASP12",0.981212,1.54524,1.48237,1.55683,1.25009,1.10428,1.12523,1.22761
"CASP14",0,0,0,0,0,0,0,0
"CASP2",78.2014,60.0506,75.9122,69.9145,61.8204,68.5494,76.3825,73.7418
"CASP3",7.41183,7.35883,7.44986,7.39445,6.61483,7.83013,9.19192,6.45451
"CASP4",43.1744,40.9292,35.717,32.5106,36.7067,34.4865,40.6563,35.5517
"CASP5",0,0,0,0,0,0.086229,0,0
"CASP6",6.41442,8.46725,7.40273,6.19193,5.79473,5.54335,6.65072,5.70435
"CASP7",23.6003,25.4223,28.2921,23.9763,24.5328,23.2429,24.112,24.6312
"CASP8",4.11345,3.8452,3.13106,3.47006,2.56236,4.2568,3.93062,4.30943
"CASP8AP2",1.60534,1.71597,1.71278,1.22226,1.72024,1.38636,1.53976,1.72942
"CASP9",2.57624,2.17199,2.43783,2.4606,2.00713,2.33326,2.57928,1.59558
"CASQ1",0,0.037788,0.0356861,0,0,0,0,0
"CASQ2",0,0,0,0,0,0,0,0
"CASR",0,0,0,0,0,0,0,0
"CASS4",0,0.0236596,0.0445298,0,0.0230144,0.0433852,0,0
"CAST",82.94,76.852,84.3003,80.678,76.4088,70.7044,92.5187,73.8484
"CASZ1",1.40989,1.0895,0.971675,1.2749,0.925187,1.19872,1.64946,1.17783
"CAT",24.249,23.3155,25.1203,24.2284,22.1398,24.604,24.4407,25.3727
"CATSPER1",0.0787441,0.19481,0.180449,0.26628,0.239961,0.277843,0.0872657,0.156768
"CATSPER2",0.488286,0.361264,0.345944,0.0789408,0.595067,0.21462,0.417993,0.395325
"CATSPER4",0,0,0,0,0,0,0,0
"CATSPERB",0,0,0,0,0,0,0,0
"CATSPERD",0,0,0,0,0.027903,0,0,0
"CATSPERG",0.279997,0.0937271,0.0704272,0.0482532,0,0.0171863,0.0387536,0.0525176
"CAV1",1609.62,1329.07,1534.29,1172.9,1487.09,1139.26,1488.67,1312.56
"CAV2",222.96,158.069,202.105,148.106,209.817,136.649,185.5,149.321
"CAV3",0,0,0,0,0,0,0,0
"CBFA2T2",4.10439,4.06339,4.14315,4.19588,4.63071,3.85498,4.55083,4.57381
"CBFA2T3",0,0,0,0,0.0167121,0.0315488,0,0.032121
"CBFB",25.5964,23.1314,27.3376,19.9177,22.7034,19.8075,23.6949,24.0013
"CBL",29.3525,22.9055,32.1654,23.468,28.5852,23.5408,31.3759,27.5534
"CBLB",32.5125,29.7862,37.5076,30.3904,31.8485,27.3905,37.4182,35.239
"CBLC",0,0,0,0,0,0,0,0.0500771
"CBLL1",22.3902,21.4042,23.4666,21.4497,24.7053,22.6017,26.6105,23.3255
"CBLN1",0,0,0,0,0,0,0,0
"CBLN2",0.599328,0.467052,0.384991,0.577989,0.938516,0.588716,0.422641,0.464381
"CBLN3",2.03478,1.33016,1.15425,1.66558,2.16572,2.27074,2.22813,2.20838
"CBLN4",0,0,0,0,0,0,0,0
"CBR1",7.88319,9.48125,6.46147,8.81126,8.8109,9.00638,7.10061,8.39057
"CBR3",9.05343,5.31682,8.48603,8.03342,8.12937,7.46724,6.75588,6.6072
"CBR4",11.3149,10.0535,9.05818,10.4731,10.3366,8.06241,12.1182,10.53
"CBS",13.3361,16.3237,15.4335,15.8691,14.6212,14.5914,11.5744,13.002
"CBX1",27.402,25.9857,29.8016,26.5603,22.9107,21.6643,23.8543,25.6439
"CBX2",4.28496,5.08596,5.2655,5.34946,5.41377,5.42465,4.63622,4.95048
"CBX3",14.7544,12.6485,14.6721,13.6208,12.5075,9.65552,12.0892,10.7572
"CBX4",3.10412,2.78513,2.67306,3.11719,3.50202,3.2203,2.93597,2.42815
"CBX6",8.10359,11.0001,8.49525,9.53522,10.2594,12.5656,7.8903,8.84107
"CBX7",9.00652,0.711749,0.737051,2.18944,1.07582,3.15971,0.851928,0.735528
"CBX8",0.508089,0.148576,0.797775,0.17165,0.29091,0.407465,0.256336,0.418785
"CBY1",9.49187,10.5014,9.8094,10.4422,7.09317,9.49527,8.50882,10.7827
"CBY3",0.103568,0,0.214654,0,0,0.202239,0,0.317479
"CC2D1A",8.31974,7.19556,8.84159,9.872,9.37135,9.89611,9.50066,8.50952
"CC2D1B",4.1012,4.15235,4.75533,4.36469,5.23362,4.68984,3.94592,4.01032
"CC2D2A",6.30791,6.46236,5.172,6.74734,6.52252,8.03214,6.03511,7.29181
"CC2D2B",0,0.0404401,0,0,0,0,0,0.113782
"CCAR1",80.4256,82.8137,88.2477,80.5942,88.3927,75.7787,95.7923,88.3176
"CCBE1",0.0101552,0.0435016,0.020384,0.0186168,0.0105498,0.0199566,0.0224751,0.0202811
"CCDC102A",1.19313,1.45689,1.4007,1.43364,1.53548,1.69171,1.56824,1.30784
"CCDC102B",0.0236057,0,0,0.0453577,0.0513374,0.0241508,0,0.0739754
"CCDC106",15.6907,13.8971,10.4194,15.6646,16.9462,17.904,12.6173,13.2986
"CCDC107",5.99542,6.10707,5.4439,8.334,6.61525,7.13752,4.84561,4.4005
"CCDC110",0.0238999,0,0.0240926,0,0,0.0224908,0.0529495,0.0239395
"CCDC112",1.16698,0.663723,1.06323,0.919096,0.386307,0.61433,0.819928,0.399571
"CCDC115",9.06223,8.51544,8.12668,9.87265,9.08256,7.6706,8.30659,8.66975
"CCDC116",0.124311,0.233135,0.157061,0.0861281,0.12992,0.4269,0.310053,0.0935758
"CCDC117",13.6395,13.7128,14.173,12.9668,13.4416,12.9279,13.0953,14.0123
"CCDC12",14.7573,15.3711,12.3858,11.7193,11.7151,14.4582,14.2901,14.2466
"CCDC120",3.01695,2.27007,3.23977,2.64259,3.10949,2.65849,3.42939,3.12979
"CCDC121",0.97389,1.26114,1.2552,1.28877,1.40601,0.763698,1.42842,1.2354
"CCDC122",1.2129,0.684137,0.742232,0.501418,0.834163,0.538701,0.389234,0.320425
"CCDC124",56.4594,53.6707,50.6506,62.053,52.492,60.412,54.7648,49.7358
"CCDC125",0.340192,0.515468,0.607458,0.713745,0.538237,0.579156,0.549486,0.529786
"CCDC126",9.25367,11.018,2.16444,13.7083,3.82369,4.59685,7.05896,5.17304
"CCDC127",7.92378,9.23736,8.97913,10.9665,10.3905,9.06384,9.46754,9.72489
"CCDC13",0.0704648,0.100661,0,0.0649103,0.0489888,0,0.0520412,0.0470616
"CCDC134",3.86948,2.41741,2.75464,4.37313,1.97389,3.51173,1.84353,2.30697
"CCDC136",0.514571,0.289072,0.515642,0.519706,0.335421,0.254719,1.01287,0.472848
"CCDC137",6.06978,5.6702,4.98915,4.89008,5.80316,6.49633,5.50573,5.63788
"CCDC138",0.713345,0.926679,1.06583,0.856049,1.64551,0.882508,0.721989,0.959282
"CCDC14",10.772,12.2036,13.5263,12.0916,10.5973,12.1448,13.2699,12.0348
"CCDC141",0.0137747,0.0221249,0,0.0126108,0.0357413,0,0.0304773,0
"CCDC144A",0,0.0117131,0,0.0100281,0,0,0,0.0764642
"CCDC146",0.0590881,0.189896,0.118987,0.235532,0.0410347,0,0,0.236561
"CCDC148",0.0466906,0,0.0507712,0,0.0524455,0,0,0.102565
"CCDC149",2.24606,1.72368,1.68791,1.02648,2.37974,1.85841,2.22038,1.89731
"CCDC15",1.78396,1.58108,2.65675,1.41742,1.07969,1.93474,2.29935,1.57374
"CCDC150",0.667256,0.513628,0.445577,0.617322,0.177731,0.440289,0.45083,0.500916
"CCDC152",0.0562361,0.160644,0.150944,0.0172376,0.175696,0,0.0415163,0.112546
"CCDC154",0,0,0,0,0.0649931,0,0,0
"CCDC157",0.528721,0.306814,0.310798,0.304229,0.321489,0.605607,0.219631,0.308873
"CCDC158",0,0,0,0,0,0,0,0
"CCDC159",8.03442,9.65443,7.01443,11.1197,11.0315,11.7751,7.47514,9.19095
"CCDC160",0,0,0,0,0,0,0,0
"CCDC166",0,0,0,0,0,0,0,0
"CCDC167",30.314,33.4389,31.4692,25.4928,24.9051,31.7261,31.3881,27.8827
"CCDC168",0.0144366,0.0154567,0.0115627,0.0105578,0.0149664,0.00283842,0.0191587,0.00863418
"CCDC17",0.941021,0.734871,0.638911,0.871907,0.433782,0.932768,0.461156,0.635108
"CCDC18",0.481836,0.54018,0.347338,0.257341,0.368423,0.426094,0.401639,0.466948
"CCDC22",4.819,6.76848,3.77602,10.2137,6.71041,10.1563,8.2238,5.48572
"CCDC24",0.890996,0.634994,0.401519,0.734405,1.14063,0.870449,0.494553,0.598963
"CCDC25",10.7985,10.9897,12.478,9.58104,11.4998,8.79937,11.2789,10.57
"CCDC27",0,0,0,0,0,0,0,0
"CCDC28A",1.94038,1.8206,1.50795,2.60178,1.06487,1.92569,2.94683,1.55449
"CCDC28B",16.439,18.9226,15.8397,20.3116,16.0434,17.9196,16.7962,14.2321
"CCDC3",1.83895,2.22824,1.96963,2.61216,2.00624,2.20579,1.85271,2.2257
"CCDC30",0.0852116,0,0,0.0588231,0.0666045,0.0209158,0,0.0426602
"CCDC33",0,0,0,0,0,0,0,0
"CCDC34",1.21493,2.76732,2.32673,1.51104,0.88695,2.37406,2.71067,1.53939
"CCDC38",0,0,0,0,0,0,0,0
"CCDC39",1.97786,1.8018,2.30049,1.0361,1.55117,1.35827,2.37558,1.78744
"CCDC40",2.17696,2.33563,2.46481,2.61718,2.49384,2.6028,2.98312,3.34033
"CCDC42",0,0,0.0667201,0,0,0,0,0
"CCDC43",6.77455,5.20502,5.25113,6.17099,5.81994,4.54553,5.46588,4.89153
"CCDC47",14.4428,14.3711,14.0314,12.1984,12.5411,12.8958,15.1997,13.0158
"CCDC50",23.7343,21.1185,24.282,20.129,24.5603,18.1536,24.7796,19.3199
"CCDC51",2.43944,2.71552,2.11651,2.70033,2.40053,2.79647,2.94669,2.39981
"CCDC54",0,0,0,0,0,0,0,0
"CCDC57",4.14443,3.33422,4.3854,4.19681,5.15407,4.51456,3.29412,3.17627
"CCDC59",3.91797,3.5005,2.98873,2.71317,2.95069,2.91644,2.96805,2.74906
"CCDC6",35.8599,27.4211,35.2712,32.8063,32.0986,28.3236,32.9468,34.0375
"CCDC60",0,0,0.0277481,0,0,0,0,0
"CCDC61",0.933894,1.21799,1.19267,2.0735,1.82828,1.85202,1.47321,1.1382
"CCDC62",0.0539094,0.0577648,0.108827,0.149174,0.0562749,0.0264544,0,0.135133
"CCDC63",0,0,0,0,0,0,0,0
"CCDC65",0.268884,0.535275,0.155689,0.177911,0.442531,0.188351,0.340852,0.463469
"CCDC66",0.359779,0.159743,0.386279,0.352924,0.244206,0.477841,0.445353,0.405298
"CCDC68",0.141083,0.103353,0.141858,0.0431946,0.114175,0.189545,0.329737,0.0965466
"CCDC69",6.94348,7.9547,6.29115,8.69225,5.72547,9.43192,5.91655,6.25169
"CCDC70",0,0,0,0,0,0,0,0
"CCDC71",16.0513,17.4887,15.7519,18.9391,18.1478,16.1258,13.8185,13.0149
"CCDC71L",12.6964,11.1869,12.9971,12.9121,12.9918,10.7021,11.121,11.2133
"CCDC73",0.0161588,0.0519246,0.0487507,0.0296889,0,0.0158707,0.0357799,0.113114
"CCDC74A",2.52324,1.59367,1.87925,2.61439,3.18396,2.97867,2.80027,1.55221
"CCDC74B",0.988323,0.581115,0.592718,0.807853,1.19371,0.509132,0.193767,0.382846
"CCDC77",3.14707,2.76355,2.80314,3.04392,2.51976,2.21634,2.68102,3.08665
"CCDC78",0,0,0.134118,0,0.138584,0.129505,0.097734,0.0443377
"CCDC8",0.196897,0.168742,0.0792993,0.326016,0.082043,0.0773364,0.0872225,0.13795
"CCDC80",23.1961,28.4639,25.311,30.3515,27.5808,29.3217,26.1922,25.9105
"CCDC81",0.119707,0.114672,0.189025,0.184425,0.142867,0.164488,0.106076,0.119916
"CCDC82",2.92055,3.89883,4.81326,5.4414,3.76783,3.48608,4.56439,4.51409
"CCDC83",0,0,0,0,0,0,0,0
"CCDC85A",1.18962,0.907722,1.04891,0.727751,1.15319,1.15072,1.43691,0.928931
"CCDC85B",21.1098,23.2289,22.6022,24.3508,24.0996,30.4439,17.6105,17.6109
"CCDC85C",5.0184,5.04913,4.8012,5.04548,5.20333,6.61105,4.45798,6.27125
"CCDC86",16.2497,16.0623,15.7163,17.3649,16.2122,20.8968,14.9895,15.1558
"CCDC87",0.318474,0.633662,0.458559,0.52373,0.450633,0.379654,0.27719,0.159496
"CCDC88A",4.75221,4.69922,5.16992,4.4347,4.12692,4.03773,5.53667,4.54703
"CCDC88B",0.026098,0.111806,0.0786543,0.107764,0.0814035,0.0769147,0.0433298,0.0521575
"CCDC88C",5.73968,7.19755,5.90719,6.41528,8.10037,8.44989,5.59187,8.50379
"CCDC89",0,0,0,0,0,0,0,0
"CCDC9",3.33182,3.26456,2.80102,3.09897,3.5515,4.13691,4.57894,2.38247
"CCDC90B",11.8135,11.3876,11.8974,10.5777,9.29476,9.93861,10.2183,10.4366
"CCDC91",0.114617,0.185287,0.0585117,0.053468,0.391063,0.113725,0.0642091,0
"CCDC92",150.391,131.424,150.441,148.366,156.723,149.277,149.895,138.644
"CCDC93",11.3731,10.0355,11.7206,9.49816,10.9824,10.079,13.7924,9.64969
"CCDC97",18.9327,18.2306,19.6592,21.6014,22.2514,22.4992,21.9395,19.1811
"CCHCR1",0.0254858,0.109237,0.179993,0.0939842,0.0797835,0.10007,0.169443,0.0510911
"CCIN",0.177813,0.114351,0.0360001,0.0658151,0.111645,0.27906,0.197182,0.0357324
"CCK",0,0,0,0,0,0,0,0
"CCKAR",0,0,0,0,0,0,0,0
"CCKBR",0,0,0,0,0,0,0,0
"CCL1",0,0,0,0,0,0,0,0
"CCL11",0,0,0,0,0,0,0,0
"CCL13",0,0,0,0,0,0,0,0
"CCL16",0.348315,0.25712,0.341278,0.267508,0.352568,0.213402,0.266186,0.290003
"CCL17",0,0,0,0,0,0,0,0
"CCL18",0,0,0,0,0,0,0,0
"CCL19",0,0,0,0,0,0,0,0
"CCL2",322.051,226.3,507.893,319.083,258.479,194.905,448.305,294.689
"CCL20",0,0,0,0,0,0,0,0
"CCL21",0,0.0997696,0.191842,0.263572,0,0.544646,0,0.189359
"CCL22",0,0,0,0,0,0,0.0251711,0
"CCL23",2.94572,0.971439,0.316994,0.581832,1.62835,0.805507,1.9222,1.55543
"CCL24",0,0,0,0,0.471583,0,0,0
"CCL25",0,0,0,0,0,0,0,0
"CCL26",0.533213,0,0,0,0,0,0,0
"CCL27",0,0,0,0,0,0,0,0
"CCL28",0.307589,0.110141,0,0,0.109408,0.300338,0.114339,0.314215
"CCL3",0,0,0,0,0,0,0,0
"CCL3L1",0,0,0,0,0,0,0,0
"CCL4",0,0,0,0,0,0,0,0
"CCL4L1",0,0,0,0,0,0,0,0
"CCL4L2",0,0,0,0,0,0,0,0
"CCL5",1.33465,1.04125,1.30077,1.19007,1.8545,1.30689,0.808991,1.71732
"CCL7",0.522247,3.25409,1.94893,2.2819,1.00368,1.42763,1.28149,1.60126
"CCL8",0,0,0,0,0,0,0,0
"CCM2",31.6112,27.3788,27.3648,33.85,31.5916,34.4269,30.527,32.1195
"CCNA1",0.844202,1.33676,0.536074,0.909659,0.699044,0.552054,0.701844,0.635839
"CCNA2",57.8582,53.9956,71.3763,64.4357,50.4749,50.5994,61.7367,60.4956
"CCNB1",82.6027,80.5276,95.4827,85.46,71.0607,74.0108,91.6938,85.8778
"CCNB1IP1",8.71975,13.3833,12.4111,11.3203,9.2667,9.06883,10.3949,10.6451
"CCNB2",79.9234,82.5965,81.1931,70.215,78.1533,68.1374,87.1212,78.6861
"CCNB3",0.371579,0.200625,0.244171,0.078708,0.148635,0.236355,0.221476,0.0999862
"CCNC",14.8742,12.8031,15.3472,12.6613,12.998,11.2918,12.8334,13.6833
"CCND1",53.2668,60.2653,50.6118,50.3496,63.2138,61.9323,53.512,53.0947
"CCND2",2.90049,2.65794,2.59803,2.84554,2.98249,3.03175,2.89718,2.61418
"CCND3",42.323,40.28,40.8525,48.6635,45.1187,44.0707,35.5725,40.7333
"CCNDBP1",10.3495,9.67469,10.2909,10.3283,11.6677,11.1209,10.0059,9.25481
"CCNE1",3.54943,2.35821,2.733,3.73099,3.13315,3.1465,2.10326,2.99453
"CCNE2",4.2564,3.5383,3.6018,2.36692,3.59793,3.00155,3.60454,3.55427
"CCNF",10.8085,12.0498,12.6277,12.9928,10.7429,14.5312,12.5611,13.4
"CCNG1",33.1405,38.8423,35.688,35.0305,33.9621,29.7515,30.9428,28.8098
"CCNG2",4.67251,5.06904,5.71149,5.55851,4.25146,4.52011,4.6606,6.12535
"CCNH",20.5494,28.1354,26.8104,21.9738,18.4246,19.5497,26.6562,24.0872
"CCNI",268.546,256.067,290.529,275.243,279.135,235.08,244.104,288.144
"CCNI2",0.344495,0.0615257,0.144967,0.291462,0.149913,0.225377,0.222745,0.288001
"CCNJ",27.8342,30.9073,27.8921,31.4256,26.4908,28.2897,28.2191,34.5387
"CCNJL",10.1581,10.0614,11.3471,11.5265,10.9917,10.1496,10.9656,9.54084
"CCNK",86.446,84.3486,91.7136,94.2404,101.892,106.993,104.015,82.7056
"CCNL1",35.4669,33.1482,35.2155,28.719,37.2635,30.9112,35.2556,25.3056
"CCNL2",45.4666,43.6729,45.1659,44.8122,44.4965,45.5388,42.2821,50.1823
"CCNO",0.495887,0.445043,0.411485,0.41711,0.815369,0.698221,0.714015,0.67094
"CCNT1",4.27669,4.07642,4.74978,4.53481,3.54862,3.45032,4.70972,3.9632
"CCNT2",5.73176,6.44482,6.71229,5.92685,6.27171,5.23477,7.12114,6.82422
"CCNY",137.831,127.522,167.333,136.786,158.358,115.316,133.068,151.256
"CCP110",2.84032,2.97898,3.47179,2.61386,3.23512,2.74248,3.16779,3.49988
"CCR1",0,0,0,0,0,0,0,0
"CCR10",0.358661,0.641233,0.36609,1.39556,0.56696,0.234143,0.53139,0.580152
"CCR2",0,0,0,0,0,0,0,0
"CCR3",0,0,0,0,0,0,0,0
"CCR4",0,0,0,0.0791008,0.0894004,0,0.0472998,0
"CCR5",0,0,0,0,0,0,0,0
"CCR6",0.020462,0,0,0,0.0213202,0,0,0
"CCR7",0.0624085,0.100322,0,0.0576551,0,0.0306166,0.0345908,0.0313198
"CCR8",0,0,0,0,0,0,0,0
"CCR9",0,0,0,0,0,0,0,0
"CCRL2",2.86486,3.27029,2.38813,4.1778,3.36114,2.76555,3.24282,3.14483
"CCS",4.95697,3.79292,4.41918,3.17957,5.40152,4.88279,3.06704,4.98746
"CCT2",30.1842,26.0722,28.9693,21.5536,26.4639,23.4095,25.1912,27.5611
"CCT3",124.242,138.581,126.88,127.547,116.089,130.609,123.886,124.751
"CCT4",186.934,121.635,144.986,157.752,110.329,190.707,107.87,132.935
"CCT5",33.6571,34.5652,34.5002,35.1195,31.7828,30.8284,33.7533,33.9477
"CCT6A",53.7215,57.0978,51.9299,51.8036,42.5655,47.1019,48.0661,48.9911
"CCT6B",0,0.0838162,0,0.110361,0.0819064,0.0778399,0.0880598,0.0393118
"CCT7",107.641,107.767,109.778,116.712,105.917,101.582,103.838,105.947
"CCT8",73.4648,81.0374,68.6564,69.1206,56.7935,58.7416,63.9455,61.9404
"CCT8L2",0,0,0,0,0,0,0,0
"CCZ1",9.7402,8.9258,9.09484,6.86374,8.80049,7.49194,11.1425,8.90974
"CCZ1B",3.63971,3.21057,4.41724,2.66867,2.89827,3.12335,2.52312,2.9731
"CD101",0.019703,0.0422452,0.0198406,0.136911,0,0.0968365,0.131065,0.0372325
"CD109",33.2895,34.1008,34.2426,30.7176,35.3289,29.7123,33.5296,36.5663
"CD14",0.0936911,0.371299,0.142828,0.174151,0.245968,0.137758,0.312052,0.217897
"CD160",0.416535,0.446488,0.498716,0.315631,0.674098,0.297095,0.629998,0.571038
"CD163",0,0,0,0,0,0,0,0
"CD163L1",1.34811,1.12856,1.00499,1.16099,1.30137,0.869018,0.91472,1.14799
"CD164",49.5413,52.6058,51.6852,46.9272,50.4352,42.6628,45.8654,49.6395
"CD164L2",0,0,0,0,0,0,0,0
"CD177",0,0,0,0,0,0,0,0
"CD180",0,0,0,0,0,0,0,0
"CD19",0,0,0,0,0,0,0,0
"CD1A",0,0,0,0,0,0,0,0
"CD1B",0,0,0,0,0,0,0,0
"CD1C",0,0,0,0,0,0,0,0
"CD1D",0,0,0,0,0,0,0,0
"CD1E",0,0,0,0,0,0.0531066,0,0
"CD2",0,0,0,0.130233,0,0,0,0
"CD200",6.12945,9.84073,7.82921,8.35953,6.74674,9.62838,8.36014,11.0294
"CD200R1",0,0,0,0,0,0,0,0
"CD200R1L",0,0,0,0,0,0,0,0
"CD207",0,0,0,0,0,0,0,0
"CD209",0,0,0,0,0,0,0,0.0169218
"CD22",0.024121,0.111208,0.0209075,0,0.0503249,0.0236782,0.0801814,0.0623531
"CD226",0,0,0.025585,0,0,0,0.112403,0
"CD24",2.12621,2.71422,1.9912,2.42651,2.18958,1.96345,2.84224,2.38519
"CD244",0,0,0,0,0,0,0,0
"CD247",0.125917,0,0,0.0389323,0,0,0,0.0422391
"CD248",0,0.084277,0,0,0.054725,0,0.0290512,0.0262829
"CD27",0.111318,0.119394,0.226928,0.207579,0.468681,0.436163,0,0
"CD274",5.80203,3.68808,6.29042,3.49849,5.38467,3.27674,5.8595,3.76859
"CD276",26.5826,31.079,24.225,35.6228,28.4241,39.354,27.1962,30.5775
"CD28",0,0,0,0,0,0.0139701,0,0
"CD2AP",7.32113,5.46064,8.63049,6.01979,6.24891,4.66919,7.49421,6.54136
"CD2BP2",5.75391,5.44308,6.01627,5.88394,6.54381,5.71815,4.49704,5.84609
"CD300A",0,0,0,0,0,0,0,0
"CD300C",0,0,0,0,0,0,0,0
"CD300E",0,0,0,0,0.01932,0,0,0
"CD300LB",0,0,0,0,0,0,0,0
"CD300LD",0,0,0,0,0,0,0,0
"CD300LF",0,0,0,0,0,0,0,0
"CD300LG",0.0497514,0,0.0501807,0,0,0,0,0
"CD320",81.5936,80.7644,80.8334,97.8189,85.3371,93.3065,72.1092,78.4603
"CD33",0,0,0.125539,0,0,0,0,0
"CD34",4.46735,3.71414,5.51524,3.22255,4.90592,3.3943,4.06847,3.74569
"CD36",0.265538,0.318847,0.386175,0.192959,0.3057,0.0950683,0.256677,0.19496
"CD37",0.0618896,0,0,0.0578592,0,0.121212,0.0688259,0.187778
"CD38",0.240924,0.620011,0.440893,0.447994,0.202433,0.519451,0.320941,0.485652
"CD3D",0,0,0,0,0,0,0,0
"CD3E",0,0,0,0,0,0,0,0.0477308
"CD3G",0.0561165,0,0.0572072,0,0,0,0,0.11334
"CD4",0.0236201,0,0,0,0,0.0231873,0,0
"CD40",23.226,19.1565,20.3419,19.5462,25.3028,21.5785,23.5818,22.1152
"CD40LG",0.037984,0,0,0,0,0,0.0421303,0
"CD44",13.5348,11.6162,15.8542,16.7398,14.1398,12.0585,13.9391,14.4654
"CD46",29.9073,30.0624,30.1473,27.6846,28.2074,25.1868,29.1418,29.824
"CD47",3.2782,4.27506,3.46643,3.46578,3.67194,3.2908,3.38867,3.1447
"CD48",0,0,0,0,0,0,0,0
"CD5",0,0,0,0,0,0.0409933,0,0
"CD52",0,0.228946,0,0,0,0,0,0
"CD53",0,0,0,0,0,0,0,0
"CD55",72.7376,46.9653,74.9017,44.325,66.8285,44.2792,66.9627,45.3893
"CD58",2.03396,3.10469,2.17823,3.14128,2.70877,1.92745,2.57999,2.50197
"CD5L",0,0,0,0,0,0,0,0
"CD6",0,0,0,0,0,0,0,0
"CD63",213.255,199.246,200.11,228.3,246.061,195.918,166.165,215.644
"CD68",38.1305,42.0184,39.4686,48.377,33.7915,40.4941,43.3197,38.749
"CD69",0.210364,0,0.0853701,0,0.0882216,0,0.0466814,0
"CD7",0,0,0,0.0537353,0,0.0564054,0.0639827,0
"CD70",0,0,0.090946,0,0,0.431167,0,0
"CD72",0,0,0,0,0,0,0,0
"CD74",0.878924,0.620989,0.566085,1.16336,1.11628,0.590709,1.17864,1.24089
"CD79A",0.198695,0.213179,0.135502,0.247992,0.279707,0.0648239,0.0736287,0.0670472
"CD79B",0.293658,0.62684,0.359744,0.384019,0.27001,0.740642,0.586351,0.71117
"CD80",0.0241634,0,0,0,0,0,0,0
"CD81",257.78,269.52,234.74,269.826,262.141,296.272,213.968,256.254
"CD82",5.8871,7.58046,4.44966,9.57865,5.64807,9.69261,5.67188,6.59424
"CD83",0.352574,0.472654,0.356167,0.217079,0.122861,0.201976,0.393112,0.147498
"CD84",0,0,0.00802274,0,0.016613,0,0,0
"CD86",0,0,0,0,0,0,0,0
"CD8A",0,0,0,0,0,0,0,0
"CD8B",0,0,0,0,0,0,0,0
"CD9",705.815,717.211,705.549,762.886,661.04,705.798,666.377,720.051
"CD93",109.741,117.458,110.292,104.366,113.702,114.347,106.517,124.874
"CD96",0.0145418,0,0,0,0.030268,0.0285829,0.0160989,0.0436393
"CD99",0,0,0,0,0,0,0,0
"CD99L2",30.3164,29.8812,28.6355,31.3335,29.1471,30.7323,28.8599,30.654
"CDA",2.8582,5.26516,3.75691,5.22314,2.10714,5.12866,2.44569,4.16425
"CDADC1",0.944511,0.911907,0.950695,0.691395,1.04414,1.00649,0.881443,0.857154
"CDAN1",2.16641,2.06468,2.30521,2.94071,2.4885,2.43403,2.31584,2.48073
"CDC123",36.2892,34.875,36.8653,28.9324,29.8762,30.8876,34.0735,32.1397
"CDC14A",11.1687,9.22995,10.8703,7.64287,10.6969,6.64325,12.9919,8.89554
"CDC14B",0.459289,0.207986,0.305919,0.164326,0.296806,0.195059,0.219711,0.256639
"CDC14C",0,0,0,0,0,0.0225159,0.0508134,0
"CDC16",10.163,11.7135,11.9649,11.1044,11.948,8.44621,10.6791,10.0771
"CDC20",140.143,152.656,168.25,188.521,158.847,159.555,169.916,158.834
"CDC20B",0.0928551,0.0496952,0,0.0213203,0.139282,0,0.0513978,0.0464668
"CDC23",15.8969,14.6135,16.6227,15.86,17.1533,15.3624,15.0851,17.8397
"CDC25A",4.92183,4.00808,5.59263,4.93446,4.28513,4.51407,4.81872,4.68507
"CDC25B",67.7582,72.5106,66.6722,77.7703,71.3303,85.2791,67.7836,72.8743
"CDC25C",5.7369,6.25114,6.36415,4.69559,5.75457,4.32833,6.84524,5.25195
"CDC26",13.9185,14.8465,11.2677,16.1042,10.9526,12.4038,10.8994,10.2836
"CDC27",20.3188,20.0446,22.3898,17.8769,20.1603,18.8026,22.3159,19.8244
"CDC34",48.7215,42.8939,46.5221,53.0032,51.3787,48.4723,52.3698,42.1353
"CDC37L1",2.03578,2.17833,2.48389,1.50062,1.43562,1.91054,1.29112,1.66836
"CDC40",1.3176,1.21246,1.06454,1.64452,1.136,1.29336,1.0986,1.33971
"CDC42",288.2,350.765,301.343,294.924,276.703,260.667,308.084,264.987
"CDC42BPA",29.7638,26.3635,31.2012,25.264,31.8456,24.6321,31.6479,24.4232
"CDC42BPB",50.77,58.2638,56.7774,65.8927,57.0953,66.1788,54.7351,56.8312
"CDC42BPG",0.025993,0.0974364,0.130561,0.0954028,0.0945871,0.0510703,0.0143851,0.0649336
"CDC42EP1",94.167,77.8508,98.5309,94.8551,118.929,102.268,96.7985,75.6831
"CDC42EP3",20.023,22.9499,20.702,23.5571,22.0106,24.661,21.5512,25.6172
"CDC42EP4",9.41489,10.4397,9.69276,10.976,10.2623,10.6236,10.7911,8.80892
"CDC42EP5",18.5873,16.1284,19.1287,18.3064,24.3349,22.9051,16.5398,16.0565
"CDC42SE1",49.9363,43.9397,51.7304,49.3829,52.2164,42.5898,46.3742,52.2248
"CDC42SE2",13.8518,11.8335,14.25,9.80979,11.9017,9.10153,13.6598,11.4578
"CDC45",8.48446,7.34676,8.34666,6.83881,8.14875,8.93654,9.12591,7.63495
"CDC5L",13.137,12.146,14.5024,9.59149,11.6343,9.86999,12.1638,12.9267
"CDC6",12.0696,13.4493,11.3812,12.4066,9.84307,10.8133,11.9683,10.4332
"CDC7",2.98592,2.97425,3.01356,2.86547,2.58955,3.26704,2.75401,2.87248
"CDC73",5.87749,5.71997,6.50167,5.2313,5.6052,4.99633,6.39445,5.92318
"CDCA2",6.12498,8.16623,8.17398,6.33607,5.691,6.99269,7.79045,7.17484
"CDCA3",55.3913,58.4235,68.7913,68.702,53.0243,55.2343,61.4674,62.6754
"CDCA4",16.4059,12.6832,16.2764,13.5082,11.4396,13.1621,11.5872,14.2805
"CDCA5",11.655,13.1029,12.3217,12.4165,11.6211,12.6323,12.705,11.0323
"CDCA7",10.4343,13.5841,9.61305,13.2099,10.2915,10.8108,10.9536,11.9361
"CDCA7L",19.9454,16.8925,19.3734,15.305,18.6331,14.7342,19.0777,14.817
"CDCA8",26.5567,30.8872,40.4168,37.6525,29.4503,33.5997,34.5493,32.0147
"CDCP1",0.29059,0.333238,0.381824,0.581554,0.301926,0.264359,0.288522,0.300955
"CDCP2",0.0244913,0,0.0246995,0.0451385,0.0766435,0.0721234,0.0542682,0
"CDH1",0,0,0,0,0,0,0,0
"CDH10",0.0381314,0,0.0575774,0,0.0198572,0.0187222,0.0633404,0
"CDH11",30.9922,41.4756,33.4424,43.4036,35.1003,37.3247,31.083,37.8615
"CDH12",0.0594674,0.0796184,0.1345,0.013651,0.0618614,0.0438094,0.0658314,0.0594499
"CDH13",254.523,255.431,282.385,277.794,270.367,238.709,247.936,289.638
"CDH15",0,0.124443,0,0,0.169566,0.114027,0.0257344,0.046542
"CDH16",0,0,0,0,0,0,0,0
"CDH17",0,0,0,0,0,0,0,0
"CDH18",0.0222236,0,0,0,0,0,0,0
"CDH19",0,0,0,0.0190284,0.0215467,0,0,0
"CDH2",31.1676,24.3859,34.1782,26.8229,27.7524,23.8147,34.014,25.0225
"CDH20",0.0465312,0.0997059,0.0703609,0.150009,0,0.0228398,0.0257735,0.0233065
"CDH22",0,0.0382216,0.0179518,0,0,0.0175207,0,0.0356967
"CDH23",0.081191,0.026656,0,0.0752203,0.04254,0.0311595,0.18015,0.0406567
"CDH24",37.9705,33.7079,41.1858,42.7941,34.4332,46.5228,41.975,40.255
"CDH26",0,0.044186,0,0,0.0644654,0,0,0.0706554
"CDH3",0,0,0.0151998,0,0,0.0148512,0,0.0302322
"CDH4",0,0.0215119,0,0.0092035,0,0.00986682,0.0111122,0
"CDH5",590.826,648.951,649.763,702.316,648.242,658.064,634.607,716.932
"CDH6",0.0587661,0.0235979,0.103115,0.0269049,0.0686254,0.00721916,0.0893945,0.0659714
"CDH7",0,0,0,0,0,0,0,0
"CDH8",0,0,0.0130201,0,0,0,0,0
"CDH9",0,0,0,0,0,0,0,0
"CDHR1",0.0498663,0.0126102,0,0,0,0,0,0
"CDHR2",0,0,0,0,0,0.0309086,0,0
"CDHR3",0,0.0313794,0.0196027,0.0179031,0,0.0191947,0.0432317,0.0292568
"CDHR4",0,0,0,0,0,0,0,0
"CDHR5",0,0,0,0.063035,0,0.0184706,0.0252731,0.0228522
"CDIPT",33.3198,31.1084,28.5141,33.2684,35.6793,36.4093,28.5125,31.3141
"CDK1",9.72494,11.1534,10.7621,10.539,7.9141,8.05655,10.4202,8.90663
"CDK10",16.6986,15.8641,14.6591,21.041,19.6438,20.67,17.6917,15.0759
"CDK12",17.9644,18.8782,19.8639,19.4812,20.0582,19.0105,20.6516,18.2649
"CDK13",20.8729,19.5636,21.5332,19.7657,20.285,18.9749,21.6651,19.7408
"CDK14",6.11939,8.06407,10.1745,8.58905,9.33446,6.23952,5.92797,10.9167
"CDK15",0,0,0,0,0,0,0,0
"CDK16",99.607,93.7119,102.454,107.199,100.468,106.444,96.6752,92.6508
"CDK17",44.2714,35.1902,49.8741,39.0971,43.3121,32.7923,48.5462,40.0563
"CDK18",0.0425393,0.0911544,0.128577,0.0391528,0.10777,0.125314,0.117805,0.170396
"CDK19",7.76998,6.65379,9.24148,7.98762,7.96208,6.24776,7.64479,8.39633
"CDK20",0.216009,0.816059,0.218315,0.455813,0.121347,0.46222,0.171036,0.557466
"CDK2AP1",217.664,211.703,224.494,215.912,199.796,196.986,184.9,213.353
"CDK2AP2",179.179,161.173,160.982,171.72,179.775,170.044,167.404,153.891
"CDK4",86.1738,87.3099,81.4307,86.5503,74.248,85.7644,75.984,86.4778
"CDK5",39.6536,35.719,35.6094,37.9359,36.7041,36.265,38.4789,42.3104
"CDK5R1",0.877458,0.976046,1.20514,0.976865,1.31727,0.712622,0.934156,0.92826
"CDK5R2",0,0.0581234,0,0,0.0283132,0,0,0
"CDK5RAP1",4.21233,4.28264,4.97923,3.72698,3.35347,4.41152,3.73899,4.32606
"CDK5RAP2",5.26871,4.85706,5.7707,5.64342,5.48446,5.30552,6.47962,5.65471
"CDK5RAP3",10.1,7.64455,8.22184,7.62837,8.81742,8.53159,7.1761,7.88569
"CDK6",6.43773,7.28507,6.65138,6.84038,6.98247,6.47281,7.58223,7.43137
"CDK7",10.6896,9.5695,12.094,7.74463,8.13147,9.06666,9.807,7.99404
"CDK8",6.94003,6.98728,7.96749,9.96255,7.36154,7.54081,9.62223,8.17419
"CDK9",13.8934,13.1036,10.9818,17.7372,16.2054,16.2558,14.2968,11.3019
"CDKAL1",5.80641,6.98501,6.46961,6.33367,6.19349,4.82569,4.01932,5.85234
"CDKL1",0.578372,0.834129,0.627679,0.553016,0.510173,0.480469,0.542098,0.735193
"CDKL2",0.0136438,0.0146131,0,0,0.0283762,0,0,0.0409071
"CDKL3",0.0875043,0.234541,0.577394,0.203054,0.0672633,0.343138,0.0971044,0.0440493
"CDKL4",0,0.0975067,0.0461864,0,0,0,0.0504663,0.0457995
"CDKL5",1.72056,1.12628,1.94148,1.70542,1.53139,1.06997,2.03242,1.7601
"CDKN1A",203.037,199.102,194.575,236.777,197.056,235.155,186.17,204.7
"CDKN1B",10.4324,12.3422,12.7728,14.388,13.5752,12.8371,11.8478,12.0932
"CDKN1C",1.74128,0.998643,1.80744,0.883988,1.78876,0.984494,1.49903,0.838069
"CDKN2A",1.19373,1.03878,1.22266,0.676751,2.08323,2.03014,0.556685,1.30451
"CDKN2AIP",2.51186,2.45322,2.54395,2.79757,2.15478,2.04572,2.64901,2.79703
"CDKN2AIPNL",21.6736,19.7525,21.0919,18.2431,19.8367,18.7373,18.9495,20.1699
"CDKN2B",0.825242,0.631405,0.694579,0.5726,0.543416,0.288032,0.541126,0.611603
"CDKN2C",9.7523,11.0968,10.564,11.8945,9.16363,10.4105,9.2381,10.973
"CDKN2D",0.92624,1.06477,0.812147,1.85793,0.768361,0.647599,0.441331,1.27259
"CDKN3",14.1622,13.7121,15.236,12.5834,13.6494,12.4658,12.4895,12.5152
"CDNF",0.110316,0.295794,0.33727,0.308507,0.174148,0.324188,0.367603,0.55689
"CDO1",0.703052,0.847982,0.669129,0.938132,0.691411,0.732291,0.195046,0.707864
"CDON",0.612851,0.824545,0.635563,0.725831,0.685189,0.803033,0.799747,0.791984
"CDR2L",8.71272,8.29157,9.46274,9.35956,11.1239,11.0204,8.95623,7.72463
"CDRT15",0,0,0,0,0,0,0,0
"CDRT15L2",0,0,0,0,0,0,0,0
"CDS1",0.0142027,0,0,0,0,0,0.0471654,0.0141962
"CDS2",34.3028,30.1731,36.7571,31.0159,36.6291,28.5102,35.1185,34.9365
"CDSN",0,0,0,0,0,0,0,0
"CDT1",16.734,13.7247,15.5398,17.882,15.9438,17.8432,14.4438,12.5161
"CDV3",47.3293,43.0267,49.3573,41.0793,45.5627,38.301,52.2417,42.5327
"CDX1",0,0,0,0,0,0,0,0
"CDX2",0,0,0,0,0,0,0,0
"CDX4",0,0,0,0,0,0,0,0
"CDY1",0,0,0,0,0,0,0,0
"CDYL",12.1049,10.1666,12.1294,11.1021,13.6153,10.6076,10.8605,10.777
"CDYL2",7.05422,5.78916,7.21894,5.3448,8.86733,7.1483,8.69736,7.51163
"CEACAM1",1.9144,3.12467,1.85401,3.61129,1.98434,3.21658,2.27963,3.20837
"CEACAM16",0,0,0.0844306,0.231582,0,0,0,0
"CEACAM18",0,0,0,0,0,0,0,0
"CEACAM19",13.0184,9.95792,13.0284,14.5238,15.7287,13.0685,16.6285,10.2922
"CEACAM20",0,0,0,0.073052,0.151326,0,0,0
"CEACAM21",1.59154,1.44109,1.33575,2.33272,2.04829,1.31621,1.91633,2.63972
"CEACAM3",0,0,0,0,0,0,0,0
"CEACAM4",0,0,0,0,0,0,0,0
"CEACAM5",0.0181413,0,0.0182562,0,0,0,0,0
"CEACAM6",0,0,0,0,0,0,0,0
"CEACAM7",0,0,0,0,0,0,0,0
"CEACAM8",0,0,0.0594471,0,0,0,0,0
"CEBPA",0.0258534,0,0,0.0238365,0.0269792,0.101503,0,0
"CEBPB",2.14227,1.63497,2.06787,1.77003,1.35747,1.59224,2.48298,1.95533
"CEBPD",0.712493,0.318449,0.121192,0.110873,0.688197,0.290724,0.923632,0.180025
"CEBPE",0,0,0,0,0,0,0,0
"CEBPG",4.43921,3.01592,4.29224,3.09561,3.43436,2.69728,4.16937,3.24831
"CEBPZ",3.90135,5.23865,4.29285,5.02651,3.72515,3.90147,3.42572,3.51935
"CECR2",1.04845,0.920478,1.12262,0.942736,1.15005,1.27155,1.24221,1.27262
"CEL",1.42587,1.39309,1.33454,1.56037,1.29932,1.72946,1.89324,2.0123
"CELA1",0,0,0,0,0,0,0,0
"CELA2A",0,0,0,0,0,0,0,0
"CELA2B",0,0,0,0,0,0,0,0
"CELA3A",0.177995,0.477804,0.367047,0.588254,0.283775,0.260938,0.495678,0.271828
"CELA3B",1.40616,0.75465,0.320969,1.90995,0.910427,0.99326,1.3041,0.877116
"CELF1",22.8207,19.438,24.1055,21.4095,24.1508,21.9349,23.3664,22.5709
"CELF2",15.3361,13.9027,14.9252,11.7639,15.7998,13.2665,16.186,14.0993
"CELF3",0,0.0272821,0,0,0,0.0500516,0.0140962,0.0254524
"CELF4",0,0,0,0.0151246,0,0.0161694,0.0182292,0
"CELF5",0.0256152,0,0.0458998,0,0.0392852,0,0,0
"CELF6",0.0233669,0.100269,0.137311,0.150888,0.260406,0.147282,0.181474,0.139882
"CELSR1",1.09542,1.425,1.39367,1.33927,1.3107,1.57143,1.14603,1.46768
"CELSR2",0.979601,0.860376,1.05996,1.462,1.38927,1.29739,1.01991,1.2079
"CEMP1",1.06119,1.195,0.756479,1.03787,0.613876,0.623798,0.824961,0.588968
"CEND1",5.3858,4.05269,5.27495,6.09856,4.54992,6.27496,4.40673,3.97808
"CENPA",16.2052,18.7272,23.4303,21.749,18.4827,17.4892,17.8094,21.3948
"CENPB",11.6834,11.8561,10.39,14.5142,13.8071,16.0494,11.861,10.9248
"CENPE",1.39341,1.70144,1.38056,1.43626,1.24495,1.30353,1.8356,1.51985
"CENPF",12.5609,12.7469,12.1969,11.9065,11.2263,12.4204,14.4158,12.8428
"CENPH",1.88363,2.30295,2.31349,2.04864,2.64005,1.42677,1.77299,1.31299
"CENPI",4.83357,4.748,4.88479,3.50679,3.99993,4.25039,5.15226,4.75086
"CENPK",7.2105,5.8955,7.57807,7.1912,5.71216,5.59385,9.59074,6.68123
"CENPL",4.08303,4.87563,6.07771,4.92399,4.16256,4.37343,4.94768,5.17162
"CENPM",32.9466,22.2374,21.0017,44.3929,25.1475,19.8485,23.1601,23.2308
"CENPN",39.4908,42.3543,48.7077,45.0061,36.8953,34.6369,45.4327,40.8559
"CENPO",10.4081,10.1161,10.7616,11.154,9.26622,10.0213,11.1242,10.0416
"CENPP",1.13297,1.09026,1.0439,0.936034,1.20005,1.35768,1.08455,1.26836
"CENPQ",0.487494,0.261299,0.617929,0.225978,0.425744,0.398339,0.360551,0.49043
"CENPT",9.63351,10.6323,10.0216,11.6606,11.4173,10.3877,11.2523,9.46106
"CENPV",1.36711,0.870766,1.50608,1.10412,1.00038,1.05225,1.00243,1.57125
"CENPW",18.5908,20.6219,21.9644,21.0789,23.5298,23.2424,16.5335,16.3022
"CEP104",6.01317,7.06625,7.04656,6.37666,7.4775,5.71744,6.38313,6.38665
"CEP112",0.991948,0.916143,1.00348,0.986329,0.987423,0.97901,1.3147,0.825777
"CEP120",3.95002,4.06806,4.23444,4.06361,3.82189,3.33468,3.88693,3.70785
"CEP128",1.17083,1.12114,1.28585,0.904672,0.820852,0.718408,1.24685,0.836187
"CEP135",2.09324,1.46464,1.90817,1.85386,1.84586,1.61526,1.90222,1.84421
"CEP152",0.720383,0.837705,0.694108,0.793023,0.718315,0.711965,0.737943,0.778995
"CEP164",4.42642,4.46834,4.59255,5.16071,4.88265,5.49794,4.08265,4.373
"CEP170",26.3342,23.0841,28.4081,23.9566,25.1684,21.1645,28.9416,25.3625
"CEP19",1.07405,0.778649,0.894186,1.02158,0.759457,1.30175,0.595328,1.01471
"CEP192",6.39007,8.21784,7.56065,9.02747,6.97477,8.69778,8.2658,7.72843
"CEP250",3.57001,4.55617,4.01748,4.46961,3.85141,5.02305,4.40486,4.52162
"CEP290",0.439052,0.410719,0.326086,0.47211,0.238769,0.196414,0.313791,0.380639
"CEP350",3.26825,3.19874,3.13507,2.86269,3.11305,2.60861,3.69692,3.76242
"CEP41",6.3187,5.94532,7.18662,6.59942,5.1588,5.32623,6.18944,6.57044
"CEP44",1.15898,1.13632,1.28758,0.920538,1.21319,0.911661,1.27846,1.34001
"CEP55",36.8777,34.7802,37.9994,32.285,33.9454,35.2098,41.0946,36.0554
"CEP57",7.3139,8.30235,7.32209,7.30213,6.79483,7.83993,8.58329,7.54586
"CEP57L1",3.16112,3.26332,3.71818,3.94748,2.39196,2.92364,2.66941,4.01325
"CEP63",2.34583,2.84572,1.48197,1.51724,1.33039,1.92574,2.3307,2.38506
"CEP68",18.2502,24.5603,18.4451,23.2163,21.6986,25.1116,19.7923,25.1217
"CEP70",2.98026,3.16095,3.6287,2.96672,3.25353,3.01263,3.39022,3.39631
"CEP72",0.70015,0.688522,0.477654,1.3578,0.67093,0.8516,1.00968,0.937372
"CEP76",2.08274,1.15916,0.792087,0.580075,2.36939,1.28265,0.8584,0.861353
"CEP78",6.50915,5.14944,6.29189,7.20822,6.07857,4.97573,6.14674,7.63153
"CEP85",4.11886,3.9193,4.65782,3.66112,3.58078,4.2277,3.80519,4.38071
"CEP85L",3.34627,2.75867,2.85958,2.17026,3.09464,1.98756,2.49752,2.95739
"CEP89",4.72614,5.39643,6.47552,6.65675,5.6886,5.02966,5.05157,7.64128
"CEP95",5.48705,5.61304,6.06021,4.78267,6.08692,4.38683,6.10682,5.79736
"CEP97",1.48371,1.56583,1.98426,1.61936,1.29157,1.41209,1.84448,2.06318
"CEPT1",6.2575,7.72968,6.44824,5.22165,6.34397,7.25086,6.39688,6.88923
"CER1",0.0621403,0,0,0,0,0,0,0.0628464
"CERCAM",15.2907,18.328,17.622,17.9225,16.3129,19.06,13.8941,14.0774
"CERK",35.6694,29.2411,36.979,31.3485,35.405,31.122,36.2818,31.1553
"CERKL",0.161872,0.0743264,0.116551,0.276893,0,0.0681025,0.128084,0.0694947
"CERS1",7.70411,8.45271,5.4503,7.03982,7.30843,6.83394,6.41412,8.05678
"CERS2",149.29,135.027,151.069,144.976,146.229,127.636,133.434,138.431
"CERS3",0,0,0,0,0,0,0,0
"CERS4",1.76585,1.81056,2.19841,1.45795,1.4067,3.65521,1.47126,1.42813
"CERS5",21.0858,19.8053,18.0929,20.5829,18.8502,21.0284,17.8559,20.0121
"CERS6",3.0266,4.03655,3.72597,3.38588,2.74807,3.28363,3.28729,4.42997
"CES1",0,0,0,0,0,0,0,0
"CES2",7.06276,7.94085,6.39851,7.19934,7.74422,7.84811,5.99161,6.64867
"CES3",0.0501206,0.245413,0.083478,0,0.0695534,0.0406883,0,0.10321
"CES4A",0.864022,0.641704,0.445946,0.963743,1.35765,0.877299,0.284662,0.666446
"CES5A",0,0,0,0,0,0,0,0
"CETN1",0,0,0,0,0,0,0,0
"CETN2",23.1938,22.9805,20.705,22.2861,20.3112,19.3033,22.1575,20.5123
"CETN3",2.57189,1.9843,2.23076,2.64746,0.937289,2.59364,1.61032,2.44957
"CETP",3.33822,2.45498,2.73151,2.86527,2.65094,3.48938,1.54837,2.89059
"CFB",0,0,0,0,0,0,0,0
"CFD",0,0.069927,0.199951,0,0.343964,0.382809,0.144911,0.197899
"CFDP1",19.5463,17.6234,19.7022,17.1263,12.8065,15.2318,16.4927,15.0124
"CFH",13.1057,11.9688,12.4395,11.7753,11.6325,10.5197,13.188,13.7705
"CFHR1",0,0,0,0,0,0,0.063149,0
"CFHR2",0,0,0,0,0,0,0,0
"CFHR3",0,0,0,0,0,0,0,0
"CFHR4",0,0,0,0,0,0,0,0
"CFHR5",0,0,0,0,0,0,0,0
"CFI",4.28735,3.88969,3.54164,4.50576,4.143,4.41158,3.95412,5.34457
"CFL1",4745.67,5541.01,5195.68,5018.06,5182.1,6147.36,5859.28,5806.96
"CFL2",31.8966,30.7195,33.2881,30.5731,29.5351,24.0912,32.6896,28.6042
"CFLAR",44.5199,40.4191,47.3904,36.2837,44.1072,38.3837,45.7443,42.1121
"CFP",0.266693,0.762504,0.496462,0.736897,0.233169,0.653599,0.345296,0.447591
"CFTR",0,0,0,0,0,0,0,0
"CGA",0,0,0,0.43879,0,0,0,0
"CGB1",0,0,0,0,0,0,0,0
"CGB2",0,0,0,0,0,0,0,0
"CGB5",0,0,0,0,0,0,0,0
"CGB7",0,0,0,0,0,0,0,0
"CGB8",0,0,0,0,0,0,0,0
"CGGBP1",25.0879,24.0765,26.6315,21.701,25.3486,21.528,28.425,25.2608
"CGN",0.203663,0.242237,0.0383503,0.233576,0.143689,0.262617,0.295866,0.200874
"CGNL1",17.7889,25.3973,15.4209,23.9048,18.5251,24.4143,15.1331,25.0069
"CGREF1",0.968553,1.81265,1.24835,1.61972,1.00482,1.64406,1.45219,1.02834
"CGRRF1",3.41027,5.49578,2.29785,4.98345,4.72195,1.79412,4.7036,4.50628
"CH25H",0.95178,0.396953,0.430757,0.246243,0.0556116,0.207218,0.117444,0.266778
"CHAC1",1.16998,1.36241,0.827393,1.35863,2.20675,1.30047,0.959819,1.70412
"CHAC2",4.57718,2.11355,3.19645,2.54016,2.80832,2.72476,3.47148,2.3428
"CHAD",0,0.133571,0,0.0385183,0.217684,0.0407211,0.138237,0
"CHADL",0.238509,0.255563,0,0.0244658,0.0553203,0.312131,0.0293656,0.186002
"CHAF1A",9.09699,7.51903,7.56469,7.97486,8.5515,8.24347,7.42994,7.09367
"CHAF1B",13.3168,11.0794,12.2849,11.6178,9.88899,11.7222,11.3305,11.0576
"CHAMP1",54.2316,45.6462,50.9454,50.8426,51.8126,44.0561,53.3305,46.0097
"CHAT",0,0,0,0,0,0,0,0
"CHCHD1",11.2639,16.5167,13.0682,10.8581,13.5691,16.5506,10.4819,14.3918
"CHCHD10",35.9565,44.5424,38.9279,41.7104,31.5225,50.4364,40.4026,39.9723
"CHCHD2",205.813,211.163,209.814,228.899,196.726,199.756,185.313,216.341
"CHCHD3",29.6869,26.4602,29.1018,27.1084,24.7219,23.4912,30.1674,28.3198
"CHCHD4",6.18183,7.97025,6.46671,5.8673,5.69631,7.11762,8.23837,6.91136
"CHCHD5",36.7681,38.8498,35.2045,41.5423,31.0622,39.2415,39.2579,33.1783
"CHCHD6",6.84882,7.62815,5.12828,10.4209,8.25535,9.02111,5.3833,9.21188
"CHCHD7",8.69465,7.49315,6.07415,7.63105,6.38377,6.40116,9.27603,7.96114
"CHD1",3.92687,3.84661,4.06055,2.85833,3.80276,3.42235,4.62716,3.69337
"CHD1L",6.92389,7.75475,7.52381,6.47429,6.99689,7.127,7.29,8.13077
"CHD2",13.1087,13.1376,13.1818,11.5864,13.7705,12.4998,12.5671,13.4842
"CHD3",39.5406,42.9899,40.2382,44.9249,44.06,45.5181,43.3025,42.97
"CHD4",45.385,53.7951,45.7438,52.5615,43.9251,55.7714,43.8878,46.4347
"CHD5",0.0194896,0.00695638,0.039072,0.0713607,0.00674186,0.00638492,0.0287469,0.0129627
"CHD6",7.97967,6.14763,8.25643,6.20044,6.5138,6.47553,7.77956,6.88654
"CHD7",8.55047,7.67163,10.6075,6.82301,9.29563,7.18474,9.2773,9.89143
"CHD8",16.6581,16.7163,19.0398,17.1274,17.27,16.4035,17.0716,17.3193
"CHD9",4.10096,4.64594,4.40945,4.01239,3.94634,4.10459,5.11327,4.80023
"CHDH",0.0175901,0.0376844,0.0176982,0,0.0549375,0,0,0.0351931
"CHEK1",9.04769,6.46161,9.54871,7.85176,8.83892,8.36311,9.46955,9.94072
"CHEK2",21.8329,20.2932,20.7052,28.0915,20.4558,23.5018,24.8684,18.9882
"CHERP",26.2076,24.1288,24.4962,27.8409,31.1876,33.8157,27.5906,26.3023
"CHFR",11.2654,9.99529,9.03857,11.2974,10.722,10.1367,9.83816,10.8733
"CHGA",0,0,0,0,0,0,0,0.0337589
"CHGB",0.0504527,0.135145,0.0763414,0,0.210561,0.0742841,0,0.151697
"CHI3L1",0,0,0,0,0,0,0,0
"CHI3L2",0,0,0,0,0,0,0,0
"CHIA",0,0,0,0,0,0,0,0
"CHIC1",3.27746,2.80781,3.06145,2.77622,2.96251,2.57514,3.2991,3.12966
"CHIC2",36.4875,33.9644,44.0181,36.4845,46.3406,31.8967,38.291,34.6295
"CHID1",103.359,91.4401,104.208,105.785,112.617,116.797,106.856,99.2689
"CHIT1",0,0,0,0,0,0,0,0
"CHKA",0.398345,0.271706,0.586669,0.904979,0.265324,0.710382,0.361441,0.218364
"CHL1",0,0,0,0,0,0,0.0290015,0
"CHM",4.5812,4.50177,4.52883,4.61693,5.02905,3.55374,4.36339,4.29795
"CHMP1A",19.4549,18.1734,17.3007,22.2229,21.648,18.2818,14.721,16.896
"CHMP1B",16.2771,18.0857,16.4864,17.3879,15.2776,15.1545,15.2554,17.0989
"CHMP2A",113.407,109.925,119.376,92.0084,99.36,102.588,97.6902,100.857
"CHMP2B",7.18314,6.85802,7.4476,7.53296,6.53427,6.07184,7.28176,6.09796
"CHMP4A",12.5304,12.7744,11.046,9.42139,9.33493,9.74424,10.3402,11.7315
"CHMP4B",79.2421,70.367,87.5935,79.1453,78.7344,75.6258,80.308,73.1967
"CHMP4C",0.18852,0.040415,0,0.0349171,0,0.0369776,0.0836373,0
"CHMP5",15.3546,12.9822,15.2808,12.7163,15.7942,11.7043,12.2023,11.5992
"CHMP6",10.5206,10.3693,9.03931,11.1377,13.6557,13.7667,8.99038,11.5707
"CHMP7",18.3785,16.6768,18.7818,17.0917,17.8195,15.0779,18.612,18.964
"CHN1",14.6771,16.1586,16.2286,17.0063,16.5731,15.0639,17.8912,16.4154
"CHN2",1.85981,1.53769,2.44769,2.32391,2.27624,1.98985,2.35956,1.83884
"CHODL",0,0,0,0,0,0,0,0.0339397
"CHORDC1",8.19956,7.6812,6.17282,6.34349,8.17321,5.5457,7.10002,6.08579
"CHP2",0,0,0,0,0,0,0,0
"CHPF",0.0253813,0.189626,0.0512111,0.224074,0.161444,0.149487,0.0281221,0.0763202
"CHPT1",7.36566,7.04827,9.49433,8.30985,7.42237,6.86912,6.06716,6.68829
"CHRAC1",32.3486,30.8554,34.8296,31.8505,29.0728,30.3985,34.6521,30.2442
"CHRD",0.0371503,0.0994902,0.0560866,0.0512389,0.0193435,0.0912052,0,0.0557594
"CHRDL1",0,0,0,0,0,0,0,0
"CHRDL2",0,0,0.0426258,0.0389728,0.0440497,0,0,0.0422828
"CHRFAM7A",0.232392,0.174287,0.374829,0.064216,0.290795,0.503178,0.772324,0.139679
"CHRM1",0,0,0,0,0,0,0,0.0471887
"CHRM2",0,0,0,0,0,0,0,0
"CHRM3",0.728345,0.83239,0.783449,0.492162,1.08893,0.691134,0.726231,0.754132
"CHRM4",0.0490711,0,0,0.136916,0.154657,0.0480885,0,0
"CHRM5",0.0434968,0,0,0,0.0680061,0,0,0
"CHRNA1",8.77428,8.27037,9.40551,9.33355,10.7493,7.76462,12.3798,8.11698
"CHRNA10",0.0710428,0.228436,0.287663,0.361558,0.408888,0.174211,0.0393907,0.214144
"CHRNA2",0,0,0,0,0,0,0,0
"CHRNA3",0.059374,0.0212017,0.0398556,0.0546184,0.141724,0.116602,0.109592,0.0594278
"CHRNA4",0,0,0,0,0,0,0,0
"CHRNA5",2.1278,1.9265,1.98672,1.3653,1.50526,2.45481,2.16352,1.9829
"CHRNA6",0.0289247,0,0.0584418,0,0,0,0.0314045,0.0290194
"CHRNA7",0.334116,0.380704,0.336544,0.307479,0.239364,0.369062,0.393186,0.25088
"CHRNA9",0,0,0,0,0,0,0,0
"CHRNB1",1.71413,1.71826,2.09341,1.86205,1.50104,1.32953,2.05279,2.02396
"CHRNB2",0.111559,0.0597371,0.0672003,0.0409177,0.0463706,0.186333,0,0.0111425
"CHRNB3",0.0353576,0.037897,0.0357901,0.261723,0.147994,0.034682,0.117626,0.106574
"CHRNB4",0.0825328,0.265311,0.166639,0.0456007,0.359209,0.0961004,0.107112,0.245875
"CHRND",0,0,0,0,0,0,0,0
"CHRNE",1.86073,1.43674,0.966813,1.46411,1.39986,1.93359,1.12198,0.987872
"CHRNG",0,0,0,0,0,0,0,0
"CHST1",6.71668,5.84922,7.61195,8.08898,7.48431,7.79452,10.1397,6.34626
"CHST10",3.18862,3.76533,3.0802,2.97989,4.82524,3.74715,3.14556,3.28747
"CHST11",8.34107,9.96296,10.0674,12.1949,8.72628,10.1702,7.40082,10.4028
"CHST12",23.9548,23.5261,22.9405,29.6385,24.8557,22.2342,22.3688,23.535
"CHST13",0,0,0,0,0,0,0,0
"CHST14",23.7763,23.2064,21.1629,21.3677,24.4236,22.5819,22.2453,19.4706
"CHST15",14.7297,19.9454,15.0415,19.2752,16.7102,18.2171,15.5947,17.3347
"CHST2",2.91198,3.65568,2.61313,3.99756,2.85071,3.90583,2.98117,2.9743
"CHST3",2.40366,2.38693,2.15365,2.78021,2.14842,2.2747,2.90363,1.86811
"CHST4",0,0,0,0,0.033636,0,0,0.0646134
"CHST5",0.020241,0.0433578,0.0815109,0.0930874,0.0632466,0.158951,0.0448213,0.0607674
"CHST6",0.0552197,0.0591339,0.0461682,0.126493,0.038233,0.0542611,0.0101834,0.110254
"CHST7",1.03308,1.00317,1.3059,1.02826,1.16718,0.661561,0.783971,1.33363
"CHST8",0.127866,0.0342532,0.0969598,0,0.0334112,0.0627216,0.0354327,0
"CHST9",0,0,0,0,0,0,0,0
"CHSY1",19.3444,17.4669,23.2144,17.9783,21.994,17.1604,22.3401,21.6995
"CHSY3",0.693395,0.301185,0.606982,0.29298,0.636916,0.331244,0.908598,0.375041
"CHTF18",3.25322,1.88742,2.93261,3.12852,2.916,3.21879,3.32683,2.10963
"CHTF8",60.9853,58.1861,63.9805,60.7813,58.685,58.5583,56.3403,52.0565
"CHTOP",26.8088,27.686,25.2347,29.0149,26.7577,26.7229,24.4558,27.0109
"CHUK",6.36814,7.40705,8.01838,6.53283,6.14563,6.92531,7.91571,6.18366
"CIAO1",12.0203,12.3656,11.6799,12.0756,12.3964,12.0902,11.8491,12.3787
"CIAPIN1",28.4379,29.457,28.8706,29.3426,27.7421,27.8587,30.423,24.7316
"CIB1",29.2066,31.9139,32.9527,29.6212,30.6904,32.9264,33.1965,27.4334
"CIB2",2.14688,2.13671,2.22503,1.57134,1.48059,2.00234,2.613,1.90916
"CIB3",0,0,0,0,0,0,0,0
"CIB4",0,0,0,0,0,0,0,0
"CIC",25.9549,24.0955,24.9197,32.1188,33.0921,36.9883,28.5682,27.694
"CIDEA",0.36855,0.237316,0.0755978,0.0691964,0.233981,0.288453,0.328005,0
"CIDEB",2.56339,3.61543,3.70017,4.88479,2.02695,4.68117,3.24359,3.7994
"CIDEC",0,0,0,0,0,0,0,0
"CIITA",0.0414942,0,0,0,0,0,0,0
"CILP",0.0577466,0,0,0,0,0,0,0
"CILP2",0,0.0165079,0,0,0,0.0151381,0,0
"CINP",27.2295,32.0706,31.4323,30.392,28.6712,32.8068,27.976,28.3363
"CIR1",4.59591,5.13534,4.57888,4.87167,4.28381,3.55212,4.75238,5.01337
"CISD1",23.8094,23.1136,24.9088,21.9205,19.239,17.4559,14.7756,12.7595
"CISD2",2.29294,2.0502,2.0086,2.06259,1.61828,1.83843,1.96293,1.7715
"CISD3",5.30283,5.46429,4.30008,4.93504,4.95056,5.87745,3.79516,4.09423
"CISH",1.7824,2.2228,2.45781,2.09667,2.16847,1.93946,2.37125,1.56177
"CITED1",0.406037,0.218081,0.210236,0,0.21657,0.198242,0.113192,0.207336
"CITED2",93.0397,59.1808,91.7617,68.8433,107.765,58.5885,97.2133,48.6368
"CITED4",2.17216,1.28755,1.39905,2.61298,1.68542,2.46341,2.15912,1.32804
"CIZ1",98.1712,102.631,95.8561,106.885,106.915,115.646,114.06,98.2979
"CKAP2",61.4811,74.4794,75.9022,73.9289,59.5489,64.44,80.6035,78.8042
"CKAP2L",11.1075,11.0705,13.1404,10.4058,9.0062,10.2023,14.0893,11.5636
"CKAP4",45.4868,48.7802,44.0375,46.3719,41.3695,55.6242,50.7394,47.3146
"CKAP5",36.3168,35.4393,36.9119,35.5368,35.1538,35.6933,41.6446,36.6126
"CKB",0.989349,1.32612,1.12937,2.34684,1.4403,2.15466,1.82212,1.49693
"CKM",0,0,0,0,0.134195,0,0,0
"CKMT1A",0,0,0,0,0,0,0,0
"CKMT1B",0,0,0,0,0,0,0,0
"CKMT2",0.0486673,0,0,0,0,0,0,0
"CKS2",75.0254,89.2459,85.0363,72.1981,72.0571,66.8198,61.811,73.7857
"CLASP1",19.1045,17.9711,20.6996,21.5194,21.1428,19.6989,19.9256,20.2652
"CLASP2",5.26657,6.59538,7.9784,5.00982,7.30947,4.02889,5.44174,6.05283
"CLASRP",18.164,15.3848,15.4318,18.1234,19.8373,21.723,18.4768,15.8992
"CLC",0,0,0,0,0,0,0,0
"CLCA1",0,0,0,0,0,0,0,0
"CLCA2",0.0322412,0.0345345,0.0810579,0.0148091,0.0503267,0.0791663,0.0356952,0.0161207
"CLCA4",0,0,0.0214471,0,0,0,0.0235829,0
"CLCC1",6.89453,7.34762,7.96583,6.08148,6.83892,6.62737,7.834,8.1583
"CLCF1",3.67516,2.26743,4.24767,3.74291,5.65623,4.07503,5.15325,5.12657
"CLCN1",0,0,0,0.0982103,0.0444807,0,0,0
"CLCN2",0.939455,1.11565,1.08044,0.95298,1.33354,1.12204,1.07535,1.01653
"CLCN3",7.52124,7.05351,7.07685,5.83865,6.20818,6.085,7.97028,7.09537
"CLCN4",3.29398,2.41029,3.47912,2.69417,3.07482,2.50078,3.48868,2.84985
"CLCN5",0.962918,1.10876,1.01067,1.07885,0.985143,0.974134,0.845287,1.12797
"CLCN7",8.12494,8.00674,7.40824,10.3776,9.77618,11.2214,8.86724,8.77512
"CLCNKA",0,0,0.0267271,0,0,0,0,0
"CLCNKB",0.0961541,0,0,0,0.033506,0.188677,0,0.032176
"CLDN1",0,0,0.0190969,0,0,0,0,0.0189848
"CLDN10",0.243022,0.173602,0.0272556,0,0.194243,0.185511,0.147337,0.132195
"CLDN11",192.627,195.22,201.779,171.893,211.023,183.933,209.74,166.116
"CLDN12",4.56043,5.53539,4.75975,4.13253,3.61491,4.80896,4.42007,5.30585
"CLDN14",118.279,98.9417,136.714,107.957,108.173,96.6406,125.581,141.012
"CLDN15",4.00115,3.45222,3.22353,4.25432,3.98169,5.39147,3.9154,4.83526
"CLDN16",0,0.0215142,0,0,0,0.0197196,0,0
"CLDN17",0,0,0,0,0,0,0,0
"CLDN18",0.0587072,0.104839,0.0394035,0.0180055,0.183565,0,0.108407,0.0391655
"CLDN19",0,0,0,0,0,0,0,0
"CLDN2",0,0.0729427,0,0.0417943,0.0709841,0,0,0
"CLDN20",0.742688,1.1951,1.3276,0.520558,0.913678,0.484791,1.92596,1.43956
"CLDN22",0.566694,0.395984,0.695787,0.386028,0.514056,0.580456,0.245681,0.567879
"CLDN23",0.17689,0.0379189,0,0.0327345,0.25914,0.034702,0.156925,0.0355454
"CLDN24",0,0,0.144396,0,0,0,0,0.141886
"CLDN25",0,0,0,0,0,0,0,0
"CLDN3",0.406573,0.0623006,0.296253,0.325218,0.183535,0.170652,0.387183,0.176049
"CLDN4",0.152883,0.245817,0,0.0708049,0,0.149932,0.211968,0.115285
"CLDN5",35.0932,43.4262,28.2139,47.4178,45.7121,57.3871,27.6522,43.3786
"CLDN6",0,0,0.271126,0,0,0.104326,0.0591312,0.107462
"CLDN7",3.81531,3.39862,2.65058,2.14069,3.62972,3.73563,4.13666,3.59018
"CLDN8",0,0,0,0,0,0,0,0
"CLDN9",0,0,0,0,0,0,0,0
"CLDND1",16.6156,13.7993,17.1919,14.8842,16.1126,12.2331,17.2075,14.9492
"CLDND2",0.246069,0.19798,0.125659,0.632321,0.194585,0.0602345,0.136734,0.248827
"CLEC10A",0.124249,0.0846855,0.0800792,0.14642,0.0413825,0.121825,0,0.198635
"CLEC11A",45.7607,56.9572,47.5427,63.5836,52.6542,56.3432,45.0446,38.9976
"CLEC12A",0,0,0,0,0,0,0,0
"CLEC12B",0.49748,0.75596,0.585598,0.371813,0.19153,0.16489,0.39602,0.3777
"CLEC14A",124.664,118.411,115.967,125.229,136.53,126.198,113.467,119.098
"CLEC16A",14.9483,17.3639,15.4569,16.5499,15.4055,16.4184,16.0714,17.2289
"CLEC17A",0,0,0,0,0,0,0,0
"CLEC18A",0.113735,0,0.0384054,0,0,0,0,0.038111
"CLEC18B",0.0355626,0,0,0,0,0,0,0
"CLEC18C",0,0,0,0,0,0,0,0.0351771
"CLEC19A",0,0,0,0,0,0,0,0
"CLEC1A",20.7953,16.8182,21.6236,17.7319,20.7653,14.2906,21.7273,16.6738
"CLEC1B",0,0,0,0,0,0,0,0
"CLEC2A",0,0,0,0,0,0,0,0
"CLEC2B",1.14601,0.886415,0.750175,0.842747,0.951936,0.760504,1.00904,0.581895
"CLEC2L",0,0,0,0,0,0,0,0
"CLEC3A",0,0,0,0,0,0,0,0
"CLEC3B",0.676985,1.76581,0.999836,0.82432,0.824193,1.13364,1.07799,1.97305
"CLEC4A",0.217211,0.0776944,0.0742214,0.13587,0,0.056511,0.161076,0.293651
"CLEC4C",0,0,0,0,0,0,0.0679481,0
"CLEC4D",0,0,0,0,0,0,0,0
"CLEC4E",0,0,0,0,0,0,0,0
"CLEC4F",0,0,0,0,0,0,0,0
"CLEC4G",0,0,0,0,0,0,0,0
"CLEC4M",1.04955,0.888335,1.09153,0.966911,0.726311,0.683788,0.382271,0.817645
"CLEC5A",0,0,0,0,0,0,0,0
"CLEC6A",0,0,0,0,0,0,0,0
"CLEC7A",0.0573806,0,0.0579525,0.0264548,0,0,0.0635966,0.0287561
"CLEC9A",0,0,0,0.0391088,0.0442028,0.0413348,0,0.0848591
"CLGN",0.121728,0.182591,0.270057,0.0672949,0.304729,0.167281,0.107889,0.360579
"CLIC1",0,0,0,0,0,0,0,0
"CLIC2",1.74012,1.91768,1.67994,1.78703,1.53008,1.90327,1.79021,1.39506
"CLIC3",0.824369,1.54976,1.17444,2.54351,0.659856,0.905522,0.689521,1.47391
"CLIC4",222.977,236.264,243.443,204.916,219.636,178.949,239.445,234.084
"CLIC5",0,0.0128719,0,0,0,0,0,0.0585534
"CLIC6",0,0,0,0,0,0,0,0
"CLINT1",37.5417,32.5172,40.9882,33.076,36.8783,30.022,38.59,36.2592
"CLIP1",24.2932,19.1308,24.901,20.2336,25.0436,20.2404,29.899,22.7375
"CLIP2",7.43176,7.75105,8.22835,9.21029,8.99681,11.0734,8.29193,7.07109
"CLIP3",188.804,175.819,192.773,204.942,232.633,207.438,218.754,180.138
"CLIP4",0.939933,1.11725,0.729412,0.76924,0.73926,0.786924,1.35545,0.967191
"CLK1",26.2964,25.2793,25.1741,24.7635,21.3046,22.6817,22.3061,26.9882
"CLK2",28.1843,29.5215,26.6778,27.8229,28.7232,28.6994,27.8937,29.93
"CLK3",25.3183,23.425,24.0463,27.1541,23.5574,24.5424,26.5779,22.2417
"CLK4",4.61304,5.07765,3.65731,5.2079,4.35676,4.5034,4.09178,4.76569
"CLMN",2.30281,2.93899,1.94979,2.58329,1.66699,2.51848,1.77492,2.52085
"CLMP",0.127177,0.0817596,0.179619,0.18758,0.132699,0.224697,0,0.101975
"CLN3",43.791,40.826,37.7203,44.349,44.9175,43.5915,36.9676,38.3593
"CLN5",10.5366,7.95122,9.68993,5.46361,6.78332,8.18767,6.25936,8.84698
"CLN6",19.4289,19.6189,20.3372,22.6178,17.8306,22.8413,19.6208,19.527
"CLN8",6.9239,5.18524,6.32525,6.61146,6.93664,5.38699,5.40419,6.93793
"CLNK",0,0,0,0,0,0,0,0
"CLNS1A",123.889,126.107,128.22,139.4,113.777,106.263,120.991,123.379
"CLOCK",5.06434,5.84035,5.1928,4.54316,5.41027,4.39021,5.47834,5.64538
"CLP1",5.01155,5.85658,5.64944,5.68795,5.14208,4.32386,4.7226,5.70644
"CLPB",6.13876,5.01359,5.38012,5.99021,5.94128,6.55365,6.0013,5.45523
"CLPP",141.235,149.324,151.604,172.281,155.883,168.842,155.888,139.717
"CLPS",0,0,0,0,0,0,0,0
"CLPSL1",0,0,0,0,0,0,0,0
"CLPSL2",0,0,0,0,0,0,0,0
"CLPTM1",157.969,165.258,174.899,179.944,173.969,168.575,170.044,163.347
"CLPTM1L",36.0661,34.5939,33.5634,33.8244,34.1566,35.7763,34.6447,34.1918
"CLPX",11.5236,10.7948,9.78914,9.47574,8.70257,9.47743,11.2327,10.3625
"CLRN1",0,0,0,0,0,0,0,0
"CLRN2",0,0,0,0,0,0,0,0
"CLRN3",0,0,0,0,0,0,0,0
"CLSPN",2.28181,2.04328,2.55319,1.9644,2.29037,1.99888,2.40622,2.24525
"CLSTN1",40.8482,45.0125,45.2691,49.0702,49.1726,49.0965,45.1239,44.6207
"CLSTN2",0.640206,0.51381,0.613439,0.369117,0.929278,0.409392,0.494588,0.357219
"CLSTN3",15.0734,21.0418,13.5343,21.0179,16.235,24.411,15.2052,19.0443
"CLTA",235.512,250.292,200.482,198.9,199.482,230.656,196.434,207.462
"CLTB",34.2539,37.7501,38.8742,45.7397,40.2678,43.3829,33.4067,33.9423
"CLTC",119.074,109.341,127.069,104.403,118.185,96.749,117.126,120.513
"CLTCL1",0.870874,0.840971,1.25913,0.849793,0.688733,0.808246,1.0682,0.865231
"CLU",1325.58,1119.01,1311.65,1318.67,1468.48,1132.45,1191.22,1167.16
"CLUAP1",5.3759,5.09244,4.89915,5.75817,4.22218,4.9819,5.32236,4.99495
"CLUL1",0,0.0798962,0.0377747,0,0,0,0.0413346,0
"CLVS1",0,0,0,0,0.0195158,0,0,0
"CLVS2",0,0,0,0,0,0,0,0
"CLYBL",0,0.071013,0.110948,0.0709327,0.137805,0.0651491,0.0856113,0.0662272
"CMA1",0,0,0,0,0,0,0,0
"CMAS",9.27582,9.61168,11.2976,8.41047,10.185,8.61771,7.28333,8.43776
"CMBL",49.3416,49.0906,44.8761,59.1713,48.6179,48.2585,38.6999,52.7343
"CMC1",59.9518,57.1257,62.4261,53.254,45.2931,52.4166,48.3527,59.581
"CMC2",14.2476,10.2952,14.4739,10.2955,9.50223,10.3927,11.0981,9.21239
"CMIP",83.7901,83.8788,84.9416,89.8635,92.2481,102.859,90.9485,83.2965
"CMKLR1",0.07525,0.376114,0.0251922,0.310675,0.117343,0.278106,0.0257313,0.200499
"CMPK1",33.3513,35.7919,36.3406,39.1996,35.9041,34.7653,34.3704,36.5447
"CMPK2",0.333419,0.357274,0.196367,0.645119,0.233164,0.653978,0.216143,0.502228
"CMTM1",3.03005,2.39525,2.81464,2.58706,2.44001,1.17603,2.27145,2.95898
"CMTM2",0,0,0,0,0.190312,0,0,0
"CMTM3",58.1852,51.1289,52.6514,57.1351,62.3201,61.3458,52.3825,58.3602
"CMTM4",1.68722,1.30597,1.16071,1.30681,1.51745,1.68882,1.61469,1.34698
"CMTM5",0,0,0,0,0,0,0,0
"CMTM6",18.1327,16.9913,16.8749,17.1033,14.3845,13.8928,14.9095,17.0154
"CMTM7",100.327,105.109,105.456,105.602,101.027,105.022,99.0707,108.022
"CMTM8",29.7212,22.5605,22.7934,19.9712,22.2424,23.6195,22.7073,26.508
"CMYA5",0.00968288,0.0155516,0.00970054,0,0.0301314,0.0475881,0.0160652,0.0144846
"CNBD1",0,0,0,0,0,0,0,0
"CNBP",45.7503,48.0704,43.5271,42.2022,40.841,42.759,37.9643,42.96
"CNDP1",0,0,0,0,0,0,0,0
"CNDP2",12.0796,13.28,12.2571,14.8814,9.76774,12.1156,12.9386,10.5955
"CNEP1R1",6.37689,6.26314,6.24967,6.40773,6.53212,4.51664,5.12505,6.63273
"CNFN",1.57516,1.48543,1.26408,2.12978,2.37493,1.14663,1.54915,1.44039
"CNGA1",0,0,0,0,0.0498874,0.0469596,0.0264904,0
"CNGA2",0,0,0,0,0,0,0,0
"CNGA3",0,0,0,0,0,0,0,0
"CNGA4",0,0,0.0733774,0,0,0,0.0803679,0
"CNGB1",0,0,0,0,0,0.0222161,0,0
"CNGB3",0,0,0.0298744,0,0,0,0,0
"CNIH2",1.36668,1.71708,1.12818,1.9864,1.02374,0.826111,2.03067,1.68459
"CNIH3",0.19937,0.183119,0.0575248,0.0262853,0.118976,0.195651,0.0315652,0.228542
"CNIH4",14.0725,14.1652,10.2777,8.83409,7.8009,8.53182,9.99772,9.77782
"CNKSR1",0.0266655,0.0285736,0.264449,0.0245903,0.1393,0.183385,0,0.053502
"CNKSR2",0,0.0158812,0,0.0103142,0.0271193,0,0,0
"CNKSR3",10.5812,9.37016,9.42144,8.6998,10.2799,8.91881,10.1462,7.78743
"CNN1",0.179359,0.144226,0.364282,0.249822,0.188198,0.307682,0.348341,0.27094
"CNN2",260.178,219.493,249.411,217.125,266.4,229.351,237.592,220.025
"CNN3",250.296,229.398,262.318,224.786,262.799,202.387,246.749,220.541
"CNNM1",0.0213752,0,0,0,0,0,0.0118272,0
"CNNM2",3.167,2.85819,2.27602,3.14179,3.08397,2.35879,2.62646,2.77594
"CNNM3",6.89185,5.94954,7.48698,6.55534,6.36919,7.06024,6.48558,6.6334
"CNNM4",2.39696,2.80311,2.33488,2.78957,2.42491,2.45989,2.03063,2.75946
"CNOT1",48.8928,47.1496,53.6836,44.5036,49.8915,43.6619,53.3739,49.23
"CNOT10",18.165,18.4298,18.2578,21.6703,13.7792,17.599,19.3049,15.7723
"CNOT2",11.274,10.1768,9.42039,10.0161,9.19524,8.58037,10.5961,10.2006
"CNOT3",36.0219,32.1248,39.0535,44.037,42.2834,44.0748,40.7542,37.6185
"CNOT4",27.1848,23.9883,29.084,29.8362,25.8644,28.3298,29.9251,27.7833
"CNOT6",16.0968,12.0259,14.7829,12.8524,15.289,14.2605,12.6577,16.3325
"CNOT6L",6.06437,4.78563,6.59223,4.71056,6.62966,4.60157,6.60226,5.4339
"CNOT7",28.2209,26.8585,28.2152,26.1898,24.2862,23.9765,28.539,28.5378
"CNOT8",26.1771,23.1175,27.8888,19.1914,27.5549,25.5583,21.5865,27.293
"CNP",17.252,13.9593,15.7998,19.1889,17.0919,17.0092,14.4393,16.2314
"CNPY1",0,0,0,0,0,0,0,0
"CNPY3",22.6779,22.7759,25.172,26.1212,23.7742,25.5041,22.7816,22.9419
"CNPY4",8.59431,9.16314,8.59053,9.13532,8.40984,9.19223,7.03334,8.81266
"CNR1",0.0238027,0.11643,0.0119505,0.0436659,0.0347664,0.0467722,0.123463,0.0567257
"CNR2",0,0,0,0,0,0,0,0
"CNRIP1",61.229,62.0171,63.4884,60.1839,54.6303,53.9921,53.0578,62.7731
"CNST",3.49372,3.58125,2.77355,3.07462,3.90647,2.8367,3.28699,3.0719
"CNTD1",0.220622,0.472694,0.363541,0.645818,0.250745,0.413585,0.444253,0.441673
"CNTFR",0,0,0,0,0,0,0,0
"CNTLN",1.44624,1.3116,1.4453,1.27664,1.55234,1.1924,1.69856,1.22264
"CNTN1",0.0116654,0.146193,0.0351491,0.0428052,0.133404,0.149038,0.0516548,0.139877
"CNTN2",0,0,0,0,0,0.0161829,0.0182199,0
"CNTN3",0,0,0,0,0.0266957,0.0378383,0,0
"CNTN4",0.0123046,0.0264084,0.01245,0.0304015,0.0344371,0.0241769,0.0274768,0.0330923
"CNTN5",0,0,0,0,0,0,0,0
"CNTN6",0,0,0,0,0,0,0,0
"CNTNAP1",11.8743,11.4722,10.747,12.2897,13.9253,14.1538,12.2149,11.1754
"CNTNAP2",0,0,0,0,0,0,0,0
"CNTNAP3",10.7741,12.3854,12.7859,7.85943,11.2625,10.6249,11.4048,10.3555
"CNTNAP3B",11.3453,10.4423,10.8103,8.59093,10.2804,8.79509,9.0156,8.51637
"CNTNAP4",0,0,0,0,0,0,0,0
"CNTNAP5",0,0,0,0,0,0,0,0
"CNTRL",3.43655,4.10927,4.19197,3.80367,3.55122,3.89219,4.07605,4.41331
"CNTROB",6.8778,6.10562,6.84101,7.75385,6.71955,7.56736,6.85384,5.96288
"COA5",6.06874,6.58091,6.83473,4.85068,5.07359,5.81272,5.06098,5.62296
"COASY",20.5072,18.5622,17.4481,22.695,20.1351,21.8314,19.477,17.7047
"COBL",0,0,0,0,0,0.0118382,0,0.0120378
"COBLL1",23.267,22.4369,24.6274,22.1329,20.94,20.7676,25.4232,25.9674
"COCH",0.0230299,0.127745,0.120242,0.0212121,0.0960528,0.0514666,0.0510436,0.115356
"COG1",12.7851,13.8995,12.7708,12.9367,12.7731,14.1209,11.3906,14.0745
"COG2",8.18289,9.69189,10.7056,9.74188,8.65366,8.77043,9.56884,9.81317
"COG3",5.13094,5.06441,5.62138,5.33514,5.34746,4.97423,5.87119,5.80939
"COG4",11.3278,10.9362,10.4874,13.9485,12.008,12.5336,10.7878,11.8211
"COG5",8.12975,7.79327,8.67284,7.83236,9.10694,7.20218,8.71531,8.31149
"COG6",9.93572,8.83556,9.68698,8.85348,9.24196,8.42388,9.37412,8.95404
"COIL",9.62807,8.79172,9.84064,8.10267,7.66031,7.43073,10.6677,8.1987
"COL10A1",0.0399434,0.0641851,0,0,0.0208062,0,0,0
"COL11A1",0,0,0,0,0.00947332,0,0,0
"COL11A2",0,0,0,0,0,0,0,0
"COL12A1",22.572,20.8737,25.1053,22.7842,26.1059,21.4418,22.4971,23.9072
"COL13A1",12.0612,15.3272,12.4984,18.1728,11.79,17.6817,11.5469,15.8932
"COL14A1",0.156895,0.204033,0.190572,0.554922,0.330447,0.35247,0.223242,0.286826
"COL15A1",0,0,0,0,0,0,0,0
"COL16A1",0.0457378,0.0367376,0.0114808,0.0629157,0.0594153,0.146045,0,0.0571075
"COL18A1",28.0885,32.7047,28.4266,41.2516,37.6272,44.6902,28.6078,32.0213
"COL19A1",0.0144256,0.00772355,0.0144635,0,0.0224602,0.0141771,0,0.0143945
"COL1A1",0.0644851,0.0920794,0.140252,0.0295605,0.167505,0.0950385,0.0713614,0.096602
"COL1A2",0.921596,0.987008,1.15088,1.07284,1.20346,1.12599,1.15073,1.19211
"COL20A1",0,0,0,0,0,0,0,0
"COL21A1",0.129642,0.156223,0.195569,0.128234,0.185507,0.111414,0.206097,0.178265
"COL22A1",0,0,0,0,0,0,0,0
"COL23A1",0,0.0231031,0.0217267,0.0992541,0.0449525,0.0211727,0,0.0215938
"COL24A1",0.0195346,0,0,0.00895153,0,0,0,0.00975226
"COL25A1",0,0.0288777,0.0761191,0.04972,0.0144619,0.0264497,0.0153924,0.0535279
"COL27A1",6.86678,8.66399,7.40828,9.69227,7.50654,10.8519,7.91726,10.5271
"COL28A1",0,0,0,0,0,0,0,0
"COL2A1",0,0,0,0,0,0.0258553,0,0
"COL4A1",39.3388,46.2137,42.884,54.2999,39.4464,45.2101,36.2389,45.4695
"COL4A2",23.9409,29.2036,26.5319,33.0721,27.3695,35.1067,26.325,28.4204
"COL4A3",0,0,0,0,0,0.00765321,0,0.00777194
"COL4A4",0.0121229,0.0129808,0.0364499,0,0,0,0,0
"COL4A5",3.63304,3.58373,3.57194,3.11308,3.38411,3.57773,3.67551,3.25267
"COL4A6",0.183471,0.0912613,0.135654,0.115042,0.120359,0.151814,0.106849,0.192825
"COL5A1",58.7484,69.2047,63.8622,69.9727,64.6355,77.868,65.2422,75.9269
"COL5A2",17.9856,16.2681,16.4162,18.1444,17.6154,17.3302,17.0713,18.3729
"COL5A3",0,0,0.0103397,0,0,0,0,0
"COL6A1",8.37568,10.4637,8.29751,11.1372,10.3548,13.4908,10.6285,9.33859
"COL6A2",2.29222,2.50161,2.19133,2.45537,2.74553,2.99269,2.27953,2.37807
"COL6A3",0,0,0,0,0,0,0,0
"COL6A5",0,0,0,0,0,0,0,0
"COL6A6",0.0148713,0,0.00745575,0,0,0,0,0.00742003
"COL8A1",29.9837,25.3927,27.7811,23.0074,33.4112,23.6007,26.3449,26.7104
"COL8A2",0.174182,0.171015,0.204249,0.119938,0.045294,0.213871,0,0.116077
"COL9A1",0,0,0,0,0,0,0,0
"COL9A2",0.0234793,0,0,0,0.0489699,0.0691477,0,0
"COL9A3",0.081186,0.202983,0.0546318,0.12481,0.0565005,0.23904,0,0.135674
"COLEC10",0,0,0,0,0.086599,0,0,0
"COLEC11",0,0,0,0,0.0620045,0,0,0
"COLEC12",43.5001,38.7199,40.3674,31.7054,42.482,38.9318,46.0454,39.6625
"COLQ",0.799724,1.61997,0.977202,1.9193,1.10557,1.66055,1.20614,1.35045
"COMMD1",48.2938,44.3281,47.9461,39.8159,41.6189,41.4134,39.1505,52.3934
"COMMD10",7.62783,11.4963,9.79571,10.2205,11.5777,7.7994,5.82662,11.2032
"COMMD2",4.1267,4.0451,4.57594,4.1744,4.06206,3.60789,4.7051,4.40455
"COMMD4",51.1726,43.4882,43.0701,47.2962,43.7588,40.1007,41.246,38.8319
"COMMD5",3.48425,4.39928,5.74215,4.46488,5.32258,3.8868,4.33238,3.53738
"COMMD6",14.431,12.3664,9.7522,10.9968,10.0296,12.8048,7.84612,8.59547
"COMMD7",71.9728,80.4129,74.1052,68.7778,70.0114,70.4052,56.3821,67.0913
"COMMD8",4.09261,4.54297,3.60208,3.56557,2.87285,3.38239,2.98255,2.44333
"COMMD9",18.7888,20.3307,20.4294,17.2919,18.1793,18.7188,19.6285,19.8419
"COMP",0,0,0,0,0,0,0,0
"COMTD1",4.24388,2.84325,1.94233,4.73236,5.82844,3.71295,2.88539,3.9923
"COPA",43.4614,42.3753,44.7389,42.0054,42.362,38.0294,44.7796,41.3754
"COPB1",63.9912,58.0554,72.5471,58.8655,61.173,49.6732,67.9011,61.6824
"COPE",138.847,144.546,142.834,155.832,150.061,147.893,120.95,136.709
"COPG1",116.63,118.986,116.546,121.027,115.716,122.483,119.915,107.982
"COPS2",34.3602,27.5348,31.4666,22.9766,30.0112,17.8557,20.7488,25.2852
"COPS3",31.0327,37.0238,37.9374,29.5019,29.7402,28.201,34.5058,30.9345
"COPS4",21.2095,20.0716,20.6002,20.7211,18.6952,19.0677,18.147,17.1859
"COPS5",22.2222,21.2376,23.0422,21.9208,17.3368,18.8958,17.9134,18.4506
"COPS6",158.989,168.688,152.567,150.557,140.585,151.485,146.899,142.992
"COPS7A",33.3438,30.0146,29.2109,31.956,33.0561,32.6628,29.278,26.9454
"COPS7B",23.4329,24.6385,21.6111,30.1527,22.4464,28.0769,19.42,22.0916
"COPS8",70.9394,70.713,73.2617,66.7644,63.4642,62.1782,66.2803,66.4497
"COPZ1",180.595,203.083,211.038,212.389,189.575,196.231,198.683,199.01
"COPZ2",3.47666,3.28134,3.78489,3.58018,2.91511,3.87176,1.86384,4.38719
"COQ10A",4.31493,4.64119,4.61335,5.26484,4.45352,3.1558,5.1084,3.42646
"COQ10B",3.07427,2.95803,3.85393,3.038,3.03379,3.01561,3.87384,2.70242
"COQ2",10.0069,9.20831,9.93514,10.5854,8.44377,7.42887,8.16641,8.60271
"COQ3",0.761551,1.06823,0.53793,0.492112,0.987407,0.803191,0.715964,0.887919
"COQ4",33.6609,39.6785,35.3192,41.1884,38.8249,42.6287,35.3037,39.6852
"COQ5",14.7291,12.9404,12.1702,13.6707,14.1198,12.8059,13.0627,15.1781
"COQ6",6.89024,5.48824,5.37461,5.06979,5.31587,6.70832,5.36677,5.80283
"COQ7",7.77811,7.34937,7.44853,7.45724,5.57293,6.72949,5.70223,6.93681
"COQ9",29.608,32.8139,31.3885,35.6989,31.3011,32.7502,29.9814,31.7244
"CORIN",0,0,0,0,0,0,0.0431278,0
"CORO1B",53.9851,52.3458,51.505,55.4041,60.945,57.5376,47.8834,48.8233
"CORO1C",64.4143,59.5865,65.2534,55.7443,64.3644,55.8628,63.8498,57.2975
"CORO2A",0.220998,0.261601,0.164986,0.228101,0.19694,0.308922,0.167344,0.220762
"CORO2B",10.2344,17.0846,9.43119,18.2524,14.3013,19.4583,8.89766,17.1606
"CORO6",2.1116,1.87051,1.6489,1.6108,2.46961,2.01701,2.15296,1.66603
"COTL1",321.559,306.052,280.13,351.551,325.476,367.449,303.831,291.026
"COX10",7.64697,7.43701,8.54939,7.5476,7.39691,7.3562,7.10341,7.37119
"COX11",14.5387,17.6291,13.1068,12.2645,14.6148,14.2058,10.725,13.0237
"COX14",44.432,44.0388,38.6759,36.28,41.1016,43.3772,31.8784,37.752
"COX15",7.2204,7.89384,7.96132,8.0422,7.56128,7.36919,7.8296,8.36343
"COX17",21.4111,14.8977,20.3733,18.1692,15.8207,19.2502,15.605,17.506
"COX18",2.69367,2.09599,2.22016,2.55133,1.68992,2.18401,1.81423,2.37906
"COX19",1.29987,0.914063,1.13441,1.43376,0.941971,1.21247,1.13357,1.06276
"COX20",3.16207,2.66603,2.58924,2.81062,1.98111,2.36128,2.13267,2.15444
"COX4I1",131.909,133.295,117.944,100.992,99.6495,114.994,99.6912,115.592
"COX4I2",0,0,0,0,0,0,0,0
"COX5A",511.049,518.22,481.076,452.579,430.439,483.554,418.55,479.04
"COX5B",130.358,127.065,115.079,103.495,87.4424,107.883,84.8225,108.881
"COX6A1",540.284,536.762,544.472,437.543,447.292,424.717,432.592,479.583
"COX6A2",0,0,0,0,0,0,0,0
"COX6B1",210.242,215.347,229.136,162.9,169.807,184.458,155.457,195.701
"COX6B2",0,0,0.0430745,0,0,0,0,0
"COX6C",17.5764,18.742,13.4447,11.0028,13.6025,14.717,13.2619,12.6121
"COX7A1",3.26821,1.69545,2.34319,1.71819,2.65359,2.08933,1.00628,3.34708
"COX7A2",24.4715,26.0935,22.8847,18.0835,17.2221,19.493,15.0169,20.6774
"COX7A2L",58.7283,60.1709,53.8874,59.8316,53.9469,60.5582,62.1087,59.1416
"COX7B",76.7069,59.6727,65.5027,61.9223,46.3121,78.9365,59.94,59.5307
"COX7B2",0,0,0,0,0,0,0,0
"COX7C",305.467,300.875,282.763,311.084,228.365,251.389,237.64,270.783
"COX8A",654.14,662.837,677.555,593.332,561.531,630.099,561.917,604.449
"COX8C",0,0,0,0,0,0,0,0
"CP",1.99738,1.20784,3.90991,2.27066,1.60905,1.94739,2.23163,1.66706
"CPA1",0,0,0,0,0,0,0,0
"CPA2",0,0,0,0,0,0,0,0
"CPA3",3.22194,3.14008,3.94775,2.05697,3.72872,1.88718,3.06411,2.56859
"CPA4",0.515341,0.341806,0.32174,0.568574,0.492357,0.625676,0.444567,0.307445
"CPA5",0,0,0,0,0,0,0,0
"CPA6",0,0,0,0,0,0,0,0
"CPAMD8",0.0850712,0.056941,0.0426965,0.0389956,0.0220972,0.104483,0.0117677,0.0849583
"CPB1",0,0,0,0,0,0,0,0
"CPB2",0,0,0,0,0,0,0,0
"CPD",16.7217,17.3771,18.5511,15.6975,16.9028,15.1562,18.799,18.523
"CPE",17.5997,17.6394,18.1614,18.7483,15.2169,15.4198,17.5045,18.7079
"CPEB1",0,0.0459736,0.0215834,0.0197173,0,0,0,0.0214502
"CPEB2",2.91214,2.12755,2.58404,1.91293,2.35601,1.8027,2.27969,2.52237
"CPEB3",0.982697,1.67811,1.162,0.969242,1.28882,1.06893,1.07059,1.2405
"CPEB4",7.01485,6.29724,8.26223,5.51389,7.77633,5.08531,7.15847,6.38228
"CPLX1",0.702205,0.718344,0.61315,0.943846,1.2012,1.31526,0.566153,1.50598
"CPLX2",0,0,0,0,0,0,0,0
"CPLX3",0,0,0,0,0,0.0335444,0,0
"CPLX4",0.105405,0,0,0,0,0,0,0
"CPM",0.611689,0.788049,0.440888,1.09492,0.625278,0.817019,0.655565,1.17075
"CPN1",0,0,0,0,0,0,0,0
"CPN2",0,0,0,0,0,0,0,0
"CPNE2",70.1061,79.9394,75.4399,86.5947,84.7265,80.0755,67.2443,76.1223
"CPNE3",24.1859,20.1202,22.8018,20.0736,20.7073,17.7965,22.4707,21.3133
"CPNE4",0,0,0,0,0,0,0,0
"CPNE5",12.3355,16.8823,16.8067,24.172,17.7499,20.72,13.1325,20.497
"CPNE6",0,0,0,0,0,0,0,0
"CPNE7",0.0277068,0,0.0559493,0.10226,0,0.0271919,0,0.138942
"CPNE8",3.60239,5.64665,4.81595,4.75713,4.77356,3.32989,3.08633,4.79241
"CPNE9",0.0670087,0,0,0,0,0,0.0371476,0.0336474
"CPO",0.0618896,0,0.126435,0,0,0.121195,0,0.062589
"CPOX",4.18773,5.2693,4.58722,3.66148,3.32496,3.46613,4.70455,4.39756
"CPPED1",46.4368,55.8788,53.2059,50.361,56.6992,42.65,48.0143,54.9822
"CPQ",7.38006,8.22898,6.82053,7.51271,5.48516,5.59275,6.21267,7.6934
"CPS1",0.282743,0.345842,0.338315,0.308397,0.209961,0.218919,0.357078,0.27819
"CPSF2",12.4973,14.0714,12.744,10.5813,14.7982,11.3099,13.8659,13.827
"CPSF3",31.5822,33.1134,32.8222,27.7774,32.4399,28.46,34.3808,33.6212
"CPSF4",7.72844,7.81533,6.93427,9.1728,9.15356,11.5217,9.32291,9.82863
"CPSF4L",0,0,0,0,0,0,0,0
"CPSF6",74.7076,71.5334,80.7601,67.4575,70.7003,65.6122,74.0416,70.121
"CPSF7",61.0018,57.5398,62.3904,61.8978,67.0703,61.6962,58.9395,62.1423
"CPT1A",68.6621,53.6591,82.0307,63.3645,84.8567,60.1319,84.8876,64.2875
"CPT1C",20.3269,18.7281,19.3184,20.5344,23.0065,21.3885,19.5623,20.4369
"CPT2",9.16501,9.32274,9.76802,9.95711,9.42609,8.43958,9.64138,9.38764
"CPVL",0.392977,0.65421,0.16897,0,0.174625,0.326643,0.138606,0.460958
"CPXCR1",0,0,0,0,0,0,0,0
"CPXM1",0.410016,0.964144,0.596188,1.71234,0.618563,1.21406,0.716664,0.789566
"CPXM2",5.66577,7.41551,5.88253,7.98115,6.10036,6.74046,5.18138,7.81514
"CPZ",0,0,0,0,0,0,0,0
"CR1",0,0,0,0,0,0,0,0
"CR1L",0,0.0812299,0.0767736,0,0,0.111479,0,0.0761858
"CR2",0,0,0,0,0,0,0,0
"CRABP1",0,0.118912,0.229932,0.948317,0,0.107997,0.123496,0.226557
"CRABP2",0.371629,1.43752,1.12241,2.52981,1.17999,1.47334,0.653817,1.56183
"CRADD",7.29497,12.2895,11.3511,6.77823,5.49587,7.63581,5.85041,12.1843
"CRAT",25.6024,24.5821,26.7358,26.6131,31.8934,29.084,25.0422,24.826
"CRB1",0.0413432,0,0,0,0,0,0.0305084,0
"CRB2",0.0113143,0,0,0,0,0.0111163,0,0
"CRB3",0,0,0,0,0,0,0,0
"CRBN",7.69416,9.40573,9.61347,6.84591,8.54705,7.01608,7.96078,7.89585
"CRCT1",0,0,0,0,0,0,0,0
"CREB1",5.88735,6.08887,6.51567,5.52388,5.15897,5.38093,5.70553,5.77341
"CREB3",13.1479,10.7511,11.1878,13.3235,13.5309,11.8263,11.6661,11.1402
"CREB3L1",3.80158,5.22549,4.8689,5.11755,6.41893,6.94759,4.62764,6.49184
"CREB3L2",47.8328,47.7228,55.4687,54.3168,52.1811,51.9769,55.3206,55.9847
"CREB3L3",0,0,0,0,0,0,0,0
"CREB3L4",3.67176,3.39924,3.13396,3.0401,4.93071,4.20644,2.87415,3.37513
"CREB5",10.1762,9.98085,14.1005,8.17513,10.6489,7.77981,15.6651,9.89568
"CREBBP",28.4858,27.7682,31.7013,31.4046,33.4073,33.2919,32.7183,32.2788
"CREBL2",11.3169,10.8553,11.3038,10.0566,9.22421,9.44942,10.3105,9.75287
"CREBZF",2.89815,2.92885,3.38932,3.08575,3.00201,3.20435,3.20673,2.93952
"CREG1",9.40393,12.262,10.6479,9.57567,10.1204,10.3907,9.14708,11.0136
"CREG2",1.52411,2.8755,1.57695,2.71659,2.06105,2.50754,1.6862,2.37558
"CRELD1",3.88987,3.96521,4.19048,3.51424,4.10087,5.23053,2.87753,3.30064
"CRELD2",16.6371,17.3046,16.0485,17.6867,13.5632,18.7818,16.6991,16.5615
"CREM",5.64865,6.31941,5.51274,3.93544,5.1186,4.61973,4.93711,5.37431
"CRH",0,0,0,0,0,0,0,0
"CRHBP",0.302935,0.12177,0.345265,0.210421,0.515487,0.371369,0.377999,0.190346
"CRHR2",0,0,0,0,0,0,0,0
"CRIM1",381.045,291.146,431.094,301.766,435.685,290.774,429.349,326.988
"CRIP1",15.1887,13.3658,13.918,10.2431,10.3535,13.1277,15.5432,12.8043
"CRIP2",497.487,530.482,505.078,582.225,552.409,608.552,508.821,491.572
"CRIP3",0,0,0,0,0,0,0,0
"CRIPT",3.79148,4.72065,3.58637,3.5698,4.90677,2.94258,4.40277,4.27641
"CRISP1",0,0,0,0,0,0,0,0
"CRISP2",0,0,0,0,0,0,0,0
"CRISP3",0,0,0,0,0,0,0,0
"CRISPLD1",1.0895,1.16695,0.975189,1.02784,1.05575,1.23143,1.09045,1.11904
"CRISPLD2",0.112296,0.0601379,0.169276,0.115966,0.0145987,0.23441,0.0621526,0.140301
"CRK",28.1923,25.7365,27.0558,24.96,27.4144,25.1485,25.7646,24.2802
"CRKL",26.5372,23.9336,27.299,26.1145,27.1085,23.8432,27.3428,27.4303
"CRLF1",0.154713,0.124383,0.27437,0.358326,0,0.265515,0.128709,0.116678
"CRLF2",0,0,0,0,0,0,0,0
"CRLF3",4.9728,4.86954,5.90937,5.06239,5.25716,3.91598,5.34103,5.28055
"CRLS1",9.11407,8.08673,9.1647,9.50833,8.83007,7.69126,9.80958,9.03586
"CRMP1",2.24155,3.19421,2.03925,2.24384,2.33643,3.56829,2.09718,2.78963
"CRNKL1",6.95891,6.66896,6.98002,6.28169,6.24809,5.52602,7.41157,6.50249
"CRNN",0,0,0,0,0,0,0,0
"CROCC",0.788128,0.747746,0.779355,0.901652,0.940283,1.20985,0.792687,0.735423
"CROT",2.80539,3.17959,1.92444,2.35676,1.99096,2.33838,2.00443,3.05251
"CRP",0,0,0,0,0,0.0334885,0,0
"CRTAC1",0.251786,0.511719,0.90263,0.601561,0.496829,0.520918,0.539599,0.396236
"CRTAM",0,0,0,0,0,0,0,0
"CRTAP",51.3599,55.2589,55.2587,52.0333,50.6192,53.9821,48.9085,57.0261
"CRTC1",17.2,18.2871,16.7842,19.3652,25.0565,20.9188,19.0233,16.2186
"CRTC3",13.8665,13.4226,14.5551,14.2685,15.6394,13.5233,15.1591,14.5498
"CRX",0.0866606,0.12376,0.0435502,0.0663008,0.0300461,0.0425629,0.11192,0.0866261
"CRY1",11.2248,8.8889,13.3165,9.86294,11.8628,8.2861,10.9112,8.68978
"CRY2",3.79981,3.32393,3.4436,3.67191,3.18619,3.68109,3.06461,3.47069
"CRYAA",0,0,0,0,0,0,0,0
"CRYAB",0.518291,0.975221,0.541992,0.248533,0.278736,0.505159,1.01378,0.932773
"CRYBA1",0,0,0,0,0,0,0,0
"CRYBA2",0,0,0,0,0,0,0,0
"CRYBA4",0,0,0,0,0,0,0,0
"CRYBB1",0,0,0,0,0,0,0,0
"CRYBB2",0.98133,0.475834,0.572217,0.586508,0.930854,0.555394,0.763054,1.07626
"CRYBB3",0,0,0,0.457208,0.102857,0.188644,0,0
"CRYGA",0,0,0,0,0,0,0,0
"CRYGB",0,0,0,0,0,0,0,0
"CRYGC",0,0,0,0,0,0,0,0
"CRYGD",0,0,0,0,0,0,0,0
"CRYGN",0,0,0,0,0,0,0,0
"CRYGS",2.92633,2.14021,3.35654,2.04737,3.16816,3.15913,2.49624,3.19696
"CRYL1",24.9301,22.1463,22.3075,30.1964,24.6056,25.1593,20.9026,24.4452
"CRYM",0,0,0,0,0,0,0,0
"CRYZ",6.51323,6.74197,5.42967,4.62214,4.72799,6.27817,5.39017,5.50427
"CRYZL1",11.4264,9.98207,13.8065,8.76349,13.0968,7.74061,14.1397,11.9169
"CS",309.718,297.845,303.275,308.047,265.954,287.112,296.62,293.261
"CSAD",1.94701,1.88181,2.28116,2.649,2.26932,2.06976,2.01826,2.56318
"CSAG1",0,0,0,0,0,0,0,0
"CSAG2",0,0,0,0,0,0,0,0
"CSDC2",0.0265354,0,0.0535591,0,0,0,0,0
"CSE1L",94.4902,96.665,107.534,94.1953,85.5533,85.6468,111.368,98.4757
"CSF1",6.25186,5.56568,6.58795,7.15331,8.98135,7.84886,6.77018,6.41098
"CSF1R",0,0,0,0,0,0,0,0
"CSF2",0,0,0,0,0.115575,0,0.844493,0.110614
"CSF2RA",0,0,0,0,0,0,0,0
"CSF2RB",29.5028,27.6051,26.7947,33.1521,33.9031,33.3224,25.3738,32.9358
"CSF3",0.0486944,0.104559,0.0991568,0.181447,0.0511863,0.28685,0.216617,0.147496
"CSF3R",0,0,0,0,0,0,0,0
"CSGALNACT1",5.59678,5.76279,5.68118,5.25867,7.1198,6.12934,5.06288,6.12364
"CSGALNACT2",13.7627,11.8686,12.9447,10.8802,14.483,12.5235,14.1848,12.0471
"CSH1",0,0,0,0,0,0,0,0
"CSH2",0,0,0,0,0,0,0,0
"CSHL1",0,0,0,0,0,0,0,0
"CSK",21.7633,20.6246,22.4766,24.4454,24.7149,22.5011,22.2985,20.7624
"CSMD1",0,0,0.013078,0.0119419,0.0135412,0.00855599,0,0.0130191
"CSMD2",0,0,0.0143066,0,0.00987528,0,0,0
"CSMD3",0.0199636,0.0106855,0.00999806,0,0.0155303,0.0245297,0,0.00995251
"CSN1S1",0,0,0,0,0,0,0,0
"CSN2",0,0,0,0,0,0,0,0
"CSN3",0.415675,0.334914,0.215407,0,0.110936,0.304378,0.579509,0.212388
"CSNK1A1",95.9187,82.292,91.8386,98.819,91.9124,87.6479,69.9616,93.7424
"CSNK1A1L",0,0,0,0,0,0,0,0
"CSNK1D",57.129,50.4801,55.1809,59.9523,70.2223,50.09,58.2048,46.4268
"CSNK1G1",8.14004,7.46593,7.84825,8.095,7.9048,7.36199,9.24829,8.30791
"CSNK1G2",24.0267,22.1264,27.7737,31.9875,27.5951,29.4769,25.2486,24.0085
"CSNK1G3",4.93425,5.62014,5.46023,4.59738,4.983,4.74332,5.74329,4.82871
"CSNK2A1",72.1267,68.778,70.6008,65.6608,64.3224,61.2149,73.2463,68.2922
"CSNK2A2",85.0861,73.2802,95.9698,85.9848,105.475,68.5797,99.9663,81.8294
"CSNK2B",0,0,0,0,0,0,0,0
"CSPG4",0.0456088,0.0162797,0.0152448,0,0.0789104,0.0149407,0.0252295,0
"CSPG5",0.0632365,0.101659,0.0665636,0.116865,0.0661004,0,0.140214,0.0634773
"CSPP1",1.3174,1.2078,1.09314,1.53195,1.02543,1.08233,1.14603,1.66426
"CSRNP1",4.22199,3.31228,3.87039,4.55654,3.7504,4.88341,3.78425,4.06031
"CSRNP2",16.8446,16.6074,19.8133,18.1285,16.4108,16.3363,17.192,18.5885
"CSRNP3",0.00534329,0.00572179,0,0.0685271,0.00554301,0.00525108,0.0118295,0.016002
"CSRP1",328.48,363.207,331.139,358.752,311.363,367.918,309.617,325.422
"CSRP2",10.7007,12.5032,10.7839,11.5927,9.00015,10.5522,8.75093,10.1046
"CSRP3",0,0,0.0587846,0,0,0,0,0
"CST11",0,0,0,0,0,0,0,0
"CST2",0.515034,0.276876,0.807651,0.49379,0.553838,0.502012,0.143907,0.26478
"CST3",285.191,294.848,264.545,302.179,310.415,304.107,251.67,281.18
"CST5",0,0,0,0,0,0,0,0
"CST6",0,0.168517,0,0,0,0,0,0.324186
"CST7",0,0,0,0,0,0,0,0
"CST8",0,0,0,0,0,0,0,0
"CST9",0,0,0,0,0,0,0,0
"CST9L",0,0,0,0,0,0,0,0
"CSTA",0,0,0,0,0,0,0,0
"CSTB",539.476,517.841,523.475,496.109,487.425,467.38,492.144,508.079
"CSTF1",19.7915,20.6473,18.3855,20.3973,18.456,16.7189,20.0201,19.8713
"CSTF2",6.06483,5.80975,5.00357,5.15561,4.56786,6.85844,5.40575,4.45489
"CSTF2T",7.07703,7.96013,7.92161,7.81772,7.31117,7.16444,6.48584,7.24836
"CSTF3",18.8034,15.4025,17.5402,17.2623,14.5004,16.8219,19.2602,14.5482
"CSTL1",0,0,0,0,0,0,0,0
"CT45A1",0,0,0,0,0,0,0,0
"CT45A5",0,0,0,0,0,0,0,0
"CT45A6",0,0,0,0,0,0,0,0
"CT47A1",0,0,0,0,0,0,0,0
"CT47A12",0,0,0,0,0,0,0,0
"CT47A5",0,0,0,0,0,0,0,0
"CT47A6",0,0,0,0,0,0,0,0
"CT47A7",0,0,0,0,0,0,0,0
"CT47A8",0,0,0,0,0,0,0,0
"CT47A9",0,0,0,0,0,0,0,0
"CT47B1",0,0,0,0,0,0,0,0
"CTAG1B",0,0,0,0,0,0,0,0
"CTAG2",0,0,0,0,0,0,0,0
"CTAGE1",0,0,0,0,0,0,0,0
"CTAGE4",0,0,0,0,0,0,0,0
"CTAGE9",0,0,0,0,0,0,0,0
"CTBP1",35.6117,32.538,34.428,38.9925,35.4809,37.444,28.7247,30.7016
"CTBP2",36.0484,26.8438,31.8255,27.9844,33.4902,29.4765,26.462,27.1089
"CTBS",19.6716,19.2296,22.9375,23.9568,18.6438,19.9883,17.6759,22.2523
"CTC1",5.33244,5.4697,6.03254,6.07504,7.07362,6.74944,6.53004,6.0399
"CTCF",12.2338,13.0127,13.4615,12.8906,9.9356,12.0551,14.001,12.3197
"CTCFL",0,0,0,0,0,0,0,0
"CTDNEP1",122.542,110.213,116.422,128.022,121.955,123.278,104.853,108.075
"CTDP1",3.67882,3.19025,3.43698,4.02496,4.02821,3.58403,3.85159,3.48973
"CTDSP1",34.1438,31.5493,29.4195,33.8785,34.8928,34.6409,26.5292,32.0407
"CTDSP2",140.859,118.832,129.591,127.877,137.719,120.45,127.889,126.214
"CTDSPL2",6.94734,6.89291,7.23422,7.14284,7.06046,5.30117,6.465,6.548
"CTF1",2.69675,2.27848,1.89395,2.87685,3.69949,2.62552,1.98083,2.05229
"CTH",2.43249,1.66234,2.0008,2.07887,1.66833,2.7137,2.65772,2.08274
"CTHRC1",2.86661,3.76419,1.48149,3.88857,2.93968,2.53102,3.23704,2.96823
"CTLA4",0,0,0,0,0,0,0,0
"CTNNA1",170.642,170.066,175.882,175.421,187.392,162.275,168.503,177.631
"CTNNA2",0,0,0,0,0,0,0,0
"CTNNA3",0,0,0,0,0.0210962,0,0,0
"CTNNAL1",18.7754,18.0644,17.6919,16.7901,16.3403,14.5985,19.1331,14.8788
"CTNNB1",68.9938,79.4584,75.538,72.0944,70.3571,69.2137,71.6218,73.452
"CTNNBIP1",7.72292,8.30405,8.95774,10.4281,7.78555,9.52976,7.59049,8.74745
"CTNNBL1",7.96138,8.42596,7.32237,9.30842,7.06033,7.2857,8.60585,8.86719
"CTNND2",0,0,0,0,0,0,0,0
"CTNS",7.81906,7.00387,7.58531,7.37959,7.80232,7.032,6.80328,6.98281
"CTPS2",5.10364,5.34217,6.29646,5.25715,5.7844,4.84219,6.43039,6.04829
"CTR9",16.4285,15.1866,20.2595,15.8056,16.4511,15.9717,18.4702,15.129
"CTRB1",0,0,0,0,0,0,0,0
"CTRB2",0,0,0,0,0,0,0,0
"CTRC",0,0.0966859,0,0,0.0957313,0,0,0.0916967
"CTRL",0.254488,0.136642,0.260104,0.297644,0.134244,0.373719,0.0707521,0.128801
"CTSA",209.551,206.783,207.876,235.898,212.067,223.557,212.239,217.271
"CTSB",172.691,177.996,180.349,178.944,170.767,165.262,159.03,163.381
"CTSC",57.6022,62.4823,55.0645,55.375,49.3282,56.9979,58.7761,61.0919
"CTSD",175.759,176.809,175.417,207.387,208.349,202.068,169.993,177.709
"CTSE",0.0328374,0.0351924,0,0,0,0,0,0
"CTSF",13.314,17.2501,14.9014,14.0149,17.8912,12.0381,11.3927,14.4841
"CTSG",0,0,0,0,0,0,0,0
"CTSH",0.349524,0.468414,0.62091,0.486626,0.0916564,0.214157,0.581793,0.307907
"CTSK",1.70126,2.90689,2.09581,2.64588,2.58331,2.74253,2.69269,2.40657
"CTSO",2.48571,3.09887,3.21125,3.14218,3.36898,3.217,3.72973,3.75713
"CTSS",0.773053,0.831797,0.992254,0.79702,0.853632,0.573369,1.13531,0.883425
"CTSW",0.056897,0,0.174055,0,0,0,0.0632078,0.0574693
"CTTN",96.9684,90.4,95.3854,104.255,107.922,95.2163,101.736,92.4242
"CTTNBP2",2.00389,1.98727,1.27962,1.00832,1.86574,1.2455,2.07574,1.68239
"CTTNBP2NL",77.3762,77.8651,90.8712,82.3626,80.5513,70.1677,94.788,87.5699
"CTU1",0.487149,0.909729,1.3254,1.12373,0.679119,0.767132,1.20006,0.163043
"CTU2",4.44277,6.51056,3.80272,5.21506,4.31448,5.35542,3.12012,4.30566
"CTXN1",57.2256,48.9808,48.5082,57.1966,60.5964,67.5391,50.8007,44.9566
"CTXN2",0,0,0,0,0,0,0,0
"CTXN3",0,0.103252,0,0,0,0,0,0.0485247
"CUBN",3.51349,3.10659,2.61025,2.2461,3.21807,2.20921,3.85541,2.11468
"CUEDC1",5.17928,3.68779,4.562,4.46473,4.93611,4.47872,4.40194,4.62431
"CUEDC2",30.1644,32.7744,28.8702,28.8237,29.0079,30.8679,27.9276,30.0674
"CUL1",18.85,19.4582,19.4044,17.0288,18.7777,16.4912,21.1148,16.664
"CUL2",9.68091,9.58293,9.20898,8.42587,9.24284,6.66967,8.24416,8.89868
"CUL3",23.1755,20.4971,29.2722,22.3731,23.7722,22.9835,24.0077,25.1708
"CUL4A",18.3482,15.6344,19.133,16.6703,18.8289,15.5443,18.034,18.5683
"CUL4B",19.5979,17.5863,19.742,16.9898,19.3141,16.65,18.9721,18.3282
"CUL5",5.85255,4.57651,3.03444,6.30245,6.44542,6.44739,5.43388,4.17766
"CUL9",3.29674,3.3925,3.48002,4.16097,4.62685,4.46817,4.29101,4.35284
"CUTA",0,0,0,0,0,0,0,0
"CUTC",2.72017,4.11849,2.93334,3.17986,3.02953,3.13519,2.72479,3.82168
"CUX1",22.6003,23.3616,21.1953,25.5952,24.5651,25.7935,23.2303,23.7868
"CUX2",0,0,0,0.0593966,0,0,0,0
"CWC15",14.0582,12.3587,11.2939,10.2869,8.15894,10.1473,9.3312,9.78822
"CWC22",1.76977,1.74816,1.49778,1.7181,2.2312,1.25598,1.69456,1.69067
"CWC25",8.59747,2.93468,11.2199,5.42381,4.26018,6.37398,5.93577,7.89643
"CWC27",4.69776,4.13327,3.87017,4.27417,3.08935,2.75534,2.77612,2.81454
"CWF19L1",12.1966,12.7758,12.9386,10.7059,11.1221,12.2584,11.6328,11.6867
"CWF19L2",0.561217,0.622687,0.464218,0.368796,0.918779,0.275533,0.732534,0.441383
"CWH43",0,0,0,0,0,0,0,0
"CX3CL1",0.0803312,0.0860567,0.18201,0.0369526,0.0418452,0.118317,0.066725,0.0603073
"CX3CR1",0,0,0.0641427,0,0,0,0,0.0212432
"CXADR",7.34727,5.98793,6.98056,6.02347,7.40523,7.05617,5.89228,6.894
"CXCL1",42.5643,14.3224,51.6264,23.348,49.6811,17.4881,49.6096,20.2965
"CXCL10",0,0,0,0,0,0,0.136596,0
"CXCL11",0.177415,0.14266,0.270205,0.535314,0.0930656,0.347836,0.196886,0.0893234
"CXCL12",0.233071,0.265109,0.321141,1.11811,0.600555,0.186797,0.0793341,0.594113
"CXCL13",0,0,0,0,0,0,0,0
"CXCL14",0.0699096,0.112394,0,0,0.109718,0,0.116282,0.10535
"CXCL16",6.79131,7.42941,6.49611,7.77142,5.53782,8.66151,5.68238,7.39352
"CXCL17",0,0,0,0,0,0,0,0
"CXCL2",3.40234,3.46847,3.64852,3.13144,4.87533,2.54741,3.63951,2.32632
"CXCL3",0.852727,0.703765,1.20757,1.47332,1.03864,0.642088,1.31261,0.929549
"CXCL5",0.301269,0.146737,0.0829444,0.12633,0.0857802,0.0806381,0.151754,0.109856
"CXCL6",0.212845,0.182549,0.518349,0.118484,0.17855,0.333881,0.283403,0.257075
"CXCL9",0,0,0,0,0,0,0,0
"CXCR1",0,0,0,0,0,0,0,0
"CXCR2",0.0753044,0,0,0,0,0,0,0
"CXCR3",0,0,0,0,0,0,0,0.0442048
"CXCR4",47.0915,36.7657,61.3473,39.3725,44.6897,31.4091,54.7437,42.9167
"CXCR5",0,0,0,0.16979,0,0,0,0
"CXCR6",0.424305,0.378983,0.250531,0.327154,0.147994,0.242774,0.27446,0.319723
"CXorf38",8.7856,11.817,11.1008,13.5559,15.7726,10.582,9.68263,11.9244
"CXorf49",0,0,0,0,0,0,0,0
"CXorf49B",0,0,0,0,0,0,0,0
"CXorf51A",0,0,0,0,0,0,0,0
"CXorf51B",0,0,0,0,0,0,0,0
"CXorf58",0,0,0.0470774,0,0,0,0,0.0466587
"CXorf65",0,0,0,0,0,0,0,0
"CXorf66",0,0,0,0,0,0,0,0
"CXXC1",16.8417,16.5539,18.0049,20.4752,16.8514,20.5658,18.9914,16.0494
"CXXC4",0.0228945,0,0.0344811,0.0524887,0,0.0337404,0.0126687,0.0228686
"CXXC5",1.29632,2.02081,1.80817,3.00824,1.55947,1.98255,1.51377,1.68381
"CYB561",5.55321,6.22842,5.19613,5.11669,5.57483,6.61298,4.26222,5.47726
"CYB561D1",1.52909,1.42938,1.78737,2.10914,1.76977,1.79906,1.45358,1.72419
"CYB561D2",6.25167,5.88071,5.13923,5.98959,3.75155,6.61155,4.10802,5.49078
"CYB5A",5.40522,3.20446,3.68343,3.46824,5.37629,5.03089,4.0793,5.28379
"CYB5B",22.4879,25.3952,22.4402,24.9302,20.9156,22.622,20.1364,24.3975
"CYB5D1",4.79985,5.04833,4.39125,5.83902,6.02116,7.14529,4.75112,5.7345
"CYB5D2",10.781,11.1134,8.52047,8.88639,9.95854,9.93034,10.1468,10.7033
"CYB5R1",10.1591,11.353,9.17445,11.9436,11.2862,12.1965,9.45766,10.6597
"CYB5R2",1.08448,2.12199,1.905,1.9695,1.39702,1.29565,1.9838,1.76624
"CYB5R3",207.442,194.291,198.517,240.919,244.883,244.832,193.746,200.602
"CYB5R4",2.42952,2.30502,3.7244,2.50032,2.55684,2.74697,2.96827,2.71415
"CYB5RL",2.69653,2.96726,2.76075,3.33139,2.71218,3.30425,2.97642,2.63304
"CYBA",37.0221,35.6202,29.6183,34.583,36.4694,46.4126,35.7932,38.9939
"CYBB",0,0,0,0.0137414,0,0,0,0.0149607
"CYBRD1",9.81295,7.86526,8.46034,8.59498,9.46788,7.42462,7.82497,8.5087
"CYC1",68.8146,65.6619,72.6676,73.1723,65.7506,66.0278,64.5253,64.5805
"CYCS",15.3775,17.9311,18.1236,15.8171,14.7144,13.5786,16.6399,15.8623
"CYFIP1",82.9978,84.3619,80.7427,74.8665,76.9063,75.0115,78.0711,78.4244
"CYFIP2",48.754,48.6978,45.5867,46.5912,48.1788,48.5531,48.01,46.9015
"CYGB",0,0,0,0,0,0.0617977,0.0349112,0.126445
"CYLC1",0,0,0,0,0,0,0,0
"CYLC2",0,0,0,0,0,0,0,0
"CYLD",2.07543,1.58664,1.87772,1.50899,1.61595,1.28025,1.80859,1.82173
"CYP11A1",0.0358028,0,0,0,0.112427,0,0,0.0359754
"CYP11B1",0,0,0,0,0,0,0,0
"CYP11B2",0,0,0,0,0,0,0,0
"CYP17A1",0,0,0,0,0,0,0,0
"CYP19A1",0,0,0,0,0,0,0,0
"CYP1A1",6.98211,11.2135,6.00324,15.7674,9.14456,12.2344,5.80507,13.6232
"CYP1A2",0,0.0225945,0,0,0,0,0,0.0211164
"CYP1B1",0.0621649,0.0133157,0,0.0684353,0.0129245,0.0366434,0,0.0621096
"CYP20A1",1.32576,1.45059,1.28685,1.36291,0.901611,1.28916,1.27492,1.21585
"CYP21A2",0,0,0,0,0,0,0,0
"CYP24A1",0,0,0,0,0,0,0,0
"CYP26A1",0.225891,0.207506,0.13052,0.238594,0.0674716,0.0633169,0.25043,0.0323938
"CYP26B1",12.6958,10.1525,25.9311,18.5501,18.7202,10.7205,16.9478,15.9313
"CYP26C1",0.226016,0.145397,0.0918199,0.12594,0.237178,0.221794,0.301006,0.0455266
"CYP27A1",1.47827,0.728703,1.43367,1.03728,0.957463,1.47961,1.14694,0.949218
"CYP27B1",0.29742,0.14486,0.109166,0.174579,0.169351,0.398048,0.209735,0.108443
"CYP27C1",0.315895,0.294205,0.386432,0.575773,0.314222,0.294733,0.136815,0.288259
"CYP2A13",0,0,0,0,0,0,0,0
"CYP2A6",0,0,0.0402233,0,0,0,0,0
"CYP2A7",0.0321149,0,0,0,0,0,0,0
"CYP2B6",0,0,0,0,0,0,0,0
"CYP2C18",0,0,0,0,0,0,0,0
"CYP2C19",0,0,0,0,0,0,0,0
"CYP2C8",0,0,0.0786401,0,0,0.0380464,0.25823,0.036117
"CYP2C9",0,0,0,0,0,0,0,0
"CYP2D6",0.252329,0.16901,0.223198,0.203998,0.296717,0.278518,0.757191,0.221623
"CYP2E1",0,0,0,0,0,0,0,0
"CYP2F1",0.114448,0.122679,0.0386527,0.318019,0.0799039,0.0748265,0.126943,0.230135
"CYP2J2",0,0.441307,0.0379125,0.17329,0.117565,0.0734153,0,0.0752479
"CYP2R1",2.54749,3.56471,2.89221,2.90875,2.99056,2.62038,3.60892,3.20919
"CYP2S1",7.73629,7.0195,6.20691,8.60785,8.96645,13.8471,8.1375,7.45547
"CYP2U1",1.67973,2.23814,1.84294,1.75117,1.61826,1.81148,1.65779,2.37286
"CYP2W1",0,0,0,0,0,0,0,0.0295055
"CYP39A1",0.119471,0.0640138,0.0905298,0,0,0.117232,0.0993164,0.0599369
"CYP3A4",0,0,0,0,0,0,0,0
"CYP3A43",0,0,0,0,0,0,0,0
"CYP3A5",0.667602,1.43474,0.231233,0.211933,0.357113,0.43432,1.24174,0.455647
"CYP46A1",0.164999,0.176835,0,0.0305068,0.207047,0.161872,0.146347,0
"CYP4A11",0,0,0,0,0,0.025799,0.0582521,0
"CYP4A22",0,0,0,0,0,0,0,0
"CYP4B1",0,0,0,0,0,0,0,0
"CYP4F11",0,0,0,0,0,0,0,0
"CYP4F12",0,0,0,0,0,0,0,0
"CYP4F2",0,0,0,0,0,0,0,0
"CYP4F22",0,0,0,0,0,0,0,0.0514379
"CYP4F3",0,0,0.0223634,0,0,0,0.0246295,0.0222252
"CYP4F8",0,0,0,0,0,0,0,0
"CYP4V2",1.13521,1.17193,0.769614,0.929027,0.910287,0.886757,0.847808,1.20289
"CYP4X1",0.0286811,0.122936,0.0579321,0.0529431,0.149772,0.0281458,0.0317871,0.057539
"CYP4Z1",0,0,0,0,0,0,0,0
"CYP51A1",17.0089,16.5448,17.3535,15.1702,15.6045,14.9653,16.3227,15.9087
"CYP7A1",0.0692716,0.0494775,0.0232758,0,0,0.0453364,0,0
"CYP7B1",0,0,0,0,0,0,0,0
"CYP8B1",0,0,0,0,0,0,0,0
"CYS1",0,0,0,0,0,0.0240795,0,0
"CYSLTR1",0,0,0,0,0,0,0,0
"CYSLTR2",0.263302,0.0564235,0.264562,0.145681,0.302286,0.258429,0.290687,0.211169
"CYSTM1",124.339,137.593,129.46,129.823,129.95,129.934,104.881,111.864
"CYTH1",8.97632,8.01297,8.08217,9.21494,8.71479,9.42217,8.92704,9.1916
"CYTH2",18.3416,15.9581,20.2661,16.7461,21.3588,16.5264,20.0687,17.7585
"CYTH3",4.26091,3.81861,4.70269,3.88295,5.68626,4.15648,4.12388,4.22968
"CYTH4",0,0.0675281,0,0.019337,0,0.0412596,0,0
"CYTIP",0.0615941,0.0660077,0.0311254,0,0,0,0.0341383,0
"CYTL1",25.8002,27.5247,25.2154,32.45,25.2599,28.071,23.3898,33.5247
"CYYR1",93.6574,112.252,102.721,128.493,111.988,96.7426,83.8299,120.312
"D2HGDH",5.53021,5.29049,4.93406,7.3497,7.26516,6.63102,5.76084,5.67224
"DAAM1",2.99112,3.42919,3.78711,2.15898,3.25016,2.64405,3.46555,3.27349
"DAAM2",0.0308398,0.0990825,0.134134,0.0376865,0.0427137,0.0909074,0.147891,0.0923897
"DAB1",0,0,0,0,0,0,0,0
"DAB2",297.868,233.449,322.333,254.46,308.526,227.488,319.555,257.029
"DAB2IP",16.8821,22.2681,18.8414,18.799,18.4812,20.7458,21.8282,19.357
"DACH1",12.238,5.49312,10.5516,6.19926,14.1067,5.62461,12.3337,6.63418
"DACH2",0,0,0,0.179262,0.0581876,0,0,0
"DACT1",0.136729,0.144323,0.0196643,0.0359317,0.061038,0.0767201,0.0865254,0
"DACT2",0,0,0,0.0829593,0,0.0442232,0,0
"DACT3",3.38258,1.96667,3.43522,3.63901,3.92925,2.89335,3.43506,2.84204
"DAD1",115.415,122.85,128.114,112.828,89.2781,99.1573,101.815,108.65
"DAG1",53.8475,50.0816,54.3776,54.9949,58.6104,55.718,50.6939,52.032
"DAGLA",1.47095,1.88592,1.91247,2.51926,1.88683,2.43117,1.70186,1.84879
"DAGLB",7.79144,7.34919,7.67051,8.22686,8.06359,8.48437,8.34747,5.97511
"DALRD3",9.08068,9.30803,7.94862,9.14379,10.0279,10.2512,8.95464,7.86289
"DAND5",0,0,0.16434,0.075124,0,0,0,0
"DAO",0,0,0,0,0,0,0,0
"DAOA",0,0,0,0,0,0,0,0
"DAP",774.276,773.833,927.334,929.064,867.902,875.194,849.969,907.481
"DAP3",26.0184,26.9353,26.5293,24.9546,26.4617,25.1885,24.4397,24.66
"DAPK1",26.9937,25.776,27.3332,30.2503,30.901,26.8023,26.5439,30.5266
"DAPK2",0.791028,0.109103,0.996101,0.567011,1.9273,0.502271,1.00549,0.81121
"DAPK3",26.4285,18.3596,28.2388,20.434,26.1366,20.3474,23.787,18.3741
"DAPL1",0,0,0,0,0,0,0,0
"DAPP1",0.0225641,0,0,0,0,0,0,0.0225998
"DARS2",14.3859,14.1046,14.2507,14.0196,13.7861,13.0957,13.591,13.7786
"DAXX",0.0286911,0,0,0,0,0.0844736,0,0.0863458
"DAZAP1",48.6012,48.178,51.8363,49.7354,49.5034,54.9641,49.6117,49.0613
"DAZAP2",283.903,284.642,288.243,283.435,276.386,276.837,302.097,272.15
"DAZL",0,0,0,0,0,0,0,0
"DBF4",1.97918,2.56538,2.25836,2.39922,1.95604,2.22153,2.20972,1.94618
"DBF4B",11.5696,10.9341,13.4865,13.4998,11.6957,12.6618,13.1608,11.815
"DBH",0,0,0,0,0,0,0,0
"DBI",129.452,122.753,109.128,88.916,88.5061,93.6067,91.9811,99.455
"DBN1",108.445,129.4,114.254,161.737,131.869,163.369,123.188,119.136
"DBNDD1",56.299,56.1675,50.2547,56.4861,59.8556,66.6335,56.7821,55.5534
"DBNL",14.1175,16.3576,15.5575,18.0123,16.2399,20.8538,16.8449,13.5366
"DBP",2.65283,2.55864,2.05168,2.14741,1.71803,3.83866,0.903418,1.59904
"DBR1",3.72273,4.17483,3.82989,3.91133,3.49532,3.4106,3.46463,4.17837
"DBT",3.87759,4.24437,3.46536,2.85508,3.255,3.20639,3.13762,3.85259
"DBX1",0,0,0,0,0,0,0,0
"DBX2",0,0,0,0,0,0,0,0.0736547
"DCAF10",8.7026,6.99045,10.5503,6.25271,7.68829,7.79339,6.97051,9.21727
"DCAF11",5.88939,5.42568,6.30754,6.85816,6.12107,6.42099,5.68868,6.49811
"DCAF12",21.3287,22.0379,22.3789,22.9813,22.6604,21.9304,18.8308,22.6816
"DCAF12L1",1.64944,0.879538,1.54536,0.373595,1.84205,0.95028,1.47808,0.542131
"DCAF12L2",0.0772997,0.0552165,0.259969,0,0.13444,0.151744,0.2855,0.0774828
"DCAF13",7.65248,6.86083,6.85479,6.38396,6.11183,6.25909,5.59514,7.1493
"DCAF15",15.2518,12.2792,14.3922,15.968,17.5954,16.0767,13.402,13.9713
"DCAF16",43.1605,38.8775,43.9617,37.7496,40.4655,35.5879,50.7549,40.2663
"DCAF17",4.30306,4.73948,4.77769,4.64844,5.08194,4.51945,5.34655,5.37267
"DCAF4",5.12512,7.06276,5.31801,7.19781,6.03206,9.82129,7.71379,5.6991
"DCAF4L1",0.0673652,0.0577204,0.013537,0.0123648,0.0140098,0.0661765,0.104392,0.0942513
"DCAF4L2",0,0,0,0,0,0,0,0
"DCAF5",45.9785,39.7828,49.1275,48.6928,51.6634,43.3706,50.1617,54.412
"DCAF6",19.0062,17.1652,18.9648,18.1597,17.4377,16.6211,20.9849,16.1782
"DCAF8",20.534,20.9004,19.3115,22.1814,21.0889,20.3169,19.2811,20.6495
"DCAF8L1",0,0,0,0,0,0,0,0
"DCAF8L2",0.0683522,0.0366292,0.0345802,0,0.0357499,0,0.0378946,0
"DCAKD",23.5579,25.8109,20.3946,27.2945,21.4401,24.9022,23.2165,22.8313
"DCBLD1",12.1916,14.0127,14.3604,13.3298,12.6295,13.0171,12.5264,13.7749
"DCBLD2",7.86423,6.55419,7.6943,6.21354,7.88834,5.65419,9.084,6.70618
"DCC",0,0,0,0,0,0,0,0
"DCD",0.203986,0.219903,0.218779,0.603301,0.22412,0,0.229412,0.213527
"DCDC1",0,0,0,0,0,0,0,0
"DCDC2",0,0,0,0,0,0,0,0
"DCDC2B",0.108499,0.232664,0.0552619,0.303221,0.171182,0.0531274,0.120467,0.164236
"DCHS1",9.94342,11.6781,9.96793,12.8732,10.929,13.1772,10.5144,11.1016
"DCHS2",0,0,0,0,0,0,0,0
"DCK",26.1665,22.2163,24.9919,25.0803,27.1792,21.1317,19.7098,22.1635
"DCLK1",0.516739,0.505351,0.532521,0.576436,0.501882,0.410627,0.567271,0.670965
"DCLK2",0.67535,0.959133,0.574348,0.752717,0.984068,0.596226,0.889741,1.15336
"DCLK3",0,0,0,0,0,0,0,0
"DCLRE1A",1.66947,1.91738,1.49317,1.65676,1.48658,1.4607,1.42231,2.02032
"DCLRE1B",11.7293,10.5738,12.2535,11.5646,10.0759,10.9537,11.4801,10.5349
"DCLRE1C",1.57449,1.6013,0.767346,0.0780654,0.351675,1.21534,1.19938,0.673924
"DCN",3.80253,6.05003,3.9389,3.46157,4.0385,4.86897,3.26023,4.35264
"DCP1A",30.7896,27.4039,33.3354,28.8179,31.0968,27.5554,35.9969,31.9141
"DCP1B",40.3743,44.0608,39.9746,48.3824,36.3855,41.9017,38.7974,44.7376
"DCP2",3.50009,3.16948,3.23806,2.82805,3.50026,2.73656,3.39764,3.93061
"DCST1",0,0,0,0,0,0,0,0
"DCST2",0.0836291,0.119471,0.0562851,0,0,0,0,0.139769
"DCT",0,0,0,0,0,0,0,0
"DCTD",27.3928,27.1917,28.7329,24.8436,25.8542,21.9683,24.641,26.073
"DCTN1",36.7747,38.224,35.9614,38.404,39.1518,41.5346,37.6152,32.8589
"DCTN2",754.119,686.565,630.389,532.199,567.772,684.409,684.847,572.392
"DCTN3",84.566,93.929,81.3121,102.676,102.854,87.3229,80.6876,84.1455
"DCTN4",29.069,27.4693,28.2518,29.0236,29.1897,23.7044,31.3898,30.7279
"DCTN6",23.3702,18.1907,21.5678,16.827,22.2583,18.907,20.2777,19.8367
"DCTPP1",32.1197,30.1307,25.719,30.2532,26.0723,28.3524,24.1131,28.028
"DCUN1D1",7.44385,6.34975,7.75632,7.3686,7.80466,5.69565,6.9722,7.88252
"DCUN1D2",3.79202,3.89917,3.34117,3.43451,3.57105,4.77186,2.96612,3.6728
"DCUN1D3",8.06208,9.12516,8.17837,8.90907,7.69655,8.8752,8.86829,7.69383
"DCUN1D4",10.8536,8.17156,12.5727,12.5978,10.6831,10.0458,11.3387,9.92748
"DCUN1D5",8.67714,9.87915,10.6206,8.18776,7.98613,9.72158,7.76716,7.94711
"DCX",0,0.0147622,0,0,0.0143083,0,0,0
"DCXR",46.0654,48.4723,43.1351,51.3141,44.9065,52.3601,40.3301,50.384
"DDA1",23.6985,20.0642,23.1593,22.2193,25.2538,23.8974,23.241,19.7166
"DDAH1",48.8555,46.4666,53.9801,48.6445,49.4993,45.8986,53.7964,46.7158
"DDAH2",0,0,0,0,0,0,0,0
"DDB1",64.0346,69.2177,66.798,64.9353,66.5507,66.713,66.3991,66.1242
"DDB2",66.7423,63.9075,67.4483,68.5132,63.862,68.4532,62.006,64.8082
"DDC",0.0408096,0.180406,0,0,0,0.0640695,0,0
"DDHD1",1.17763,1.07212,1.32379,1.07383,1.13704,1.11405,1.44336,1.12692
"DDHD2",8.74895,7.54583,8.7281,6.88658,8.62953,6.96167,7.57322,8.53796
"DDI1",0.0767838,0,0,0,0,0.0251271,0.0567181,0
"DDIT3",3.36791,2.25351,1.4963,2.21812,2.1161,2.39396,1.61961,3.88023
"DDIT4",13.9962,10.8884,14.433,18.3843,16.6346,15.2145,14.7281,14.7219
"DDIT4L",1.1427,1.14274,1.12715,0.678842,1.08632,0.772676,0.618983,1.0435
"DDN",0.0348011,0.018639,0.0350127,0.079963,0.0362284,0.0683557,0.1156,0.0174061
"DDO",0,0,0,0.0867519,0.147025,0,0,0
"DDOST",147.026,136.663,151.474,159.884,156.759,144.35,127.608,146.982
"DDR1",0,0,0,0,0,0,0,0
"DDR2",19.413,17.9839,20.1329,18.9287,17.0828,15.7293,18.4278,19.028
"DDRGK1",17.9248,18.4123,14.9129,18.5078,20.1908,18.2488,16.5704,17.817
"DDT",3.14357,4.26736,4.65633,5.40071,4.33242,4.52199,5.06326,6.55648
"DDTL",1.12555,0.603356,0.395451,0.401753,0.726454,0.297088,0.720558,0.871591
"DDX1",16.3212,17.2865,16.8336,15.3099,15.1255,13.0277,17.5135,16.5856
"DDX10",5.51453,6.51848,4.97096,5.73866,5.36741,4.85949,6.27738,5.24562
"DDX11",2.68403,1.81101,1.80387,2.07966,1.81433,2.8044,2.46278,2.20966
"DDX17",157.075,149.519,161.018,0,162.041,138.927,158.867,163.597
"DDX18",14.5678,15.4731,14.2426,14.4202,12.5726,13.6823,17.7258,14.7513
"DDX19A",30.2419,30.2216,27.4976,31.1886,32.4604,28.9806,34.5824,29.8139
"DDX19B",40.1692,37.4967,40.4956,39.8227,36.85,40.7719,35.3235,38.2383
"DDX20",7.82764,8.10561,7.82225,7.40324,7.60812,7.43057,8.17272,7.79522
"DDX21",19.251,18.6259,19.5958,16.5204,18.1951,15.2335,19.8254,16.2806
"DDX23",19.6424,18.1937,19.8793,21.1945,17.7862,19.8305,18.0872,17.0209
"DDX24",37.0133,37.4154,38.5255,36.4419,35.1904,37.3308,40.0046,35.1355
"DDX25",0,0,0,0,0,0.0375063,0.04242,0
"DDX27",6.47208,5.98043,6.70047,7.9514,7.86381,6.17254,6.0919,6.04067
"DDX28",3.3421,3.37629,4.34419,4.21211,3.77068,3.50466,3.12462,3.5995
"DDX31",4.66118,5.31484,5.48623,4.7663,4.86444,4.7528,5.80588,4.6299
"DDX39A",40.285,38.0905,36.9979,36.0274,33.0412,38.9882,33.7434,31.9168
"DDX39B",0,0,0,0,0,0,0,0
"DDX3X",45.9123,42.6562,48.0386,39.9947,43.9833,38.7647,47.8576,42.1725
"DDX3Y",0,0,0,0,0,0,0,0
"DDX4",0,0,0,0,0,0,0,0
"DDX41",24.4851,23.4039,20.9377,25.2933,27.8808,25.0165,26.0683,23.0632
"DDX42",19.0542,18.6836,18.3399,17.3266,16.8907,18.7372,19.0549,17.6008
"DDX43",0,0.0265269,0.0499418,0.0228174,0.0516562,0,0,0.0496214
"DDX46",12.0278,11.2813,10.7754,8.68114,10.7905,9.59898,12.844,9.63535
"DDX47",35.9192,34.9493,41.2144,33.1292,34.9344,33.7903,40.4987,33.8599
"DDX49",14.5904,16.0913,13.2098,15.8931,13.8968,17.6048,14.2526,14.0351
"DDX50",6.58556,7.84899,6.50068,6.2673,6.48805,6.13854,6.77956,5.98683
"DDX51",1.53445,1.25914,1.50304,1.69133,1.8378,1.6823,1.67255,1.34933
"DDX52",13.3842,11.1298,12.1077,11.272,12.3007,11.1113,14.2909,12.561
"DDX53",0,0,0,0,0,0,0,0
"DDX54",18.8423,19.9419,17.3936,22.0353,20.5549,22.8805,15.9201,16.5151
"DDX55",5.29474,4.35168,5.17187,3.60736,3.61689,4.25837,4.634,4.20148
"DDX56",26.061,26.7225,25.7992,26.4816,26.5757,30.6723,28.6362,24.7818
"DDX59",4.45329,4.73267,5.4476,3.65917,3.61354,4.25252,4.86994,4.93388
"DDX6",18.1366,19.108,20.7366,16.3395,18.9027,17.3325,20.7676,18.3213
"DDX60",1.58247,1.53875,1.67258,1.25235,1.7241,1.81247,2.30308,1.99133
"DDX60L",5.08932,5.63574,5.06529,5.33326,5.1359,4.71158,4.83152,6.30944
"DEAF1",24.4179,25.302,23.9797,23.4768,25.9807,24.949,23.0814,24.1634
"DECR1",16.5655,20.126,17.0881,15.4113,12.9506,15.0595,17.549,18.6626
"DECR2",9.10848,10.0736,8.64204,11.0348,9.81452,10.1371,8.2454,11.5874
"DEDD",45.7163,40.638,47.3956,48.2292,48.571,39.3152,42.4394,43.6998
"DEDD2",18.2251,17.0649,14.6538,20.3917,16.2204,18.4938,15.8315,16.8374
"DEF6",0.147614,0.0316369,0.0298247,0.027257,0.0925228,0.0579403,0.0327223,0.11848
"DEF8",51.6311,48.6949,47.6647,57.4228,48.4148,45.7134,41.7903,37.0705
"DEFA1",0,0,0,0,0,0,0,0
"DEFA1B",0,0,0,0,0,0,0,0
"DEFA4",0,0,0,0,0,0,0,0
"DEFA5",0,0,0,0,0,0,0,0
"DEFA6",0,0,0,0,0,0,0,0
"DEFB1",0,0,0,0,0,0,0,0
"DEFB104B",0,0,0,0,0,0,0,0
"DEFB105A",0,0,0,0,0,0,0,0
"DEFB105B",0,0,0,0,0,0,0,0
"DEFB106B",0,0,0,0,0,0,0,0
"DEFB107B",0,0,0,0,0,0,0,0
"DEFB108B",0,0,0,0,0,0,0,0
"DEFB110",0,0,0,0,0,0,0,0
"DEFB112",0,0,0,0,0,0,0,0
"DEFB113",0,0,0,0,0,0,0,0
"DEFB114",0,0,0,0,0,0,0,0
"DEFB115",0,0,0,0,0,0,0,0
"DEFB116",0,0,0,0,0,0,0,0
"DEFB118",0,0,0,0,0,0,0,0
"DEFB119",0,0,0,0,0,0,0,0
"DEFB121",0,0,0,0,0,0,0,0
"DEFB123",0,0,0,0,0,0,0,0
"DEFB124",0,0,0,0,0,0,0,0
"DEFB125",0,0,0,0,0,0,0,0
"DEFB126",0,0,0,0,0,0,0,0
"DEFB127",0,0,0,0,0,0,0,0
"DEFB128",0,0,0,0,0,0,0,0
"DEFB129",0,0,0,0,0,0,0,0
"DEFB132",0,0,0,0,0,0,0,0
"DEFB134",0,0,0,0,0,0,0,0
"DEFB135",0,0,0,0,0,0,0,0
"DEFB136",0,0,0,0,0,0,0,0
"DEFB4A",0,0,0,0,0,0,0,0
"DEFB4B",0,0,0,0,0,0,0,0
"DEGS1",128.859,123.329,137.694,120.242,124.054,113.912,125.392,129.194
"DEGS2",0.103349,0.0554159,0.105197,0.0962141,0.162985,0.202523,0,0.0521271
"DEK",21.5156,20.1212,18.9122,16.9655,18.6588,18.7467,20.9419,17.5562
"DENND1A",13.7929,15.2365,16.4926,14.7483,14.1455,14.1903,15.2621,12.8149
"DENND1B",0.498658,0.462673,0.26626,0.661366,0.148939,0.164652,0.25542,0.165112
"DENND1C",0,0,0,0.0219332,0,0,0,0
"DENND2A",0.132377,0.405188,0.566796,0.347834,0.196958,0.35286,0.3219,0.473929
"DENND2C",0.179685,0.244957,0.147854,0.0860999,0.118996,0.276226,0.198937,0.375729
"DENND2D",0.376574,0.686211,0.305183,0.31386,0.709766,0.590914,0.54297,0.643566
"DENND3",12.5658,12.516,12.5725,12.752,13.523,13.8772,13.5122,12.582
"DENND4A",16.4509,17.8581,17.7659,16.9883,18.8356,14.991,21.8689,18.3075
"DENND4B",11.9197,10.617,12.3251,14.0715,14.0333,14.2268,12.5389,13.381
"DENND4C",12.0792,11.5695,12.803,10.1259,10.7343,9.06571,12.4303,13.1407
"DENND5A",27.8157,24.6392,30.4975,23.7775,29.2066,23.371,30.2956,25.1776
"DENND5B",2.96965,2.43918,3.30242,2.26631,2.90184,1.88847,3.2807,2.3721
"DENR",20.463,21.3437,18.29,18.0496,18.2952,17.027,22.0954,16.8236
"DEPDC1",7.05884,7.20014,7.97742,6.45585,5.84563,6.20056,6.93967,6.51679
"DEPDC1B",12.0855,9.86863,14.039,16.1105,12.468,12.1338,12.9767,13.7632
"DEPDC4",0.131049,0,0,0.0613211,0,0.0641406,0.291379,0
"DEPDC5",3.14107,3.16733,3.1006,3.4674,3.365,2.70073,2.99862,3.14285
"DEPDC7",0.279377,0.299487,0.113414,0,0,0.195681,0.132824,0.160578
"DEPTOR",0.0254249,0.0272419,0,0,0,0.024956,0,0.025483
"DERA",30.292,32.9214,30.2383,29.6816,28.3205,24.3998,27.9635,27.8265
"DERL1",22.6352,20.0092,22.9493,20.1511,19.891,17.9569,19.8592,19.7109
"DERL2",98.5805,99.1594,106.116,89.1947,80.7809,75.3904,96.6827,85.7152
"DERL3",1.08005,1.69499,0.587938,1.45927,1.74779,0.767352,1.91741,1.0766
"DES",0,0,0,0,0,0,0,0
"DET1",2.60239,2.8452,1.91949,2.15848,1.91655,2.88897,3.07315,2.8849
"DEXI",16.5037,15.1522,15.624,18.3042,14.887,17.96,14.8617,12.2184
"DFFA",10.5937,9.39484,9.6679,12.0845,9.16675,10.7719,8.30747,9.77744
"DFFB",2.07562,2.0818,2.37592,1.91792,2.162,2.98748,2.37842,2.05524
"DGAT1",10.2755,9.66881,9.54206,11.3046,11.9432,11.2837,9.70227,10.7369
"DGAT2",0.840625,0.746889,0.916779,1.36745,0.613895,0.956195,0.39543,0.904575
"DGAT2L6",0,0,0,0,0,0,0,0
"DGCR2",8.68751,8.51026,6.53667,10.3016,10.0846,9.93393,7.74383,8.76458
"DGCR6",0.677369,0.264238,0.566043,0.230171,0.714207,0.723537,0.889668,0.186811
"DGCR6L",18.6692,21.2646,22.7174,17.4223,24.1249,23.6376,17.9445,18.3113
"DGKA",20.064,21.4751,20.9422,20.3025,18.5673,20.2712,18.172,20.2543
"DGKB",0,0.0209715,0,0.00869592,0,0.0192231,0,0
"DGKD",2.5145,1.76277,2.32086,2.5547,2.29744,2.22264,2.90541,2.17808
"DGKE",1.93922,2.20342,2.21673,2.27218,2.09414,1.7532,1.90202,2.35312
"DGKG",0,0,0,0.0205684,0,0,0,0
"DGKH",2.8997,2.58197,3.10686,2.58535,2.97771,2.05665,3.18797,3.07142
"DGKI",0,0.0576192,0.0135131,0.012343,0.0139852,0.0132121,0,0
"DGKK",0,0,0,0,0,0,0,0
"DGKQ",2.10975,1.90092,2.28511,2.48068,3.01608,2.72359,2.33295,2.22913
"DGKZ",24.3628,26.0592,25.7776,31.1188,31.1184,32.8815,25.8447,24.7219
"DGUOK",37.9007,36.6286,35.3856,40.7951,35.092,35.8204,33.2428,35.832
"DHCR24",38.5206,47.818,38.1635,51.2593,40.8269,51.5551,37.7849,42.9142
"DHCR7",47.6246,44.3718,42.0545,45.5973,44.931,47.6671,42.5104,41.3851
"DHDDS",11.3979,13.8064,12.0365,13.9845,12.787,13.9581,12.4204,12.4507
"DHDH",0.0710638,0,0,0,0,0,0,0
"DHFR",12.5777,10.9139,12.2113,11.8211,11.082,10.9439,12.7262,11.0359
"DHH",0.461965,0.726772,0.638619,1.34132,0.537708,1.25518,0.463478,1.17404
"DHODH",0.860943,0.866004,0.533632,0.72167,1.136,1.17337,0.802009,0.724148
"DHPS",19.6902,17.9752,19.0118,18.453,18.5449,16.8408,16.4648,15.8728
"DHRS1",8.05799,7.93317,6.54693,7.67228,9.45948,8.82032,7.70672,7.30004
"DHRS11",7.49571,6.74554,7.00251,6.57831,7.89573,7.18304,6.11592,6.95715
"DHRS12",1.22179,1.44534,0.897635,0.703467,0.927615,0.95005,0.65444,1.10241
"DHRS13",2.05801,1.99973,2.50518,1.90738,1.77382,2.11994,2.00077,1.90366
"DHRS2",0,0.0450494,0,0,0,0.0411535,0,0
"DHRS3",16.3637,14.5281,17.2969,17.6299,16.7819,16.4646,16.3146,13.3411
"DHRS7",10.9044,13.8307,9.98137,11.8143,10.64,10.4782,9.95526,11.2664
"DHRS7B",3.66883,4.13898,3.65795,4.38545,3.52223,3.2899,2.97411,3.65673
"DHRS7C",0,0,0,0,0,0,0,0
"DHRS9",0,0,0,0,0,0,0,0
"DHTKD1",4.554,4.30246,5.47079,3.5691,5.72783,4.28765,4.54446,4.55827
"DHX15",46.5095,44.2399,44.7292,39.471,44.7003,39.3277,45.4064,42.4376
"DHX16",0,0,0,0,0,0,0,0
"DHX29",7.55181,7.37846,5.84059,6.07894,6.21367,6.65841,6.64029,6.03599
"DHX30",16.1197,15.1694,16.0711,18.5354,18.3734,17.6071,17.4395,15.7936
"DHX32",10.2151,8.6678,8.4349,8.96736,8.22183,7.46098,7.67365,8.39835
"DHX33",6.37019,7.1005,6.86632,5.73801,6.6206,6.7278,6.323,6.91937
"DHX34",6.80845,7.79097,9.23775,8.77582,9.20884,11.0118,8.83801,8.30197
"DHX35",3.33825,4.69413,3.67491,3.66797,2.77262,3.5626,2.71881,3.86735
"DHX36",4.05042,3.98075,3.78829,3.36406,3.10986,3.21311,3.37587,3.77079
"DHX37",4.89117,5.12709,4.38842,5.41196,5.0254,6.88368,4.70139,4.03773
"DHX38",7.7636,8.0206,8.47625,8.86974,8.06022,9.21961,7.6161,8.73067
"DHX40",13.0081,11.5159,13.1069,11.2834,10.9212,10.2999,13.7517,11.5726
"DHX57",6.82498,7.58103,6.70156,6.13077,6.32381,6.478,7.14789,6.35122
"DHX58",0.709994,0.732881,0.59343,0.850952,0.720566,0.756691,0.736779,0.786322
"DHX8",12.1788,13.9344,14.2385,15.5876,13.8186,13.569,13.8667,14.3134
"DHX9",38.3859,38.1188,41.7525,37.6671,36.7172,34.5497,37.6719,38.0025
"DIABLO",23.3382,25.2741,18.3179,21.5971,20.8663,21.9773,24.2271,22.9948
"DIAPH1",29.3585,30.6169,28.1792,29.6472,29.3214,31.0997,29.771,28.4196
"DIAPH2",1.84083,2.19436,2.79359,2.13355,2.84753,2.40514,2.64727,2.58117
"DIAPH3",5.05039,3.44654,5.37021,4.54941,4.7339,3.69621,6.1057,5.47869
"DICER1",7.16389,7.38195,8.20072,7.53713,7.85848,6.5241,8.27575,7.82292
"DIDO1",12.1086,12.768,12.6898,12.8318,12.8141,13.0985,12.9789,11.4927
"DIMT1",3.92612,2.96818,3.01582,1.94588,2.8609,2.78523,2.79876,1.97221
"DIO1",0,0.0455333,0.129484,0.0788425,0,0,0.0471497,0
"DIO2",0.0725119,0.0554367,0.0519558,0,0.0107624,0.0203366,0.0687455,0.0103309
"DIO3",0,0,0,0,0.0340457,0,0,0
"DIP2A",9.15268,7.53815,9.92262,8.04757,10.504,8.19734,8.98269,10.1727
"DIP2B",11.8524,10.5943,13.2675,10.9762,12.1119,10.5042,14.3184,12.192
"DIP2C",2.66917,2.42181,2.28322,2.71624,2.8285,2.74261,2.39687,2.98296
"DIRAS1",0.173642,0.0206681,0.0776931,0,0.160766,0.0947278,0.0213661,0.0386173
"DIRAS2",0,0,0,0,0,0,0,0
"DIRAS3",8.63918,9.96018,7.22654,8.62216,9.42533,8.12893,8.52672,6.94895
"DIS3",5.59424,4.73235,4.94559,3.4541,4.71397,3.70956,5.83482,4.72036
"DIS3L",6.96182,5.98857,6.21823,5.25357,5.26328,5.72084,6.51759,5.35208
"DIS3L2",6.2712,6.04356,6.258,7.19394,6.27974,7.43058,7.22801,6.13574
"DISP1",3.63132,4.23271,4.71212,2.68614,4.5024,4.30873,3.89222,3.70969
"DISP2",0.191184,0.368592,0.197305,0.204247,0.304762,0.411606,0.253925,0.369319
"DIXDC1",3.78626,3.61486,4.03945,3.34543,3.52667,3.43426,3.68825,4.46876
"DKC1",11.6943,11.8368,12.8058,9.95159,11.5713,11.9263,12.3539,11.5636
"DKK1",42.1952,24.3518,43.5945,27.2568,38.7077,22.0097,40.2455,20.9393
"DKK2",0.0538351,0.384453,0.0902874,0.263942,0.168155,0.17623,0.0397411,0.179532
"DKK3",68.8942,82.531,101.312,84.1653,85.5323,62.429,79.6674,80.2289
"DKK4",0,0,0,0,0,0,0,0
"DKKL1",0.803294,1.35184,0.0876972,0.935439,0.412321,0.937691,0,0.665924
"DLAT",10.1762,9.97258,10.0172,9.16022,9.70355,8.00413,9.5639,9.19344
"DLC1",52.7469,41.2343,59.2263,46.2603,58.6531,43.4522,53.1391,48.3898
"DLD",9.80276,8.60401,9.62644,8.20687,8.72621,8.56897,9.50055,8.80344
"DLEC1",0,0,0.0116704,0,0,0,0,0
"DLEU7",0,0,0,0,0,0,0.0708664,0
"DLG1",39.3384,38.3937,46.3184,36.7088,35.7642,38.165,47.8048,46.8232
"DLG2",0.039197,0.0111163,0.0104181,0.02889,0,0.0101975,0,0.0156474
"DLG3",0.479978,0.46426,0.458549,0.769093,0.22515,0.410526,0.323777,0.403859
"DLG4",21.3356,21.6076,22.5981,26.9098,25.5837,25.0537,23.9694,21.8961
"DLG5",2.9154,2.81403,3.02599,3.28988,3.62386,3.23973,3.49681,3.42533
"DLGAP1",2.64846,0.677968,0.395187,1.20796,2.57478,1.4754,0.704615,1.16633
"DLGAP2",0,0.00665208,0,0,0,0,0,0
"DLGAP3",0.0364226,0.0585242,0.0549812,0,0,0.0357684,0.0403317,0.0182208
"DLGAP4",163.281,152.364,181.538,187.561,203.316,190.914,190.592,157.113
"DLGAP5",8.45559,9.08088,10.7587,9.0237,7.19238,8.48886,11.1992,7.80359
"DLK1",0,0,0,0,0,0,0,0
"DLK2",0.247746,0.106265,0.352775,0.276537,0.145233,0.388424,0.110016,0.185846
"DLL1",1.51363,1.14279,1.06379,1.25147,1.92253,1.40406,1.06826,1.09209
"DLL3",0.493134,0.721937,1.00635,0.889432,0.74393,1.00667,0.477457,0.734807
"DLL4",3.21904,3.22258,2.60401,3.63016,3.85169,4.02653,3.41628,3.75838
"DLST",29.5625,28.9464,30.9337,32.5309,34.7833,27.9443,30.3531,30.601
"DLX1",0,0,0.0315706,0.0523251,0.118422,0.0306443,0,0.11374
"DLX2",0.0294096,0.0945466,0.0297092,0,0,0.0288593,0.0325965,0.0590111
"DLX3",0.0257342,0,0,0,0,0,0,0
"DLX4",0,0.0425596,0,0,0.0358104,0,0,0
"DLX5",0,0,0,0,0,0,0,0
"DLX6",0,0.0396826,0,0,0,0,0,0
"DMAP1",13.3587,14.6269,12.2493,15.4564,13.1191,14.9637,10.6054,13.7264
"DMBT1",0,0,0.0330914,0,0.0342515,0,0,0
"DMBX1",0,0,0,0,0,0,0,0
"DMC1",0,0.128215,0.120885,0.0276197,0.0625007,0.117403,0,0.0900379
"DMD",4.894,4.84084,3.4337,3.75479,3.60214,3.28405,5.26761,5.16058
"DMGDH",0,0,0,0.0788446,0,0,0.0474382,0.064327
"DMKN",0,0,0,0,0,0,0,0
"DMP1",0,0,0,0,0,0,0,0
"DMPK",11.9389,10.2769,9.46846,9.54476,12.0975,11.8475,11.2695,11.363
"DMRT1",0.0306127,0,0.123749,0,0,0,0,0.0307216
"DMRT2",0,0,0,0,0,0,0,0
"DMRT3",0,0,0,0,0,0,0,0
"DMRTA1",1.53077,2.08202,1.24899,1.90244,0.86104,1.93542,1.14197,1.77204
"DMRTA2",0,0.0458834,0,0,0,0,0,0
"DMRTB1",0,0,0,0,0,0,0,0
"DMRTC1",0,0,0,0,0,0,0,0
"DMRTC1B",0,0,0,0,0,0,0,0
"DMRTC2",0,0,0,0,0,0,0,0
"DMTF1",18.418,17.7205,21.2661,17.1736,17.5181,15.6723,21.0047,20.3011
"DMWD",18.6189,17.0414,17.9899,16.7108,20.0574,21.6891,19.5409,18.0214
"DMXL1",3.53603,3.01113,3.75809,2.54367,3.08854,2.2802,3.56272,3.06874
"DMXL2",1.81709,1.91542,1.62765,1.58358,1.90181,1.66,2.20493,2.37395
"DNAAF1",0.0276599,0,0.1117,0,0.115517,0.0542908,0,0.0277401
"DNAAF2",1.13987,1.6371,1.64428,0.905514,1.1042,1.24165,1.09461,1.26537
"DNAH10",0,0.00976078,0.0136978,0.0166773,0.00945515,0.0089607,0.0050415,0.00454528
"DNAH11",0.0175681,0.0423231,0.00439934,0.0160687,0.0182205,0.0388546,0.00485776,0.0175181
"DNAH12",0.00658082,0,0,0,0,0.0129355,0.0145601,0
"DNAH14",0.970749,1.63424,1.34679,1.70047,1.2435,1.63091,1.00763,1.05129
"DNAH17",3.65233,2.32757,3.54344,3.38036,3.35203,6.06256,1.81522,3.62202
"DNAH2",0.00923618,0.014834,0.0138785,0.00422432,0.00478992,0,0.0102158,0.00460521
"DNAH3",0.0202292,0,0.0253345,0,0,0,0,0.0100875
"DNAH5",0.0119884,0,0.0160092,0.00730913,0.0041441,0.0157127,0.0132594,0.0119532
"DNAH6",0.0292727,0.0156715,0.0146632,0.00446321,0,0.009591,0,0
"DNAH7",0.00503945,0,0,0.0184419,0,0,0,0.0100518
"DNAH8",0.643919,1.01665,0.784437,0.788515,0.552869,0.864477,0.722064,0.943537
"DNAH9",0,0.0224456,0.0210994,0.0192779,0,0,0,0
"DNAI1",0,0,0,0,0,0,0,0
"DNAI2",0,0,0,0,0.0310975,0,0,0
"DNAJA1",91.3874,91.0127,94.4118,82.9187,77.4048,86.6906,94.3938,85.2559
"DNAJA2",44.1698,44.7371,33.0061,22.5386,28.1893,34.0638,29.793,27.9169
"DNAJA3",15.8894,14.5584,13.1885,15.8674,15.6133,16.0289,14.6856,14.3592
"DNAJA4",3.12206,3.16977,2.8842,3.87216,3.12028,3.08663,2.99537,2.5398
"DNAJB1",39.216,36.0969,35.5439,40.8571,36.0814,37.1705,34.796,34.6881
"DNAJB11",33.6982,34.9419,33.6139,36.5089,30.6147,32.3008,30.4944,32.1839
"DNAJB12",24.5084,21.7537,23.491,26.4794,26.4774,24.4233,24.6402,21.3993
"DNAJB13",0,0,0,0,0,0,0,0
"DNAJB14",9.58608,6.95103,7.79503,5.60284,9.11272,4.57704,7.07544,7.29946
"DNAJB2",5.0984,3.99486,2.35225,4.04948,4.01964,4.20969,3.40927,3.45177
"DNAJB4",31.7349,32.3019,30.192,29.888,33.2025,25.9334,30.675,28.3363
"DNAJB5",6.75198,7.65435,7.8123,9.3854,8.37567,9.95024,7.01388,8.4121
"DNAJB6",79.5593,68.2126,86.3551,74.8185,80.0721,60.0188,84.8597,67.6607
"DNAJB7",0.442116,0.640916,0.314897,0.239836,0.597091,0.536048,0.576335,0.625679
"DNAJB8",0,0,0,0,0,0,0,0
"DNAJB9",3.96659,3.79684,4.13639,3.29215,2.70481,3.08857,2.78371,3.79106
"DNAJC1",6.04308,6.00016,4.89002,4.86202,6.14196,6.09264,6.25132,6.41985
"DNAJC10",27.9066,33.5194,31.9633,27.8301,29.3314,28.5189,31.8352,28.3423
"DNAJC11",13.928,14.9182,13.9506,15.6813,14.3767,16.1235,15.0772,13.957
"DNAJC12",2.66763,4.1353,3.08882,5.88263,3.49771,2.90476,3.66906,3.1446
"DNAJC13",14.9566,14.379,15.0077,13.7319,14.9064,12.7778,16.9823,15.0272
"DNAJC14",9.90437,9.12787,8.19891,7.56236,9.3719,9.65967,9.01751,8.78122
"DNAJC15",16.862,16.4511,15.8655,15.7997,14.186,13.849,14.4821,16.5034
"DNAJC16",8.21852,7.13031,8.97783,8.52208,8.96018,8.30465,8.17048,9.71369
"DNAJC17",12.725,10.7781,10.3098,11.599,10.5536,13.1217,10.3213,11.4375
"DNAJC18",2.98279,3.27417,3.56042,3.38385,2.81285,3.4051,3.2622,3.72078
"DNAJC19",6.22437,7.95583,7.09482,5.11118,4.61695,5.68327,6.00631,6.29252
"DNAJC2",6.60168,7.61594,7.985,5.04151,6.43549,5.32928,7.34176,7.28594
"DNAJC21",5.65171,6.50598,6.19009,5.22604,6.62738,5.68948,5.87449,6.39044
"DNAJC22",0.190628,0.408676,0.154514,0.176566,0.359342,0.411291,0.338303,0.344986
"DNAJC24",1.32316,1.70111,1.59999,1.5025,1.19555,1.38569,1.46566,1.56806
"DNAJC27",0.805373,0.722133,0.697752,1.10815,0.681257,0.610846,0.762044,1.11863
"DNAJC28",0.294151,0.283678,0.369256,0.187561,0.213646,0.41606,0.4489,0.29489
"DNAJC3",14.1601,14.4557,11.0834,10.8454,14.4439,11.0545,8.86764,17.3786
"DNAJC30",17.4566,17.3708,17.4298,20.1049,17.3609,19.0573,14.2007,16.1201
"DNAJC4",63.0173,72.4013,66.8528,77.627,69.8169,72.305,56.6578,69.1767
"DNAJC5",14.3357,12.0955,12.4955,14.4305,15.2263,15.4125,14.5931,13.9153
"DNAJC5B",0,0,0,0,0,0,0,0
"DNAJC5G",0.10293,0.330954,0.451323,0.126934,0.28713,0.336566,0.304347,0.172316
"DNAJC6",2.24764,1.40116,1.71768,1.22021,2.25718,1.42828,1.88103,1.50781
"DNAJC7",32.253,33.3539,33.1676,32.4037,29.1306,30.318,31.6384,28.7063
"DNAJC8",45.0185,46.2139,42.6698,42.3393,34.0073,43.0328,44.7604,43.1785
"DNAJC9",13.3602,12.941,14.895,10.9739,9.49519,11.7279,13.3585,10.9679
"DNAL1",0.889068,0.968639,1.02906,0.653705,0.861422,0.966039,1.03447,0.928457
"DNAL4",13.13,12.4737,9.51549,13.5728,11.0243,8.20714,9.94244,9.01941
"DNALI1",3.96216,4.75905,3.89503,5.11777,3.87066,4.73136,4.02648,4.98276
"DNASE1",0.958631,1.027,0.81551,1.15685,0.865858,0.773886,0.943814,0.767883
"DNASE1L1",19.7798,20.485,18.0868,22.6505,18.6033,21.4,17.0138,19.8798
"DNASE1L2",0.719643,0.296863,0.620603,0.154822,0.349574,0.596481,0.491914,0.894283
"DNASE1L3",0.151326,0.0767039,0.164131,0.402263,0.0846362,0.156166,0.0888669,0.144914
"DNASE2",10.727,13.2968,12.4494,16.9899,16.8857,13.5821,11.5142,12.1518
"DNASE2B",0,0.166425,0,0,0,0,0,0
"DND1",1.37298,1.04466,1.34904,1.31576,2.27677,1.95376,1.52365,0.981124
"DNER",0.0200894,0,0,0.0369648,0.0209295,0,0.155743,0.0201091
"DNHD1",0.52997,0.48004,1.1668,0.576833,0.726977,0.510822,0.698501,0.537972
"DNLZ",8.35897,6.38071,7.32619,5.09567,5.19927,8.74246,5.68303,6.83805
"DNM1",0.747924,0.734245,0.813392,0.789486,0.640098,0.749168,0.914272,0.636023
"DNM1L",12.5716,14.2352,14.7812,12.9145,12.4628,11.8173,14.946,12.6028
"DNM2",51.2332,55.5264,52.2334,56.9269,56.0214,60.4678,55.0648,54.6767
"DNM3",0.980173,0.738076,0.64441,0.421509,0.407355,0.312719,0.353998,0.610351
"DNMBP",41.3833,39.9637,43.4012,41.5852,44.2105,43.8311,43.208,41.5134
"DNMT1",21.9467,23.5215,21.3353,22.6238,20.7561,23.7247,20.9752,22.2263
"DNMT3A",7.17844,6.85323,6.40263,6.23482,6.99848,6.85549,6.84689,7.17701
"DNMT3B",2.63978,3.61801,2.73804,3.28584,3.41575,3.49826,2.89168,3.32245
"DNMT3L",0,0,0,0,0,0,0,0.0831845
"DNPEP",13.1739,13.3348,11.0562,14.6328,14.7927,14.253,14.9464,12.7423
"DNTT",0,0,0,0,0,0,0,0
"DNTTIP1",40.909,38.6013,36.2933,40.4597,37.1746,37.0416,33.6249,36.7
"DNTTIP2",5.95771,6.66782,5.28783,5.53859,5.08606,5.00985,5.48329,4.39473
"DOC2A",0.59754,0.782725,0.772292,0.736581,1.07617,1.36781,0.883336,0.700049
"DOC2B",0,0.0769735,0.220548,0,0,0.280736,0,0
"DOCK1",22.7647,25.068,27.5918,33.2796,30.1147,25.3258,26.9793,24.1171
"DOCK10",3.79074,6.24256,5.41255,6.3406,4.16938,5.74646,5.6823,6.14524
"DOCK11",0.219819,0.317283,0.253978,0.22772,0.228321,0.299363,0.21151,0.242987
"DOCK2",0.0730573,0.0894171,0.0104755,0.11481,0.0325294,0.0820377,0,0.0521194
"DOCK3",0.159752,0.139948,0.131038,0.159558,0.134937,0.214076,0.159817,0.209013
"DOCK4",21.9513,19.9287,23.2973,21.1556,23.8244,19.9301,22.5873,22.7682
"DOCK5",1.416,1.63792,1.4024,1.4707,1.55703,1.55562,1.2277,1.52757
"DOCK6",39.5244,46.5118,41.7084,51.3626,49.4709,50.8435,47.1274,50.5196
"DOCK7",4.62226,3.92952,5.81009,4.32749,4.50826,3.70653,6.04233,4.32839
"DOCK8",1.41698,1.31703,1.5059,1.26649,1.17138,1.1678,1.36501,1.51641
"DOCK9",46.8088,40.8884,52.5471,43.479,50.371,37.0599,51.2981,50.9566
"DOHH",1.76579,1.89564,1.54982,2.60877,1.48566,2.32333,1.15599,1.65702
"DOK1",4.12204,3.48281,3.05314,4.53656,4.3224,3.32413,3.50779,2.66375
"DOK2",0.118576,0.29659,0,0.0732579,0.082819,0.387592,0.219228,0.198764
"DOK3",3.56207,4.26509,3.2091,6.52884,3.6197,5.89062,4.06694,5.01182
"DOK4",6.87917,7.1781,5.92982,7.52288,6.26684,7.40749,6.34259,5.76342
"DOK5",8.51342,9.83479,6.41711,9.71239,10.1032,9.74028,6.26974,8.67346
"DOK6",0,0.0151427,0.0070889,0,0.00733891,0,0,0
"DOK7",0.0261905,0,0,0,0,0.102992,0,0
"DOLK",18.7812,18.6374,17.421,19.4316,17.3031,19.3675,17.6344,15.005
"DOLPP1",9.45851,8.21404,8.04058,8.71998,7.79395,8.04744,7.36304,9.15158
"DONSON",16.4019,13.5698,15.3353,13.1142,12.8479,14.2518,15.0039,12.7086
"DOT1L",6.7814,6.50672,7.03409,8.44431,8.42924,8.73498,8.1848,7.29006
"DPAGT1",71.2267,71.2272,75.2061,70.808,68.7282,73.281,79.068,76.4426
"DPCD",32.2503,32.5829,31.1075,29.6941,20.9997,25.3216,28.2508,32.1235
"DPEP1",0,0,0,0,0,0,0,0.086351
"DPEP2",0.0822846,0.044106,0.417274,0,0.172494,0.121027,0,0.0827925
"DPEP3",0,0,0,0,0,0,0,0
"DPF1",1.48597,1.50866,1.1409,1.02087,1.57353,1.11737,1.53866,0.759083
"DPF2",45.3755,47.4296,49.9751,49.6772,48.64,47.9898,47.046,48.7638
"DPF3",4.59275,3.2737,4.42275,3.85764,3.23337,3.42822,4.31787,3.77577
"DPH2",4.14242,4.48298,2.96163,4.32051,3.84477,4.6236,3.54983,4.71571
"DPH3",5.00293,4.71179,5.21185,4.24634,4.6026,4.23046,4.48739,4.3195
"DPH5",11.2014,8.70074,9.88141,10.7025,10.1332,9.25349,7.35413,10.1958
"DPM1",17.5587,20.5044,18.8727,11.555,15.8179,18.3859,13.0252,19.4546
"DPM2",100.277,98.301,102.266,132.577,100.245,111.842,103.884,99.1399
"DPM3",55.6444,60.2207,67.7417,71.3225,54.5041,52.733,44.3382,44.3193
"DPP10",0,0,0,0,0,0,0,0
"DPP3",13.0484,13.1873,12.4329,16.1212,13.9273,13.8386,11.9271,12.072
"DPP4",2.43738,2.378,2.10787,2.72972,2.44539,2.01334,2.06539,2.60998
"DPP6",0,0.0465779,0.0145646,0,0,0.0427161,0.0160416,0
"DPP7",17.6501,19.6968,19.2657,21.4799,20.8932,22.1319,15.904,16.438
"DPP8",8.29053,7.50899,7.97967,6.95251,6.58483,6.49896,7.5067,7.84757
"DPP9",22.5598,21.8346,23.2111,26.2599,26.2756,27.1963,21.735,22.8785
"DPPA2",0,0,0,0,0,0,0,0
"DPPA3",0.224638,0.160727,0,0.0703254,0,0,0,0
"DPPA4",0,0,0,0.0217459,0,0,0,0
"DPPA5",0,0,0,0,0,0,0,0
"DPRX",0,0,0,0,0,0,0,0
"DPT",0,0,0,0,0,0,0,0
"DPY19L1",21.1416,20.152,23.1701,19.4026,19.1582,18.1367,19.7054,21.1517
"DPY19L2",0.0669776,0.0538068,0.0482145,0.123089,0.0174249,0.180904,0.055617,0.0502405
"DPY19L3",25.3285,21.4307,25.5974,26.619,29.3107,20.9644,23.246,28.3082
"DPY19L4",5.79031,7.96045,6.21674,7.05904,5.27792,6.04227,6.63073,5.4226
"DPY30",25.0264,22.2703,24.2203,21.8419,20.5449,20.8443,23.2451,20.1832
"DPYD",8.85251,10.1141,11.3425,9.49475,9.85324,7.6731,11.1961,9.64343
"DPYS",0,0,0,0,0,0,0,0
"DPYSL2",68.3108,39.1603,53.2587,47.182,55.6107,46.8591,53.179,50.1339
"DPYSL3",56.5945,52.0609,58.1866,57.1232,55.5613,52.3094,56.7623,52.281
"DPYSL4",12.7521,15.9292,14.8563,18.4879,17.3371,18.1003,14.3567,15.6745
"DPYSL5",0,0,0,0,0,0,0.0138242,0.0124785
"DQX1",0.0253934,0.0544161,0.0256171,0,0.185469,0.024925,0.0281356,0
"DRAM1",18.9531,17.1264,18.6319,19.8787,19.6667,17.6266,20.1952,17.0084
"DRAM2",10.0376,10.024,10.1673,10.0214,10.635,8.1737,8.33039,10.1336
"DRAP1",93.8183,98.0232,101.004,93.1235,100.796,112.973,95.8231,85.2867
"DRD1",0,0,0,0,0,0,0,0
"DRD2",0,0.0549095,0.0517021,0.0472448,0.0267328,0,0,0.0256791
"DRD3",0,0,0,0,0,0,0,0
"DRD4",0.0536159,0.115003,0,0,0.0564012,0,0.119093,0.0541114
"DRD5",0,0,0,0,0,0,0,0
"DRG1",58.9433,62.7246,59.5447,64.6849,59.5817,50.7208,58.8583,55.2443
"DRG2",16.008,19.9762,18.2244,20.9258,19.369,20.4373,15.8737,19.1049
"DRGX",0,0,0,0,0,0,0,0
"DROSHA",39.0832,37.5806,45.8745,41.1843,43.4358,38.0811,45.2488,38.5321
"DRP2",0.673968,1.06454,1.02109,1.14515,0.878781,1.07375,0.71714,1.19522
"DSC1",0,0,0,0,0,0,0,0
"DSC2",0,0.0131762,0,0,0,0,0,0.0246
"DSC3",0.036523,0,0.00913574,0.0167229,0.0284448,0.0538419,0.0201987,0.0182218
"DSCAM",0.00890414,0,0,0.0244736,0,0,0.00985212,0.0177772
"DSCAML1",0,0,0.00921423,0,0,0,0,0
"DSCC1",4.23015,1.40966,3.62413,0.334104,1.4764,2.82461,1.84784,1.04847
"DSE",4.47999,4.29991,4.80844,4.3957,4.73669,4.28382,5.12904,4.15273
"DSEL",0.737966,0.60897,0.739792,0.607403,0.913454,0.645429,0.74149,0.526889
"DSG1",0,0,0,0,0,0,0,0
"DSG2",0,0,0,0.0414091,0,0,0,0
"DSG3",0.0575259,0.07393,0.0924169,0.0844088,0.0358705,0.0339111,0.0254657,0
"DSG4",0,0,0,0,0,0,0,0
"DSN1",5.53646,3.46648,6.22802,4.65523,3.73754,3.45241,5.59442,4.14973
"DSP",0.222961,0.0897965,0.127985,0.160249,0.167361,0.140661,0.237627,0.150811
"DSPP",0,0,0,0,0,0,0,0
"DST",25.5263,23.5541,26.6236,22.358,21.7587,21.5883,26.5785,23.2541
"DSTN",132.344,127.643,135.007,119.394,120.68,102.407,126.731,120.23
"DSTYK",2.02369,1.8799,1.66679,1.63724,2.06556,1.72054,2.20714,1.96204
"DTD1",33.6311,33.2759,32.839,28.8026,32.9051,29.444,28.7538,30.9231
"DTHD1",0,0,0,0,0,0,0,0
"DTL",10.5771,11.5803,10.1674,11.577,9.00883,11.6544,10.6769,12.6348
"DTNA",2.36827,2.24088,1.29499,1.29178,2.45356,1.66935,2.46413,2.42568
"DTNB",6.45427,6.07625,6.48172,5.83038,8.03635,5.43314,7.50035,4.87425
"DTNBP1",7.56758,7.25538,5.89602,7.55532,7.28629,6.74058,7.75704,5.10522
"DTWD1",2.95701,3.40342,3.00184,3.70307,2.96737,2.14534,2.20389,2.6257
"DTWD2",0.670845,0.6494,0.660939,0.875951,0.965711,0.44358,1.04238,0.773452
"DTX1",0.0199847,0,0.0804953,0,0,0.0196234,0.0221328,0.0400075
"DTX2",6.69312,7.86224,8.23928,7.61524,7.5562,8.04765,7.69658,8.08086
"DTX3",3.61047,2.62879,4.12302,2.89456,3.72126,4.15668,4.40496,3.18505
"DTX3L",7.91363,7.40233,6.93903,6.86396,7.47519,6.64764,7.02347,6.69182
"DTX4",0.121021,0.153172,0.132538,0.191665,0.0914568,0.0864764,0.133928,0.230753
"DTYMK",28.066,26.2885,28.368,30.0429,24.3817,29.0228,24.6642,22.9314
"DUOX1",0.0116493,0,0.0116974,0.0213678,0.0121073,0.0343356,0,0
"DUOX2",0,0,0,0,0,0,0,0
"DUOXA1",0.0369324,0,0,0,0,0,0,0
"DUOXA2",0,0,0,0,0,0,0,0
"DUS1L",25.0082,18.5285,19.1614,23.1392,18.2701,27.7265,18.4124,19.4941
"DUS4L",2.53608,2.91186,1.95242,3.03902,1.73498,2.36996,2.30906,1.96923
"DUSP1",19.6179,13.8706,19.074,14.7016,19.0797,13.2956,21.0447,13.8856
"DUSP10",3.31962,2.59406,3.19732,2.78357,3.20289,3.45449,3.06959,2.70148
"DUSP11",25.4535,27.4862,30.4804,24.43,26.3321,23.8847,23.7945,26.092
"DUSP12",10.2261,11.7231,11.0775,9.84292,9.33467,8.53073,8.94256,11.2495
"DUSP14",67.2008,56.6375,65.4902,57.0238,64.5625,56.5567,58.6529,57.751
"DUSP15",0,0.0680906,0,0,0,0,0.0705432,0.128443
"DUSP16",1.88413,1.94908,2.36072,1.41644,1.8057,1.8894,1.73815,1.75421
"DUSP18",12.6307,12.7594,13.9126,12.9669,10.9307,11.9746,14.3513,12.8568
"DUSP19",0.528302,0.556319,0.43188,0.63532,0.702415,0.608604,0.513012,0.871187
"DUSP2",0.0418148,0,0.0848391,0,0.175348,0.0819956,0,0
"DUSP21",0,0,0,0,0,0,0,0
"DUSP22",14.6147,13.9986,15.0213,13.3943,14.367,15.1237,13.2899,12.4395
"DUSP23",27.6899,40.4983,33.5041,39.5442,29.6563,34.0195,22.7386,38.3441
"DUSP26",0,0,0,0,0,0,0,0
"DUSP28",1.37637,1.08221,1.07197,0.937611,1.97433,0.854436,0.661974,1.5251
"DUSP3",23.2353,23.2008,23.9586,24.1349,26.203,24.9848,20.2778,21.6044
"DUSP4",7.06042,9.41108,7.34047,10.3226,7.26087,10.6036,8.09929,9.88295
"DUSP5",6.5068,7.73188,7.1273,8.62693,7.61232,8.11845,6.65101,6.695
"DUSP6",18.8156,20.922,23.4397,22.7632,21.1359,20.1143,24.4752,21.4146
"DUSP7",21.4604,16.1471,20.1921,19.0345,21.727,18.6731,18.6516,17.1881
"DUSP8",1.47046,0.646563,1.63265,1.07388,1.3403,0.58577,1.68783,0.702337
"DUSP9",0,0,0,0,0.0296332,0.055694,0.0943445,0.0853842
"DUT",29.9767,27.5837,31.1389,26.6905,29.45,23.7713,23.9248,30.654
"DUX4",0,0,0,0,0,0,0,0
"DUXA",0.0588426,0,0,0,0.0408633,0,0,0.0196311
"DVL1",3.73539,3.44626,3.50169,3.71919,4.46849,3.37218,3.32928,3.75662
"DVL2",7.98594,7.20866,7.7466,7.99054,8.08514,8.41715,6.67706,7.01454
"DVL3",48.4047,41.0852,51.9863,48.5352,54.395,51.7678,55.8331,49.5067
"DYDC1",0,0,0,0,0,0,0,0
"DYDC2",0,0,0,0,0,0,0,0
"DYM",23.7522,25.5337,27.1328,23.8048,24.9665,21.7814,26.1641,28.5901
"DYNC1H1",47.7082,51.0817,52.7547,49.4479,50.6483,52.2644,53.6458,45.7178
"DYNC1I1",2.88906,1.82966,3.14877,2.04501,1.92047,1.89509,2.72626,1.74429
"DYNC1I2",39.2486,32.9033,41.5702,36.065,40.558,30.5858,40.4382,31.7524
"DYNC1LI1",10.1444,9.08701,11.3223,9.75252,9.35658,7.24339,9.15959,8.28763
"DYNC1LI2",40.5324,37.5368,41.9877,33.7678,39.7145,30.416,42.9176,39.2032
"DYNC2H1",0.336772,0.305621,0.368082,0.321981,0.46853,0.407188,0.285156,0.417811
"DYNC2LI1",3.12445,3.2376,4.33576,4.79652,4.15523,3.16394,3.33268,4.42984
"DYNLL1",504.902,554.414,510.382,496.542,427.333,444.883,383.399,498.459
"DYNLL2",13.8413,15.4497,11.7596,14.8434,13.4095,13.8983,14.9279,13.302
"DYNLRB1",475.08,408.634,450.925,382.284,455.376,408.322,455.353,384.008
"DYNLRB2",0,0.235387,0,0,0.481441,0,0,0.22918
"DYNLT1",106.264,105.655,104.011,89.7108,89.2103,106.895,89.9742,94.6636
"DYNLT3",3.53103,3.38918,4.68568,4.5377,3.75411,3.073,3.88005,3.35878
"DYRK1A",12.0574,12.2592,12.9418,11.5036,13.1931,12.0951,11.9352,13.1582
"DYRK2",1.41438,1.40178,1.5249,1.39212,1.26423,1.17683,2.00476,1.61542
"DYRK3",3.05274,3.60673,3.17819,3.22713,3.59568,3.51025,3.84584,2.93401
"DYRK4",13.3241,14.2031,13.2214,13.0206,10.597,13.9238,11.1787,11.4476
"DYSF",54.8357,81.9138,57.0926,74.9872,64.7587,86.2006,58.3396,69.4589
"DYTN",0.0334678,0.0717383,0.0338554,0.123779,0,0.065665,0,0.100831
"DZANK1",0.542126,0.360458,0.376318,0.240655,0.525634,0.550728,0.455425,0.430236
"DZIP1",4.82477,5.98786,4.85287,4.95493,5.22924,6.06003,4.60043,5.88543
"DZIP1L",0.876169,0.348462,0.564526,0.983357,0.609355,0.763106,0.828309,0.696793
"DZIP3",1.50872,2.10794,1.76698,2.05696,1.43171,1.75901,1.74193,2.19323
"E2F1",4.39985,4.05207,4.43759,3.98655,4.92763,4.94975,4.32699,3.98804
"E2F2",0.615844,1.42917,0.984179,0.899068,1.38689,0.790421,0.614253,0.742176
"E2F3",9.25646,9.80032,10.7204,10.6068,10.4463,9.26341,10.6535,10.0718
"E2F4",76.3493,76.3527,78.5255,85.2953,78.185,82.1352,73.5536,73.3572
"E2F5",2.33824,2.55293,2.95718,2.33884,2.54794,2.64571,2.2568,2.45028
"E2F6",1.4892,1.49432,1.5409,1.54592,1.90591,1.43876,1.53379,1.68539
"E2F7",12.7551,12.2127,12.5021,12.4481,10.3839,12.4311,13.0267,12.713
"E2F8",13.7863,14.9883,11.5634,12.9438,11.6167,13.4345,12.3255,12.8605
"E4F1",6.75906,4.82815,6.32784,6.04328,7.22018,9.07849,8.83785,4.25351
"EAF1",9.89904,9.8099,10.7195,9.95633,11.2058,8.95798,9.70962,10.2634
"EAF2",0,0,0.0784995,0,0.0809746,0,0,0.155218
"EAPP",12.9341,14.3119,14.3598,13.5705,11.2798,13.1394,12.8498,15.602
"EARS2",2.50756,2.99465,2.65294,2.58969,2.84815,3.42671,2.5447,3.22858
"EBAG9",2.15537,2.19561,1.68991,2.71769,1.87423,1.87683,1.97115,2.30959
"EBF1",0.272357,0.467871,0.290607,0.345705,0.244515,0.458408,0.178128,0.599566
"EBF2",0.0131836,0,0,0,0,0,0.0291847,0.0131743
"EBF3",5.81742,9.1281,8.81917,6.48633,10.7704,5.20834,8.53242,8.41905
"EBF4",0.34321,0.410297,0.311749,0.587259,0.332541,0.281107,0.18855,0.561055
"EBI3",0.667358,0.572831,0.0682815,0.124967,0.0704708,0.457247,0.074199,0.472995
"EBLN1",0,0,0,0,0,0,0,0
"EBLN2",0.764651,0.774282,0.732781,1.02469,0.356364,0.458136,1.13125,1.36828
"EBNA1BP2",19.5015,27.5113,20.5132,22.2554,20.3023,24.3915,22.5491,21.9241
"EBPL",6.94548,8.32533,5.51197,9.10549,5.45442,4.68345,6.38252,6.23054
"ECD",21.2471,19.1734,18.5967,20.3207,16.4403,15.9904,20.3216,17.5281
"ECE1",173.142,175.553,176.582,188.845,199.552,180.902,182.626,173.931
"ECE2",6.03708,7.33287,3.99996,5.82923,6.73538,6.83621,5.83525,7.01935
"ECEL1",0,0,0,0,0,0,0.0257344,0
"ECH1",49.5126,43.7238,40.783,45.7516,41.947,48.1391,39.5312,39.381
"ECHDC1",5.50402,6.08613,5.15952,5.38283,5.58326,4.72412,5.44416,6.09302
"ECHDC2",0.822288,0.858767,0.750583,0.689581,0.883952,0.388865,0.520921,1.15015
"ECHDC3",1.14973,0.967459,0.813386,1.0606,1.10416,1.62055,1.14689,0.920717
"ECHS1",51.564,58.1463,53.4501,53.781,53.6287,52.6737,48.9353,51.2249
"ECI1",10.5064,11.1624,8.55759,9.22593,8.7734,13.2652,7.69881,7.46732
"ECI2",35.5522,41.7046,37.8133,36.5045,30.1849,32.0139,31.5926,36.01
"ECM2",0,0,0.0761835,0,0,0.0247107,0,0
"ECSCR",845.505,899.883,909.328,929.078,810.673,828.064,782.186,883.421
"ECT2",16.5579,16.1354,20.8941,16.7065,16.097,15.8478,18.0205,19.3157
"ECT2L",0.0148696,0.0159269,0,0.0409684,0.0309412,0.0146058,0.0329274,0.0743441
"EDA",0.389023,0.311766,0.605313,0.31151,0.504564,0.309837,0.349208,0.44858
"EDA2R",5.88812,6.02273,4.25219,6.48511,4.62268,5.276,4.86982,6.04899
"EDAR",0.0307084,0.0493377,0,0,0,0.0150813,0.033996,0
"EDARADD",0.0688571,0,0.0242188,0,0.050103,0,0,0
"EDC3",15.7729,15.331,15.0874,16.6283,15.2192,15.2122,14.7335,15.1028
"EDC4",14.2422,13.6272,14.6111,16.7627,16.2243,17.1387,14.6524,14.8057
"EDDM3A",0,0,0,0,0,0,0,0
"EDDM3B",0,0.0971147,0,0,0,0,0,0
"EDEM1",10.7331,10.0908,10.8723,9.1357,10.3021,9.30861,9.75248,10.3854
"EDEM2",20.9553,20.4251,19.3281,25.0125,17.1576,20.0037,18.6092,20.0524
"EDEM3",4.61569,4.52788,4.67994,3.85921,4.90614,3.85894,5.07568,4.4107
"EDF1",576.314,602.951,546.548,513.266,469.439,525.091,450.082,494.372
"EDIL3",14.0614,15.1781,19.0517,17.8421,17.5248,12.7502,19.2799,20.0309
"EDN1",156.511,132.017,161.706,133.228,161.97,122.808,167.002,140.647
"EDN2",0,0,0,0,0.0630599,0,0,0
"EDN3",0,0,0,0,0,0,0,0
"EDNRA",0,0.0835714,0,0,0,0.0334251,0.0394716,0
"EDNRB",0.590451,0.797662,0.270661,0.39591,0.311452,0.446617,0.367969,0.241474
"EEA1",5.83194,5.58683,6.10001,5.74971,5.38841,4.75367,5.84501,6.06358
"EED",4.63534,5.92144,5.20116,3.57254,3.74629,4.59695,4.34759,5.03123
"EEF1A1",2349.51,2360.45,2234.12,2278.71,2152.49,2176.74,2183.14,2250.53
"EEF1A2",14.9869,15.6599,14.1883,14.8583,14.3097,16.2901,11.8074,14.9147
"EEF1B2",514.97,482.288,405.164,332.168,339.3,432.021,363.018,363.602
"EEF1D",104.578,114.966,105.344,130.885,115.792,125.641,100.959,111.033
"EEF2",720.075,785.838,701.142,0,758.245,831.437,724.603,721.709
"EEF2K",14.475,13.2097,13.8435,15.796,14.7328,14.4035,15.8413,15.2076
"EEFSEC",10.3556,12.2264,10.3644,15.6326,9.92014,14.4609,10.5125,13.0148
"EEPD1",0.0411878,0.102933,0.0827737,0.0630058,0,0.148354,0.0151971,0.150935
"EFCAB10",0,0.120659,0.583571,0,0,0.876524,0,0.229965
"EFCAB11",2.56979,1.24333,0.805888,1.35495,1.65791,2.12913,3.44646,1.18894
"EFCAB2",2.73431,2.70721,3.52745,2.7211,2.44012,2.32388,3.10202,3.96908
"EFCAB3",0.138775,0.0991959,0.234995,0.0859518,0.0485543,0.136021,0.102685,0.0465976
"EFCAB5",0,0.0371616,0,0.0639521,0.0179857,0.119589,0.0577838,0.0348024
"EFCAB6",0.0281874,0.0430965,0.0404326,0.160036,0.0541652,0.05271,0.043247,0.0911008
"EFCAB7",1.34607,1.53467,1.32993,1.16254,1.04643,1.12373,0.888373,1.20646
"EFCAB9",0,0,0,0,0,0,0,0
"EFEMP1",3093.35,2747.93,3264.26,2786.99,3041.85,2456.54,3034.7,2825.45
"EFEMP2",55.2005,59.3267,55.8647,61.204,61.3089,65.0374,58.954,61.2681
"EFHB",0,0,0,0,0.0242607,0,0,0.0233065
"EFHC1",5.61651,5.7273,5.9507,4.67457,5.97397,4.2129,5.0935,5.73794
"EFHC2",0,0.0433263,0.0407284,0.0372102,0.0210682,0,0,0.0404845
"EFHD1",0.22241,0.380529,0.451665,0.289094,0.0933375,0.26163,0.0493635,0.179169
"EFHD2",34.4514,39.515,32.3358,35.7226,32.9457,40.649,30.1175,32.4263
"EFNA1",38.5881,33.0397,42.7407,42.5609,42.1212,41.451,42.8273,42.0397
"EFNA2",0.66959,0.478398,1.1283,0.883925,0.999947,0.750801,0.706954,0.864234
"EFNA3",2.94353,2.86372,2.731,3.50221,4.00621,3.91587,2.91443,3.14924
"EFNA4",29.4566,29.8119,30.838,40.8264,31.2233,33.5709,25.2374,35.425
"EFNA5",5.70657,8.94751,6.77984,8.26135,6.21106,6.73098,8.28446,7.42447
"EFNB1",6.25354,6.46771,5.57802,7.01413,4.86607,7.99719,3.97651,6.13183
"EFNB2",23.6659,21.0586,21.822,19.3018,23.7564,20.9882,18.901,22.6406
"EFNB3",1.53511,1.54603,1.50117,1.73663,1.89235,2.19597,1.72613,1.85287
"EFR3A",14.3037,14.318,15.6232,14.6954,13.7652,13.272,15.2819,15.4318
"EFR3B",0.799031,1.25546,0.842654,1.22669,0.641954,1.5159,0.506353,1.58506
"EFS",0,0,0,0,0,0,0,0
"EFTUD2",26.5014,28.9527,29.078,30.3473,25.3418,28.8091,26.1251,26.2149
"EGF",0,0.0128394,0,0,0,0.0344948,0.0530886,0
"EGFL6",0,0,0,0,0,0,0,0
"EGFL7",207.356,228.392,191.003,280.584,268.303,319.334,205.987,210.463
"EGFLAM",0.177925,0.190648,0.179734,0,0,0.0872877,0.13146,0.356996
"EGFR",3.53501,2.84671,4.22724,2.84316,3.69709,3.05428,4.41045,3.31717
"EGLN1",15.2115,14.4982,15.6147,11.9075,14.3683,11.1974,16.0449,11.6785
"EGLN3",0.0245011,0.105005,0.0741285,0.0451567,0.178907,0.144304,0.10858,0.0491031
"EGR1",12.3421,8.15398,14.7358,8.10782,14.9666,10.4045,16.1316,8.06253
"EGR2",0.0990268,0.0795745,0.374557,0.32886,0.0516502,0.097204,0.263633,0.0992367
"EGR3",0.182962,0.0356308,0.404584,0.168109,0.140499,0.0980137,0.350829,0.149715
"EGR4",0,0,0,0,0,0.0279373,0,0
"EHBP1",3.23102,3.98957,4.15643,3.23335,3.5558,2.98183,4.27682,4.11477
"EHBP1L1",1.54567,1.36405,1.61452,1.59927,1.15686,2.22742,1.2592,1.69252
"EHD1",55.1591,64.4404,63.4946,68.036,68.8708,68.3016,66.1084,63.0484
"EHD2",285.562,324.169,277.009,336.8,341.748,385.472,307.534,307.307
"EHD3",4.27513,3.18939,3.19607,2.70439,4.55374,2.85943,2.92855,2.87742
"EHD4",58.8867,65.4771,65.0381,64.1317,64.4586,63.3393,61.2763,59.8927
"EHF",0,0,0,0,0,0,0,0
"EHHADH",0.456105,0.651414,0.543762,0.403592,0.580239,0.763178,0.467593,0.777222
"EHMT1",13.1296,13.6868,14.5626,13.1989,16.1111,15.5403,13.9262,14.3967
"EHMT2",0,0,0,0,0,0,0,0
"EI24",92.4654,85.5525,86.0785,90.0709,77.3871,84.3932,87.6651,92.9983
"EID1",39.0744,42.5792,36.1387,36.1798,34.6875,32.2936,32.7901,34.301
"EID2",7.36897,5.61051,7.07083,5.98395,4.99942,5.96371,6.55058,5.90576
"EID2B",0.372463,0.558933,0.603618,0.51731,0.38996,0.584477,0.413094,0.224638
"EID3",0.684259,0.890984,0.695847,0.727296,0.667473,0.766389,0.705516,1.08394
"EIF1",11640.3,9480.23,8898.92,8802.19,11815.5,12770.5,11967.5,10881.8
"EIF1AD",9.82058,8.45418,9.74805,9.12783,8.45541,10.4086,9.8639,8.62972
"EIF1AX",12.2494,11.4181,10.5949,10.3945,9.61923,9.85884,10.9348,9.89947
"EIF1AY",0,0,0,0,0,0,0,0
"EIF1B",49.2765,43.5219,39.9168,35.5031,39.532,45.3266,42.8885,36.0664
"EIF2A",14.3417,13.3394,15.0802,14.284,13.3289,12.294,14.5704,12.2234
"EIF2AK1",29.0052,26.2299,28.1647,30.2932,27.6109,27.6732,32.1113,25.4761
"EIF2AK2",8.55998,8.54569,8.37976,7.78901,7.87045,7.87381,8.99831,8.85914
"EIF2AK3",3.84243,3.90193,4.10786,3.65647,3.56925,2.75512,4.78647,3.99805
"EIF2AK4",24.4774,25.2647,26.5022,25.41,25.4389,23.772,26.2347,25.7485
"EIF2B1",28.4497,27.1059,23.2664,22.9148,23.1405,22.9576,25.123,25.0785
"EIF2B2",40.7987,37.923,41.8769,36.9936,38.0399,34.2009,37.9529,33.6366
"EIF2B3",5.95942,6.09909,4.90825,4.78378,5.10771,4.954,6.49908,6.00038
"EIF2B4",28.8432,28.1411,30.821,31.2702,27.605,29.7546,25.6518,26.177
"EIF2B5",7.92065,9.56301,8.65016,10.6499,9.12911,9.78845,8.15598,8.52986
"EIF2D",35.8053,38.0541,35.3416,39.7862,34.4969,35.7817,35.962,35.2095
"EIF2S1",13.9141,13.9355,14.3917,13.0358,11.9664,10.7041,14.5427,11.7485
"EIF2S2",19.8332,23.4775,25.027,22.3354,21.5488,23.4032,21.8602,19.4871
"EIF2S3",95.4016,97.3168,95.2629,88.7351,88.4722,89.2085,92.5351,89.7925
"EIF3A",32.2406,31.8423,31.8813,28.0242,29.9507,28.0368,35.1886,30.5944
"EIF3B",34.8134,38.2121,36.08,35.4624,34.1515,38.591,31.9624,36.2445
"EIF3D",157.194,169.157,168.416,177.235,163.373,157.767,162.954,162.489
"EIF3E",72.7166,82.3435,71.2805,64.8411,61.0882,62.5338,73.5157,78.1268
"EIF3F",712.623,734.072,747.551,832.068,801.976,749.247,694.424,650.351
"EIF3G",196.202,202.121,173.798,214.46,203.806,215.343,175.771,195.208
"EIF3H",124.526,136.931,129.693,136.189,108.976,110.592,117.785,121.358
"EIF3I",123.83,135.842,130.399,126.377,107.862,117.52,113.998,123.197
"EIF3J",4.35218,5.08473,4.49757,5.00442,4.87052,4.47754,3.95097,4.88864
"EIF3K",162.827,163.674,161.285,156.977,131.537,141.411,144.76,145.77
"EIF3L",217.56,222.862,215.498,207.623,193.914,206.706,210.365,208.775
"EIF3M",49.5617,56.2687,50.3342,46.9086,40.2823,42.1129,41.8494,51.9136
"EIF4A2",136.182,129.032,129.061,109.328,121.578,102.784,123.108,139.764
"EIF4A3",30.7524,30.7545,30.4853,28.9215,29.0892,28.5276,31.1985,27.1101
"EIF4B",138.847,143.074,138.696,140.208,141.541,128.478,139.676,143.538
"EIF4E",9.43204,9.37631,10.6874,9.60823,10.4737,9.57163,10.3134,9.12064
"EIF4E1B",0,0,0,0,0,0,0,0
"EIF4E2",24.0376,25.1263,27.2214,25.1971,22.4444,25.7292,28.2841,25.9334
"EIF4E3",2.31621,2.34932,2.35037,1.48498,2.22808,1.95921,2.06531,1.97763
"EIF4EBP1",465.992,470.756,457.918,435.187,404.552,412.788,389.78,427.574
"EIF4EBP2",99.0589,88.4373,100.644,88.6879,102.125,85.717,98.5469,97.2836
"EIF4ENIF1",11.007,8.98153,11.4927,10.9798,10.7296,10.9355,10.9794,10.708
"EIF4G1",120.133,129.926,122.215,135.613,137.569,151.536,131.3,123.312
"EIF4G2",416.842,402.946,462.112,395.356,414.009,371.62,465.451,404.384
"EIF4H",116.15,120.797,115.674,107.797,112.618,124.62,124.782,115.887
"EIF5",34.237,36.0866,37.1447,35.2284,35.6108,30.5221,32.7206,33.193
"EIF5A",181.037,205.385,185.965,203.258,186.591,203.034,179.488,183.52
"EIF5A2",1.89806,1.24121,2.08873,1.84681,2.25194,1.07668,2.25702,1.56758
"EIF5AL1",0.0847906,0.0726595,0.119411,0,0.0706056,0.0333099,0.112657,0.135694
"EIF5B",6.89745,7.57663,7.92793,6.10905,6.01946,6.65057,8.82324,6.11746
"EIF6",38.3238,40.0677,36.7043,38.4365,30.8825,36.0165,29.2173,35.6204
"ELAC1",2.68932,3.99992,2.81779,2.71886,2.61528,2.89937,2.13068,3.03327
"ELAC2",15.4251,17.9368,16.4197,16.7308,17.9361,18.8407,15.0226,16.3097
"ELANE",0,0,0,0,0,0,0,0
"ELAVL1",22.2437,20.4443,22.6952,23.2908,23.594,21.3829,21.093,21.772
"ELAVL2",0.086833,0.13024,0.0349267,0.127708,0.0723128,0.0842745,0.057677,0.189696
"ELAVL3",0.0275742,0,0,0,0.0286744,0,0.0152503,0
"ELAVL4",0,0,0,0,0,0,0,0
"ELF1",14.7281,14.7935,15.5225,15.0224,15.161,15.1737,15.9133,15.7272
"ELF2",7.85946,6.72777,7.86701,6.07709,7.85237,7.44166,7.93781,8.16649
"ELF3",0,0,0,0,0,0.0206593,0,0
"ELF4",36.6854,35.4701,41.9994,38.8628,41.212,39.7091,41.1227,37.7185
"ELF5",0,0,0,0,0,0,0,0
"ELFN1",0.818285,0.839228,0.624936,0.800081,0.761225,1.04301,0.50196,1.2017
"ELFN2",0.037676,0.0484132,0.0151116,0.0345008,0.0391105,0.0666471,0.0583553,0.00751952
"ELK1",28.4689,26.5868,26.5128,29.3578,31.675,29.8396,24.2002,28.3012
"ELK3",382.168,448.296,368.531,457.113,410.103,484.821,388.468,500.561
"ELL",4.33319,4.07187,4.58425,5.32901,6.06445,4.9009,5.07036,4.20419
"ELL2",4.39393,3.49889,4.82864,3.74854,4.29884,3.40545,4.40548,3.86177
"ELL3",1.13306,1.45726,1.04768,0.778105,0.710772,1.334,1.11259,0.812808
"ELMO1",30.6949,30.8943,28.9583,36.2538,35.2165,33.6961,28.4484,36.9978
"ELMO2",20.2392,20.7492,20.2091,19.3814,19.8379,19.6514,20.5594,20.2544
"ELMO3",0.775563,0.716401,0.593814,0.86329,0.949119,0.997421,0.296349,0.589893
"ELMOD1",2.95463,5.43237,3.5644,4.24747,2.9685,5.01954,3.65732,5.21421
"ELMOD2",1.36151,1.69349,1.56251,0.99467,1.23373,1.16481,1.53959,1.30249
"ELMOD3",4.29595,4.3564,4.20507,4.92264,4.80488,3.93695,5.02828,4.20992
"ELN",0.216775,0.0844323,0.0396684,0.0724981,0.0615725,0.193507,0,0.345689
"ELOF1",36.0602,29.8288,29.2745,31.8022,29.9177,33.0256,30.1912,26.904
"ELOVL1",106.045,109.09,106.555,103.16,99.2491,106.971,100.927,97.2882
"ELOVL2",0.0318314,0,0,0,0,0,0,0
"ELOVL3",0,0,0,0,0,0,0,0.05667
"ELOVL4",0.669219,0.832589,0.674244,0.596158,0.585004,0.847802,1.02819,0.670119
"ELOVL5",136.371,127.658,150.668,139.346,135.55,122.568,133.709,154.567
"ELOVL6",2.97419,3.58266,2.942,3.42265,2.45501,3.17857,2.57795,3.34654
"ELOVL7",0,0.018182,0.0341623,0,0.017668,0.0500477,0,0.0339684
"ELP2",11.6532,12.079,11.5787,11.7734,9.25196,11.2825,13.6991,14.4338
"ELP3",20.2618,21.7396,21.5146,23.1149,21.2476,19.0947,21.3225,23.4923
"ELP4",5.59295,5.0216,6.51228,7.43305,4.48573,6.10631,7.01481,6.82413
"ELSPBP1",0,0,0,0,0,0,0,0
"EMB",0,0,0,0,0,0,0,0
"EMCN",496.134,519.528,603.533,501.647,498.05,398.395,495.437,500.385
"EMD",160.902,143.823,134.139,164.05,158.248,156.564,143.729,148.674
"EME1",1.75521,2.03774,1.90747,2.23543,1.52793,1.72246,1.91307,2.46533
"EME2",0.533813,1.03322,0.559531,0.358259,0.788219,0.576785,0.609894,0.277158
"EMG1",25.1863,30.8111,28.4284,28.9452,19.8782,28.4309,25.1567,24.2617
"EMID1",0,0,0,0,0,0.0326725,0,0.0334448
"EMILIN1",0.0825993,0.0530855,0.0664614,0.151782,0.206317,0.210925,0.0548708,0.132173
"EMILIN2",0.0971061,0.208027,0.0976564,0.133813,0.0842113,0.174854,0.232938,0.129478
"EMILIN3",0.0170004,0,0.0171015,0.0312456,0,0.0500923,0.0188258,0.0340085
"EML1",12.2034,10.5324,9.34006,9.27876,9.27774,8.38356,7.58935,9.61395
"EML2",2.60995,2.81632,1.97965,1.91034,2.49321,2.38682,2.22748,3.17332
"EML3",9.93154,9.43484,9.69455,13.2881,11.7158,13.5396,12.6229,9.95128
"EML4",7.40061,7.8576,8.12419,8.33578,7.95428,7.35015,7.23497,8.25004
"EML5",0.0529485,0,0.0177054,0,0.0458206,0.0173436,0.0195284,0.0176183
"EML6",0.144676,0.0695206,0.219743,0.117785,0.133517,0.199364,0.0978193,0.144393
"EMP1",85.6416,93.6955,85.5761,81.968,89.1884,88.2458,93.1343,80.2912
"EMP2",22.337,21.2486,22.7163,21.2411,19.3996,21.247,20.9855,18.4243
"EMP3",287.703,265.921,267.895,265.616,243.563,289.978,273.342,252.247
"EMX1",0,0,0,0,0,0,0,0.0312557
"EMX2",0,0,0,0,0,0.0241531,0,0
"EN1",0.0670757,0.0479079,0.0225323,0.0205874,0,0.0219507,0,0
"EN2",0.0386235,0,0.0388835,0,0.0201148,0.0189634,0,0
"ENAH",32.6496,33.7476,30.7805,28.6239,33.1248,33.9493,27.3998,33.9736
"ENAM",0.0899667,0.120438,0.112907,0.0618736,0.0584321,0.0662945,0.0248911,0.0898608
"ENC1",18.2139,21.4722,19.6356,22.6747,18.0328,19.6975,20.1898,21.1277
"ENDOD1",1.96815,3.99299,3.16519,3.04129,1.9391,2.82843,2.90854,2.75878
"ENDOG",2.51409,3.33629,2.97788,3.09655,4.74988,2.20185,2.79511,3.48288
"ENDOU",0,0,0.029256,0,0.187404,0.0586778,0,0
"ENDOV",1.20775,0.558534,0.525825,1.45679,1.78085,1.36918,0.682495,0.787602
"ENG",369.035,383.452,406.544,494.01,450.024,483.698,407.841,380.749
"ENGASE",1.40007,1.45584,1.37761,2.21797,1.77562,2.15488,1.50476,1.12778
"ENHO",0.213935,0.535676,0.219235,0.200651,0.226209,0.348891,0.396585,0.216857
"ENKUR",0.0197913,0,0,0,0,0,0,0.0198093
"ENO1",528.652,585.343,549.438,560.254,513.436,588.018,578.926,529.947
"ENO2",8.78929,7.20014,7.10794,7.86211,8.86303,8.24222,8.19182,7.82268
"ENO3",0.712369,0.998973,0.887318,1.17366,0.704113,0.970474,0.671159,0.963862
"ENO4",0,0,0.0233644,0,0.0483368,0.0682611,0.0513519,0.0232179
"ENOPH1",8.24425,6.88109,8.57072,7.43162,7.52446,6.55477,8.41027,6.40731
"ENOSF1",7.62558,7.2319,5.92106,6.13043,5.60813,6.94694,6.24931,7.10542
"ENOX1",1.01403,1.11168,1.60533,0.92317,0.696126,0.994699,0.472968,1.61154
"ENOX2",2.73609,2.81551,2.98044,3.56247,2.74807,2.82115,3.44399,3.37216
"ENPEP",0,0,0,0.0117849,0,0,0,0
"ENPP1",0.716043,0.593344,0.869884,0.567991,0.531084,0.408987,0.77061,0.569298
"ENPP2",0.459498,0.614142,0.493909,0.592955,0.552717,0.354046,0.442512,0.746001
"ENPP3",0,0,0,0.0191585,0,0,0,0.0208428
"ENPP4",2.35139,2.51844,2.44567,2.06985,2.34517,1.76954,2.2527,2.14391
"ENPP5",0,0,0.0226906,0,0,0,0,0.0225498
"ENPP6",0,0,0,0,0,0,0,0
"ENPP7",0,0,0,0,0,0,0,0
"ENSA",85.0967,81.6767,96.5924,87.9773,92.0664,89.0718,74.3846,81.3423
"ENTHD1",0,0,0,0,0,0,0,0
"ENTPD1",4.59386,4.95576,3.28677,4.28878,4.73716,5.82943,4.46679,6.36224
"ENTPD2",0,0,0,0.0602591,0.106165,0,0.0375086,0
"ENTPD3",0.142954,0.25527,0.16816,0.285355,0.248487,0.116944,0.131976,0.453545
"ENTPD5",5.67025,5.55901,5.17034,5.35941,5.33191,4.94064,5.33849,5.60104
"ENTPD6",9.09276,9.18129,8.98314,10.1457,7.82165,10.8549,9.47271,7.45746
"ENTPD7",2.59219,2.97892,2.99587,3.1268,2.44502,2.78817,2.43948,3.289
"ENTPD8",0,0.0656122,0,0,0.0338824,0,0,0.195221
"ENY2",23.0919,20.1434,24.3291,20.5877,19.6166,19.8097,24.0068,22.7315
"EOMES",0,0,0,0,0,0,0,0
"EP400",16.1416,18.159,15.8911,17.8152,20.6293,19.099,21.0761,15.6409
"EPAS1",137.592,153.325,138.369,156.648,165.505,159.891,137.368,164.137
"EPB41",11.6221,10.0869,13.291,9.42941,13.9496,10.292,13.6173,10.3899
"EPB41L1",3.00951,4.20728,3.52004,4.11481,3.57232,4.33878,3.30182,3.69596
"EPB41L2",17.1742,17.9622,19.0371,15.9778,17.153,16.4792,18.9299,19.364
"EPB41L3",34.2871,33.2913,35.6667,33.2043,29.8642,28.3544,36.5645,34.877
"EPB41L4A",15.8709,13.7169,16.3867,14.0108,14.5818,12.6098,15.3061,14.197
"EPB41L4B",0.17215,0.0807569,0.190505,0.142389,0.179201,0.101442,0.190611,0.137758
"EPB41L5",8.52479,7.50935,9.81964,7.30008,8.98566,5.64852,10.5167,7.36099
"EPB42",0,0,0,0,0,0,0,0
"EPC1",6.36123,6.09236,6.54886,6.12729,5.69347,5.1866,6.97153,6.11818
"EPC2",6.47058,6.92691,7.48116,6.5111,6.74493,5.51328,7.40303,6.24038
"EPCAM",0.0817904,0.131521,0.0414736,0.265425,0.128585,0.0400986,0.0907406,0.0411443
"EPDR1",0.164467,0.248863,0.0260079,0.060813,0.0343938,0.06454,0.0364668,0.0330281
"EPG5",6.03588,4.898,6.09906,5.66543,6.65462,5.06507,6.24783,6.00859
"EPGN",0,0,0,0,0,0,0,0
"EPHA1",0.117049,0.0417964,0,0,0,0,0.0216043,0
"EPHA10",0,0,0,0,0.024095,0,0.0367652,0.0332991
"EPHA2",2.32733,0.524459,0.461556,0.405368,1.80559,1.10785,0.819893,0.428067
"EPHA3",0,0,0,0,0,0,0,0
"EPHA4",11.0254,13.6941,12.7522,14.683,13.5937,13.086,11.8635,15.2306
"EPHA5",0,0.0346906,0.0162396,0.0445104,0.0420457,0,0.0537691,0.0161607
"EPHA6",0,0,0.063912,0,0.0881581,0,0.0468474,0
"EPHA7",0.0668597,0.0409142,0.0287521,0.0175059,0.00992078,0.14078,0.0105688,0.0762896
"EPHA8",0,0.0137534,0.0128997,0,0,0,0,0
"EPHB1",0.851758,3.86092,1.75983,3.94628,1.02852,3.63099,1.71727,3.9717
"EPHB2",13.49,15.8612,14.0302,18.1811,15.7002,17.9979,14.026,17.2133
"EPHB3",0,0.0492637,0,0.112638,0,0.0150587,0,0
"EPHB4",54.4835,59.3663,54.1034,64.0457,64.1687,68.1091,53.6074,59.7731
"EPHB6",2.48197,2.52761,3.15428,3.49747,2.26941,3.75289,2.85149,2.47211
"EPHX2",0.0649453,0.351562,0.131357,0.287388,0.305586,0.318608,0.27591,0.130418
"EPHX3",0.118485,0.084672,0,0.0731972,0.0827492,0,0,0.0397112
"EPHX4",5.98179,6.82138,6.36998,7.41349,7.14402,6.96739,5.35155,6.79077
"EPM2A",0.845781,0.542755,0.437379,0.756585,0.792161,0.830243,1.01311,0.787557
"EPM2AIP1",4.5984,5.23004,3.91325,5.02106,4.31498,5.08533,4.79664,4.81347
"EPN1",50.439,54.6204,50.4156,70.4073,63.1631,71.8007,47.8962,49.8686
"EPN2",13.9239,15.0188,16.692,16.7207,17.4493,17.2644,15.3688,15.5122
"EPN3",0,0.0885951,0.0166379,0,0,0.0162468,0,0
"EPO",0.0551581,0,0,0,0,0,0,0.111378
"EPOR",13.7814,14.0063,11.2483,16.335,16.5608,17.9195,14.5236,13.5405
"EPPK1",0,0,0,0,0,0,0,0
"EPS15",17.5476,12.4468,16.7243,14.0827,14.9806,12.9384,16.3028,14.2485
"EPS15L1",26.3931,27.417,24.5586,23.6387,25.2844,27.3958,23.7968,24.674
"EPS8",9.77401,5.7907,10.2844,5.46745,8.23997,5.64523,10.7663,6.16295
"EPS8L1",3.701,2.6943,3.58902,3.19872,3.42849,4.11804,3.92088,3.00587
"EPS8L2",0.713396,0.629615,0.401467,1.08935,1.00617,1.08501,0.497305,0.882641
"EPS8L3",0.0304943,0,0,0,0.182966,0,0,0
"EPSTI1",0.0452699,0.0970745,0.0483224,0,0.199729,0.139808,0,0
"EPX",0,0,0,0,0,0,0,0
"EPYC",0.139304,0.199152,0.235902,0,0.389962,0,0.0515397,0
"ERAL1",45.8835,44.0704,51.6135,51.7694,44.9365,48.7418,48.3818,45.3349
"ERAP1",37.2992,40.1176,41.6174,39.1222,39.4182,37.2514,40.5859,41.9097
"ERAP2",1.89118,1.83111,1.7134,1.46379,1.46653,1.43288,1.59993,1.75315
"ERAS",0,0,0,0,0,0,0,0
"ERBB3",0.297123,0.0355898,0.0755987,0.0609427,0.202031,0.0108837,0.0245178,0.235347
"ERBB4",0,0,0.00526339,0,0,0,0,0
"ERC1",10.8297,10.985,10.7064,11.1519,10.6774,10.8545,10.1273,11.0849
"ERC2",2.13013,1.55903,2.18928,1.67419,2.22156,1.86802,2.14023,1.2801
"ERCC1",78.3256,76.556,75.2399,85.2827,81.0431,93.0345,72.8465,71.8859
"ERCC2",16.692,15.4777,14.1224,17.8638,15.4107,17.1987,14.3542,14.3252
"ERCC3",20.2862,18.9403,21.9236,20.3183,21.0832,17.6195,19.2983,20.3104
"ERCC4",3.74507,3.85,3.54133,3.63303,3.8432,3.03165,3.65937,3.78215
"ERCC6L",1.3843,1.71337,1.79384,1.44856,1.56826,1.55613,2.04335,1.83003
"ERCC8",7.83209,14.563,14.2301,1.56686,18.9217,15.8179,3.17244,12.1633
"EREG",0,0.0149015,0,0,0,0.013667,0,0.0278112
"ERG",174.331,188.836,193.747,195.972,191.119,170.986,175.353,190.393
"ERGIC1",106.288,116.201,111.484,124.54,106.757,126.333,110.105,112.404
"ERGIC2",3.89545,3.62745,3.3901,3.24517,1.60764,2.93251,3.31726,3.12624
"ERGIC3",111.507,118.645,109.597,112.193,115.098,116.029,108.984,114.025
"ERH",236.938,231.613,259.523,231.316,199.234,206.055,212.79,213.821
"ERI1",9.31447,5.93977,8.01119,5.27082,6.33894,7.3961,7.74483,6.70301
"ERI2",1.91314,1.13013,2.17484,1.62999,1.42616,1.21481,2.77198,1.07306
"ERI3",36.087,48.4268,42.9282,44.8915,40.4175,41.4596,34.6348,38.7921
"ERICH1",8.82011,8.92755,9.43263,7.62303,9.99572,9.76372,8.76979,9.80503
"ERLEC1",7.74275,6.05237,8.53588,7.2441,5.45709,6.34976,6.21927,6.42834
"ERLIN1",31.4909,31.927,31.2884,31.2689,32.506,29.3721,30.968,33.107
"ERLIN2",4.78925,5.44702,5.01863,4.6702,4.84923,5.11056,4.67669,4.94122
"ERMAP",4.85578,5.86886,5.78332,6.30706,5.95948,5.22165,4.67591,6.10525
"ERMN",0,0,0,0,0,0,0,0
"ERMP1",2.85659,3.48899,3.50133,3.00051,2.7109,2.71202,2.76548,3.34311
"ERN1",5.19409,5.40098,5.82941,4.70471,4.76254,5.83552,4.58953,4.8762
"ERN2",0,0,0,0,0,0,0,0
"ERP27",0.651564,0.249507,0.425606,0.172974,0.146573,0.456162,0.258287,0.140666
"ERP29",56.2852,55.0629,50.4209,53.5272,50.4832,59.8556,47.6186,52.1159
"ERP44",27.8453,24.1957,24.1709,19.7322,25.0937,24.7433,25.2749,26.8519
"ERRFI1",13.549,11.0979,15.03,11.8847,13.032,11.7359,14.2338,12.3668
"ERVFRD-1",0.0397622,0.0851917,0.0200188,0,0.0414252,0.0195233,0.0220179,0
"ERVMER34-1",0.254955,0.0496645,0.163551,0.167081,0.0241684,0.113763,0,0.067676
"ERVV-1",0,0,0.0272552,0,0.0563753,0,0,0.0812238
"ERVV-2",0,0,0,0,0,0,0.0300284,0
"ESAM",279.544,299.753,271.487,361.34,300.552,333.757,255.422,296.903
"ESCO1",1.31398,1.58533,1.41355,1.19736,1.30275,1.71594,1.69382,1.22136
"ESCO2",1.87577,1.33961,2.73445,1.36591,1.56719,1.22794,2.05568,1.56446
"ESD",114.063,120.572,119.962,113.643,110.37,98.7306,103.962,120.163
"ESF1",0.70352,0.376832,0.875337,0.342725,0.474065,0.365697,0.539528,0.414294
"ESM1",37.1523,11.4978,38.5289,15.9634,34.4393,11.9797,33.4821,12.4487
"ESPL1",5.00779,4.84827,5.21095,5.45812,5.22579,6.1496,5.85601,5.90629
"ESPN",0.0185191,0.0793518,0,0.0510832,0.134994,0.0545582,0.0615215,0.111181
"ESPNL",0,0,0,0,0,0,0,0
"ESR1",0,0,0,0.0184274,0,0,0,0
"ESR2",0.0868009,0.287729,0.0887506,0,0.0751928,0.351012,0.112539,0.0631248
"ESRP1",0,0,0,0,0,0,0,0
"ESRP2",0.177466,0.155528,0.113571,0.192682,0.100747,0.332772,0.125032,0.209758
"ESRRA",3.27719,2.75709,3.37385,3.47955,3.16856,4.26744,3.25923,3.35034
"ESRRB",0,0,0,0,0,0,0,0
"ESRRG",0,0,0,0,0,0,0,0
"ESX1",0,0.156355,0,0,0,0,0,0
"ESYT1",50.1004,53.1871,50.1222,57.6108,55.2745,56.518,51.2443,48.8679
"ESYT2",20.4668,17.5261,20.511,17.6731,18.7736,18.2508,18.3647,18.1028
"ESYT3",0,0,0,0,0.0301817,0.0142513,0,0.0290055
"ETAA1",5.60931,5.1949,4.86113,6.13238,4.90227,4.89866,6.25488,4.81806
"ETF1",16.8575,16.5119,17.5772,16.1736,17.7035,15.3429,17.4235,15.5076
"ETFA",34.84,36.2191,37.1899,28.8715,30.0585,31.2667,34.3201,34.1563
"ETFB",13.8804,16.7807,18.4302,14.4278,13.7433,15.6499,12.9619,14.9721
"ETFDH",3.8766,3.58023,3.64199,3.91536,3.13536,3.44393,3.72253,3.72978
"ETHE1",43.7078,44.358,43.0136,50.624,40.5141,42.6555,38.2127,44.3419
"ETNK1",24.2987,24.0151,27.8766,16.4294,23.2714,24.5853,16.1177,22.994
"ETNK2",8.93035,7.96449,10.1272,10.4558,9.04198,10.0871,7.4356,8.25544
"ETS1",44.912,44.6084,50.6823,43.4948,50.6425,43.7785,45.5017,45.7902
"ETS2",44.7323,47.7754,43.1885,41.3876,45.8161,41.4104,42.498,45.6312
"ETV1",9.94437,8.89847,10.0836,9.10601,8.66919,10.7405,11.2808,9.88637
"ETV2",0.47059,1.64386,1.29034,1.10161,1.14264,1.34106,0.994946,1.56868
"ETV3",5.98997,6.27287,5.93285,5.92681,6.37779,6.23112,6.04635,5.28587
"ETV3L",0,0,0,0,0,0.0342101,0,0
"ETV4",8.5764,8.08265,8.98431,10.1497,9.29273,12.0388,9.66831,8.56763
"ETV5",18.1614,19.3333,17.5053,22.0666,17.9478,19.3837,21.3422,18.011
"ETV6",35.8332,34.8019,35.0227,36.1741,38.0325,35.7512,34.8442,36.3754
"ETV7",0.165024,0.270237,0.349082,0.210528,0.272596,0.277401,0.301908,0.355782
"EVC2",2.31679,2.0501,2.33965,2.11733,2.31578,2.60924,2.04144,2.34788
"EVI2A",0.0925711,0.0247948,0.0466577,0.0639473,0.120659,0,0.0769113,0.0695482
"EVI2B",2.67339,3.93474,4.42603,4.53705,5.09734,5.00872,4.70805,3.60653
"EVI5",4.66402,5.52949,5.25046,4.62997,4.57635,4.23728,4.50036,5.15677
"EVI5L",5.80156,5.96937,3.81181,7.79471,6.22248,5.63031,4.51052,6.07165
"EVL",100.949,96.8224,114.628,101.865,109.719,109.236,100.628,122.215
"EVPL",0,0,0,0,0,0.00946635,0,0
"EVPLL",0,0,0,0,0.0723957,0,0,0
"EVX1",0,0,0,0,0,0,0,0
"EVX2",0,0,0,0,0,0,0,0
"EWSR1",184.193,177.973,177.214,176.368,193.726,184.338,188.567,188.85
"EXD1",0.022589,0,0.0227663,0,0,0.0221766,0.0250225,0
"EXD2",6.58614,5.90847,6.02326,4.8536,6.02305,5.64822,5.47784,5.86806
"EXD3",12.1862,10.5321,10.7335,12.794,15.4857,13.7467,12.7729,9.49578
"EXO1",3.62622,3.04843,3.04222,2.92481,2.63938,2.92217,3.64079,2.82218
"EXOC1",5.95677,5.50312,6.26356,4.62488,5.69121,5.13809,5.83003,5.73466
"EXOC2",8.04691,8.39327,7.16871,8.86423,8.5923,7.1448,7.62552,8.60834
"EXOC3",9.83961,9.80614,9.92803,10.7064,11.1626,10.3499,9.98737,9.80727
"EXOC3L1",0.0595473,0.255503,0.364657,0.166804,0.501992,0.34988,0.132339,0.300927
"EXOC3L2",0.122604,0.306678,0.0828912,0.151569,0,0.240432,0.18136,0.616749
"EXOC3L4",0,0,0,0,0,0,0,0
"EXOC4",10.6911,12.2623,10.9625,11.9192,12.7776,11.563,13.6544,11.7665
"EXOC5",10.2503,9.39666,10.1712,8.73768,9.6078,8.30451,10.1783,9.90026
"EXOC6",21.0008,16.4933,20.9538,15.5486,21.7173,14.9424,23.9577,16.6711
"EXOC6B",13.0652,11.4372,13.1918,11.1909,13.6541,12.7378,13.2742,13.233
"EXOC7",44.3316,50.46,47.815,51.8481,52.0089,46.2065,49.0951,48.7254
"EXOC8",3.40567,2.94235,4.25709,2.7691,3.00687,2.79685,3.13173,3.88555
"EXOG",5.19581,5.58558,4.71387,4.45766,5.41693,4.80969,4.57232,5.70502
"EXOSC1",33.6534,32.3696,31.8633,34.6865,26.3984,29.8689,28.4755,28.9591
"EXOSC10",55.3631,52.0324,61.4145,52.8232,52.8542,52.2304,56.6176,51.7018
"EXOSC2",8.55846,10.4344,9.92305,10.8524,8.82457,10.8894,10.0228,8.54911
"EXOSC3",6.13221,5.30665,4.4357,5.90018,5.83151,5.61106,4.47058,5.55853
"EXOSC4",7.20021,6.41905,6.26049,6.41822,6.16393,7.96593,6.89083,6.09155
"EXOSC5",3.4025,3.31247,3.08968,3.34961,2.76735,4.95266,2.37785,3.29492
"EXOSC7",4.89433,5.1298,6.46675,7.85399,4.58632,5.28814,4.83426,4.54873
"EXOSC8",7.50654,7.55375,8.37273,7.17908,5.99967,8.96713,5.93748,6.01599
"EXOSC9",25.1196,25.9165,28.2645,20.8551,19.5591,17.12,24.8445,20.9472
"EXPH5",0.0615506,0.019772,0.00616901,0.0169003,0.0319344,0.00604947,0.0136176,0.0429814
"EXT1",45.3219,41.6349,49.0441,47.1865,46.379,40.9332,49.1591,43.0036
"EXT2",37.0791,35.4964,36.4554,38.2014,35.8708,37.4623,31.3413,37.3027
"EXTL1",0,0,0,0.0296968,0,0.0476248,0.0178947,0.0484901
"EXTL2",9.86626,13.191,8.64069,12.3202,9.55401,11.1711,10.4364,12.7705
"EXTL3",11.4146,11.5793,12.1597,13.1964,14.0527,13.1081,12.2348,10.9126
"EYA1",0,0.0181617,0.0341291,0.0155754,0,0.0752691,0.0339306,0.0459731
"EYA2",0,0,0,0,0,0,0,0
"EYA3",8.78548,9.44438,9.16635,8.66819,9.15475,7.93741,10.1189,8.9296
"EYA4",0,0,0,0,0,0,0,0
"EYS",0.07797,0.179826,0.210392,0.0658685,0.149364,0.112004,0.126061,0.137612
"EZH1",8.94217,8.63095,8.45036,7.11746,8.99559,8.35261,9.52289,8.94198
"EZH2",14.8394,14.1852,13.9132,15.421,12.4233,12.1448,14.6991,13.635
"EZR",39.11,36.7619,39.0185,32.6909,37.8274,35.1856,36.9464,30.7766
"F10",0.0465403,0,0,0,0.146573,0,0,0
"F11",0,0,0,0,0,0,0,0
"F11R",43.0397,49.7907,39.8223,45.0598,44.3366,46.2315,40.592,46.7015
"F12",0.200807,0.215215,0.406264,0.340394,0.38502,0.492487,0.37107,0.302493
"F13A1",0,0,0,0,0,0,0,0
"F13B",0,0,0,0,0,0,0,0
"F2",0,0,0.0346388,0,0.107431,0,0,0
"F2R",221.371,183.525,251.99,194.422,221.034,163.17,243,199.926
"F2RL1",16.2703,11.8037,19.7347,12.6573,15.3124,10.2294,19.2828,13.5004
"F2RL2",20.8463,28.9124,23.7273,28.1019,21.2896,26.244,23.8177,28.9274
"F2RL3",0.122067,0.470829,0.221583,0.247464,0.203728,0.407401,0.10819,0.342484
"F3",0.225652,0.332489,0.313304,0.260289,0.40216,0.166086,0.0937794,0.254611
"F5",0.0479317,0.0586574,0.0343226,0.156718,0.0923871,0.0740256,0.0606007,0.150304
"F7",0,0,0,0,0,0,0,0
"F8",0.257104,0.274984,0.444628,0.73452,0.30185,0.275456,0.427262,0.391163
"F8A1",4.7123,4.51999,3.39608,3.94829,3.68297,4.86355,3.80646,4.32559
"F9",0,0,0,0,0,0,0,0
"FA2H",0,0.0297595,0,0,0,0,0,0
"FAAH",0.0326834,0,0,0.0302108,0.0341738,0.0320647,0,0.0656327
"FAAH2",0.581317,0.439795,0.311397,0.63252,0.03577,0.368988,0.189579,0.44651
"FABP1",0,0,0,0,0,0,0,0
"FABP12",0,0,0,0,0,0,0,0
"FABP2",0,0,0,0,0,0,0,0
"FABP3",0.64742,0.390395,0.57442,0.22507,0.296828,0.515798,0.49379,0.48847
"FABP4",7.0215,7.5418,8.69696,8.34251,10.0145,7.43719,4.2998,8.4784
"FABP5",253.807,253.794,228.374,192.933,195.941,183.442,178.555,197.24
"FABP6",0,0,0,0,0,0,0,0
"FABP7",0,0,0,0,0,0,0,0
"FABP9",0,0,0,0,0,0,0,0
"FADD",8.21678,10.6575,9.72965,10.8054,10.5284,10.7448,8.28108,9.27834
"FADS1",16.8648,15.5455,19.1821,18.9831,17.1019,16.5659,17.473,16.8587
"FADS2",70.7326,70.82,77.5993,80.9827,68.3545,72.2183,69.1369,69.2242
"FADS3",78.796,77.9788,80.6854,93.1507,92.7316,91.0038,79.3786,66.4613
"FADS6",0,0,0,0,0,0,0,0
"FAF1",15.1647,9.24781,14.0187,10.9218,15.4382,12.3841,11.5907,12.4435
"FAF2",27.1607,28.6853,31.0765,25.819,27.9331,25.1672,26.7724,26.8446
"FAH",7.08361,7.47067,7.09918,7.65633,5.18349,8.79442,8.165,7.507
"FAHD1",10.526,9.91067,10.3834,8.50771,9.95255,7.18632,8.39347,9.46951
"FAHD2A",9.29676,9.81566,8.54187,10.3108,11.0854,10.1105,8.22366,8.67044
"FAHD2B",2.52618,4.28861,3.18088,2.54474,4.84182,4.11097,2.87558,3.43335
"FAIM",0.783882,1.16326,0.63308,0.296706,0.965417,0.617997,0.754256,0.541519
"FAIM2",0.150493,0.968924,0.319968,0.638784,0.321388,1.16993,0.837215,0.617543
"FAM107A",2.45568,2.71417,2.02106,3.35226,2.53763,3.1386,1.79144,2.61377
"FAM107B",105.932,117.486,109.839,101.532,107.555,102.865,112.443,108.625
"FAM110A",4.15062,4.40956,4.166,5.52347,4.12739,5.31532,4.94922,5.14229
"FAM110B",3.39489,4.23736,3.95646,3.37618,4.31978,5.53057,2.42768,6.04507
"FAM110C",0,0,0,0,0,0,0,0
"FAM110D",3.42864,2.26622,1.62285,2.88076,2.29954,3.12404,1.86795,2.76474
"FAM111A",18.387,12.9941,15.2687,13.8232,15.0874,13.2048,16.8504,17.2861
"FAM111B",2.496,2.798,2.58604,2.91071,2.52559,2.21874,3.13234,1.89184
"FAM114A1",35.0815,25.0704,35.3394,27.925,32.2584,25.0239,30.0215,29.0523
"FAM114A2",4.96802,6.28686,4.07311,4.79684,4.66021,4.99389,4.97784,5.78809
"FAM117A",24.0758,20.6761,18.4166,20.6617,21.6462,21.4352,18.1482,17.5451
"FAM117B",3.71127,2.86264,3.73691,3.36241,3.33996,3.0278,3.67929,3.76187
"FAM118A",10.2231,9.45652,10.9252,11.2834,12.8624,10.0856,11.7483,9.44631
"FAM118B",21.7793,24.2355,23.0191,23.6177,22.6473,23.0691,22.9235,24.7545
"FAM120A",93.379,101.664,97.3795,97.506,94.481,98.2144,98.874,103.064
"FAM120AOS",6.35912,7.69072,5.7565,4.94924,5.50209,5.10743,6.45798,5.59925
"FAM120B",14.5563,14.9715,15.9069,14.735,16.0949,15.2746,17.0072,14.7972
"FAM120C",2.17358,1.77817,1.8256,4.1748,2.11568,1.78455,2.30354,2.22252
"FAM124A",8.47323,8.85619,8.02982,8.28251,9.19365,6.91759,7.42545,6.82254
"FAM124B",84.8641,72.1276,83.2587,74.2842,85.635,69.9827,72.7932,76.2446
"FAM131A",5.26375,4.34777,7.28049,5.49038,4.92507,5.07441,4.72649,3.26189
"FAM131B",0.365266,0.726219,0.26692,0.413579,0.409136,0.434727,0.354587,0.262994
"FAM131C",0.331607,0.97556,0.419557,0.770985,0.430123,0.553378,0.321335,0.457826
"FAM133A",0,0,0,0,0,0,0,0
"FAM135A",2.42648,2.2818,2.68494,1.8546,2.31301,1.95772,2.14722,2.2814
"FAM135B",0,0,0,0,0,0,0,0
"FAM136A",15.4397,13.3982,12.3729,12.5267,10.473,12.4877,10.6354,13.1681
"FAM13A",1.21637,1.08226,1.19608,1.55689,1.06252,1.46852,1.12284,1.43022
"FAM13B",4.80581,4.95477,4.88858,4.2485,5.08266,4.26645,5.07675,4.90086
"FAM13C",0.0214259,0.185092,0.0863533,0.118347,0.0866116,0.063116,0.118675,0.021454
"FAM149A",0.199583,0.0901749,0.0849713,0.0776516,0.0585813,0.137645,0.12435,0.0281317
"FAM149B1",6.70454,7.74537,7.04586,6.68593,7.62572,6.25076,7.36317,7.29512
"FAM151A",0.347963,0.298357,0.0704304,0.0321892,0.145621,0.341326,0.192921,0.174779
"FAM151B",0.742547,0.398017,0.167365,0.497307,0.345925,0.525825,0.411913,0.290553
"FAM153A",0,0,0,0,0,0,0,0
"FAM153B",0,0,0,0,0,0,0,0
"FAM161A",0.791803,0.605379,0.877373,0.913333,0.661917,0.647004,0.609752,0.61839
"FAM161B",1.19874,1.40084,1.13323,1.46942,1.21036,0.963177,0.945268,1.49011
"FAM162A",15.5264,18.3765,15.9615,14.8103,12.9662,13.8119,11.1354,12.5157
"FAM162B",0.0749709,0,0.0769253,0,0.079357,0,0,0
"FAM163A",0,0,0,0,0,0,0,0.0456725
"FAM163B",0,0,0,0,0,0,0,0
"FAM167A",0,0,0.0159214,0,0,0,0,0.0158326
"FAM167B",0.997109,2.49767,1.02598,1.95709,1.14612,1.94978,0.740094,1.77394
"FAM168A",40.6934,41.6032,37.7778,42.6136,40.8801,37.6213,40.516,42.3204
"FAM168B",22.5318,20.7592,24.4264,22.1952,25.9623,21.3562,23.4618,21.6307
"FAM169A",0.0965423,0.0870171,0.163171,0.106452,0.180952,0.319314,0.0642291,0.130421
"FAM170A",0,0,0,0,0,0,0,0
"FAM170B",0,0,0,0,0,0,0,0
"FAM171A1",47.4565,44.2057,48.3916,49.6904,52.5757,43.9216,44.1252,46.8116
"FAM171A2",5.16752,5.97382,7.94532,7.63493,6.24382,6.10765,5.43333,5.57627
"FAM171B",8.55042,13.9862,7.77171,9.95603,7.08111,9.52202,9.63685,11.126
"FAM174A",4.5104,4.75688,4.66815,3.5684,6.958,5.45162,4.57537,5.76167
"FAM174B",30.9818,40.267,36.4874,44.0035,38.1014,39.5021,29.2233,39.3678
"FAM177A1",4.32635,3.90028,3.00686,2.37409,2.75771,2.5918,3.66196,2.83185
"FAM177B",0,0,0,0,0,0,0,0
"FAM178B",0,0,0,0,0,0,0,0
"FAM180A",0.116255,0,0.039271,0,0,0,0.0429844,0
"FAM180B",0.0517616,0,0,0,0.0544213,0,0,0
"FAM181A",0,0,0,0,0,0,0,0
"FAM181B",0,0.0800422,0.113457,0,0,0,0.0828205,0
"FAM184A",0.111989,0.139961,0.0563574,0.22991,0.0777483,0.122822,0.0206651,0.0834154
"FAM184B",1.12537,0.9903,0.809465,1.38664,0.879328,1.4602,1.00153,1.22706
"FAM185A",1.1561,1.50724,1.17149,1.87318,1.43167,1.89565,1.28137,2.59594
"FAM186A",0,0,0,0.0159534,0,0,0,0
"FAM186B",0,0.874498,0.486642,0.254474,0.0717435,0.465307,0.679686,0.206363
"FAM187B",0,0,0,0,0,0,0,0
"FAM193A",11.628,12.1214,14.2101,11.1404,13.5532,12.6358,12.948,12.5396
"FAM193B",9.33559,10.0001,9.54606,11.409,10.5809,12.0541,9.96426,10.4839
"FAM199X",6.12649,4.60369,5.59818,3.63458,6.44511,6.26109,11.6304,7.72712
"FAM200A",2.37831,2.14298,2.01868,2.69231,2.73663,2.20156,2.24617,2.62857
"FAM200B",2.69359,3.11476,2.2893,2.78242,2.35155,2.40108,2.15516,2.07128
"FAM204A",2.59184,2.48867,1.86396,2.33929,2.02174,2.2951,2.08875,2.23992
"FAM209A",0,0.286565,0,0,0,0,0,0
"FAM209B",0,0,0,0,0,0,0,0.39717
"FAM20A",0.0886244,0.0379513,0.0356463,0.0977601,0,0.0522044,0.157038,0.0177039
"FAM20B",5.95856,5.6556,5.89991,5.23489,5.79831,4.91879,5.99826,6.08376
"FAM20C",11.5206,7.56598,10.4184,10.781,9.29974,9.29343,11.7196,8.55471
"FAM210A",2.31343,1.81189,2.22158,1.31557,1.80747,1.452,1.8727,1.91982
"FAM210B",21.1509,19.8028,21.9334,15.3848,16.2355,18.5213,20.7186,20.6573
"FAM216A",5.31957,7.57149,4.44935,4.63751,4.39906,5.53674,5.27768,4.41141
"FAM216B",0,0,0,0,0,0,0,0
"FAM217A",0,0,0,0,0,0,0,0
"FAM217B",2.56339,3.0852,3.11912,2.608,2.37469,2.24403,2.23324,2.75147
"FAM24A",0,0,0,0,0,0,0,0
"FAM25A",0,0,0,0,0,0,0,0
"FAM25C",0,0,0,0,0,0,0,0
"FAM25G",0,0,0,0,0,0,0,0
"FAM32A",98.3791,97.4606,97.0099,91.2613,88.3031,94.1662,91.4663,96.2719
"FAM3A",3.72448,3.8523,3.15184,4.37025,3.64818,3.65601,2.7079,3.49859
"FAM3B",0,0,0,0,0,0,0,0
"FAM3C",6.54909,6.98898,6.27708,5.94541,5.66908,5.65126,7.05939,6.38733
"FAM3D",0.225084,0.120709,0,0.157432,0,0.0551172,0.125018,0.454625
"FAM43A",130.242,102.988,134.892,140.405,151.32,121.239,133.308,126.03
"FAM43B",0.0259518,0,0,0,0,0,0.0287557,0
"FAM47A",0,0,0,0,0,0,0,0
"FAM47B",0,0,0,0,0,0,0,0
"FAM47C",0,0.0212704,0,0,0,0,0,0
"FAM50A",57.9288,54.5289,52.0709,53.2228,54.8575,63.9558,55.5681,60.2726
"FAM50B",0.701044,0.328828,1.11198,0.650719,1.24094,0.730206,0.777948,0.485251
"FAM53A",0.284913,0.0762477,0.19138,0.131239,0.0989656,0.0466149,0.0262655,0.142723
"FAM53C",17.3163,16.3076,18.355,16.259,17.8833,18.1339,17.5848,17.4594
"FAM72A",0.892826,0.638005,1.13039,0.723343,0.116845,1.0216,1.03148,0.972238
"FAM72B",0.398369,0.701306,0.948271,0.472691,0.416028,0.586411,0.53611,0.627905
"FAM72D",0.39489,0.54405,0.313303,0.416462,0.38291,0.525938,0.343858,0.282901
"FAM76A",0.868405,0.818342,0.590359,0.730107,1.06104,0.409773,0.892383,0.777953
"FAM76B",1.95499,1.47937,1.46199,1.65313,1.23139,1.59664,1.73926,1.39094
"FAM78A",35.994,41.9022,36.8043,45.5639,42.1297,47.6638,36.423,45.6692
"FAM78B",0,0.260386,0,0,0,0,0.0539153,0.0979082
"FAM81A",0.113268,0.121336,0.133016,0.190961,0.0393212,0.0370762,0.0836211,0.0944546
"FAM81B",0,0,0,0,0,0,0,0
"FAM83A",0,0,0,0,0,0,0,0
"FAM83B",0,0,0,0,0,0,0,0
"FAM83C",0,0,0,0,0,0,0,0
"FAM83D",25.9257,32.0381,33.9533,36.2251,25.217,31.5472,30.965,37.0058
"FAM83E",0,0,0,0,0,0.100689,0,0.0343662
"FAM83F",0,0,0,0,0,0,0,0
"FAM83G",1.79143,1.73776,2.01233,2.24247,2.3798,2.25716,1.67057,1.86912
"FAM83H",0.0114068,0.0366488,0,0.020921,0,0,0,0
"FAM8A1",3.7135,3.70179,3.20744,3.5277,3.47025,2.70715,2.82585,3.3929
"FAM90A1",0,0.0858183,0,0,0,0,0,0
"FAM90A13",0,0,0,0,0,0,0,0
"FAM90A14",0,0,0,0,0,0,0,0
"FAM90A18",0,0,0,0,0,0,0,0
"FAM90A19",0,0,0,0,0,0,0,0
"FAM90A20",0,0,0,0,0,0,0,0
"FAM90A5",0,0,0,0,0,0,0,0
"FAM90A8",0,0,0,0,0,0,0,0
"FAM90A9",0,0,0,0,0,0,0,0
"FAM91A1",17.0757,10.389,16.949,9.98492,13.5477,9.52028,16.8484,11.6847
"FAM98A",24.521,26.7666,21.6215,22.5947,19.7526,23.5225,23.616,22.2347
"FAM98B",7.46913,7.47173,7.37603,9.25283,8.77556,6.92279,11.9837,6.5419
"FAM98C",4.16343,4.88345,4.96924,4.55722,5.57992,5.56533,4.21032,4.29652
"FAM9A",0,0,0,0,0,0,0,0
"FAM9B",0,0,0,0,0,0,0,0
"FAM9C",0,0,0,0,0,0,0,0
"FAN1",4.10976,4.28996,3.90079,3.02848,3.97166,3.83088,3.48839,4.38246
"FANCA",5.8019,5.6375,5.71765,5.93384,6.65775,6.72859,6.33718,5.19297
"FANCB",0.61572,0.915323,0.901681,0.500455,0.916238,0.657399,0.96854,0.695583
"FANCC",2.4604,3.24155,3.11751,2.92588,2.37823,2.70733,2.77713,2.83317
"FANCD2",4.86877,4.59768,5.20843,4.45346,4.05997,4.27773,5.17119,4.11272
"FANCE",3.66757,2.31232,2.27846,3.05208,2.29021,2.72327,1.8891,2.72301
"FANCF",2.60021,2.61541,2.898,2.90327,2.62605,2.24138,2.06633,3.11915
"FANCG",6.34068,5.62925,7.67248,8.72101,6.46119,6.89674,6.90934,6.19888
"FANCI",11.1373,9.03634,11.1296,9.21999,8.71696,9.36094,11.2645,10.5427
"FANCL",6.49561,6.77855,6.33014,5.70327,4.69041,5.22012,5.34455,5.53935
"FANCM",0.61617,0.551564,0.463215,0.489437,0.313534,0.584623,0.550207,0.709924
"FANK1",0.666984,0.962573,0.522189,1.02115,1.22052,0.200075,0.505664,1.26432
"FAP",0.335252,0.230909,0.265602,0.286815,0.124878,0.117536,0.0530587,0.143956
"FAR1",16.4119,17.144,17.0937,15.4036,16.2455,13.4082,19.0716,19.2417
"FAR2",38.9842,34.6974,45.4839,34.9307,38.1301,31.4366,41.795,40.8565
"FARP1",20.8589,22.8183,26.356,26.8883,26.0157,25.5791,26.771,22.4739
"FARP2",9.15747,8.19975,8.85858,8.93022,9.52537,8.47486,9.96894,8.17937
"FARS2",2.08074,2.39037,2.06774,2.82081,1.66255,2.74307,2.01227,2.75764
"FARSA",26.7406,28.6087,23.4837,33.2207,27.2657,31.47,25.3961,22.2363
"FARSB",26.8366,30.3898,27.7633,28.5005,25.8162,29.4465,29.7755,25.7162
"FAS",1.67955,3.73425,1.72803,3.08087,2.07136,3.03338,2.75171,2.85223
"FASLG",0,0,0,0,0,0,0,0
"FASN",17.0748,19.0423,18.3466,23.4097,22.3951,23.0527,18.2399,19.3957
"FASTK",15.1397,16.5438,18.4765,23.7958,20.4654,19.9919,16.7631,18.4336
"FASTKD1",2.86365,3.91743,3.76358,1.89302,2.67326,2.46475,3.0993,2.95517
"FASTKD2",3.00609,2.99224,3.3214,3.06495,3.1709,2.80223,2.94473,3.14807
"FASTKD3",6.34344,9.58169,5.6007,9.53724,6.66934,7.90506,7.43816,6.9686
"FAT1",4.50423,6.43237,6.23896,7.16095,4.81103,6.19009,5.80574,8.05098
"FAT2",0.00857707,0.0137658,0.017178,0.00393063,0.013346,0,0.00948479,0.0170943
"FAT3",0.666106,0.405711,0.788217,0.507108,0.821283,0.540732,0.748081,0.446165
"FAT4",13.3006,12.4406,14.4001,13.8973,14.6439,11.9917,13.4701,15.8747
"FATE1",0,0,0,0,0,0,0,0
"FAU",902.99,960.498,987.033,927.286,866.273,892.923,764.881,922.93
"FAXC",0.649611,0.714189,0.893272,0.693936,0.685683,0.581791,0.812039,0.655692
"FBF1",1.11195,0.634374,0.930554,1.00739,0.771993,1.10676,0.786686,0.922374
"FBLIM1",96.3471,88.8546,98.0496,100.803,99.717,101.328,94.0878,85.4946
"FBLL1",0.365042,0.861857,0.898333,0.274078,0.308942,0.785734,0.243648,0.518257
"FBLN1",0.516436,0.508872,0.466745,1.11875,0.51204,1.09461,0.572841,0.637068
"FBLN2",0.584621,0.464085,0.445651,0.838503,0.563497,0.516764,0.51393,0.835494
"FBLN5",6.8169,6.32181,9.68217,7.96044,8.72968,7.81127,8.0505,7.05546
"FBLN7",0.252584,0.410816,0.0957513,0.670968,0.264017,0.289286,0.175001,0.538782
"FBN1",27.3592,29.2413,29.0298,28.0052,31.7155,28.6675,29.4108,33.5291
"FBN2",8.2124,9.14367,8.93419,8.39851,8.13254,8.72491,8.77909,10.2508
"FBN3",0,0,0,0,0,0,0,0
"FBP1",0.434339,0.362236,0.490659,0.583319,0.202756,0.425665,0.297708,0.437777
"FBP2",0,0,0,0,0,0.0553193,0,0
"FBRS",34.6239,32.2007,33.4824,38.4405,45.8426,46.2504,38.5576,36.2067
"FBRSL1",30.2711,32.7665,34.6689,41.4958,47.8192,44.0691,41.0329,37.6955
"FBXL12",14.9471,13.0586,15.3105,15.0881,17.3499,14.3651,13.3441,13.1251
"FBXL13",0.36668,0.329531,0.264885,0.370074,0.197811,0.172583,0.332166,0.512147
"FBXL14",8.04209,9.25654,9.22219,9.14183,10.8629,10.5905,8.2914,9.77539
"FBXL15",2.23319,3.31862,4.09004,4.12133,2.34809,4.14781,3.74737,2.97118
"FBXL16",0.553568,0.770887,0.427135,0.746498,0.903099,0.525495,0.633425,0.683129
"FBXL17",2.51599,2.38954,2.27054,2.64407,3.6609,2.29863,2.59857,2.69942
"FBXL18",6.68254,5.49162,6.23204,6.09258,6.32921,8.30859,7.1905,6.05587
"FBXL2",17.5051,13.0582,17.6,17.5268,21.1636,13.5363,19.8228,11.8276
"FBXL20",8.84853,7.80841,9.49876,9.06171,8.26049,7.7743,9.90128,10.366
"FBXL22",0.0471507,0,0,0,0.198063,0.0924408,0.0523349,0.0475082
"FBXL3",4.98312,5.77039,6.07355,3.92022,4.65844,3.63087,5.34022,5.29802
"FBXL4",8.19004,7.20213,7.28371,6.21789,6.94776,5.6558,7.0053,6.95737
"FBXL5",34.723,34.502,33.6696,26.3728,29.9331,28.5428,31.1361,34.099
"FBXL6",2.67248,2.7929,3.01464,3.67333,3.75359,3.80275,3.01993,2.87443
"FBXL7",29.447,30.8392,33.5891,35.6281,32.1755,31.1254,34.6608,33.1578
"FBXO10",4.34854,4.17607,3.89621,4.4954,3.57584,4.82824,3.51233,4.19351
"FBXO11",12.6031,12.465,12.2367,12.0524,14.6566,12.5229,13.2639,14.4769
"FBXO15",0.0816032,0.0437336,0.041369,0,0.0427561,0,0.0444488,0.0410379
"FBXO16",0.0571088,0.0612549,0,0,0,0,0,0
"FBXO17",7.72533,6.50251,6.96057,9.15123,8.41986,9.92335,8.16196,8.63536
"FBXO2",0.163909,0,0,0.037996,0,0,0,0.247365
"FBXO21",10.1207,10.3699,11.8876,10.4311,10.5986,9.75507,10.7836,10.455
"FBXO22",7.36982,9.90107,7.24208,7.42876,6.70653,7.99612,7.73738,9.7139
"FBXO24",0.0691221,0.0968702,0.24482,0.191813,0.289253,0.0295673,0.0766454,0.13887
"FBXO25",5.39251,6.41064,5.66388,5.00927,5.2961,4.91645,5.46374,5.31058
"FBXO27",1.04634,0.700102,0.792696,0.454389,0.753296,1.2414,0.651127,0.821726
"FBXO28",31.739,36.0037,37.4987,34.9774,34.8188,27.2419,34.1159,33.7229
"FBXO3",12.0618,12.494,12.0579,11.6666,11.9686,9.4477,12.7604,11.6917
"FBXO30",5.58001,5.87202,5.8663,4.39345,5.48913,4.6354,6.02746,6.33885
"FBXO31",3.99479,3.86067,3.49405,3.71287,4.81161,4.26727,4.88188,3.7942
"FBXO32",5.15734,2.29043,5.61473,2.57612,5.05667,1.48395,5.82082,2.52076
"FBXO33",0.945678,0.769447,0.924834,0.878969,0.948121,0.831256,0.8814,0.783218
"FBXO34",7.35187,6.09896,5.80868,5.42769,6.70914,5.64819,7.22891,7.01575
"FBXO36",0.472484,0.269406,0.582778,0.326471,0.369552,0.361102,0.543052,0.449682
"FBXO38",10.5906,11.6403,11.5501,10.3157,10.0108,10.5509,10.3501,10.9956
"FBXO39",0,0,0,0.432005,0.133164,0,0,0
"FBXO4",0.795013,0.713249,0.67612,0.57413,0.698504,0.419101,0.421934,0.861847
"FBXO40",0,0,0,0.0715538,0.0231684,0.0109528,0.0123369,0.0222688
"FBXO41",0.228565,0.430828,0.257586,0.393756,0.51279,0.431268,0.25291,0.520305
"FBXO42",14.9652,15.1342,16.2564,17.9922,15.6492,15.9467,14.9602,15.9975
"FBXO43",0.989384,1.10874,0.986462,0.875721,0.310554,0.847264,0.792566,0.810258
"FBXO44",7.70227,9.33834,8.0535,10.3172,11.2153,11.4238,10.2953,9.18225
"FBXO45",2.08179,1.94829,1.98231,1.90973,1.78854,1.96246,2.42387,2.47711
"FBXO46",12.9285,9.03546,9.59031,10.6559,12.4815,12.2398,10.0503,11.2605
"FBXO47",0,0,0,0,0,0,0,0
"FBXO48",0.574942,0.658905,0.570606,0.838769,0.692845,0.845143,0.299785,0.739508
"FBXO5",11.7924,13.0146,13.4911,12.1213,9.59411,10.9138,12.5546,12.8823
"FBXO6",1.47475,2.67024,2.4154,2.99699,1.19538,2.17275,1.63684,1.4582
"FBXO7",129.992,129.131,137.383,131.776,126.339,119.901,144.255,124.976
"FBXO8",3.66269,3.1957,3.11513,3.59446,2.73037,3.05571,2.81195,2.59643
"FBXO9",23.2284,20.3707,19.3263,18.6203,22.4076,22.593,17.0917,18.9795
"FBXW10",0,0.0204049,0,0,0.0198386,0,0,0.0190618
"FBXW11",16.1553,14.1508,16.2413,13.3871,14.8314,13.6227,15.0534,13.4625
"FBXW12",0,0,0.10237,0,0,0,0,0
"FBXW2",7.88928,8.81485,8.49724,8.24754,7.94615,7.94613,8.32424,8.80362
"FBXW4",1.84597,2.83915,2.65055,2.52201,2.50443,3.23665,2.22923,1.41508
"FBXW5",23.5238,23.6572,25.8048,26.9421,28.5742,28.2963,23.8693,23.0008
"FBXW7",4.09763,6.86746,3.81992,5.50841,5.85554,3.16048,6.837,5.06107
"FBXW8",18.8783,19.0894,20.8202,26.0574,21.9657,22.3539,24.7803,20.2427
"FCAMR",0,0,0,0,0,0,0,0
"FCAR",0.108814,0,0,0.0831293,0,0,0.0604172,0.045069
"FCER1A",0,0,0,0,0,0,0,0
"FCER1G",1.1485,1.05973,1.56265,2.23177,1.42598,1.27648,0.551738,1.36119
"FCER2",0,0.0519901,0,0,0,0,0,0.0488706
"FCF1",31.9812,30.9313,31.2137,38.4932,34.7474,30.7954,31.4733,35.5006
"FCGBP",0,0,0,0.00693937,0,0,0.00839287,0
"FCGR1A",0,0,0,0,0,0,0,0
"FCGR2A",0,0,0.0280333,0,0.0289912,0,0.0307707,0.0278455
"FCGR2B",0,0,0,0,0,0,0,0
"FCGR2C",0,0,0,0,0,0,0,0
"FCGR3A",0,0,0,0,0,0,0,0
"FCGR3B",0,0,0,0,0,0,0,0
"FCHO1",1.86243,2.30142,1.63143,1.77127,2.179,2.50362,1.93664,1.53968
"FCHO2",11.9964,11.1885,12.6947,11.5931,13.4251,11.3499,14.0967,13.1878
"FCHSD1",3.41121,2.71844,3.47642,3.19399,3.73629,4.12459,3.26837,2.8767
"FCHSD2",47.7261,50.9892,47.5229,52.2145,46.2942,47.0243,46.1673,50.9426
"FCN1",0,0,0,0,0,0,0,0
"FCN2",0,0,0,0,0,0,0,0
"FCN3",0.314063,0,0.618503,0.49919,0,0.147398,0,0.235914
"FCRL1",0,0,0,0,0,0,0,0
"FCRL2",0,0,0,0,0,0,0,0
"FCRL3",0,0,0,0,0,0,0,0
"FCRL4",0,0,0,0,0,0,0,0
"FCRL5",0,0,0,0,0,0,0,0
"FCRL6",0,0,0,0,0,0,0,0
"FCRLA",0,0,0,0,0,0,0.0319254,0
"FCRLB",0.316611,0.509097,0.682008,0.696862,0.414635,0.698562,0.526828,0.477655
"FDCSP",0,0,0,0,0,0,0,0
"FDFT1",117.564,115.016,119.328,118.26,107.99,99.8853,102.544,113.125
"FDPS",91.1273,89.6573,86.122,82.1233,86.2591,89.0395,78.4848,85.0941
"FDX1",1.29515,1.58891,1.38873,1.28803,1.37139,1.7434,1.8278,1.29667
"FDXACB1",0.689347,0.931554,0.793873,1.00107,1.0618,0.963564,0.548799,0.776559
"FDXR",12.7074,12.4106,9.71844,15.1765,11.6867,15.0755,10.9978,12.1092
"FECH",22.9547,19.6799,20.3492,17.3766,22.9987,22.1545,24.2971,22.5327
"FEM1A",5.88841,5.49181,6.14453,6.17288,6.1643,6.66391,5.84523,5.6696
"FEM1B",10.6883,10.3847,11.4566,10.396,11.0215,8.81285,13.623,10.6403
"FEM1C",4.95834,5.17366,4.53954,4.97157,4.91259,4.09918,5.01256,4.25999
"FEN1",14.5983,14.4087,14.2402,14.1056,13.2745,14.47,15.165,12.8675
"FER",1.57161,1.50432,1.76718,1.26145,2.18851,1.53486,1.87813,1.82859
"FER1L5",0,0,0,0,0,0,0.0216953,0.0195764
"FER1L6",0,0.0225304,0,0,0,0.0103355,0,0
"FERD3L",0,0,0,0,0,0,0,0
"FERMT1",0.37314,0.439596,0.337302,0.513474,0.284454,0.439898,0.302858,0.347955
"FERMT2",27.7053,21.7009,27.7621,17.7069,25.6816,20.4342,27.6929,21.0158
"FERMT3",8.14783,8.82343,6.11974,10.5961,6.81888,10.9485,5.55134,8.59593
"FES",7.23998,6.34297,6.56588,7.71897,6.69357,7.14039,5.00858,5.91037
"FETUB",0,0,0,0,0,0,0,0
"FEV",0.0369324,0.158348,0,0.205156,0,0.108668,0,0.148485
"FEZ1",37.2138,33.9678,37.0759,37.3022,35.0563,33.0525,40.4408,34.5096
"FEZ2",15.6068,13.4891,14.4356,11.5539,12.6861,12.7016,13.563,11.5551
"FEZF1",0,0,0,0,0,0,0,0
"FEZF2",0,0,0,0,0,0,0,0
"FFAR1",0,0,0,0,0,0,0,0
"FFAR2",0,0,0,0,0,0,0,0.0335734
"FFAR3",0,0,0,0,0,0,0,0
"FGA",0,0,0,0,0,0,0,0
"FGB",0,0,0,0,0,0,0,0
"FGD1",24.7661,23.8796,22.1526,26.9516,30.2941,27.6032,24.6396,24.0321
"FGD2",0.04341,0.0465005,0,0.0998936,0.180962,0,0.0480841,0.0434641
"FGD3",0,0,0,0,0,0,0,0
"FGD4",5.11745,4.38624,5.80092,4.70898,5.41075,3.77354,5.91286,5.5549
"FGD5",53.1902,51.5546,53.306,56.3327,60.3172,51.56,54.3366,48.5666
"FGD6",7.07209,8.94336,8.45211,8.85194,6.24369,7.88813,8.33722,8.69033
"FGF1",0,0,0,0,0,0,0,0
"FGF10",0,0,0,0,0,0,0,0
"FGF12",1.95073,1.19775,1.49843,2.48108,2.26562,2.60533,1.5711,2.72848
"FGF13",0,0,0,0,0,0.0349383,0,0
"FGF14",0.122598,0,0.148371,0.045187,0.0255729,0,0.0543275,0.0245664
"FGF16",29.9466,15.2979,30.4235,28.5496,19.201,23.7583,15.8384,32.5915
"FGF17",0,0,0,0.171222,0,0.0598165,0,0
"FGF18",0,0.0372735,0.14078,0.0321707,0,0.0682267,0,0.0698718
"FGF19",0,0,0,0,0,0,0,0
"FGF2",1.75491,1.81152,1.83629,1.33629,1.5349,1.66909,1.48316,1.79514
"FGF20",0,0,0,0,0,0,0,0
"FGF21",0,0,0,0,0,0,0,0
"FGF22",0,0,0,0,0,0,0,0
"FGF23",0.0219115,0,0.0220784,0.0201724,0,0,0,0
"FGF3",0,0,0,0,0,0,0,0
"FGF4",0,0,0,0,0,0,0,0
"FGF5",0.0726485,0.0778062,0.0972818,0.122176,0.113273,0.0951661,0.120611,0.0967729
"FGF6",0,0,0,0,0,0,0,0
"FGF7",0,0,0,0,0,0,0,0
"FGF8",0,0,0.0993193,0,0,0.0938691,0,0.396605
"FGF9",0,0,0,0,0,0,0,0
"FGFBP1",0,0,0,0,0,0,0,0
"FGFBP2",0,0,0,0,0,0,0,0
"FGFBP3",0.261509,0.196143,0.0527761,0.168794,0.191044,0.102669,0.0289768,0.131077
"FGFR1",22.7621,28.3311,24.6005,33.706,26.5083,34.3173,23.5561,29.4919
"FGFR1OP2",18.6405,20.2887,19.0036,19.0409,16.5566,15.0248,13.6484,18.9182
"FGFR2",0,0,0.103182,0.0229791,0.0260181,0.0489597,0,0.0249866
"FGFR3",0.0150787,0.105628,0.0165286,0.226627,0.141096,0.118414,0.0545894,0.0986214
"FGFR4",0.0953612,0.127718,0.192318,0.109822,0.348138,0.187239,0.132062,0.0875355
"FGFRL1",21.3341,14.9548,23.6901,17.6693,21.3429,14.9437,23.7249,15.1545
"FGG",0,0,0,0,0,0,0,0
"FGGY",2.01652,2.27159,2.1914,1.34047,1.80676,2.04393,1.3106,2.64744
"FGL1",0,0,0,0,0,0,0,0
"FGL2",0.030299,0,0,0.013912,0,0,0,0.0302921
"FGR",0.0555303,0.0297305,0,0.0768652,0,0.190836,0.0307487,0
"FH",30.9065,29.6257,30.2214,27.6775,26.0334,27.5882,27.4513,30.6897
"FHAD1",0.0377812,0.0674397,0.0252995,0.0462162,0.0392765,0,0,0.0251661
"FHDC1",0.200143,0.073449,0.0589931,0.062858,0.11879,0.103015,0.0542088,0.0782642
"FHIT",41.2164,64.0232,62.8838,33.2529,58.5013,30.8012,35.1291,48.7737
"FHL1",55.1243,46.0449,47.3768,46.8593,50.3236,42.4371,49.0204,48.2486
"FHL2",194.818,196.722,204.495,211.817,200.056,192.979,181.326,199.027
"FHL3",66.5356,72.7835,70.1233,85.6049,83.9797,90.1404,71.0595,79.3492
"FHL5",0,0,0,0,0,0,0,0
"FHOD1",29.9412,39.0294,34.348,42.9671,35.2825,42.2722,33.4516,34.4457
"FHOD3",0.0389647,0,0.0652387,0,0.0540153,0.0637974,0.0862556,0.0129785
"FIBCD1",0.063442,0,0.0426047,0.058389,0,0.0622893,0,0
"FIBIN",0,0,0,0,0,0,0,0
"FIBP",71.2541,75.3205,71.5976,79.124,66.6539,69.1247,67.1085,68.6013
"FICD",2.48365,2.71387,1.91913,2.31217,2.47945,2.48708,1.44841,2.20017
"FIG4",11.7274,10.5625,9.12617,8.98235,10.0824,9.99444,10.1961,9.62939
"FIGLA",0,0,0,0,0.130515,0,0,0
"FIGN",2.03721,1.92242,2.51417,2.48361,2.00945,1.98785,1.8889,2.61786
"FIGNL1",12.0036,8.63137,14.4759,10.1958,8.64938,8.43169,9.86842,10.4222
"FIGNL2",0.47977,0.37912,0.381958,0.264667,0.313522,0.282777,0.406314,0.432337
"FILIP1",7.71592,6.70483,8.67233,5.64941,7.60339,5.81149,8.54494,6.99083
"FILIP1L",56.6455,32.4778,46.9792,26.2218,47.4856,26.7694,49.2052,29.308
"FIP1L1",13.073,12.3927,13.015,11.0505,10.0981,11.0792,13.1647,11.9675
"FIS1",53.7415,59.1623,52.1345,47.9514,51.61,61.2236,50.4046,47.5369
"FITM1",0.234362,0,0,0.14692,0.0827671,0.305622,0.08694,0.158642
"FITM2",3.48046,2.57987,2.8136,3.04455,2.98924,2.91681,2.49103,2.02177
"FIZ1",9.15626,9.89535,10.2143,9.35536,10.0285,11.0698,9.30259,9.7114
"FJX1",2.48996,2.23749,2.33083,1.94661,2.74304,3.21961,2.0482,1.85661
"FKBP10",66.9828,74.4453,69.5117,86.1584,80.1837,83.3134,70.4162,69.4529
"FKBP11",46.4626,46.5222,49.8825,51.2904,41.8078,47.8792,47.4385,44.2562
"FKBP14",5.00665,5.44665,5.47129,4.86187,4.19292,4.8613,6.26945,5.49516
"FKBP15",11.0816,12.768,11.0826,12.7771,12.0537,12.7436,12.0745,12.6384
"FKBP1B",13.6594,7.51908,12.3715,10.2958,13.4306,9.98567,9.73621,12.6776
"FKBP2",10.7684,15.1176,13.1552,17.1093,14.6171,18.7635,15.0746,13.037
"FKBP3",7.32245,7.75524,6.03783,6.84129,5.86361,4.87029,4.97635,6.48173
"FKBP4",20.291,20.5136,19.4916,21.2688,20.7781,21.8169,17.4952,19.0227
"FKBP6",0,0,0,0.128905,0,0.0453128,0,0.0932053
"FKBP7",9.73684,8.53128,10.6055,10.4637,7.86549,7.90709,8.52453,9.50412
"FKBP8",69.8989,75.3705,70.1424,85.4341,84.0542,87.4703,62.1291,64.1245
"FKBP9",26.2115,22.955,29.983,28.5641,28.9524,26.4251,23.0509,30.1579
"FKBPL",0,0,0,0,0,0,0,0
"FKRP",8.26785,7.33038,6.72466,9.42755,7.30684,9.73115,7.41427,8.3027
"FKTN",2.07871,2.11116,2.59362,2.43289,2.07717,1.95486,2.56774,2.67122
"FLAD1",17.1025,18.6822,19.7132,24.2717,18.9411,20.4269,19.1913,18.1504
"FLCN",6.22607,5.89557,8.03532,7.11043,8.52028,7.31491,8.85041,7.41121
"FLG",0.0342823,0.0209755,0.0343455,0.0403231,0.0457209,0.0433248,0.0108341,0.0439573
"FLG2",0.0137824,0.00737912,0,0.00630894,0,0,0,0.00687581
"FLI1",127.372,120.578,110.091,127.995,129.526,121.736,98.9133,130.563
"FLII",42.1075,45.3594,44.7499,44.2297,45.7063,48.1959,44.245,41.4507
"FLNA",193.106,208.338,208.281,219.878,237.974,233.793,217.053,193.159
"FLNB",275.288,0,336.171,289.926,342.529,274.532,343.945,281.58
"FLNC",20.5653,29.1143,20.0673,28.9819,23.4437,31.4334,22.8534,24.1642
"FLOT1",0,0,0,0,0,0,0,0
"FLOT2",48.6502,44.1157,46.162,51.198,54.5508,54.9941,48.8771,41.7826
"FLRT1",0.16205,0,0.14281,0.018636,0.147722,0.0397884,0.112168,0.0608431
"FLRT2",120.577,139.328,132.885,142.35,134.576,135.998,133.148,166.328
"FLRT3",0.773158,1.31284,0.760503,1.02184,0.731159,1.18137,0.932157,1.12024
"FLT1",9.47229,13.9571,12.5616,14.141,9.08925,12.9671,10.6424,14.7991
"FLT3",0,0,0,0,0,0,0,0
"FLT3LG",5.2603,4.25194,4.87608,8.3572,6.20982,6.0043,4.6573,3.96269
"FLT4",6.23944,7.68511,8.50897,10.8687,7.55251,9.62101,7.15133,7.44811
"FLVCR1",2.08772,1.56049,1.32458,1.06595,1.58928,1.64393,1.57322,1.09148
"FLVCR2",0.803927,1.45451,0.393568,1.4199,0.613661,1.44519,0.504295,1.33233
"FLYWCH1",5.96362,5.49155,5.21527,7.26975,7.27633,7.51185,5.84392,6.29757
"FLYWCH2",12.2221,13.1131,11.8126,14.9289,16.3611,18.7125,13.6322,13.5499
"FMN1",0.0151669,0.0811988,0.0607827,0.0832557,0.0209776,0.0447236,0.117434,0.0705892
"FMN2",0.0395157,0,0,0,0.0102619,0,0,0
"FMNL1",0.85893,1.39701,0.796226,1.04756,0.975041,1.14131,0.876401,1.03536
"FMNL2",14.262,14.1544,14.4665,13.9695,16.516,13.0098,14.2056,14.4884
"FMNL3",14.6856,16.1702,15.5571,17.3412,15.8838,18.4256,15.4587,18.5181
"FMO1",0,0,0,0,0,0,0,0
"FMO2",0,0,0,0,0,0,0,0
"FMO3",0,0,0,0,0,0,0,0
"FMO4",0.531413,0.878455,0.806483,0.383641,0.300583,1.01603,0.625528,0.601511
"FMO5",0.495612,0.528989,0.437152,0.305535,0.531895,0.582401,0.48,0.662831
"FMOD",0.155153,0.356192,0.0893421,0.142852,0.115527,0.152325,0.14731,0.244174
"FMR1",2.09562,2.0097,2.36465,2.34472,2.04232,1.73853,2.45816,2.10818
"FMR1NB",0,0,0,0,0,0,0,0
"FN1",1061.32,1207.75,1143.74,1373.57,1140.8,1285.36,1218.34,1341.4
"FN3K",3.98824,5.03476,4.57158,3.85218,5.09361,5.44153,3.13899,5.09116
"FN3KRP",10.5683,8.44911,10.2551,12.8902,10.9867,10.5604,9.47371,10.8176
"FNBP1",27.2753,18.629,27.4011,22.0996,28.4581,21.7959,26.6154,21.2517
"FNBP4",19.2565,17.5062,17.0154,15.9073,19.2158,16.7377,20.8706,17.0296
"FNDC1",0.0193772,0,0,0.0266376,0.0100637,0.0476006,0,0.0580413
"FNDC3A",22.0771,24.2831,24.8535,23.6872,24.1989,22.6371,26.2266,28.8471
"FNDC3B",49.7108,50.1908,61.7571,57.0052,54.194,46.1401,66.493,62.8889
"FNDC4",12.3698,11.476,9.38671,14.662,11.4011,15.8725,10.2924,10.6628
"FNDC5",0.0438085,0.242753,0.133072,0.0464017,0.275165,0.172038,0.0970477,0.0756837
"FNDC7",0,0,0.0217498,0,0,0,0,0
"FNDC8",0.269729,0,0.329721,0.251324,0.34053,0,0.299572,0.108903
"FNDC9",0.0322607,0.0345778,0,0,0.0336158,0,0,0.0322791
"FNIP1",3.43324,2.85872,2.95296,2.87755,2.93831,2.77755,3.18486,4.01226
"FNIP2",3.46579,4.31363,3.47932,4.49959,2.66801,3.50515,4.31273,5.25149
"FNTA",36.272,32.7912,34.9023,29.3841,30.8824,28.5114,32.489,37.9239
"FOLH1",0.17768,0.084851,0.133194,0.0486813,0.0275454,0.0308597,0.0292452,0.185255
"FOLR1",0,0,0,0,0,0,0,0
"FOLR2",0,0,0,0,0,0,0,0
"FOLR3",0,0,0,0,0,0,0,0
"FOS",0.189734,0.474449,0.575433,0.409057,0.661085,0.372312,0.455721,0.126971
"FOSB",0.302319,0.380991,0.48314,0.60484,0.407329,0.331827,0.236295,0.379478
"FOSL1",109.512,90.0202,110.071,100.959,102.639,107.42,116.618,80.3036
"FOSL2",21.0526,16.6336,22.7809,21.7008,26.7524,18.7674,22.0381,18.3884
"FOXA1",1.27104,1.23546,1.02584,1.06465,1.10749,0.947333,1.04319,1.13477
"FOXA2",0,0,0,0,0,0,0,0
"FOXA3",0,0,0.0701085,0,0,0.0339789,0,0
"FOXB1",0,0,0,0,0,0,0,0
"FOXB2",0,0,0,0,0,0,0,0
"FOXC1",11.4314,9.70298,10.9336,9.11562,10.4026,9.80829,11.0189,9.40624
"FOXC2",47.4045,37.5663,45.3372,40.2589,50.0674,41.8321,44.3219,36.9553
"FOXD1",0.0598519,0.0320694,0,0,0,0.0293649,0,0.0600547
"FOXD2",0.192729,0.324377,0.179831,0.164258,0.24337,0.29751,0.137145,0.316447
"FOXD3",0,0,0,0,0,0,0,0
"FOXD4",0.124817,0.100322,0,0,0.0978398,0,0,0.156599
"FOXD4L1",0.0995347,0,0,0,0,0.0325491,0,0.0333172
"FOXD4L3",0,0.0328717,0,0,0,0,0,0
"FOXD4L4",0,0,0,0,0,0,0,0
"FOXD4L5",0,0,0,0,0,0,0,0
"FOXD4L6",0,0,0,0,0,0,0,0.024522
"FOXE1",0,0.0405327,0,0,0,0.018578,0,0
"FOXE3",0,0.0372946,0,0,0,0.0682653,0.0385842,0
"FOXF1",0.183212,0.112177,0.132054,0.16894,0.30047,0.0770674,0.261014,0.288616
"FOXF2",0,0,0,0,0,0,0,0
"FOXG1",0,0,0,0,0,0,0,0
"FOXH1",0.594857,0.797026,1.01673,0.858921,0.85526,0.656352,0.412343,0.523193
"FOXI1",0.034212,0,0,0,0.0308409,0,0.0379352,0
"FOXI2",0,0,0,0,0,0,0,0
"FOXI3",0,0,0,0,0,0,0,0
"FOXJ1",0,0,0,0,0,0,0,0
"FOXJ2",16.7914,16.7054,15.6563,18.2842,18.4618,17.3117,17.2043,16.2159
"FOXJ3",22.6585,20.2271,23.2447,21.0234,21.9779,21.341,26.1811,24.0042
"FOXK1",4.12683,4.73017,4.25868,3.68933,4.51364,4.75421,3.94019,3.88204
"FOXK2",45.6094,46.9608,50.0767,51.9625,54.1691,45.4856,47.5084,46.1199
"FOXL1",0.763812,0.967831,1.568,1.13716,0.868689,1.20434,0.708778,0.888663
"FOXL2",0.0454625,0.0487071,0,0,0.0473996,0.0223161,0.0251804,0
"FOXM1",122.85,127.315,139.461,139.701,128.594,140.092,140.755,118.749
"FOXN1",0,0,0,0,0,0,0,0
"FOXN2",4.52652,4.48058,5.74685,3.92123,5.14085,3.34139,5.1123,4.98189
"FOXN3",23.1461,21.1935,28.6515,20.0402,29.2906,19.1388,25.093,25.6205
"FOXN4",0,0,0,0,0,0,0,0
"FOXO1",72.7116,62.342,71.9507,63.4626,72.9791,60.1333,74.3528,65.8688
"FOXO3",3.85349,3.83792,4.43253,4.01869,4.33934,4.33663,4.56684,4.61143
"FOXO4",2.99247,2.46661,2.75547,3.34315,3.12403,2.57282,2.32667,2.74397
"FOXP1",30.6169,35.4514,31.3074,32.5296,28.7295,31.4907,31.6296,32.8319
"FOXP2",0.399967,0.438012,0.682499,0.403936,0.397887,0.400017,0.627344,0.351915
"FOXP3",0.0850494,0.0957873,0.12041,0.165068,0.0311256,0.250392,0.0990689,0.17937
"FOXQ1",0,0,0,0,0,0,0,0
"FOXR1",0,0,0,0,0,0,0,0
"FOXR2",0,0,0,0,0,0,0,0
"FOXRED1",4.7013,4.68399,4.01191,5.96833,5.0546,4.70945,4.11102,4.23882
"FOXRED2",9.91514,9.8727,10.7762,11.0511,10.3489,11.6925,9.81593,9.36468
"FOXS1",0.892147,0.239214,0.738867,0.831838,0.704307,0.491558,0.743253,1.06978
"FPGS",18.9966,19.2556,20.0398,25.868,21.5174,23.8372,19.15,17.3963
"FPR1",0,0,0,0,0,0,0,0
"FPR2",0,0,0,0,0,0,0,0
"FPR3",0,0.0285937,0,0,0,0,0,0
"FRA10AC1",1.89533,2.07085,2.11765,1.93633,1.75348,2.25942,1.98742,2.75809
"FRAS1",3.57222,3.55487,3.70352,3.4394,4.21949,3.44153,4.27187,3.54899
"FRAT1",0.832127,1.18878,0.635915,1.06919,1.23653,1.13856,1.03373,0.935075
"FRAT2",2.22297,2.31609,2.49636,3.10862,2.58125,2.24174,2.15613,2.29299
"FREM1",0.0518119,0.0532661,0.0391323,0.0853702,0.0939562,0.088802,0.0715013,0.0386752
"FREM2",0,0,0,0,0,0,0,0.00383708
"FREM3",0.00957972,0,0,0,0.00995029,0,0,0
"FRG1",6.76449,6.22267,5.33234,3.55978,4.48415,5.52685,5.37556,5.82502
"FRG2",0,0,0,0,0,0,0,0
"FRG2B",0,0,0,0,0,0,0,0
"FRG2C",0,0,0,0,0,0,0,0
"FRK",0.069956,0.0499667,0.0705226,0.0429584,0.0729491,0.114459,0.0258324,0.0233599
"FRMD1",0,0,0,0,0,0,0.0256817,0
"FRMD3",1.73461,2.86443,1.90145,2.26564,3.38723,1.73079,1.99155,2.33206
"FRMD4A",42.3087,48.6895,44.1159,48.25,49.0887,52.0445,46.371,49.7755
"FRMD4B",28.1465,25.7998,30.7408,26.9537,30.7263,23.1238,30.4095,29.8127
"FRMD5",16.8358,18.5346,22.2369,16.5308,19.4901,18.1937,19.0739,17.0801
"FRMD6",62.3231,58.2211,74.072,59.4315,63.3925,51.1239,68.2766,68.7252
"FRMD7",0,0,0,0,0,0,0,0
"FRMD8",6.27824,7.45998,6.26843,8.50298,8.06286,7.33629,6.78254,6.86179
"FRMPD1",0,0,0.0262405,0,0,0,0,0
"FRMPD2",0,0,0.0128242,0,0,0,0,0.0127563
"FRMPD4",0.0148804,0.00796709,0.0373014,0.0272516,0.00772325,0.0804309,0.0246939,0.0519717
"FRRS1",0.271246,0.0267106,0.0498365,0.0689757,0.231512,0.0241982,0.0547517,0.0249707
"FRS2",2.84909,3.97335,3.62549,3.36921,3.41015,2.88449,4.06556,3.6303
"FRS3",3.43268,4.55624,4.10682,4.94649,5.20093,4.54213,4.74792,4.42559
"FRY",63.3873,63.8527,62.461,56.6303,59.3977,48.0991,43.4945,56.7259
"FRYL",8.11438,7.60594,8.77844,7.16636,8.23594,7.01173,9.3706,9.05497
"FRZB",0.0962747,0.10315,0.0242698,0,0.0251039,0.0472538,0.0799947,0.0241157
"FSCB",0,0,0,0,0,0,0,0
"FSCN1",132.245,142.836,129.307,180.944,158.349,173.296,126.365,146.729
"FSCN2",0,0,0,0.078373,0,0.0394691,0,0
"FSCN3",0,0.0393028,0,0.101832,0.0383837,0.0359637,0.0406657,0
"FSD1",6.06289,6.21627,6.59964,7.46296,6.62449,6.94328,5.17913,6.13283
"FSD1L",0.812462,1.36712,0.818016,0.692912,0.758215,0.507549,0.526822,1.29645
"FSD2",0,0,0,0,0,0,0,0
"FSHB",0,0,0,0,0,0,0,0
"FSHR",0,0,0,0,0,0,0,0
"FSIP1",0.948389,1.06445,0.933074,1.31,0.823964,0.842403,1.00053,1.22129
"FSIP2",0.0117799,0.0157653,0,0.013461,0,0.0173705,0.0195413,0.00880669
"FST",3.15073,1.99383,2.84596,2.70574,2.8224,1.86133,4.17663,2.21287
"FSTL3",2.78284,2.69384,1.88315,3.50253,2.77324,2.94854,2.7439,2.93713
"FSTL4",0.178225,0.241776,0.119317,0.228856,0.0617471,0.0583664,0.0657496,0.106826
"FSTL5",0.667395,0.487623,0.576296,0.44636,1.0027,0.385081,0.968231,0.788021
"FTCD",0,0,0,0,0,0,0,0
"FTH1",2591.22,2548.26,2493.4,2538.3,2757.89,3001.28,2748.01,2827.69
"FTHL17",0,0,0,0,0,0,0,0
"FTL",4045.04,3950.98,3594.53,4033.34,3724.69,3840.62,3497.07,3786.39
"FTMT",0,0,0,0,0,0,0,0
"FTO",34.5444,35.8765,36.1398,36.1587,33.6919,35.3321,36.8595,38.6258
"FTSJ1",36.2811,37.7955,38.4521,43.8997,38.8255,42.0194,37.7083,36.0499
"FTSJ3",7.76359,8.49211,7.47417,8.13956,7.66325,8.38526,7.46713,8.36412
"FUBP1",47.6604,43.0795,45.2068,46.9487,44.2451,42.1822,40.1265,40.973
"FUBP3",13.6349,14.6098,14.2987,11.4658,16.3082,14.0231,16.1295,16.2177
"FUCA1",2.58284,2.68438,2.43441,1.97056,1.36998,2.66956,1.33777,2.49823
"FUCA2",20.4611,21.6981,22.7249,19.9547,21.1366,21.7793,21.7491,22.0791
"FUNDC1",6.18145,6.14443,6.71362,6.13054,4.54495,3.78078,4.79458,4.53938
"FUNDC2",6.74771,6.27177,4.9317,6.00657,5.35766,5.26853,5.39571,5.30411
"FURIN",29.6774,30.9782,33.6576,40.5364,37.1975,41.4137,33.9734,34.7395
"FUS",22.1194,20.4847,20.5112,20.2273,20.2368,21.4304,20.9166,20.4139
"FUT1",1.52322,1.33785,1.30166,1.77653,1.55301,1.31662,1.55138,1.29447
"FUT10",2.07156,2.90503,3.84223,1.57742,3.12927,1.6676,2.0999,1.98688
"FUT11",20.3754,20.0611,22.7152,23.1668,23.6689,19.2768,21.8934,23.7707
"FUT2",0.170884,0.0685626,0.086028,0.196624,0.200373,0.125814,0.141944,0.106905
"FUT3",0,0,0,0,0,0,0,0
"FUT4",0.991279,0.946762,0.855675,1.55257,0.984108,1.34084,0.953273,1.16045
"FUT5",0,0,0,0,0,0,0,0
"FUT6",0,0.0235455,0,0,0,0,0,0.0440221
"FUT7",0,0,0,0,0,0,0.0309634,0
"FUT8",15.6856,13.4213,15.6412,16.789,13.3898,13.1364,15.2193,16.195
"FUT9",0,0,0,0,0,0,0,0
"FUZ",3.93692,3.48805,4.14002,6.19208,4.96744,4.45131,4.72398,4.6467
"FXN",22.8675,24.9316,24.3612,25.2674,21.9293,21.8129,17.8417,24.6737
"FXR1",24.6113,23.5236,24.9943,20.2093,25.2363,22.9335,28.1501,23.3899
"FXR2",9.44014,8.87784,8.7294,10.8119,10.3936,11.2132,10.8725,8.32095
"FXYD1",0.413359,1.11416,0.665605,0.407887,0.681749,0.601466,1.16249,0.432952
"FXYD3",0,0,0,0,0,0,0,0
"FXYD4",0,0,0,0,0,0,0,0
"FXYD5",1288.96,1345.85,1423.58,1626.27,1366.17,1486.53,1428.61,1295.46
"FXYD7",2.4766,1.19806,1.03388,1.3035,0.531871,3.25995,0.968388,1.27168
"FYCO1",6.98179,7.04724,7.43628,7.50392,7.09891,7.35165,6.87575,7.19296
"FYN",39.022,31.6018,34.1472,31.678,38.9529,30.5074,35.5845,33.1616
"FYTTD1",21.4452,21.5719,22.4355,18.4403,20.2923,17.0571,22.6389,18.0924
"FZD1",1.3067,0.779316,0.910503,1.2271,1.09671,1.06474,1.80817,1.23209
"FZD10",0,0,0,0,0,0,0,0
"FZD2",1.95939,2.95661,1.90251,3.35069,2.03954,2.29248,2.33925,2.91421
"FZD3",0.330383,0.291049,0.281388,0.301956,0.268255,0.267073,0.285435,0.361186
"FZD4",46.7774,41.9699,45.174,40.142,45.2141,41.8455,44.8773,44.1058
"FZD5",0.937872,0.755863,0.941113,0.974703,0.944046,0.836056,0.802413,0.984676
"FZD6",9.46715,9.13158,10.0908,8.54041,7.99891,8.62579,9.9902,9.16388
"FZD7",0.168881,0.0723594,0.152891,0.108631,0.123047,0.0331725,0.0373971,0.0675658
"FZD8",3.92756,3.14461,3.06056,3.86146,3.70478,3.91726,3.59446,3.70433
"FZD9",0.144418,0.123805,0.0875177,0.239944,0.12067,0.255097,0.352132,0.173844
"FZR1",9.91924,9.45165,10.5149,10.4734,11.1368,10.636,12.5506,9.33317
"G0S2",0,0.176725,0,0.155051,0,0,0,0
"G2E3",6.01331,7.30006,8.24876,12.1658,8.49123,6.76113,8.87921,7.00057
"G3BP1",52.2773,51.4869,51.5953,51.9735,47.4218,53.247,52.0152,51.6022
"G3BP2",37.3901,37.65,40.9346,35.2396,37.4981,33.6411,39.6861,37.5241
"G6PC2",0,0,0,0,0,0,0,0
"G6PC3",208.904,197.756,203.837,243.469,213.577,233.387,205.949,204.958
"G6PD",62.8017,64.4895,55.9847,72.7453,64.2434,75.5382,59.0429,59.6814
"GAA",18.881,22.9946,21.5159,21.8749,23.7202,22.852,21.4804,19.4283
"GAB1",14.0333,9.22323,17.2159,10.922,16.3,9.51716,17.9735,11.3622
"GAB2",11.3518,10.0819,11.3521,10.457,11.8459,10.8581,11.2975,10.4447
"GAB3",6.37946,10.1085,7.62999,9.28059,7.57324,8.18118,7.58035,9.43515
"GAB4",0,0,0,0,0,0,0,0
"GABARAP",2043.52,2140.33,1952.97,2081.34,1852.1,2271.01,2062.14,1896.96
"GABARAPL1",26.4872,19.9775,26.5266,20.1503,27.1859,17.7685,26.5297,21.0527
"GABARAPL2",120.948,114.735,134.887,101.282,111.577,94.1822,102.89,124.748
"GABBR1",0,0,0,0,0,0,0,0
"GABBR2",0.389323,0.625259,0.431296,0.474795,0.503646,0.519518,0.219431,0.792151
"GABPA",7.21807,8.60773,7.74053,7.53727,6.93397,7.08323,9.09076,7.59631
"GABPB1",24.7991,19.1775,27.2174,19.0899,20.1147,19.4205,22.0879,21.1795
"GABPB2",2.50386,2.1141,2.2026,2.02622,2.98062,2.04938,2.15726,3.27128
"GABRA1",0,0,0,0,0,0,0,0
"GABRA2",0,0,0.0281943,0,0,0,0,0.028005
"GABRA3",0,0,0,0,0,0,0,0
"GABRA4",0,0,0,0,0,0,0,0
"GABRA5",0,0,0,0,0,0,0,0
"GABRA6",0,0,0,0,0,0,0,0
"GABRB1",0,0,0,0,0,0,0,0
"GABRB2",0,0,0,0,0,0,0,0
"GABRB3",0.0460819,0.0740378,0.0774953,0.0951211,0.0478927,0.0679194,0.102018,0.230237
"GABRD",0,0,0,0,0,0,0,0
"GABRE",18.7448,17.0266,19.9382,20.0429,19.5085,19.611,19.1966,20.2589
"GABRG1",0,0,0,0,0,0,0,0
"GABRG2",0,0,0,0,0,0,0,0
"GABRG3",0,0,0,0,0,0,0,0
"GABRP",0.557817,0.708959,0.583115,0.828885,0.735241,0.541645,0.518775,0.583452
"GABRQ",0,0,0.0348354,0,0.10804,0,0,0.0345801
"GABRR1",0,0,0,0,0,0,0,0
"GABRR2",0.37107,0.424085,0.36387,0.71605,0.33549,0.242828,0.822243,0.297484
"GABRR3",0,0,0,0,0,0,0,0
"GAD1",0.0188432,0.192752,0.120446,0,0.201548,0.231686,0.131436,0.188239
"GAD2",0,0,0,0,0,0,0,0
"GADD45A",19.5307,19.8651,17.384,19.2819,21.4371,19.5925,17.9832,22.2677
"GADD45B",14.1775,5.58079,12.3822,6.27724,15.3255,6.4018,11.7667,6.58108
"GADD45G",0,0.233106,0,0,0,0.0708432,0,0.0734142
"GADD45GIP1",74.1482,75.6745,59.6887,72.4366,64.8153,71.9893,57.8864,58.6568
"GADL1",0,0,0,0,0,0,0,0
"GAGE1",0,0,0,0,0,0,0,0
"GAGE10",0,0,0,0,0,0,0,0
"GAGE12D",0,0,0,0,0,0,0,0
"GAGE12J",0,0,0,0,0,0,0,0
"GAGE2A",0,0,0,0,0,0,0,0
"GAK",18.0723,18.7689,18.8411,21.1539,20.719,20.3635,16.9372,18.3599
"GAL",3.83182,3.76432,4.09279,6.3558,3.51195,2.67124,4.03135,3.92116
"GAL3ST1",0,0,0,0,0,0,0,0
"GAL3ST2",0,0,0,0,0,0.0488279,0,0
"GAL3ST3",0.0593357,0.0423761,0.0398297,0.145555,0.0618115,0.0582637,0.0657125,0.0395929
"GALC",3.19747,2.83323,3.58665,3.70715,3.01435,2.74575,3.33632,4.00167
"GALE",6.15998,6.87558,5.7457,7.24934,7.61994,7.47171,5.54596,6.49153
"GALK1",11.2084,10.7251,10.2215,16.1331,12.3883,10.7082,9.57501,9.22051
"GALK2",6.39474,5.7639,7.78756,6.14789,3.99979,6.7623,4.83866,7.65549
"GALM",2.69107,2.87173,1.5876,1.35362,2.25954,1.90011,2.005,2.11484
"GALNS",15.4958,16.0571,15.7708,16.7477,18.818,17.8353,13.3448,13.4691
"GALNT1",22.5706,23.4352,21.5084,19.8234,21.1124,18.4316,22.0845,22.9898
"GALNT11",8.28145,8.11866,9.19243,7.81212,10.3796,8.43973,8.31208,8.69467
"GALNT12",0.146248,0.130578,0,0.134764,0.0762756,0.0957069,0.0270045,0.024424
"GALNT13",0.022533,0.0482637,0.0113115,0.113644,0,0.0442774,0.0124684,0.0562664
"GALNT14",0,0,0,0,0.0278768,0,0,0
"GALNT2",24.2723,27.3298,25.257,28.9593,25.8722,29.0697,23.0425,25.2433
"GALNT3",0.504063,0.870412,0.505852,0.564032,0.332163,0.323331,0.394323,0.698274
"GALNT5",0,0,0,0,0,0,0,0
"GALNT6",6.97857,8.09676,5.08553,7.67966,6.50175,5.99701,5.52659,6.92822
"GALNT7",6.51057,6.97333,6.50031,5.48241,5.80661,6.35143,7.59006,6.80824
"GALNT8",0.0320016,0.0342962,0,0,0.0669087,0,0.106431,0
"GALNT9",0,0,0,0.115641,0,0.0492599,0,0
"GALNTL5",0,0,0,0,0,0,0,0
"GALNTL6",0,0,0,0,0,0,0,0
"GALP",0,0,0,0,0,0,0,0
"GALR1",0,0,0,0,0,0,0,0
"GALR2",0.170375,0.121828,0.173727,0.211893,0.119594,0.0556253,0,0.172084
"GALR3",0,0,0,0,0,0.0639367,0,0
"GALT",12.843,11.2483,8.9659,14.3854,9.15799,13.2357,9.45881,13.9502
"GAMT",25.3238,28.7953,21.2977,24.0744,25.2083,28.2994,20.9944,23.1594
"GAN",0.990678,1.05677,1.09754,0.868373,1.10138,0.848219,1.40515,1.24603
"GANC",5.8598,5.53423,4.46964,4.94454,4.87217,5.15845,6.0557,6.43544
"GAP43",0.247016,0.308943,0.3758,0.229056,0,0.0807322,0.182701,0.207114
"GAPDH",5746.1,6041.41,5877.72,5934.8,5434.75,5704.17,5331.64,5676.84
"GAPDHS",0.048147,0,0,0,0.151704,0.0471859,0,0.388213
"GAPT",0,0,0,0,0,0,0,0
"GAPVD1",9.55075,8.91416,9.54864,8.30441,9.49764,8.35472,10.0024,8.40391
"GAR1",4.76765,4.82921,4.23542,4.11156,3.14126,5.58124,3.24819,3.99353
"GARNL3",0.372661,0.546443,0.608088,0.546861,0.559135,0.500268,0.840563,0.456014
"GART",19.1122,19.0727,18.9863,17.2481,16.4596,16.6484,19.3217,18.0932
"GAS1",0.094025,0.176291,0.0473963,0,0.0735399,0.138454,0.104162,0.0235489
"GAS2",0.101899,0.261063,0.277267,0.125648,0.248706,0.166606,0.41429,0.443515
"GAS2L1",14.0591,14.1458,13.1992,16.2307,17.4246,18.7227,14.5233,14.1083
"GAS2L2",0,0,0,0,0,0.0215432,0,0.0659227
"GAS2L3",16.5314,18.1449,19.6601,18.3776,19.9736,16.9724,24.6698,18.787
"GAS6",11.6137,11.8053,13.2653,15.3549,14.5746,16.5508,13.3626,14.9729
"GAS7",0.00811933,0,0,0.0371916,0.0244779,0.0159602,0.0449261,0
"GAS8",2.15518,1.39392,1.5475,2.02873,2.06162,2.19137,1.65213,1.7686
"GAST",0,0,0,0,0,0,0,0
"GATA1",0,0,0,0,0,0,0,0
"GATA2",12.6399,11.2525,13.1605,14.2237,14.3967,15.2795,11.7936,12.9725
"GATA3",24.2112,22.9086,22.62,26.147,30.3287,29.7733,25.2827,26.1811
"GATA4",0,0,0,0,0,0,0,0
"GATA5",0,0.0553095,0,0,0,0,0,0.0517427
"GATA6",10.9697,9.76786,10.8107,13.2171,11.237,11.529,11.0734,9.87508
"GATAD1",7.88837,7.75456,6.22804,7.79689,6.5206,7.68582,7.24934,8.19409
"GATAD2A",48.2491,50.3462,47.33,59.4461,53.0938,61.343,56.0112,50.6324
"GATAD2B",19.0384,18.2026,19.3422,18.4655,19.3665,19.1828,18.6232,21.6245
"GATC",10.0325,10.9584,10.7003,9.5062,10.0606,9.95484,11.0216,11.1084
"GATM",0.103632,0,0.0261408,0.0955493,0.0270366,0.0762879,0.028707,0.0519405
"GBA2",15.4063,14.5662,17.0503,16.5904,16.8133,16.426,16.7993,13.5142
"GBA3",0,0,0,0,0,0,0,0
"GBE1",139.168,110.804,154.472,131.685,142.691,112.735,132.977,108.003
"GBF1",47.5034,47.2728,49.3947,51.9693,47.5183,50.7692,47.7947,47.6201
"GBP1",6.36919,4.31691,5.58775,4.22784,5.62244,3.8711,5.80701,4.23023
"GBP2",19.538,16.5634,18.0947,12.7214,16.4609,13.9655,17.9478,15.4855
"GBP3",7.02642,6.35726,5.70593,5.84512,6.41294,5.65616,6.37956,6.53721
"GBP4",7.38115,4.72437,7.11743,4.30832,6.367,4.24161,6.88492,4.7937
"GBP5",0,0,0,0.0453932,0.0342781,0,0,0.0329397
"GBP6",0.0131978,0,0,0,0,0,0,0
"GBP7",0,0,0,0,0,0,0,0
"GBX1",0,0,0,0.258512,0.0583693,0.0543232,0,0
"GBX2",4.24366,3.87814,3.89759,4.60455,4.91375,4.81786,5.81438,5.07016
"GC",0,0,0,0,0,0,0,0
"GCA",2.09758,1.52812,1.62079,1.2015,1.46511,0.941591,1.1065,1.49024
"GCAT",9.69925,9.09729,8.94378,9.29103,12.4254,11.1549,8.35547,9.96284
"GCC1",3.00976,3.89542,3.8932,3.9595,3.96349,3.37192,4.3907,3.55856
"GCC2",2.32659,2.1347,2.66558,2.18252,2.28294,1.77094,2.36723,2.35929
"GCDH",5.31598,4.87843,4.88025,5.74836,5.48724,6.90806,4.48744,6.57958
"GCFC2",0.782364,0.727154,0.902687,0.194263,0.54844,0.664342,0.984634,0.473586
"GCG",0,0,0,0,0,0,0,0
"GCGR",0,0,0,0,0,0,0,0
"GCH1",2.2236,1.93075,1.65894,2.31509,1.37128,1.59705,1.12983,1.70027
"GCHFR",3.83873,5.85716,5.68632,4.38448,4.78684,6.03694,3.45853,4.57807
"GCK",0,0,0,0,0,0,0,0
"GCKR",0.311409,0.333727,0.28329,0.201378,0.0976394,0.122218,0.103561,0.343813
"GCLC",4.46652,5.00436,5.10975,5.31073,4.79236,5.06334,5.54896,4.84944
"GCLM",3.99714,3.50096,3.43422,3.52852,3.98539,3.53826,3.47388,3.0283
"GCM1",0,0,0.0242986,0,0,0.0236547,0,0.0482885
"GCM2",0,0,0,0,0,0,0,0
"GCNT1",12.1137,14.4237,13.6047,14.3853,13.8864,13.0243,13.6555,16.1101
"GCNT2",0.379496,0.701703,0.751453,1.00339,0.647146,0.836008,0.678711,0.580725
"GCNT3",0,0,0,0,0.0319896,0,0,0
"GCNT4",0,0,0.0191925,0,0.0198572,0,0.0422269,0
"GCNT7",0.166161,0.178094,0.201686,0.153622,0.104259,0.0978055,0.110535,0.0333896
"GCSH",7.44276,7.38151,9.32219,9.4121,7.86683,7.39563,4.61682,5.89799
"GDA",0,0,0,0,0,0,0,0
"GDAP1",1.015,1.16366,0.874728,1.46678,1.28151,1.19285,0.817017,1.27041
"GDAP1L1",0,0,0,0.15346,0,0,0,0
"GDAP2",2.93856,3.76681,4.21565,2.88933,3.00972,2.76135,3.74946,3.52042
"GDE1",26.9139,25.177,25.6969,24.4978,28.2369,23.8387,24.1519,27.7276
"GDF10",0,0,0,0,0,0,0,0
"GDF11",4.88735,5.3811,5.53596,6.0414,5.46762,6.47758,5.71215,5.66836
"GDF15",57.1435,41.2017,48.4805,45.6548,48.8096,43.1247,52.2769,32.8494
"GDF2",0,0,0,0,0,0,0,0
"GDF3",20.5459,29.3654,23.5949,30.6433,22.3665,24.8344,18.4287,29.5266
"GDF5",0.283367,0.242918,0.143075,0.418405,0.118367,0.361511,0.34545,0.113687
"GDF6",7.35644,6.38865,9.80571,7.2252,8.6561,6.19905,9.97742,6.59449
"GDF7",1.20297,0.571737,1.27645,0.691607,1.31769,0.398715,1.2365,0.617907
"GDF9",0.0340434,0.0364868,0.0688887,0,0.0356097,0,0.037747,0.0683864
"GDI1",139.153,103.555,132.245,118.077,137.881,118.949,141.044,101.135
"GDI2",181.295,175.669,187.469,184.853,174.986,153.748,200.785,182.303
"GDNF",0.0178432,0,0,0,0,0,0,0
"GDPD1",1.56915,1.6445,2.20057,1.88313,2.07108,2.91086,1.595,2.59555
"GDPD2",0.0331545,0,0.033535,0.091965,0.138702,0.0325253,0.0735237,0.0998907
"GDPD3",3.92614,3.85591,3.72607,3.84944,5.16922,6.25636,4.73262,5.02516
"GDPD4",0,0,0,0,0,0,0,0
"GDPD5",27.3509,41.8042,25.9037,49.3347,34.9982,55.7264,28.0746,42.8061
"GEM",0.364763,0.308854,0.518706,0.448631,0.39156,0.34473,0.311483,0.352764
"GEMIN2",6.24226,5.32691,4.74137,4.32996,4.02316,6.11887,2.39077,5.10428
"GEMIN4",11.157,11.8582,11.384,9.1047,11.2923,11.4549,12.7848,9.14209
"GEMIN5",5.48972,6.38768,5.75057,5.5668,5.68193,5.76631,5.35593,5.85497
"GEMIN6",9.69751,9.73161,8.65281,7.56353,10.1517,10.2081,6.93688,7.31304
"GEMIN7",33.097,32.7707,32.1498,29.6181,25.2214,25.6085,30.693,27.6526
"GEMIN8",21.8643,16.73,15.9021,21.1493,18.815,17.4715,16.86,20.3248
"GEN1",4.45284,4.95939,5.56196,4.30519,4.3953,4.10571,5.24984,5.30845
"GET4",11.0347,10.0484,11.2138,11.8598,12.5457,11.5818,12.0576,11.5085
"GFAP",0,0,0,0,0,0,0,0
"GFER",3.92031,4.33381,3.8494,5.57785,4.53505,4.35597,3.61547,3.59651
"GFI1",0.123767,0,0.0748907,0,0.0258134,0.0242886,0.0548399,0.0992184
"GFI1B",0,0,0,0,0,0,0,0
"GFM1",15.6967,17.4122,22.487,16.8781,18.1821,16.9549,20.2635,19.666
"GFM2",9.9165,10.5422,10.5861,10.8682,12.0611,10.2103,9.83732,11.0506
"GFOD1",6.52931,6.87028,6.56096,6.66525,7.16366,7.79586,6.4857,8.09309
"GFOD2",16.7275,15.8035,18.0026,17.3751,17.5607,16.2298,14.9354,15.0923
"GFPT1",6.0708,5.59462,7.59944,5.89449,6.53456,5.43351,7.72896,5.72562
"GFPT2",1.20815,1.55449,1.79287,1.37519,2.06527,1.42337,1.80053,1.60585
"GFRA1",0.082632,0.0368637,0.186398,0.107173,0.0929098,0.0406015,0.121889,0.0961893
"GFRA2",0,0,0.0198505,0,0,0,0,0.0226418
"GFRA3",0.143246,0.230305,0.0362553,0.231988,0.0374784,0.0702524,0.11914,0.0719697
"GFRA4",0,0,0,0,0,0,0,0
"GFRAL",0,0,0,0.0335378,0.0379257,0,0,0
"GGA1",12.8935,11.8032,13.6496,15.7613,15.337,14.5236,13.0015,12.7623
"GGA3",20.6391,21.0046,23.6137,25.5128,24.2495,25.3137,19.8638,20.6261
"GGCT",14.166,16.3342,13.0695,13.3632,12.2829,12.8861,9.55467,10.4386
"GGCX",7.79548,8.32722,8.78766,8.116,7.47674,7.60393,7.87264,8.34007
"GGH",65.8829,60.4936,68.0769,60.3065,53.0362,54.2582,64.3222,54.4457
"GGN",0.968874,1.16287,1.25908,1.31881,1.14712,1.67088,1.01489,1.52912
"GGNBP2",5.12808,5.99804,5.59729,4.87823,3.3425,4.75196,5.5791,5.45587
"GGPS1",3.93428,3.53379,3.44154,3.37518,3.35895,3.534,3.24854,3.97279
"GGT1",0.427605,0.101773,0.288016,0.220627,0.165443,0.307505,0.175459,0.22243
"GGT5",54.3561,52.8477,52.8872,59.8279,53.793,67.6394,57.4053,56.7127
"GGT6",0,0.0283765,0,0,0.0829372,0,0,0
"GGT7",0.651602,0.914692,0.895948,1.29125,1.16236,1.10723,1.36065,1.63903
"GGTLC1",0,0,0,0,0,0,0,0
"GGTLC2",0,0,0,0.0921939,0,0.0950651,0,0
"GH1",0,0,0,0,0,0,0,0
"GH2",0,0,0,0,0,0,0,0
"GHDC",0.406854,0.531092,0.568876,1.06694,0.786247,0.607876,0.482766,0.69445
"GHITM",15.6192,16.1767,16.4898,15.881,14.24,14.4383,14.9625,13.4568
"GHR",0.22594,0.254091,0.528244,0.234786,0.192076,0.209296,0.349864,0.383387
"GHRH",0,0,0,0,0,0,0,0
"GHRHR",0,0,0,0,0,0,0,0
"GHRL",0,0.174649,0,0,0,0,0,0
"GHSR",0,0,0,0,0,0,0,0
"GIGYF1",5.08491,4.21052,5.07782,6.07891,5.65291,6.37944,5.0086,4.93969
"GIGYF2",6.96199,8.02932,8.32274,7.8671,8.83632,8.64726,8.85333,7.64142
"GIMAP2",25.9811,24.8653,22.8004,20.4021,19.9092,20.3199,20.8874,23.2402
"GIMAP4",114.228,103.824,106.72,101.004,109.513,95.7431,101.78,107.248
"GIMAP6",27.1368,25.9255,23.391,24.8424,26.632,26.8596,21.7116,25.0129
"GIMAP7",30.5153,29.0215,25.1702,22.969,24.4723,24.3886,22.1541,27.5009
"GIMAP8",28.3496,28.5287,27.5949,25.6399,30.3494,28.2027,24.8549,29.7262
"GIN1",0.589409,0.493268,0.333674,0.440313,0.134261,0.452198,0.367132,0.258014
"GINS1",15.2312,12.7445,16.099,9.51576,12.3082,11.4847,12.9905,13.7386
"GINS2",18.935,17.9887,19.6144,15.2043,16.8833,16.1656,16.9371,14.965
"GINS3",14.9109,14.1313,12.6683,14.817,12.8123,14.6161,13.3394,14.4305
"GINS4",8.25803,6.95973,8.16956,7.58144,6.2459,7.66947,8.90211,6.52649
"GIP",0,0,0,0,0,0,0,0
"GIPC1",33.0685,31.3873,31.7749,35.8129,35.4648,43.4429,32.8845,26.8578
"GIPC2",2.52993,4.07309,2.92523,2.2802,2.9255,2.48032,2.74398,2.41231
"GIPC3",1.81173,3.57527,2.61731,3.77498,3.26361,3.88809,2.62928,3.2722
"GIPR",0,0,0,0,0,0.0999662,0.0753264,0
"GIT1",55.2591,51.9293,49.3921,62.6539,60.958,65.3358,49.4049,50.455
"GIT2",42.2109,37.1903,38.9854,38.719,38.0852,36.5013,41.1586,39.4676
"GJA1",74.7643,65.4103,81.7803,66.1017,67.8995,58.5556,80.6672,66.3726
"GJA10",0,0,0,0,0,0,0,0
"GJA3",0,0,0,0,0,0,0,0
"GJA4",23.2081,53.5731,26.7633,82.3274,29.3889,65.8583,24.6712,67.5686
"GJA5",1.82469,4.16247,1.4934,4.8273,1.16669,3.1759,1.99798,4.71249
"GJA8",0,0.0573011,0,0,0,0,0,0
"GJB1",0,0,0,0,0,0,0,0
"GJB2",0,0,0,0,0,0.0284779,0,0
"GJB3",0.119189,0,0,0,0,0,0,0.0799199
"GJB4",0,0,0,0,0,0.0459405,0,0
"GJB5",0,0.123779,0,0,0,0,0.128207,0
"GJB6",0,0,0,0,0,0,0,0
"GJB7",0,0.0956478,0.0601193,0,0,0,0.0659538,0.0597079
"GJC1",3.37944,3.03267,3.47745,3.29532,3.14815,2.39536,4.09614,3.47406
"GJC2",0.0567258,0.121571,0,0.0785243,0,0.0556683,0,0.142241
"GJC3",0.0682956,0.219844,0.349575,0,0.144301,0.0668407,0,0.0691767
"GJD2",0,0,0,0,0,0,0,0
"GJD3",1.36715,1.46877,1.09043,1.19905,1.23539,1.64269,1.29035,1.18252
"GJD4",0,0,0,0,0,0,0,0
"GK",5.97772,7.72011,5.59938,7.35667,8.36879,9.97738,6.46328,4.8541
"GK2",0,0,0,0,0,0,0,0
"GK5",0.527136,0.712816,0.769741,0.555063,0.500306,0.503338,0.824907,0.70951
"GKAP1",1.06186,0.831856,0.704096,0.681595,1.1557,0.480541,0.589024,0.369796
"GKN1",0,0,0,0,0,0,0,0
"GKN2",0,0,0,0,0,0,0,0
"GLA",10.7798,13.3183,12.8079,10.3379,10.3342,12.5128,12.9812,11.2783
"GLB1L",2.65823,2.65748,2.14834,3.20548,2.72355,2.78995,2.96999,3.34033
"GLB1L2",0.67444,0.350989,0.657048,0.66354,0.726587,0.623873,0.622575,0.472846
"GLB1L3",0,0,0,0,0,0,0.0249306,0
"GLCCI1",1.50519,1.3762,1.42831,1.92101,1.52004,1.52828,1.21733,2.02377
"GLCE",38.8998,46.9594,36.6316,41.3992,36.6766,42.4984,38.1752,42.6064
"GLDC",0.480532,0,0.894027,0.363985,0.511802,0.56329,0,1.17624
"GLDN",0,0,0,0,0,0,0,0
"GLE1",8.10209,8.53662,8.60648,8.43212,7.99042,7.6338,8.3597,7.6464
"GLG1",31.8868,31.4116,30.1221,32.5535,32.402,32.2691,33.9656,31.4161
"GLI1",0.271959,0.543803,0.237226,0.450039,0.113269,0.24927,0.140534,0.56233
"GLI2",0.00936624,0.0601812,0.0187953,0.0514963,0.0291838,0.0644248,0.0103638,0.0374037
"GLI3",16.5618,13.6181,18.9983,16.5539,17.0324,16.5031,17.1528,14.8907
"GLIPR1",6.70261,6.11059,6.65797,5.76119,6.73363,4.63908,8.32329,4.54109
"GLIPR1L1",0,0,0,0,0,0.0806974,0,0
"GLIPR1L2",0.0811952,0,0.123503,0.150551,0,0.0398076,0.045039,0.204209
"GLIPR2",15.2282,13.079,15.352,15.6238,12.9383,14.5774,15.1722,13.2122
"GLIS1",0,0,0,0.0435087,0,0,0,0.0473166
"GLIS2",15.6566,15.6917,21.1847,19.5899,22.3819,22.7628,22.6092,16.8605
"GLIS3",1.64927,2.32786,2.17883,2.37486,2.07589,2.82488,1.97326,2.7003
"GLMN",2.24722,2.75711,2.40075,2.23137,2.18804,2.36723,3.65298,2.87518
"GLO1",50.9095,53.5194,51.229,46.3596,42.7149,46.1238,47.3296,42.9039
"GLOD4",14.4364,12.9392,14.2196,13.8826,11.6244,13.4168,12.8592,14.6341
"GLOD5",0,0,0,0,0,0,0,0
"GLP1R",0,0,0,0,0,0,0,0
"GLP2R",0,0,0,0,0,0,0,0
"GLRA1",0,0,0.0393415,0,0.0406651,0.0761669,0.0424466,0
"GLRA2",0,0,0,0,0,0,0,0
"GLRA3",0,0,0,0,0,0,0,0
"GLRB",0.778633,1.13704,1.18865,1.41967,1.64509,0.77011,1.36442,1.05792
"GLRX",8.45402,9.11189,7.0807,8.58498,8.52795,8.28929,8.4966,9.33468
"GLRX2",2.76046,2.62675,1.79506,0.877579,1.47825,2.13205,1.02722,1.53222
"GLRX3",72.7427,89.8317,81.4552,81.2391,73.6103,67.6222,80.0063,81.7972
"GLRX5",24.4874,21.9975,21.023,18.9494,19.8024,20.8391,19.4212,20.1861
"GLS",20.3071,20.5874,21.8593,21.3852,22.219,18.6568,21.8234,22.4386
"GLS2",0.45131,0.161213,0.243207,0.305625,0.817331,0.472368,0.400195,0.452858
"GLT1D1",0,0,0,0,0,0,0,0
"GLT6D1",0,0,0,0,0,0,0,0
"GLT8D1",12.9067,14.5994,12.3572,12.8822,11.4371,11.8015,13.4794,11.2107
"GLT8D2",2.86298,3.154,2.00712,2.62198,2.90167,2.65595,2.12415,3.61507
"GLTP",25.8984,25.5589,26.5693,26.0133,29.0008,27.2784,22.687,25.4526
"GLTPD2",0,0,0,0,0,0,0,0
"GLUD1",29.2268,25.7351,25.6926,23.1781,23.9547,25.5027,25.1834,24.3469
"GLUD2",0.173874,0.0310537,0.0292699,0.240746,0.181609,0.0568753,0.0642362,0.232564
"GLUL",30.0753,27.5581,33.3032,32.0063,30.607,26.9011,29.1574,27.9328
"GLYAT",0,0,0,0,0,0,0,0
"GLYATL1",0,0,0,0,0,0,0,0
"GLYATL2",0,0.113415,0,0,0,0,0,0
"GLYATL3",0,0,0,0,0,0,0,0
"GLYR1",49.2439,47.0767,48.7276,55.75,51.0644,53.3619,46.2584,53.4287
"GM2A",33.0593,33.3002,36.7932,38.3835,31.9125,33.1675,32.9911,35.2643
"GMCL1",3.31452,2.98804,3.61149,1.93334,2.76392,2.31025,2.35962,2.03229
"GMDS",41.6838,47.0403,48.5688,52.2154,48.6853,43.8191,49.2504,44.3855
"GMEB1",3.83669,4.3974,4.29457,4.73707,4.25634,4.72253,4.09427,3.98392
"GMEB2",4.34358,4.73455,3.87814,4.60771,4.59507,4.78722,3.77284,4.36442
"GMFB",11.2485,9.92876,12.3125,10.5169,11.1311,8.91588,11.782,9.31293
"GMFG",32.5188,33.7754,26.9477,28.2155,29.8097,28.1397,26.8537,29.7835
"GMIP",7.62546,7.05076,8.62374,8.49713,8.06936,10.0593,10.1458,7.65848
"GML",0,0,0,0,0,0,0,0
"GMNC",0,0,0,0,0,0,0,0
"GMNN",6.67235,7.13356,6.68682,5.11742,4.94779,5.7449,4.96003,3.6635
"GMPPA",35.3874,40.0602,32.5922,43.8199,32.8684,39.3802,32.2986,33.2862
"GMPPB",6.42026,6.78071,6.48454,7.12892,7.19048,6.38861,6.0831,5.91837
"GMPR",97.2223,98.0769,92.1455,110.007,91.6757,93.4371,80.3974,103.952
"GMPR2",39.259,32.122,29.797,34.2531,27.2594,29.2841,28.7689,26.1355
"GMPS",28.7648,32.3517,28.368,28.6787,27.4157,28.9387,29.7716,27.6152
"GNA11",24.7087,26.1031,31.0245,29.3167,33.0916,26.6797,34.3124,27.7886
"GNA12",39.0659,41.3814,41.2899,44.7237,38.7962,41.2675,40.5551,41.5416
"GNA13",8.93118,9.098,9.84558,8.65671,8.89568,7.62412,10.4029,8.63353
"GNA14",0.593793,1.21468,0.87178,1.46884,0.760729,0.953637,1.07673,1.40726
"GNA15",0,0,0,0,0,0.0314464,0.0355328,0.0965315
"GNAI1",2.53329,2.2709,2.53083,2.31218,2.68024,2.11828,2.49869,2.3573
"GNAI2",835.009,836.723,832.738,867.759,822.904,956.578,855.133,850.46
"GNAI3",17.4607,17.6754,17.0463,14.1095,16.3931,13.9206,15.7193,15.2684
"GNAL",0.0578019,0.0412778,0.116386,0.0177166,0.0602049,0.151368,0.0640114,0.0192774
"GNAO1",0.0788095,0,0.0991881,0.0181237,0.041048,0.0100598,0.0218196,0.0197196
"GNAQ",51.299,47.0858,58.5981,45.9381,54.2596,41.5564,59.61,52.6861
"GNAS",724.427,735.123,733.137,709.938,731.954,707.398,707.185,744.214
"GNAT1",0,0,0,0,0,0,0,0
"GNAT2",0.457653,1.47358,0.626394,0.645072,0.565382,0.298441,0.594115,0.232237
"GNAT3",0,0,0,0,0,0,0,0
"GNAZ",0.410386,0.695596,0.632533,0.434262,0.578255,0.826063,0.874713,1.03622
"GNB1",141.371,129.688,151.29,124.262,140.26,120.248,142.456,130.919
"GNB2",100.16,103.602,104.038,118.225,127.928,131.595,103.695,99.952
"GNB4",16.8662,17.4168,18.6166,16.5245,17.9298,15.0244,18.6707,16.9125
"GNB5",3.37758,2.66631,3.11257,3.00757,2.6639,2.487,2.74847,2.55924
"GNE",5.05896,4.94635,5.27843,4.80971,4.79959,4.15726,5.707,5.10212
"GNG11",559.064,531.306,533.456,508.698,552.108,504.726,417.627,477.75
"GNG12",134.658,125.895,152.062,126.686,136.697,103.92,158.162,114.153
"GNG13",0,0,0,0,0.0848667,0,0,0
"GNG2",0.016897,0.0362232,0.10208,0.0621611,0.0175892,0.0498243,0.0187141,0.0669556
"GNG3",0.167377,0.179625,0.0860979,0.157781,1.06534,0.163583,0.372636,0.340244
"GNG4",0,0.0268875,0.0882571,0.024211,0,0.0246636,0,0
"GNG5",1805.57,1758.92,2098.76,1889.54,1716.29,1567.14,1811.13,1820.33
"GNG7",0.279947,0.0499684,0.250191,0.128552,0.177994,0.164579,0.103301,0.124398
"GNG8",4.10931,2.03652,3.49555,1.93813,4.93054,4.49212,2.03872,2.63452
"GNGT1",0,0,0,0,0,0,0,0
"GNGT2",5.11419,4.31489,3.80615,4.96789,2.422,5.38072,3.04419,4.48248
"GNL1",0,0,0,0,0,0,0,0
"GNL2",9.57877,8.6388,9.89891,7.80207,8.27171,8.24256,9.80618,6.9305
"GNL3",19.503,19.4299,21.4702,18.5792,15.722,17.0745,19.2242,19.733
"GNL3L",10.025,11.852,11.544,14.8666,12.5319,12.4231,14.6221,9.87836
"GNLY",0,0,0,0,0,0,0,0
"GNMT",0.21645,0.0774348,0.295836,0,0.0763084,0.352973,0.0802552,0.219452
"GNPAT",68.487,64.8013,58.3827,67.1757,73.1136,62.3104,63.3803,62.6406
"GNPDA1",22.1356,20.6031,23.2072,21.4556,20.4092,20.0236,22.4297,22.5428
"GNPDA2",0.367227,1.10349,0.903845,0.206824,0.854789,0.862271,2.12433,0.893853
"GNPNAT1",9.32724,9.53026,9.39785,9.80194,8.36487,8.07354,10.0339,11.2963
"GNPTAB",14.3283,13.9356,16.084,14.8047,14.0765,12.9992,16.2791,14.5198
"GNPTG",31.5328,27.9953,30.2348,34.1297,30.4606,27.6624,27.9379,30.8459
"GNRH2",0.323773,0,0,0,0,0,0,0
"GNRHR",0.0335178,0.0239292,0.0448691,0.0204878,0.0232188,0.0219525,0.074192,0.0111561
"GNS",51.5096,54.0025,54.5862,53.2169,51.6892,49.1432,50.8975,55.5099
"GOLGA1",6.22118,6.68125,7.00487,6.91284,7.35575,6.75806,7.18566,7.56976
"GOLGA2",7.66078,5.99866,7.51083,5.91527,7.89547,7.41466,7.54832,6.18395
"GOLGA3",11.94,10.266,12.472,11.858,15.0224,13.4679,13.4329,12.0186
"GOLGA4",7.64173,7.82067,8.29901,6.90687,7.36194,5.63418,8.248,8.02358
"GOLGA5",11.5944,10.5819,11.5071,12.1717,11.9902,10.4327,12.4602,10.7138
"GOLGA6A",0,0,0,0,0,0,0,0
"GOLGA6B",0,0,0,0,0,0,0,0
"GOLGA6C",0,0,0,0,0,0.0116801,0,0
"GOLGA6D",0,0,0,0,0,0,0,0
"GOLGA6L1",0,0,0,0,0,0,0,0
"GOLGA6L10",0.165871,0.0987128,0.0927432,0.237235,0.0383833,0.108593,0.0816339,0.129085
"GOLGA6L6",0,0.0169684,0,0,0,0,0,0
"GOLGA6L9",0,0,0,0,0,0,0,0
"GOLGA7",70.3632,65.0215,75.8676,65.6595,59.7835,55.4268,67.9037,74.3736
"GOLGA7B",0,0.0316419,0.0593009,0.0270797,0,0.067742,0.0108982,0.0393357
"GOLGA8A",1.15321,1.13694,1.00796,1.51797,0.931147,0.998149,1.46119,1.04609
"GOLGA8B",0.849019,1.02208,0.709936,1.00111,1.08745,1.05831,1.24039,1.15277
"GOLGB1",7.35365,8.91283,7.64793,7.51163,8.52828,8.66643,7.48835,7.315
"GOLIM4",7.0315,8.13361,9.34667,9.82869,7.69859,8.24733,9.50793,8.97665
"GOLM1",36.5464,38.7592,36.0914,37.3521,33.2892,35.8356,35.4753,35.5153
"GOLPH3",26.3584,22.3198,23.4766,21.0529,23.045,19.3342,25.4178,22.7533
"GOLPH3L",21.8947,19.4885,21.7865,21.0534,18.289,17.9385,23.0928,22.033
"GOLT1A",0,0,0,0,0,0,0,0
"GOLT1B",6.66968,5.59551,6.25106,6.48731,5.39981,5.70081,6.25196,5.20825
"GOPC",3.23221,3.67862,3.74025,2.94121,3.21596,2.85893,3.22307,2.81441
"GORAB",1.91063,2.29793,2.20457,2.87015,2.40922,2.64354,2.43738,2.39231
"GORASP1",17.9217,18.0269,15.4449,18.1814,17.6213,17.1522,17.8188,16.296
"GORASP2",95.6242,79.0441,92.8588,104.81,97.0561,90.3708,96.5904,77.9168
"GOSR1",7.1769,6.35508,7.13932,7.30734,6.99777,7.10057,7.95908,7.1919
"GOSR2",74.5498,90.4253,94.5031,90.0325,90.5174,86.5922,83.2042,75.4507
"GOT1",18.0045,19.1668,19.2699,22.4961,16.4094,20.7165,18.8458,20.3141
"GOT1L1",0,0,0,0,0,0,0,0
"GOT2",67.2118,67.1539,69.3256,63.683,65.4884,71.392,68.4136,64.9159
"GP1BA",0.134362,0.115177,0.0271227,0.0247854,0.196356,0.210993,0.119112,0.296377
"GP2",0,0,0.0351339,0,0,0,0,0
"GP5",0.0187339,0.0200682,0.0188564,0.172267,0.0390195,0,0,0.0374922
"GP6",0.149929,0.128531,0.121184,0.0831462,0.354372,0.423475,0.134839,0.150436
"GP9",0,0,0,0,0,0.374362,0,0
"GPA33",0,0,0,0,0,0,0,0
"GPAA1",26.2801,26.5546,28.2872,34.7593,27.6332,33.8105,26.5263,26.0549
"GPAM",1.27311,1.72554,1.21774,1.19421,1.12619,1.26072,1.28771,1.3308
"GPANK1",0,0,0,0,0,0,0,0
"GPAT2",0.376677,0.469666,0.236778,0.346992,0.346815,0.639418,0.704177,0.613266
"GPATCH1",2.82659,3.10982,2.81587,2.59269,3.70162,2.80654,3.25814,2.36434
"GPATCH2",2.84011,3.2517,4.05766,4.02619,3.05263,2.60251,3.79645,3.72603
"GPATCH4",1.08921,0.743221,0.503579,0.138166,0.46817,0.582185,0.824485,0.898458
"GPATCH8",14.6905,13.6358,15.6381,17.0293,16.8781,17.7262,16.2811,15.5639
"GPBAR1",0.0526902,0.223047,0.173881,0.0981474,0.163485,0,0.117034,0.316814
"GPBP1",3.80885,3.9586,3.52005,3.8739,2.49157,3.18952,3.20228,3.24191
"GPBP1L1",22.474,22.4034,24.6905,26.0649,24.0612,20.8626,24.1032,25.2547
"GPC1",3.77002,4.666,3.15336,5.43329,4.46935,6.5609,4.46655,3.90013
"GPC3",0,0.0339498,0,0,0,0.0293553,0,0.0600409
"GPC4",0.0526495,0,0.0529723,0,0.0182704,0.0172354,0,0
"GPC5",0,0.0987689,0.0464634,0,0.240314,0.0905029,0.102124,0.0923456
"GPC6",0,0,0,0,0,0,0.00986214,0
"GPCPD1",2.36036,3.07314,2.63921,2.32864,2.72384,2.83825,2.62698,2.99982
"GPD1",0,0,0,0.127555,0,0.0226597,0.0255695,0
"GPD1L",3.94275,3.56524,4.0109,4.29005,3.47935,4.00856,3.44585,4.46013
"GPD2",7.69363,7.36776,7.51417,7.27926,6.59103,6.38041,6.904,6.61146
"GPHA2",0,0.124546,0,0,0,0,0,0
"GPHB5",0,0,0,0,0,0,0,0
"GPHN",5.42705,5.88146,7.22525,7.64408,7.35168,7.49079,7.36004,7.0062
"GPI",85.788,81.7828,82.0838,89.4118,83.8017,87.8098,77.272,81.8484
"GPIHBP1",0.0594748,0.0637343,0.0300437,0,0,0.0583606,0,0
"GPKOW",3.82754,3.38541,3.6329,4.47208,4.98046,4.12916,3.40271,3.85796
"GPLD1",0.0708433,0,0.0188796,0.0344957,0.0195337,0.0184192,0.0623126,0.0187691
"GPM6A",0.403178,0.195037,0.254957,0.0166335,0.232881,0.0891377,0.140244,0.270814
"GPM6B",0.307229,0.708971,0.619501,0.849079,0.566867,0.811997,0.366539,0.473532
"GPN1",18.3477,19.3278,18.3275,16.657,16.6533,15.9028,18.9332,15.9401
"GPN3",2.85862,2.02619,2.50553,1.6669,1.73032,2.79957,1.55982,2.29533
"GPNMB",0.170943,0.183157,0.197026,0.135016,0.127363,0.0719059,0.189393,0.146837
"GPR101",0,0,0,0,0,0,0,0
"GPR107",15.387,14.3077,17.3406,15.0942,16.8745,14.1562,15.6478,14.6765
"GPR108",33.9058,34.529,34.3604,39.7416,36.3934,41.2672,36.9041,35.6471
"GPR119",0,0,0,0,0,0,0,0
"GPR12",0,0,0,0,0,0.0130183,0,0
"GPR132",0,0,0.0180628,0,0.0186894,0,0,0.0179585
"GPR135",0.731973,0.615987,0.711856,0.908976,0.807951,1.21771,1.62565,1.06981
"GPR137",12.1586,9.35969,9.75349,14.2301,16.891,13.6937,12.3433,12.1495
"GPR137B",41.9529,37.6054,43.0209,48.6772,47.2949,35.8744,40.7479,43.38
"GPR137C",2.02009,2.67683,1.85518,2.45554,1.95982,1.84478,2.32321,3.28245
"GPR139",0,0,0,0,0,0,0,0
"GPR141",0,0.188111,0,0,0,0,0,0
"GPR142",0,0,0,0.243885,0,0.205279,0,0
"GPR143",2.51522,4.6115,2.50878,2.64322,3.9712,5.16539,2.48159,5.01326
"GPR146",6.45519,8.5866,6.50428,9.49433,8.68588,7.66389,6.41148,7.69301
"GPR148",0,0,0,0,0,0,0,0
"GPR149",0,0,0,0,0,0,0,0
"GPR15",0,0,0,0,0,0,0,0
"GPR150",0,0,0,0,0,0,0,0
"GPR151",0,0,0,0,0,0.0576448,0,0
"GPR152",0.151952,0,0,0,0,0,0,0
"GPR153",0.833012,1.15425,1.18129,1.42427,1.37855,1.55899,1.04587,1.25649
"GPR155",0.264654,0.335098,0.337793,0.102834,0.248377,0.305467,0.264558,0.253252
"GPR156",0.0309175,0.033116,0.0466277,0.0141977,0.0160838,0,0,0.0309128
"GPR158",0,0,0,0.0349029,0,0,0,0
"GPR160",1.1461,0.622722,0.73381,1.07473,0.932318,0.65076,0.779652,0.68664
"GPR161",6.91431,6.8624,9.01456,7.51964,8.822,6.78145,8.04593,6.47917
"GPR162",5.24739,4.8541,4.56914,7.42021,5.66686,7.29631,5.79621,5.33355
"GPR17",0,0,0,0.0542764,0,0,0,0
"GPR171",0,0,0,0,0,0,0,0
"GPR173",6.52652,7.16979,7.89197,8.45245,8.04029,10.0866,9.34725,8.53288
"GPR174",0,0,0,0,0,0,0,0
"GPR176",21.2803,17.4376,20.8551,18.0906,22.879,17.487,21.8329,15.4181
"GPR179",0.00790504,0,0.0158553,0.0144796,0.0164138,0.0233055,0.00874592,0.0157786
"GPR18",0.245162,0,0.199455,0.0456274,0,0.0480502,0,0.296596
"GPR180",1.54346,1.37781,1.77524,1.53863,1.39222,1.58214,1.56612,1.60135
"GPR182",0,0.0486451,0,0,0,0.044473,0,0
"GPR183",0,0,0,0.036294,0.0820175,0.153557,0,0.0787542
"GPR19",0.040225,0.215605,0.163138,0.186435,0.0843019,0.0788866,0.178497,0.202317
"GPR20",0,0,0,0,0,0,0,0
"GPR21",0,0.158211,0.151197,0.276791,0.0779938,0,0.738011,0
"GPR22",0.0223518,0,0,0,0,0,0,0
"GPR25",0,0,0,0,0,0,0,0
"GPR26",0,0,0.00609731,0,0.00631267,0,0,0.00606886
"GPR27",0,0,0,0,0,0,0,0
"GPR3",1.39425,1.59849,1.50826,1.55836,1.22042,1.62237,1.43788,1.04173
"GPR31",0,0,0,0,0,0,0,0
"GPR32",0,0,0,0,0,0,0,0
"GPR33",0,0,0,0,0,0,0,0
"GPR34",0,0,0,0.0695385,0.0786191,0,0,0
"GPR35",0.0977911,0.452142,0.202274,0.0926512,0,0.265274,0.862399,0.059938
"GPR37",0.0895648,0.119945,0.315916,0.18556,0.256773,0.175862,0.074409,0.201831
"GPR37L1",0,0,0.0276357,0.0757638,0.0285805,0.0268674,0.0303373,0
"GPR39",0,0,0.0950495,0,0,0.0462753,0,0.0472252
"GPR4",37.9304,44.0595,42.0261,49.7502,39.6703,56.2116,47.8583,45.518
"GPR45",0,0,0,0,0,0.119739,0.135477,0
"GPR50",0,0,0,0,0,0,0,0
"GPR52",0,0.052452,0.0994851,0.0909808,0,0,0,0
"GPR55",0,0,0.0170967,0,0,0,0,0
"GPR6",0,0,0,0,0,0,0,0
"GPR61",0,0.0252328,0,0,0,0,0,0
"GPR62",0,0.0666443,0,0.0287241,0,0,0.0344894,0.0312079
"GPR63",0.0634106,0.0447766,0.0846941,0.0586772,0.0554163,0.0943286,0.0590229,0.095878
"GPR65",0.0142555,0.0305372,0.028654,0,0,0,0.0473409,0.0427476
"GPR68",0.273409,0.439552,0.138321,0.568947,0.393249,0.938721,0.416841,0.58357
"GPR78",0,0.019712,0,0,0.0383246,0,0,0
"GPR82",0.0783816,0.0839667,0.039465,0.108152,0.0204119,0.0577248,0.043402,0.0980611
"GPR83",0.0754865,0.0970238,0.0758864,0.0970468,0.0942367,0.148293,0.0668531,0.241499
"GPR84",0,0,0,0,0,0,0,0
"GPR85",0.0269905,0.0867427,0.027118,0.161062,0.112291,0.119353,0.0747038,0.0944289
"GPR87",0.0471482,0,0,0.0438185,0,0,0,0
"GPR88",0,0.0404828,0,0,0,0,0,0.0189085
"GPR89A",0.34604,1.0413,0.737402,0.86662,0.724843,0.374401,0.541481,0.522136
"GPRASP1",0.263281,0.305466,0.121141,0.261527,0.227986,0.215573,0.109268,0.208167
"GPRC5B",7.14951,7.91186,9.79063,7.70371,9.1734,7.44166,8.4007,8.43855
"GPRC5C",0.0382912,0,0,0,0,0.0751048,0,0
"GPRC5D",0.523574,0.0802934,0.230213,0.140498,0,0,0.166416,0
"GPRC6A",0,0,0,0,0,0,0,0
"GPRIN1",2.19895,2.52001,2.34995,2.78211,2.4318,2.58278,2.00878,2.2447
"GPRIN2",0,0,0,0,0,0,0,0
"GPRIN3",1.19188,1.31827,1.085,1.02387,1.43627,0.994659,1.38488,1.63938
"GPS1",97.3756,105.699,102.239,125.483,108.502,109.307,95.4189,96.2206
"GPS2",114.425,115.135,114.433,108.672,108.865,122.133,113.072,109.223
"GPSM1",12.9245,11.7878,11.9095,12.7955,14.363,16.5015,13.6442,9.98668
"GPSM2",5.81919,7.02818,7.86165,5.73833,5.61116,6.54779,7.04919,7.31143
"GPT",0.0367775,0,0,0.0340473,0,0,0,0.0369641
"GPT2",4.83549,5.14036,4.96599,5.42755,5.11994,5.08215,4.74505,4.72016
"GPX1",1319.73,1311.96,1241.97,1359.42,1306.34,1286.65,1159.53,1214.34
"GPX2",0.0704967,0.151296,0,0.198465,0,0,0.235205,0.0575775
"GPX3",10.6546,12.8279,11.6877,19.4177,11.663,11.8903,11.1137,12.8358
"GPX4",473.94,416.795,453.971,419.125,441.383,401.027,395.271,423.019
"GPX5",0,0,0,0,0,0,0,0
"GPX6",0,0,0,0,0,0,0,0
"GPX7",1.33465,1.30156,0.681357,0.736708,0.319741,0.594043,0.539327,0.981327
"GPX8",26.1689,21.8924,25.6154,20.7034,22.7653,17.8831,26.6203,19.8507
"GRAMD1A",75.38,68.9124,81.1044,90.1845,90.8189,79.4864,74.4077,76.6478
"GRAMD1B",1.60892,1.77558,1.54408,2.26749,2.45244,2.39888,1.90161,2.86772
"GRAMD1C",2.89039,1.8232,3.1759,1.51435,3.04577,1.76266,3.12296,2.00215
"GRAMD4",5.04004,4.24475,4.18553,4.89979,6.32834,4.52877,3.38427,7.403
"GRAP",19.3466,23.1125,22.1536,20.3875,26.8532,25.8506,20.3145,21.3491
"GRAP2",0,0,0,0,0.0482641,0,0,0
"GRAPL",3.15956,2.01449,3.63773,5.64631,4.7521,5.01441,2.72028,4.18488
"GRB10",45.1498,51.2908,45.2099,53.3601,50.127,53.161,49.806,55.5819
"GRB14",5.30417,5.12216,3.7591,4.25456,3.91669,3.59963,4.12026,3.9994
"GRB2",23.685,23.9186,24.9936,23.9247,23.4879,26.5736,25.107,24.6469
"GRB7",0,0.0643272,0,0.150076,0.0679019,0.0637158,0.133071,0
"GREB1",0.147479,0.161735,0.061377,0.192499,0.0232494,0.102778,0.0826271,0.122545
"GREB1L",0.433468,0.343453,0.322032,0.299343,0.350221,0.32204,0.247794,0.401531
"GREM1",0,0,0.0649958,0,0,0,0,0
"GREM2",0,0,0,0,0,0,0,0
"GRHL1",0.425425,0.194044,0.130313,0.221083,0.211876,0.285713,0.305222,0.273219
"GRHL2",0,0,0,0,0,0,0,0
"GRHL3",0.0334943,0,0,0.0227711,0,0.0601347,0.0371345,0.0247704
"GRHPR",77.4429,66.7187,69.1461,82.8295,70.4812,67.373,65.7365,67.6203
"GRIA1",0.0111316,0,0,0,0,0.0109369,0,0
"GRIA2",0,0.0130122,0,0.0111443,0.0126292,0.0238802,0,0
"GRIA3",0,0,0,0,0,0,0,0
"GRIA4",0.0118806,0,0,0,0,0,0,0
"GRID1",0,0,0,0,0,0,0,0
"GRID2",0,0,0,0,0,0,0,0
"GRID2IP",0,0,0.0558732,0,0.0289118,0,0.0307733,0.0416788
"GRIK1",0,0,0,0,0,0,0.067654,0
"GRIK2",0,0,0,0,0,0,0,0
"GRIK3",0,0,0,0,0,0,0,0
"GRIK4",6.45701,10.2982,8.04299,9.69591,6.53873,10.9827,11.9119,11.4888
"GRIK5",16.0723,17.7226,16.1663,17.5827,18.7398,17.6147,13.8843,16.2145
"GRIN1",0,0,0.0167147,0,0,0.0326509,0,0.0166202
"GRIN2A",0,0.00472996,0.0088515,0,0,0.0133436,0.0150354,0
"GRIN2B",0,0,0,0,0,0,0,0
"GRIN2C",0.0151645,0.0162426,0,0.0278517,0.0315526,0,0.0503631,0.0151611
"GRIN2D",1.34791,1.15989,1.01308,1.39581,1.10897,1.22997,1.17759,0.91212
"GRIN3A",0.0324951,0,0.0325904,0.0148815,0.0421725,0.00798333,0.0359523,0.00810803
"GRIN3B",0.383979,0.454626,0.468088,0.22312,0.736918,0.555634,0.246213,0.343912
"GRINA",460.366,423.257,428.247,469.486,473.513,481.987,422.762,451.944
"GRIP1",0.0511486,0.0273836,0,0.0117181,0.0531759,0,0.0282996,0.0255459
"GRIP2",0.00790912,0,0.00793174,0,0,0.00778043,0.0437684,0
"GRIPAP1",7.84427,6.58868,6.67716,6.22831,7.79273,7.48781,7.04304,7.119
"GRK1",0,0,0,0,0,0,0,0
"GRK4",1.75967,1.8864,2.09035,2.12484,2.13533,2.16677,1.86143,2.26446
"GRK5",22.2266,22.62,20.5803,23.0815,22.8013,27.2207,18.1258,24.4119
"GRK6",11.0837,8.44489,8.35853,9.11829,9.58672,9.44521,8.20916,7.46904
"GRK7",0,0,0,0,0,0,0,0
"GRM1",0,0,0.00926897,0.0169372,0,0.0545072,0,0.027685
"GRM2",0.0977897,0.191263,0.362553,0.0899509,0.0203727,0.0351258,0.0397131,0.176171
"GRM3",0.0455384,0.0162587,0,0.0418191,0,0,0.0336087,0
"GRM4",0.0226095,0,0,0,0,0,0,0
"GRM5",0.0723012,0.0430096,0.0805687,0.0220674,0.0667234,0.0315739,0.035548,0.0481036
"GRM6",0.0414369,0.0332819,0.0935771,0,0,0,0.022927,0
"GRM7",0,0,0,0,0,0.0460087,0.0691528,0.0624568
"GRM8",0,0,0,0.0337592,0,0,0,0
"GRN",186.801,164.9,147.559,200.561,216.21,217.514,166.34,144.777
"GRP",0,0,0,0,0,0,0,0
"GRPEL1",5.73234,4.96666,3.30727,4.90943,5.46163,5.00223,6.19529,5.33541
"GRPEL2",5.86106,4.01101,6.2791,4.55299,5.10653,4.3296,5.6424,4.29308
"GRPR",0.353453,0.29469,0.278643,0.509475,0.658265,0.385117,0.392077,0.434456
"GRSF1",15.5612,15.2586,15.2954,13.9643,14.9035,14.0095,15.501,14.5225
"GRTP1",0.758757,0.40877,0,0,1.24549,0.73675,0.426162,0.395816
"GRXCR1",0,0,0,0,0,0,0,0
"GRXCR2",0,0,0,0,0,0,0,0
"GSC",0,0,0,0,0,0,0,0
"GSC2",0,0,0,0,0,0,0,0
"GSDMA",0,0.0337846,0,0,0,0,0,0
"GSDMB",0.609907,0.513767,0.574876,0.424567,0.77683,1.1487,0.870181,0.597335
"GSDMC",1.81241,1.03505,1.49816,2.03446,1.13339,1.29989,1.7291,1.7955
"GSDMD",6.00314,5.41242,5.31994,8.29029,5.0401,6.23753,5.90864,5.35824
"GSG1",0.11292,0.0604963,0.085517,0.312627,0.0884364,0.110816,0.0625679,0.0849396
"GSG1L",0.0260869,0,0,0.0260743,0,0,0,0
"GSK3B",35.7016,31.8058,42.7339,32.2767,40.8915,30.766,41.1677,38.4069
"GSN",27.8209,31.3076,27.4818,33.1404,31.6467,34.6781,28.8088,29.7021
"GSPT1",20.8946,23.2234,22.8235,22.9971,21.6933,20.5708,26.8419,21.4011
"GSPT2",5.83632,5.10242,5.29528,6.70922,5.43387,4.99611,5.79307,5.689
"GSR",27.326,22.3344,22.2785,21.9539,21.154,21.6181,20.3748,25.3051
"GSS",41.8813,35.6234,40.7107,49.6411,39.4959,41.6325,36.2525,40.6565
"GSTA1",0,0,0,0,0,0,0,0
"GSTA2",0,0,0,0,0,0,0,0
"GSTA3",0,0,0,0,0,0,0,0
"GSTA4",16.2589,16.6591,20.0279,15.808,15.1933,14.1015,13.2173,17.9607
"GSTA5",0,0,0,0,0,0,0,0
"GSTCD",3.59544,2.77765,3.7046,2.70914,2.89516,1.67785,2.90514,3.20665
"GSTK1",117.927,116.14,117.526,130.441,126.996,119.246,106.182,121.866
"GSTM1",0,0.204132,0.12964,0,0.06691,0,0,0.0641659
"GSTM2",7.42477,8.76843,7.01171,9.15645,10.5941,7.36858,7.62798,8.4562
"GSTM3",4.74218,4.60651,3.70954,3.87809,2.76004,3.48414,3.3724,3.23475
"GSTM4",4.14496,4.80616,2.43634,4.43497,3.62175,4.06777,5.24168,3.33183
"GSTM5",0.272222,0.0486451,0.138247,0,0.0476133,0.088946,0.151062,0.0456968
"GSTO1",238.974,268.526,250.319,246.614,222.03,226.719,234.022,250.014
"GSTO2",1.03422,0.261822,1.15396,1.54141,0.53198,0.72875,0.674614,0.553695
"GSTP1",672.428,657.332,681.915,701.964,672.667,663.574,628.107,656.739
"GSTT1",46.2632,50.8003,48.1206,54.5771,46.0025,46.8704,45.008,49.8195
"GSTT2",0.0680683,0.365184,0.0696768,0.127527,0.359529,0.0666193,0,0
"GSTZ1",7.13989,8.46111,7.47626,6.44905,7.75708,7.10034,8.6072,7.69442
"GSX1",0,0,0,0,0,0,0,0
"GSX2",0,0.0661927,0,0,0,0,0,0
"GTDC1",10.6864,13.3875,13.9047,9.5985,8.1853,9.34755,15.1992,7.64027
"GTF2A1",12.1094,12.3597,11.1842,11.2246,13.0172,8.99778,11.9998,13.5318
"GTF2A2",14.3458,14.4168,13.6556,11.2337,11.4328,10.5434,12.2888,12.2822
"GTF2B",3.9395,3.67932,3.4029,3.71832,4.22999,4.30994,3.72052,4.11072
"GTF2E1",5.41143,4.75642,5.93749,5.79195,4.25275,3.76486,5.10196,4.43106
"GTF2E2",9.49421,8.78265,10.6874,8.82169,9.96697,8.02845,11.158,9.33085
"GTF2F1",15.8507,15.9284,14.6749,17.4612,16.5797,17.8668,14.0704,14.1501
"GTF2F2",12.8277,14.7634,9.91324,9.37737,8.87404,14.5045,16.2229,12.7722
"GTF2H1",12.9416,14.0144,14.5785,12.7474,12.1021,12.3038,15.4746,13.133
"GTF2H2",0.176992,0.113822,0.214992,0.294783,0.0740832,0.208332,0.39254,0.355661
"GTF2H3",4.72396,4.09657,4.26293,3.86904,4.14101,3.52074,5.40336,5.15275
"GTF2H4",0,0,0,0,0,0,0,0
"GTF2H5",1.89108,1.69057,2.08312,1.79415,1.2886,1.82516,1.63463,1.76959
"GTF2I",24.1578,25.3347,25.1355,24.7949,24.7964,24.1536,24.0204,25.7327
"GTF2IRD1",7.3363,6.63807,7.67297,6.88712,7.80553,7.39193,7.47494,6.70657
"GTF2IRD2",0.423384,0.433815,0.314946,0.270798,0.632561,0.542312,0.326143,0.405206
"GTF2IRD2B",0.309776,0.448952,0.330085,0.385315,0.227687,0.214738,0.363201,0.309938
"GTF3A",39.3057,41.5416,37.3771,37.9409,31.7005,35.4206,35.2042,33.7028
"GTF3C1",20.9914,19.7942,20.5911,19.7949,20.7316,20.9275,19.9489,19.801
"GTF3C2",20.5204,21.1055,21.8814,23.9544,21.1164,23.2534,24.1935,22.786
"GTF3C3",8.82086,8.12832,8.68393,8.25005,8.15689,6.33067,8.29198,8.29105
"GTF3C4",7.15746,7.44693,8.27476,7.94828,7.73656,6.76154,8.72902,8.66153
"GTF3C5",28.5368,29.3537,31.0437,31.3846,32.0094,32.4676,32.3663,28.3676
"GTF3C6",12.9848,12.0513,12.588,13.5786,10.2238,15.4795,10.7266,10.8178
"GTPBP1",13.2547,13.9869,14.5632,14.8901,14.3198,14.9411,14.8078,13.7952
"GTPBP10",1.03893,1.44199,1.0586,1.2896,1.15992,1.12218,1.36433,1.40421
"GTPBP2",11.6912,11.4484,10.6921,12.407,12.374,13.4133,13.1948,12.1197
"GTPBP3",3.57264,3.38662,4.25634,4.27449,4.54793,4.93199,4.57409,4.98788
"GTPBP4",10.3102,10.0486,9.5879,7.5137,9.29,8.96247,10.3201,8.88254
"GTPBP6",0,0,0,0,0,0,0,0
"GTPBP8",6.42418,7.21804,7.61388,6.73105,7.28582,5.60057,5.89412,5.80901
"GTSE1",27.0589,27.2455,30.9936,28.4566,24.1586,27.3899,28.9503,29.4763
"GTSF1",0,0,0,0,0,0,0,0
"GTSF1L",0,0,0,0,0,0,0,0
"GUCA1A",0.0727699,0,0.147372,0.0336789,0.114254,0,0,0
"GUCA1B",0,0.0640762,0.151032,0.0552123,0.031235,0.176018,0.0331378,0.0599958
"GUCA1C",0,0,0,0,0,0,0,0
"GUCA2A",0,0,0,0,0,0,0,0
"GUCA2B",0,0,0.341509,0,0,0,0,0
"GUCY1A2",0.0077062,0.00825162,0.0154447,0.0282118,0.0239925,0.0644514,0.00852408,0.0153758
"GUCY2C",0,0,0,0,0,0,0,0
"GUCY2D",0,0,0,0,0,0,0,0
"GUCY2F",0,0,0,0,0,0.034629,0,0
"GUF1",5.51421,7.00558,5.80117,5.84698,4.86005,5.49792,6.02438,6.02527
"GUK1",142.739,139.703,137.837,161.196,134.71,147.813,123.132,145.69
"GULP1",5.02743,2.80251,7.58255,3.48537,7.15001,2.79281,7.01197,3.86418
"GUSB",13.8495,14.2889,12.7166,13.5266,13.313,12.8712,13.0755,12.0148
"GXYLT1",2.91924,3.27755,3.05811,2.72353,2.45902,2.66056,3.36112,3.13837
"GXYLT2",1.82289,1.19821,1.25513,1.34146,1.78529,1.27963,1.40617,2.43509
"GYG1",30.5584,31.5612,35.3043,29.2282,29.189,29.1128,27.3852,26.9066
"GYG2",0.0899233,0.106612,0.0226549,0.054958,0.164061,0.156268,0.110214,0.0450309
"GYPA",0,0,0,0,0,0,0,0
"GYPB",0,0,0,0,0,0,0,0
"GYPC",2.74344,3.77506,3.0358,4.56896,2.25672,3.41325,2.9746,4.03498
"GYPE",0.0417012,0,0.126908,0.0386769,0.0874328,0.0408867,0,0.0419635
"GYS1",29.9628,31.1192,32.3721,36.6767,34.2011,37.2294,31.8451,32.7651
"GYS2",0.0421088,0,0,0,0,0.0413444,0.0233196,0
"GZF1",2.42919,1.84913,2.79619,2.23424,2.6113,2.32652,2.69429,2.34461
"GZMA",0,0,0,0.170892,0,0,0.100755,0.0921113
"GZMB",0,0,0,0,0,0,0,0
"GZMH",0,0,0,0,0,0,0,0
"GZMK",0,0,0.0760672,0,0,0,0,0
"GZMM",0,0.0903061,0,0.0792803,0,0,0,0
"H6PD",7.53272,8.82235,8.14545,9.62598,8.8784,9.98514,8.89207,9.21898
"HAAO",0,0,0.117368,0,0,0,0,0
"HABP2",0.0222213,0,0,0,0,0,0.024615,0
"HABP4",4.52057,4.7637,5.62836,4.8593,3.76205,4.82716,4.166,3.98265
"HACE1",2.39296,3.00622,3.07074,2.18424,2.40167,2.60586,3.09474,2.34148
"HACL1",5.57334,5.73623,6.94637,5.45421,5.41297,5.18041,6.13028,6.45399
"HADH",18.9977,18.7282,20.8004,19.3681,17.355,18.5919,18.4205,19.117
"HADHA",61.4025,61.9631,59.9282,57.0259,55.7683,56.2765,59.5179,57.0131
"HADHB",84.3489,91.2685,89.5801,87.5178,85.416,81.0524,92.5215,87.2781
"HAGH",20.569,16.9866,17.6545,16.1445,19.5091,15.21,18.3881,16.9099
"HAGHL",0.594312,0.382503,0.727866,0.302408,0.625972,1.39682,0.924524,0.624245
"HAL",0.10502,0.0225016,0.0211575,0.115982,0.153216,0.0412455,0.116318,0.0841168
"HAMP",0,0,0,0,0,0,0,0
"HAND1",0,0,0,0,0,0,0,0
"HAND2",0,0,0,0,0,0,0,0
"HAO1",0,0,0,0,0,0,0,0
"HAO2",0,0,0,0,0,0,0,0
"HAP1",0.0168275,0.036072,0.0847239,0.0619102,0.087669,0.132391,0.130575,0.101098
"HAPLN1",0.522765,0.383093,0.58059,0.404055,0.414881,0.283793,0.456833,0.412475
"HAPLN2",0,0.0846855,0,0,0,0,0,0
"HAPLN3",39.7317,44.2167,38.7471,53.4347,49.3629,52.6106,39.592,46.0194
"HAPLN4",0.0190539,0,0,0,0,0,0,0
"HARBI1",1.55232,1.51314,2.00782,2.14208,1.04175,1.79807,1.3576,1.75372
"HAS1",0,0.0351777,0.0331961,0,0,0.0322016,0.0363905,0.0329579
"HAS2",0.0200697,0,0.02021,0.0369282,0,0.0197067,0,0
"HAS3",0.407109,0.166967,0.156734,0.286345,0.145972,0.183731,0.189832,0.0779314
"HAT1",15.2803,17.0748,17.2313,13.1681,9.01472,12.378,13.993,12.502
"HAUS1",7.62064,9.87939,9.60948,11.2865,8.52389,7.47844,8.49599,7.75429
"HAUS2",7.78227,6.23621,6.5452,6.13649,6.36655,5.60888,5.54879,6.13691
"HAUS5",1.74556,1.95067,2.37775,2.04453,1.86916,2.57463,1.88532,2.11416
"HAUS6",3.34328,3.48615,3.75683,3.51095,3.6642,3.59322,4.06139,3.48296
"HAUS7",3.21332,4.92683,4.47514,5.28078,4.40666,4.90945,4.51953,3.23216
"HAUS8",7.96792,7.97223,8.9137,8.53482,6.92912,9.41926,6.21592,6.44411
"HAVCR1",0,0,0.04891,0,0,0,0,0.193952
"HAVCR2",0.0277347,0,0,0,0,0,0,0
"HAX1",36.4944,45.3563,38.4214,44.7105,38.4694,39.5416,40.9632,39.1062
"HBA1",0,0,0,0.665753,0,0.166104,0,0
"HBA2",0,0,0,0,0,0,0,0
"HBB",0,0,0,0,0,0,0,0
"HBD",0,0,0,0,0,0,0,0
"HBE1",0,0,0,0,0,0,0,0
"HBEGF",33.1787,17.01,28.8297,14.141,32.209,16.9015,30.3243,15.9226
"HBG1",0,0,0,0,0,0,0,0
"HBG2",0,0,0,0,0,0,0,0
"HBM",0,0,0,0,0,0,0,0
"HBP1",13.9171,15.5539,14.0168,15.5538,14.0652,11.5165,13.0562,15.6165
"HBQ1",0.281685,0.151493,0.295721,0.678272,0,0.548691,0,0
"HBS1L",4.94037,5.61222,5.78443,5.28863,5.17094,4.48314,5.36243,5.13494
"HBZ",0.329896,0,0,0,0,0,0,0
"HCAR1",0,0,0,0,0,0,0,0.0222705
"HCAR2",0,0,0.0335959,0,0,0,0,0
"HCAR3",0,0,0,0,0.0334192,0,0,0
"HCCS",17.4462,16.1482,18.6958,18.6935,16.2844,16.2138,19.2193,14.4595
"HCFC1",48.1624,43.9956,52.6147,58.4359,60.069,60.1465,56.6789,53.2595
"HCFC1R1",229.838,232.082,217.093,272.431,226.744,276.883,188.475,206.794
"HCFC2",1.93515,1.97716,2.00609,1.76528,2.20886,1.38258,2.43334,1.50088
"HCK",0,0,0,0,0,0,0,0
"HCLS1",21.1924,20.3586,21.6454,23.9418,22.6961,22.8122,19.0753,21.1146
"HCN1",0,0,0,0,0,0,0,0
"HCN2",0.44236,0.412065,0.67767,0.353778,0.300486,0.472156,0.553775,0.423453
"HCN3",2.3365,1.74982,1.89533,3.00176,2.88358,2.34938,2.38064,2.21538
"HCN4",0,0,0,0,0,0,0,0
"HCRT",0,0,0,0,0,0,0,0
"HCRTR1",2.37846,2.11552,2.62512,1.41093,2.89589,2.46449,3.01631,3.11268
"HCRTR2",0,0,0,0,0,0,0,0
"HCST",0.212759,0,0,0.631701,0,0,0,0.223128
"HDAC1",47.407,51.4293,45.0632,45.7869,46.9717,48.7971,43.5604,47.3827
"HDAC11",0.613517,0.466685,0.595459,0.669623,0.907208,0.94028,0.377566,0.933149
"HDAC2",1.19728,2.16082,1.97438,1.12415,1.0929,0.817396,1.63116,1.48646
"HDAC3",22.9234,23.0213,20.3849,22.4009,21.9663,21.7883,20.4312,20.8766
"HDAC4",2.11993,1.85594,2.33044,2.58145,2.83539,1.98186,1.49793,2.2131
"HDAC5",6.6449,4.71593,6.44399,6.23468,6.979,5.80941,6.47495,5.63011
"HDAC6",11.1962,11.4867,9.90546,12.5915,10.5589,10.9374,9.61959,9.61379
"HDAC7",69.268,62.3805,61.7766,76.1448,78.3573,79.3004,74.3543,72.3209
"HDAC8",5.46781,5.58006,6.51938,3.37672,5.97522,5.28734,6.29221,5.50629
"HDAC9",2.93737,0.766728,3.36097,2.3395,1.25299,1.26983,0.988419,1.65981
"HDC",0,0,0,0,0,0,0,0
"HDDC2",2.74828,3.372,3.50136,2.7959,2.83219,3.0865,2.99797,3.25084
"HDDC3",4.2211,4.63278,5.16454,5.1701,4.21204,4.63689,4.47308,4.13135
"HDGF",154.278,156.532,130.849,146.198,146.174,157.669,148.859,129.857
"HDGFL1",0,0,0,0,0,0,0,0.145431
"HDHD2",1.6218,1.83474,1.54278,1.16121,1.23867,1.11549,1.67984,1.82528
"HDHD3",2.71746,3.48753,2.63397,2.69207,2.73366,2.99872,2.03084,2.94228
"HDLBP",105.176,116.912,108.63,114.387,109.131,116.115,117.072,103.003
"HDX",1.57802,1.43172,1.85377,1.42381,1.35295,0.994229,1.66333,1.53495
"HEATR1",9.73377,11.0529,9.99851,8.99929,9.30367,8.91291,10.9969,10.7868
"HEATR3",4.88955,5.67916,4.80241,5.76476,5.89685,5.76876,4.90567,6.15621
"HEATR4",0.0188474,0,0,0,0.0589003,0.055539,0.0835103,0
"HEATR5B",9.62196,8.67396,8.26201,8.09797,8.60377,8.06903,8.65476,8.03478
"HEBP1",51.2342,57.5548,53.727,64.1526,53.5039,53.1974,42.8195,59.5831
"HEBP2",29.7791,30.4684,26.17,23.6349,22.078,28.0926,24.4468,24.8809
"HECA",6.58744,5.73272,5.95234,5.0252,5.75906,5.50425,6.87709,6.04555
"HECTD1",12.5184,13.2045,12.3205,11.8685,12.6835,12.6747,13.1818,11.7431
"HECTD2",1.65683,1.61549,2.58054,1.41186,2.05478,1.33569,2.35671,1.60502
"HECTD3",35.4098,32.8835,34.2304,37.1624,37.0166,37.5963,35.1295,29.4629
"HECW1",0,0,0,0,0,0,0,0
"HECW2",20.9962,20.6195,22.2906,18.4091,21.4851,18.4353,23.3981,18.7406
"HEG1",32.6152,23.8362,32.2104,22.9878,31.2013,23.117,34.9047,27.0135
"HELB",0.253204,0.4173,0.35297,0.358302,0.284034,0.172131,0.496108,0.175441
"HELLS",6.14935,4.59408,6.19838,5.03454,5.41036,4.9607,5.9414,5.80845
"HELQ",1.72527,2.96877,2.60101,2.26085,2.24529,2.16516,2.97295,3.05817
"HELT",0,0,0,0,0,0,0,0
"HELZ",12.0638,12.2882,12.5191,11.1245,13.2396,10.6952,13.6424,12.9324
"HEMGN",0,0,0,0,0,0,0,0
"HEMK1",1.99097,1.92616,2.07108,2.20897,2.33562,2.22663,2.02358,2.1377
"HENMT1",0.335035,0.0790788,0.336228,0.375669,0.193089,0.243829,0.286376,0.111229
"HEPACAM",0.0184412,0.0197544,0.0371197,0.0169556,0.0384065,0,0,0.0369036
"HEPACAM2",0,0,0,0,0,0.0320735,0,0
"HEPH",0.866662,1.18184,0.815194,1.63112,1.42965,1.15429,0.79531,0.960623
"HEPHL1",0.0107025,0,0,0,0,0,0,0.0106885
"HEPN1",0,0,0,0,0,0,0,0
"HERC1",7.32417,5.78491,7.20518,5.48229,7.37333,4.92744,7.59826,6.07981
"HERC2",4.87742,5.10862,4.9202,5.28255,5.28463,5.28322,5.72089,4.80383
"HERC3",3.45944,3.66273,3.87464,3.94885,3.42714,3.18489,4.00073,3.61411
"HERC4",24.4754,18.1035,21.1135,22.5626,28.2439,22.538,25.9193,22.1363
"HERC5",0.260683,0.159571,0.224894,0.0856069,0.135735,0.164567,0.247432,0.223581
"HERC6",1.01371,1.65661,1.01526,1.01605,0.594216,1.23784,1.05477,0.972682
"HERPUD1",28.6197,27.0359,28.8873,28.1382,26.0542,24.533,25.3909,26.0803
"HERPUD2",2.72777,3.9303,3.01083,3.66086,4.38958,3.30109,3.17817,3.36881
"HES1",18.4427,20.6569,15.8281,22.548,15.7176,19.9204,16.5373,19.8113
"HES2",2.72841,3.29509,1.9361,3.56829,2.50869,2.33621,1.64711,3.56386
"HES3",0,0,0,0,0,0,0,0
"HES4",2.93374,1.92779,2.55485,3.48911,2.79792,3.92508,2.9656,1.92117
"HES5",0,0,0,0,0,0.0552181,0,0
"HES6",0.0533841,0.229492,0.163409,0.446376,0.448029,0.314484,0.0591312,0.161915
"HES7",0.253958,0.404277,0.212538,0.660699,0.13312,0.657305,0.516649,0.212985
"HESX1",0.0642214,0.0689003,0,0.300404,0.33883,0.188612,0.428362,0.0649846
"HEXA",19.9573,20.0321,20.5569,18.8367,20.7952,19.9667,16.2439,18.3039
"HEXB",47.4578,51.3247,49.9211,43.7563,47.0735,46.1742,47.6054,49.6645
"HEXIM1",7.44165,7.26298,6.20393,8.34707,6.64061,7.25201,6.56949,7.81395
"HEXIM2",0.722166,1.54929,1.62626,1.139,1.79551,1.85224,1.07775,1.00968
"HEY1",1.06436,2.11853,1.16486,1.90965,1.44898,2.58206,1.17971,2.16376
"HEY2",0.225002,0.214292,0.302605,0.345638,0.10433,0.196319,0.0553982,0.200438
"HEYL",0.0157482,0,0,0,0.0327727,0.0309359,0,0
"HFE",1.34677,1.48982,1.45428,2.11842,1.33294,1.35168,2.25789,1.66341
"HFM1",0.0520742,0.0418294,0.0261567,0.0238914,0,0.0511569,0.0144095,0.0130088
"HGD",0,0.183453,0,0,0,0,0.0759164,0.0343856
"HGF",0,0,0,0,0,0,0,0.0343856
"HGS",62.345,55.8249,59.3002,63.6266,63.215,70.0378,58.9364,49.5982
"HGSNAT",59.7891,50.3712,51.0155,54.2295,56.9461,54.5613,57.3919,49.0935
"HHAT",1.37239,0.632596,1.06643,1.46509,1.70205,1.14443,0.959258,1.14121
"HHATL",0,0,0,0,0,0,0,0
"HHEX",274.608,211.627,163.999,173.414,210.055,215.693,199.981,191.36
"HHIP",468.273,381.047,449.52,420.578,519.855,457.021,452.392,399.042
"HHIPL1",0.037828,0.162372,0.0607818,0,0.0984859,0.178826,0.062832,0.018926
"HHIPL2",0,0.0279014,0,0,0.0271753,0,0,0
"HHLA1",0,0,0,0,0,0,0,0
"HHLA2",0.0251231,0,0.0253421,0,0,0.0739805,0.0556709,0
"HIBADH",7.99358,7.27893,7.37724,6.89987,7.52826,6.53973,5.86872,8.01003
"HIBCH",1.43607,2.35131,1.4953,1.32333,1.16517,1.26842,2.37114,1.30396
"HIC1",4.07084,3.28748,5.2802,4.62987,4.98157,4.67324,5.96521,3.17678
"HIC2",1.28181,1.01809,1.07629,1.34333,1.4171,1.22019,1.0138,1.0672
"HIF1A",125.602,128.065,143.557,135.253,131.43,114.177,150.195,139.534
"HIF1AN",4.30574,4.56587,4.75613,4.69951,4.48053,4.49461,4.75008,4.5533
"HIF3A",0.571613,0.825807,0.665759,0.757409,0.62985,0.910102,0.421801,0.868288
"HIGD1A",14.5114,15.9712,14.6095,12.0899,10.4432,11.6346,14.5833,12.2019
"HIGD1B",0.450321,0,0.158091,0.145306,0.487755,0.292222,0.672612,0
"HIGD1C",0,0,0,0,0.804116,0,0,0
"HIGD2A",555.093,535.847,559.622,513.369,518.036,561.031,487.069,542.425
"HIGD2B",0,0,0,0,0,0,0,0
"HILPDA",5.03379,4.86966,5.66531,5.59679,4.16364,3.27417,4.27838,4.61115
"HINFP",8.81523,8.70843,10.6251,10.5728,7.93364,8.65438,8.91527,9.15362
"HINT1",397.173,434.531,420.619,358.054,333.566,336.799,297.786,332.947
"HINT2",21.1082,22.1756,21.8101,21.7797,22.1926,22.7684,21.2288,19.5239
"HINT3",1.26699,1.47855,2.36022,1.76831,1.90041,1.65673,2.31901,2.07247
"HIP1",12.5213,12.47,12.4619,11.2788,11.8534,13.0945,12.9143,13.008
"HIP1R",14.557,13.0142,14.4673,16.179,16.0975,16.3278,15.6898,13.4197
"HIPK1",23.3455,22.5316,25.0118,22.7528,23.465,21.0849,24.4412,25.9804
"HIPK2",25.7541,31.4102,28.3446,29.4109,25.9302,25.2072,29.4881,32.8257
"HIPK3",14.3901,13.0946,15.177,13.0747,14.9375,12.6224,15.2216,15.9101
"HIPK4",0,0,0,0.126673,0.0860123,0.0269514,0,0
"HIRA",9.26609,9.83867,9.88933,10.0892,10.8342,10.0378,9.15383,10.0745
"HIRIP3",2.69234,2.83666,3.12243,3.26053,2.18038,2.50946,2.81768,1.88052
"HIVEP1",26.3472,17.0878,31.216,18.8282,26.8929,16.7817,34.6075,21.8913
"HIVEP2",1.85243,1.91851,1.77928,2.4226,1.96954,1.82205,1.61369,2.08039
"HIVEP3",2.70938,4.41904,2.39498,4.65963,3.22487,4.26982,3.29027,3.7452
"HJURP",31.0091,31.8256,38.582,32.8802,28.5424,33.5505,38.0122,35.8822
"HK1",26.8775,29.5295,26.5731,29.5447,27.3815,30.2418,25.143,25.7115
"HK2",3.16378,3.33125,3.05268,2.67985,3.2127,2.89907,2.89206,2.60701
"HK3",0,0,0,0,0,0.0422713,0,0
"HKDC1",0,0,0,0,0,0,0,0
"HLA-A",2.28984,1.74683,2.32472,2.33002,3.00265,3.10813,1.71034,2.3499
"HLA-B",9.6926,8.72046,8.17695,9.4369,11.1075,8.04708,9.11886,8.65796
"HLA-C",0,0,0,0.041637,0,0,0,0
"HLA-DMA",0,0,0,0,0,0,0,0
"HLA-DMB",0,0,0,0,0,0,0,0
"HLA-DOA",0,0,0,0,0,0,0,0
"HLA-DOB",0,0,0,0,0,0,0,0
"HLA-DPA1",0,0,0,0,0,0,0,0
"HLA-DPB1",0,0,0,0,0,0,0,0
"HLA-DQA1",0,0,0,0,0,0,0,0
"HLA-DQA2",0,0,0,0,0,0,0,0
"HLA-DQB1",0,0,0,0,0,0,0,0
"HLA-DQB2",0,0,0,0,0,0,0,0
"HLA-DRA",0,0,0,0,0,0,0,0
"HLA-DRB1",0,0,0,0,0,0,0,0
"HLA-DRB4",0,0,0,0,0,0,0,0
"HLA-DRB5",0,0,0,0,0,0,0,0
"HLA-E",0,0,0,0,0,0,0,0
"HLA-F",0,0,0,0,0,0,0,0
"HLA-G",0,0,0,0,0,0,0,0
"HLCS",2.53128,2.78119,2.02375,2.66448,3.14938,3.177,3.11671,2.71844
"HLF",0,0,0.0114487,0,0,0,0,0
"HLTF",3.70511,3.38044,3.49067,2.83516,3.19344,2.44537,4.12266,3.36179
"HLX",9.58939,7.2763,8.906,8.52431,10.9828,10.0818,11.0249,6.21516
"HM13",174.87,214.188,157.776,194.941,178.039,211.444,174.505,191.996
"HMBOX1",17.1899,15.9133,17.2237,17.1361,18.696,14.2306,18.0821,18.4697
"HMBS",2.66074,2.90394,3.57377,3.48894,3.39274,4.28414,3.95563,3.78255
"HMCN1",7.36954,7.88144,7.96935,7.8277,7.54897,6.48064,8.06854,9.31834
"HMG20A",26.8089,28.7487,25.6242,26.7869,25.7459,28.0398,25.8998,30.2263
"HMG20B",40.8845,41.6968,40.8682,49.4307,48.6008,47.986,42.0458,40.5288
"HMGA1",2869.89,2642.31,2717.49,3024.22,2918.62,3437.13,2762.57,2578.49
"HMGA2",25.1823,25.4187,25.9452,27.0963,28.432,29.0872,27.591,26.1958
"HMGB1",226.385,227.254,230.938,179.038,181.261,193.073,222.674,196.077
"HMGB2",138.392,132.869,143.339,123.059,120.043,115.372,133.487,133.881
"HMGB3",15.6235,15.6616,16.1582,13.7794,14.5849,16.2689,14.9876,14.8736
"HMGB4",0,0,0,0,0,0,0,0
"HMGCL",6.13512,5.21337,4.12197,4.79706,5.04359,4.06881,3.31399,5.37661
"HMGCLL1",0.0816903,0,0,0,0.0568543,0,0,0
"HMGCR",15.1249,13.0946,15.9643,13.4392,16.2254,13.2865,14.6419,15.0935
"HMGCS1",13.2513,12.1224,12.9447,11.0842,12.7896,9.56495,12.4185,11.0113
"HMGCS2",0,0,0,0,0,0,0,0
"HMGN1",125.964,132.625,127.464,119.624,105.603,107.925,120.386,121.123
"HMGN2",422.939,386.951,392.909,388.16,382.388,393.025,382.566,392.621
"HMGN3",12.4879,12.2469,10.6056,11.4022,10.4335,9.788,6.43395,10.3615
"HMGN4",17.7555,18.3239,21.2196,14.2067,16.3113,15.5983,15.7708,18.3507
"HMGN5",0.803814,0.241533,0.227698,0.564569,0.235521,0.18927,0.392093,0.290795
"HMGXB3",9.92262,11.0195,11.033,11.5415,12.3044,10.9454,11.6754,10.7393
"HMGXB4",6.85973,6.94775,8.52457,6.12824,6.45589,5.69368,7.32862,6.8424
"HMHB1",0,0,0,0,0,0,0,0
"HMMR",9.14121,8.68532,9.32126,9.282,8.15303,7.61295,10.3192,8.36898
"HMOX1",84.0399,97.3353,86.1405,108.574,89.3495,99.3856,83.5917,85.9293
"HMOX2",20.6038,22.7075,20.685,23.7501,22.1797,26.5164,20.5526,24.6712
"HMSD",0.150473,0,0.792485,0,0,0.292923,0,0
"HMX1",0,0,0,0,0,0,0,0
"HMX2",0,0,0,0,0,0,0,0
"HMX3",0,0,0,0,0,0,0,0
"HNF1A",0.162524,0.0435273,0.143215,0,0.105832,0.219425,0.202499,0.0610096
"HNF1B",0.0241467,0,0.0487049,0,0.0251851,0,0.0267535,0
"HNF4A",0,0,0,0,0,0,0,0
"HNF4G",0,0,0,0,0,0,0,0
"HNMT",1.10661,0.841871,1.03616,1.08575,1.07627,1.02879,0.740672,1.60511
"HNRNPA0",46.5477,45.0249,45.0059,43.8883,45.1153,43.9455,40.0384,51.4729
"HNRNPA1L2",2.06821,2.83314,2.29518,3.22209,2.27394,3.15367,2.42792,2.54863
"HNRNPA2B1",66.4737,63.786,62.4718,61.2899,59.8701,60.5912,63.3355,56.602
"HNRNPAB",51.7206,49.0419,55.0877,51.2118,50.545,48.5139,54.3393,52.3947
"HNRNPC",95.21,92.3302,88.5047,90.9248,82.7363,85.4334,85.2417,84.581
"HNRNPD",74.6055,74.0375,69.1412,71.1665,64.7184,66.6805,72.4517,65.8022
"HNRNPF",47.4245,46.8749,46.2066,44.7789,46.1809,46.4186,41.2812,43.575
"HNRNPH1",109.173,110.037,94.2381,96.9468,88.1015,105.205,99.2614,107.427
"HNRNPH3",12.9802,11.8932,11.4541,11.9372,11.3369,11.984,11.9868,11.0353
"HNRNPK",209.904,200.561,219.235,214.549,214.336,193.518,205.229,210.414
"HNRNPL",264.961,287.222,301.197,294.759,290.675,269.643,286.165,273.338
"HNRNPM",48.1587,47.4305,45.1452,45.7512,44.7471,45.3091,47.8475,46.7033
"HNRNPR",30.5041,35.0244,31.4699,30.2078,29.9931,31.6335,33.886,28.1962
"HNRNPU",54.0077,51.0522,52.2042,49.1901,51.0746,52.0401,54.6835,51.5198
"HNRNPUL1",177.515,178.636,172.144,207.52,181.497,205.252,168.807,172.471
"HOGA1",0.0691211,0.0740832,0,0.0959055,0.0361555,0.159572,0.114967,0.0347165
"HOMER1",0.955634,1.63074,1.25084,1.40466,1.38354,1.25167,1.68676,1.30475
"HOMER2",0.0704717,0,0.106976,0,0,0.103688,0,0
"HOMER3",69.7678,71.9898,60.9622,76.8179,72.4156,76.9841,61.8886,89.0543
"HOMEZ",10.058,10.044,10.454,9.50569,10.6965,9.06483,9.38485,9.37005
"HOOK1",0,0,0,0.00997629,0,0.0106908,0,0
"HOOK2",1.55202,1.36215,1.88849,1.93446,1.0965,1.16548,1.53124,1.49738
"HOOK3",10.6955,8.51907,11.672,9.52801,11.1183,8.19235,12.8478,9.44122
"HOPX",5.72643,7.04262,7.86637,6.22767,7.83249,5.88912,6.31898,5.75533
"HORMAD1",0,0,0,0,0,0,0,0
"HORMAD2",0,0,0,0,0,0,0,0
"HOXA1",3.25347,4.07358,3.76501,3.4189,3.3881,3.94055,3.02516,3.9174
"HOXA11",4.18244,3.72539,2.91994,3.42402,4.39001,3.78384,2.84742,3.20694
"HOXA13",0.0267203,0.0572621,0.0539356,0,0.0557816,0,0.0592181,0
"HOXA2",6.76352,8.75303,7.70994,7.47984,6.3028,8.58776,6.15811,9.63083
"HOXA3",3.24621,4.23853,2.60514,2.55658,2.7669,3.82522,1.37541,3.54014
"HOXA4",4.26557,4.57273,4.16072,3.91695,3.95942,5.29791,5.40827,4.12779
"HOXA7",37.1221,35.3032,29.7729,36.4437,32.396,36.2312,33.4938,31.4077
"HOXB1",0,0,0,0,0,0,0,0
"HOXB13",0.0653146,0.0466491,0.0438727,0,0.0226929,0.0427505,0,0
"HOXB2",9.44051,10.1691,9.99024,11.2745,11.4852,10.7317,9.34529,11.2912
"HOXB7",14.319,12.1478,11.1556,14.0362,12.252,13.4,10.9775,12.4017
"HOXB8",9.02006,9.89944,6.35104,9.59406,9.27854,10.5142,6.65578,7.9463
"HOXB9",1.38654,1.73926,1.9502,2.43929,1.91172,2.75355,2.21146,2.48006
"HOXC10",0.176179,0.188832,0.213992,0.391215,0.147479,0.24194,0.351658,0.177006
"HOXC11",0,0,0,0,0,0,0,0
"HOXC12",0,0,0,0,0,0,0,0
"HOXC13",0,0,0,0,0,0,0,0
"HOXC8",0.118548,0.381112,0.239529,0.410452,0.185768,0.290819,0.328491,0.356823
"HOXC9",0.510009,0.596551,0.518189,0.646161,0.681389,0.727111,0.308769,0.840771
"HOXD1",1.74575,2.02079,2.19088,1.61503,1.86307,2.02068,1.6648,2.27995
"HOXD10",0,0,0,0,0,0.0758614,0,0
"HOXD11",0,0,0,0,0,0,0,0
"HOXD12",0,0,0,0,0,0,0,0
"HOXD13",0.0581779,0,0,0,0,0,0,0
"HOXD8",8.02005,9.4069,8.41759,8.36477,7.98813,6.84778,8.78442,8.58974
"HOXD9",0.735991,1.22278,0.782627,0.885767,0.886036,1.08278,0.571374,0.924662
"HP",0,0.0635015,0,0.221085,0,0,0,0
"HPCA",0,0.0553692,0,0,0.162846,0.151765,0,0.0520826
"HPCAL1",32.1229,35.1004,33.1128,39.9799,40.1869,44.8797,32.8061,30.0765
"HPCAL4",0,0,0,0,0,0,0,0
"HPD",0,0,0,0,0,0,0,0
"HPDL",0.116182,0.207566,0.431705,0.251149,0.243383,0.0759569,0.386615,0.233654
"HPGD",0,0,0,0,0,0,0,0
"HPGDS",0,0,0.0891524,0,0,0,0,0
"HPN",0.0857226,0,0,0.108819,0,0.0383884,0.0316684,0.0286616
"HPR",0,0,0,0,0,0,0.199669,0.0605432
"HPRT1",26.7326,29.1705,26.0299,27.0664,21.7837,25.3458,24.6045,25.4656
"HPS3",3.93796,3.47755,3.76162,3.57149,3.38307,2.86214,3.17722,3.89754
"HPS4",6.45557,6.18166,5.89712,7.87079,7.43721,6.42143,6.75695,6.62172
"HPS5",3.11122,2.60587,2.89843,2.21059,2.27603,2.07999,2.62856,2.49969
"HPS6",2.95003,2.65186,3.63126,2.39643,2.11268,2.62576,2.21593,2.15471
"HPSE",3.37245,3.52059,3.7585,2.57207,2.17143,2.5461,3.02683,3.122
"HPSE2",0,0,0,0,0,0,0.0357951,0
"HPX",0.0873188,0.140424,0.221593,0.121569,0,0,0,0.131865
"HR",0.0239033,0.0768076,0.0480123,0.0767441,0,0.0352275,0,0.0238789
"HRAS",24.5202,22.8117,23.7555,22.3339,26.9797,24.8758,18.6732,20.3384
"HRC",0,0,0,0.0261381,0,0.0277957,0,0
"HRCT1",3.60224,2.06851,1.46572,5.13144,3.3783,2.53897,3.07807,2.98129
"HRG",0,0,0,0,0,0,0,0
"HRH1",8.5166,6.48419,10.5738,7.66538,9.74742,6.19642,8.99012,7.30336
"HRH2",0.0350937,0,0,0,0,0,0,0
"HRH3",0,0,0,0,0,0,0,0
"HRH4",0,0,0,0.0708385,0.020053,0,0,0.0192662
"HRK",0,0,0,0,0,0,0,0
"HRNR",0,0,0,0,0.00677059,0.00641206,0,0.0195269
"HS1BP3",16.8951,15.1834,18.7287,19.5932,18.862,16.8281,16.6486,17.204
"HS2ST1",11.4413,11.6513,9.49697,11.4133,11.039,8.55214,12.2693,11.7364
"HS3ST1",2.24735,2.89801,2.09694,2.43659,2.13103,2.96222,1.44073,3.03397
"HS3ST2",0,0,0,0,0,0,0,0
"HS3ST3A1",0,0,0,0,0,0,0,0
"HS3ST3B1",0,0,0,0,0,0,0,0
"HS3ST4",0,0,0,0,0,0,0,0
"HS3ST5",0,0,0.0244926,0,0.076002,0.0476833,0.0269081,0
"HS3ST6",0,0,0,0,0,0,0,0
"HS6ST1",4.09141,3.57287,4.36283,3.87978,5.24986,3.69564,3.54747,3.12223
"HS6ST2",0.710903,0.959325,0.524957,1.10077,0.648901,1.19658,0.601957,1.3732
"HS6ST3",0.0242653,0.00866144,0.0486723,0.545509,0.0335909,0.0556404,0.294915,1.63542
"HSBP1",31.6808,34.1934,32.1569,25.9333,28.903,29.742,27.978,27.4552
"HSBP1L1",4.49416,5.07752,4.79618,4.83614,4.56679,6.5205,2.8302,4.9598
"HSCB",5.86449,7.53951,4.35554,5.45956,5.10481,6.58222,4.61367,6.95807
"HSD11B1",0,0,0,0,0,0,0,0
"HSD11B1L",2.25094,1.20137,1.36006,1.19733,1.42644,1.97485,1.78546,1.48899
"HSD11B2",0.184329,0.237093,0.037336,0.238911,0.154374,0.361577,0.0817724,0.259376
"HSD17B1",1.12761,1.24105,1.1703,1.68882,2.45209,1.52508,1.18235,1.37625
"HSD17B10",33.4558,29.3497,31.5865,30.264,29.1471,37.0686,30.3495,27.9862
"HSD17B11",6.32723,7.319,9.0807,7.41513,5.27771,6.0333,8.05857,8.38196
"HSD17B12",35.0082,35.7327,32.526,34.3376,33.2941,34.7408,35.4601,34.9136
"HSD17B13",0.0592968,0.0635432,0.149773,0,0.247804,0.0872829,0.197184,0
"HSD17B14",4.77439,3.50506,3.03741,4.87611,4.31619,4.50675,4.61733,3.95478
"HSD17B2",0.151328,0.0540926,0.205292,0.234692,0.159043,0.395423,0.224029,0.152607
"HSD17B3",0.0669542,0,0,0,0,0,0,0
"HSD17B4",15.7366,16.5391,18.3351,15.5797,16.0257,15.6033,17.3859,17.2862
"HSD17B6",0,0,0,0.0440596,0.0995519,0.0464592,0,0
"HSD17B7",3.70268,3.76155,5.07932,4.15639,4.47279,2.31963,4.25059,3.71338
"HSD17B8",0,0,0,0,0,0,0,0
"HSD3B1",0,0,0,0,0,0,0,0
"HSD3B2",0,0,0,0,0,0,0,0
"HSD3B7",0.98616,1.45989,0.757192,0.849052,1.17506,0.955033,0.715202,0.759192
"HSDL1",10.5288,7.92262,11.3434,9.19131,10.4541,7.94465,11.4735,10.9887
"HSDL2",13.6964,13.3039,13.6666,13.6413,12.0423,12.4594,14.1079,13.4669
"HSF1",46.4668,46.7598,51.6962,56.7232,57.0597,64.8409,51.952,42.5651
"HSF2",6.84895,7.93978,6.66874,5.81896,7.62527,5.17419,8.10111,7.62353
"HSF2BP",0.392685,0.333382,0,0.101341,0.591783,0.227454,0.0824641,0.237346
"HSF5",0.0157766,0,0,0,0.016416,0,0.0174662,0.0315508
"HSFX2",0,0,0,0,0,0,0,0
"HSH2D",0,0,0,0,0,0,0,0
"HSP90AA1",77.1485,90.7774,81.5742,69.7396,66.8004,71.6101,80.7654,69.6448
"HSP90AB1",361.197,391.262,361.1,358.699,343.339,363.15,378.15,336.886
"HSPA12A",0,0,0.0223838,0.010222,0.0115842,0.0109528,0.0246739,0.0111344
"HSPA12B",5.95269,7.94719,4.48979,10.5553,4.98312,7.66545,5.63469,6.04419
"HSPA13",6.9529,7.6568,7.59844,5.69952,6.04955,6.49305,8.00435,6.95324
"HSPA14",7.61695,9.81944,8.54075,9.36176,8.44363,7.50513,5.95048,8.17687
"HSPA1A",0,0,0,0,0,0,0,0
"HSPA1B",0,0,0,0,0,0,0,0
"HSPA1L",0,0,0,0,0,0,0,0
"HSPA2",1.99613,2.7571,2.0613,3.36812,2.28265,2.33723,2.05158,2.26509
"HSPA4",43.2995,49.1098,43.4688,51.7707,44.5408,43.9632,44.493,47.5453
"HSPA4L",3.80233,4.02839,3.72666,3.53485,4.18881,4.02714,4.12119,4.20809
"HSPA5",110.811,121.582,113.465,130.176,104.39,112.399,103.91,120.385
"HSPA6",0.0252056,0,0,0,0,0,0,0
"HSPA8",638.282,671.543,626.259,676.928,593.197,647.717,616.977,652.961
"HSPA9",36.0989,37.213,37.6262,38.0001,34.8681,35.0914,37.6684,36.789
"HSPB1",4891.77,4652.11,5481.22,5939.85,5380.42,5110.56,4782.49,4694.01
"HSPB3",0,0,0,0,0,0,0,0
"HSPB6",13.532,11.6509,11.1513,11.2089,11.6231,15.0031,13.4334,11.4023
"HSPB7",0,0,0,0,0,0,0,0
"HSPB8",4.1608,3.2064,3.3404,3.91208,3.74114,3.47439,3.39347,3.03961
"HSPB9",0.307703,0,0,0,0,0.299435,0,0
"HSPBAP1",3.36094,3.2035,3.37865,3.18326,2.43798,2.45701,2.33694,2.32328
"HSPBP1",5.61009,4.9939,4.52939,6.54202,5.99878,5.60544,5.29272,4.90506
"HSPD1",45.0727,45.2669,47.031,44.919,42.6612,38.5893,40.6445,40.2713
"HSPG2",499.678,607.983,533.752,702.57,699.285,762.589,0,607.607
"HSPH1",24.7172,25.2294,25.48,23.0565,22.2861,20.4282,25.2265,25.3046
"HTATIP2",4.92966,5.42783,4.28824,4.20376,4.32616,3.28042,4.23601,4.74044
"HTATSF1",8.76543,7.04253,9.09023,8.67048,7.60262,7.61694,8.17634,7.96098
"HTN1",0,0,0,0,0,0,0,0
"HTN3",0,0,0,0,0,0,0,0
"HTR1A",0,0,0,0,0,0,0,0
"HTR1B",137.229,76.191,142.411,87.4966,148.836,82.8818,142.151,84.7313
"HTR1D",2.36835,1.58326,2.59561,1.83608,2.78711,1.97824,2.46789,1.83246
"HTR1E",0,0,0,0,0,0,0,0
"HTR1F",0,0.022205,0,0,0,0,0,0
"HTR2A",0,0,0,0,0,0,0,0
"HTR2B",3.27603,3.02691,3.58649,3.06976,3.34859,3.02609,3.12869,3.36514
"HTR2C",0,0,0,0,0,0,0,0
"HTR3A",0,0,0,0,0,0,0,0
"HTR3B",0,0,0,0,0,0,0,0
"HTR3C",0,0,0,0,0,0,0,0
"HTR3D",0,0,0,0,0,0,0,0
"HTR3E",0,0,0,0,0,0,0,0
"HTR4",0,0.0475543,0,0,0,0,0,0
"HTR5A",0,0,0,0,0,0,0,0
"HTR6",0.0347372,0.111694,0,0,0,0.102224,0,0
"HTR7",0,0,0,0,0,0,0,0.0607588
"HTRA1",72.2743,81.4356,80.2553,91.1337,72.5301,74.2414,80.7359,82.2127
"HTRA2",5.95244,4.20801,4.61612,4.60934,4.4062,4.74082,5.11481,4.82638
"HTRA3",7.93616,6.83163,5.77851,7.84177,7.17469,8.42084,5.80162,6.4985
"HTRA4",0.0324244,0,0,0,0,0.0318112,0.0718941,0
"HTT",8.61523,9.7194,9.74009,9.2038,9.27957,9.61906,9.6871,8.91781
"HUNK",0.0256838,0.00916792,0,0.0470564,0,0.00841302,0,0.0170912
"HUS1",15.0158,10.3695,14.3205,11.0543,13.5691,10.2781,14.7842,11.2965
"HUS1B",0,0.162919,0.233706,0,0,0,0.084451,0
"HUWE1",53.4413,52.9226,53.2541,58.0146,56.2827,60.6494,61.2374,51.8064
"HVCN1",1.50406,2.95548,2.51443,3.50501,1.53364,2.35172,1.57839,2.53552
"HYAL1",0.484168,0.896453,0.272919,1.52725,0.633452,0.60027,0.546547,1.11973
"HYAL4",0,0,0,0,0,0,0,0
"HYDIN",0,0,0,0,0,0,0.00438777,0
"HYI",39.2957,40.5071,37.5602,40.014,46.5801,43.4493,40.4111,35.1495
"HYLS1",12.2448,12.0541,12.0071,12.8008,9.06067,10.0893,12.0761,11.6395
"HYOU1",47.3268,46.5474,48.7792,58.3417,51.0476,53.9275,48.6926,49.2797
"IAH1",18.1116,23.1684,24.1152,20.9169,21.1806,15.2893,16.8899,19.7595
"IAPP",0,0,0,0,0,0,0,0
"IARS2",19.5156,20.6206,21.7823,19.4989,22.2957,16.9303,21.3799,19.5653
"IBA57",0.838236,0.615508,0.87268,0.804278,0.729363,0.988504,0.50345,0.908291
"IBSP",0,0,0,0,0,0,0,0
"IBTK",4.30489,5.48752,4.37563,4.07717,4.1144,4.06697,4.21277,4.57961
"ICA1",2.00078,3.2731,5.25247,2.69529,0.58995,2.87683,1.72637,2.21549
"ICA1L",0.445437,0.703377,0.232113,0.372788,0.544098,0.449447,0.379186,0.365101
"ICAM1",9.03679,5.3397,11.7532,6.95356,10.0907,5.98843,12.791,5.94279
"ICAM2",556.187,660.354,586.058,719.15,651.741,734.403,536.316,653.111
"ICAM3",2.8399,3.71487,3.83229,3.83564,3.94089,4.12679,3.90238,3.73844
"ICAM4",0.163704,0.175575,0,0.203428,0,0.213823,0.181831,0.340497
"ICAM5",0,0,0,0,0,0,0,0
"ICMT",22.5607,24.2286,26.0207,24.4523,24.3379,23.585,22.7072,24.0582
"ICOS",0,0,0,0,0,0,0,0
"ICOSLG",2.25401,2.3477,1.51303,2.46647,2.45807,2.77198,2.2952,2.13977
"ID1",44.0106,26.9776,41.1274,31.5521,39.0824,29.7906,27.5147,25.126
"ID2",17.3412,8.43798,12.6473,6.53194,12.8367,6.29218,11.7695,7.07606
"ID3",109.932,77.4563,109.032,98.2354,124.976,89.12,109.207,71.3502
"ID4",0,0,0,0,0,0,0,0
"IDE",10.7974,10.1274,11.2178,8.65137,9.50061,8.75003,11.0519,10.5564
"IDH1",21.1026,22.1665,21.9617,22.7369,19.0087,18.4461,21.3462,20.0673
"IDH2",68.6409,70.8452,70.5079,79.4969,76.8627,72.911,73.766,67.3399
"IDH3A",13.0801,13.4344,15.0062,12.4739,12.6464,12.136,14.5992,13.1702
"IDH3B",19.9402,18.4733,19.7248,17.0394,17.4151,19.6855,19.6573,19.7026
"IDH3G",58.6127,66.4353,60.4793,73.375,61.802,69.8766,65.3419,65.1582
"IDI1",0.902918,0.372645,0.569046,0.781164,1.02761,0.543764,1.62204,1.05558
"IDI2",0.322542,0.576533,0.383304,0.200343,0.395865,0.68463,0.29852,0.705327
"IDO1",0.572986,0.806068,0.471318,0.530258,0.374784,0.386388,0.79427,0.467803
"IDO2",0,0,0,0,0,0,0,0
"IDS",84.911,96.4874,96.4767,105.195,91.4425,80.2782,91.6341,102.903
"IDUA",2.83354,2.68436,2.86148,2.73284,4.51097,3.99517,2.58853,2.72258
"IER2",17.6858,14.7826,15.3449,16.291,21.0591,18.8973,17.2277,14.8293
"IER3",0,0,0,0,0,0,0,0
"IER3IP1",17.6482,16.4174,14.9334,13.878,14.5761,15.3331,16.0431,13.1227
"IER5",2.71505,3.09513,3.20898,3.25257,3.19777,2.74938,3.87346,3.82458
"IER5L",2.43729,3.00706,2.58226,3.53933,2.8507,3.57661,3.02763,2.68908
"IFFO1",4.97661,6.04686,4.86492,7.00021,6.80944,7.19429,6.16985,7.26513
"IFFO2",2.76861,2.93048,3.14787,2.88167,3.75683,3.44872,3.06094,3.21896
"IFI16",53.7789,47.0054,51.5947,46.1919,45.1964,45.0744,54.6122,49.8853
"IFI27",66.0317,61.0275,60.3335,55.2441,55.4173,68.4746,54.193,62.1366
"IFI27L1",3.29681,1.80918,2.60681,2.0219,2.09419,3.35526,1.92559,1.7468
"IFI27L2",23.0465,26.8266,24.0834,23.6225,24.8921,28.3279,27.7618,18.0086
"IFI30",2.18483,2.26402,2.24207,3.18463,2.47242,2.65316,1.6765,2.14044
"IFI35",5.83379,5.11139,6.19985,5.0596,5.08209,6.35397,5.28323,4.46146
"IFI44",3.76558,3.50228,2.54402,2.80694,2.89664,3.34733,3.21916,3.19198
"IFI44L",0.173571,0.139414,0.304921,0.0994618,0.338158,0.24515,0.204087,0.260025
"IFI6",4.44601,7.35314,5.10606,7.14786,7.26234,7.721,2.98649,6.64602
"IFIH1",1.37575,1.53821,1.26266,0.768961,1.28949,0.903988,1.16318,1.24948
"IFIT1",0.112023,0.55724,0.0756123,0.103781,0.35198,0.256485,0.124248,0.300376
"IFIT1B",0,0,0,0,0,0,0,0
"IFIT2",0.337005,0.240672,0.150758,0.120512,0.272969,0.16547,0.37319,0.281019
"IFIT3",1.14389,0.574358,0.959077,0.973759,0.82658,0.974152,0.64818,0.920118
"IFIT5",0.996857,1.22276,0.986302,1.03391,1.16006,1.04226,1.01464,0.996857
"IFITM1",63.6311,57.8373,52.6726,52.1734,41.6698,48.9905,49.126,48.0521
"IFITM10",0.0527255,0.037662,0.106134,0.0969237,0.0548901,0.0863001,0.136222,0.210977
"IFITM2",1073.84,1063.75,1054.35,1013.54,982.71,1087.6,1038.94,1054.63
"IFITM3",3413.63,3652.14,3221.83,3355.64,3068.89,3842.68,3253.7,3428.47
"IFITM5",0,0,0,0,0,0,0,0
"IFNA1",0,0,0,0,0,0,0,0
"IFNA10",0,0,0,0,0,0,0,0
"IFNA13",0,0,0,0,0,0,0,0
"IFNA14",0,0,0,0,0,0,0,0
"IFNA16",0,0,0,0,0,0,0,0
"IFNA17",0,0,0,0,0,0,0,0
"IFNA2",0,0,0,0,0,0,0,0
"IFNA21",0,0,0,0,0,0,0,0
"IFNA4",0,0,0,0,0,0,0,0
"IFNA5",0,0,0,0,0,0,0,0
"IFNA6",0,0,0,0,0,0,0,0
"IFNA7",0,0,0,0,0,0,0,0
"IFNA8",0,0,0,0,0,0,0,0
"IFNAR1",6.05411,5.78863,6.16114,4.8176,6.14436,5.12731,6.34188,4.81725
"IFNB1",0,0,0,0,0,0,0,0
"IFNE",0.29302,0.157123,0.24831,0.0454227,0.153908,0.239307,0,0.344611
"IFNG",0,0,0,0,0,0,0,0
"IFNGR1",16.5503,21.7896,16.4745,16.067,16.4963,15.9386,14.982,18.9294
"IFNGR2",45.3164,42.0354,44.6457,46.1701,43.6401,40.9243,46.2084,41.9474
"IFNK",0,0,0,0,0,0,0,0
"IFNW1",0,0,0,0,0,0,0,0
"IFRD1",6.13502,6.45202,6.00636,6.5004,8.18584,6.75949,6.31635,7.29155
"IFRD2",21.9209,21.2174,18.2745,23.3759,19.0017,21.426,21.2557,21.4963
"IFT122",7.59455,6.91734,9.16978,8.35341,7.58059,9.53216,8.6884,8.55845
"IFT140",1.7403,1.92696,2.19724,3.0464,8.76962,14.0903,4.10687,1.01242
"IFT172",2.86216,3.10195,2.64049,2.769,2.60626,2.8779,3.29127,2.93172
"IFT20",3.08238,2.00271,1.66814,1.75635,3.09655,2.45887,2.61857,1.89573
"IFT27",21.0994,22.7158,21.5633,25.4638,24.9588,22.5128,18.548,20.5735
"IFT43",11.1967,10.4167,13.2226,13.8474,11.9301,9.70592,12.7055,13.4026
"IFT46",32.6744,39.2175,37.453,42.1618,30.9815,32.8584,33.7765,34.4451
"IFT52",19.4915,18.0593,18.4521,19.6581,15.6445,17.0987,20.4289,18.6315
"IFT57",3.88465,4.66802,4.05735,4.16082,4.17613,3.53683,4.25688,4.58848
"IFT74",2.72277,2.04974,2.31891,1.77851,1.58678,1.39233,1.21415,1.86334
"IFT80",3.92805,3.75291,4.07832,3.7163,3.80793,3.47295,4.58377,3.9635
"IFT81",3.15126,3.1059,2.63652,3.57643,2.91073,3.29682,2.55843,2.38012
"IFT88",1.58935,1.38139,1.42467,2.30256,1.1156,1.7619,1.76686,1.93643
"IGBP1",27.3952,26.511,28.5687,26.0471,22.1843,24.012,27.1851,27.7685
"IGDCC3",0.0431981,0.0462682,0,0.052878,0,0,0,0.0143935
"IGDCC4",0.00979065,0.0314545,0.0392996,0.0269191,0.03051,0.0384812,0,0.0195513
"IGF1",0.117414,0.00939427,0,0.094679,0,0.00861982,0.0291416,0.00875723
"IGF1R",13.1701,10.88,13.7338,12.235,14.2833,11.9761,14.1381,12.9189
"IGF2BP1",13.4192,15.3646,16.8497,12.6024,15.6576,14.7819,16.5007,15.1963
"IGF2BP2",65.7008,59.3604,73.3357,55.2156,73.609,58.9727,69.0434,61.6459
"IGF2BP3",32.2968,41.26,36.2068,38.8715,30.2315,35.4246,32.7162,39.7484
"IGF2R",11.3303,11.8151,12.0012,12.4677,13.5218,13.2041,12.1432,13.0177
"IGFALS",0,0,0,0.0307845,0,0,0.0738646,0.0334378
"IGFBP1",0,0,0,0,0,0,0,0
"IGFBP2",32.6904,32.4719,27.7322,41.7836,39.8993,42.2765,23.9385,37.1641
"IGFBP3",0.0511969,0.301907,0.0775308,0.165272,0.240532,0.352004,0.170295,0.179695
"IGFBP4",126.174,141.354,118.218,175.041,150.008,180.122,116.928,169.7
"IGFBP5",0,0,0,0,0,0.0100131,0,0
"IGFBP6",8.6928,8.45466,7.3368,5.90071,7.49634,8.09678,8.04936,4.50072
"IGFBP7",376.212,336.843,386.084,354.684,336.906,287.5,343.981,360.231
"IGFBPL1",0,0.075211,0,0.262829,0,0.137177,0,0
"IGFL1",0,0,0,0,0,0,0,0
"IGFL2",0,0,0,0,0,0,0,0
"IGFL3",0,0,0,0,0,0,0,0
"IGFL4",0,0,0,0,0,0,0,0
"IGFN1",0,0,0,0,0,0,0,0
"IGHMBP2",5.7309,4.00416,6.67052,6.13026,6.5768,5.94073,5.22759,5.90428
"IGLL1",0,0,0,0,0,0,0,0
"IGLL5",0,0,0,0,0,0,0,0
"IGLON5",0.0212881,0.0456126,0,0,0.044372,0,0,0.0213152
"IGSF1",0,0.0838181,0,0,0,0,0,0
"IGSF10",0,0,0,0,0.0228751,0.0480332,0.0162536,0.0219905
"IGSF11",0,0,0,0,0,0,0,0
"IGSF21",0,0,0,0,0,0,0,0
"IGSF22",0,0.0319376,0,0,0,0.0439285,0.0165031,0
"IGSF23",0.397691,0.25613,0,0,0.0843039,0,0,0.0807888
"IGSF3",0.484799,0.528554,0.247511,0.467441,0.475029,0.415767,0.526614,0.35696
"IGSF5",0.0995886,0.106733,0.167888,0.276216,0.277721,0.162833,0.0736101,0.0333354
"IGSF6",0.222736,0.159362,0.0761616,0.348565,0,0.217903,0.330401,0.0753138
"IGSF8",3.01803,1.59088,1.71888,3.94184,1.59286,2.00535,3.23514,2.83217
"IGSF9",0.081187,0.0869626,0.0326509,0.044745,0.185892,0.204758,0.248559,0.113671
"IGSF9B",0.0692242,0.046331,0.00867995,0.0713435,0.0359414,0.0595219,0.00957406,0.0777364
"IHH",0.0330888,0,0,0,0,0,0.0366857,0
"IKBIP",7.25342,7.49617,7.57626,5.16206,6.57992,6.3173,6.69929,5.88831
"IKBKB",9.64464,9.81858,9.03853,8.93778,10.1373,9.49534,10.0026,9.43556
"IKBKE",5.47186,3.89483,4.52028,5.84026,3.95705,5.63404,4.38465,4.14274
"IKBKG",5.14617,5.23104,4.72579,5.64838,4.88377,7.55895,4.75726,4.10776
"IKZF1",0.0429877,0,0.0238762,0,0,0.0116778,0,0.023752
"IKZF2",0.091221,0.128461,0.200446,0.134228,0.062243,0.171835,0.0440732,0.162524
"IKZF3",0,0,0,0,0,0,0,0
"IKZF4",3.80351,3.72006,4.39682,3.67332,3.43335,3.93413,4.26972,5.11982
"IKZF5",13.3661,11.0911,14.5867,11.6408,12.8185,12.4348,14.8523,14.4655
"IL10",0,0,0,0,0,0,0,0
"IL10RA",0.249769,0.114665,0.242124,0.311596,0.0928687,0.154989,0.138284,0.0356967
"IL11",0.143607,0.184664,0.174043,0.185564,0.119987,0.112741,0.0636636,0.0576204
"IL11RA",1.60587,1.27822,1.32677,1.60668,0.780814,1.12407,1.66972,1.06776
"IL12A",0.450649,0.805421,0.865976,0.419285,0.68405,0.294397,0.778317,0.65638
"IL12B",0,0,0,0,0,0,0,0
"IL12RB1",0,0,0,0,0,0,0,0
"IL12RB2",0,0.0171949,0.0161434,0,0.0334101,0.0630683,0.0177728,0.032106
"IL13",0,0,0,0,0,0,0,0
"IL13RA1",20.6662,19.9373,21.1321,21.0727,20.0207,18.6233,20.6721,22.685
"IL13RA2",0,0.0569533,0,0,0,0,0,0
"IL15",0.895238,0.745826,0.712034,0.714706,0.730968,0.332166,0.617128,0.804827
"IL15RA",12.222,10.026,8.9463,10.2939,13.1994,13.5847,11.5958,9.74343
"IL16",0.219941,0.179418,0.157622,0.200511,0.250251,0.164915,0.185421,0.115056
"IL17A",0,0,0,0,0,0,0,0
"IL17B",0,0,0,0,0,0.125243,0,0
"IL17C",0,0,0,0.0696263,0,0,0,0.0752211
"IL17D",1.27508,2.02324,1.72701,1.40456,1.64089,2.22298,1.99001,1.37895
"IL17F",0,0,0,0,0,0,0,0
"IL17RA",4.47689,3.86174,4.03034,4.44083,3.91807,4.44564,4.17307,3.78255
"IL17RB",0.168349,0.180431,0.0681296,0.0934061,0.0704303,0.297274,0.111995,0.236712
"IL17RC",6.25029,5.1638,5.84422,7.1696,6.86451,6.93372,4.6887,6.25734
"IL17RD",0.974886,1.07643,1.02573,1.09569,0.941653,1.01277,1.25386,0.983799
"IL17RE",0.726006,1.07937,0.572435,0.773043,0.663722,1.22892,0.373742,0.561415
"IL17REL",0,0,0,0.0825304,0,0.0176333,0.0596465,0.0359275
"IL18",0.735692,1.13349,0.607773,0.688833,0.490159,0.581597,0.293585,0.609433
"IL18BP",8.58047,9.20647,8.8268,8.95825,9.71036,11.4006,10.17,10.164
"IL18R1",1.58714,1.99362,1.13248,1.74238,1.90232,1.31305,1.6847,1.79824
"IL18RAP",0.0250513,0,0.0758071,0,0,0.0737695,0,0
"IL19",0,0,0,0,0,0,0.0421565,0
"IL1A",0,0.0727639,0.15972,0.125087,0.0944121,0.0889026,0.12539,0.0453506
"IL1B",0,0,0,0,0,0.0469655,0,0
"IL1F10",0,0,0,0,0,0,0,0
"IL1R1",1.42819,1.61165,1.38111,1.80105,1.44869,1.81238,1.21659,2.05445
"IL1R2",0,0,0.157378,0,0,0,0,0
"IL1RAP",5.65776,3.41193,3.39418,1.73055,3.90793,3.5517,4.35412,2.76902
"IL1RAPL1",0.349008,0.213682,0.150869,0.344646,0.156047,0.220231,0.441923,0.299797
"IL1RAPL2",0,0,0,0,0,0,0,0
"IL1RL1",26.5826,25.3048,27.2343,23.444,22.4839,21.9494,27.2605,22.1733
"IL1RL2",0,0,0,0,0,0,0,0
"IL1RN",0,0,0,0,0,0,0,0
"IL2",0,0,0,0,0,0,0,0
"IL20",0,0,0,0,0,0,0,0
"IL20RA",0,0.0189728,0,0,0,0,0,0
"IL20RB",0.0335593,0,0.271592,0.217214,0.245689,0.0987662,0.0372088,0.134812
"IL21",0,0,0,0,0,0,0,0
"IL21R",0.0430249,0.0153597,0,0.013165,0.0596676,0.0422628,0,0.0529598
"IL22",0,0,0,0,0,0,0,0
"IL22RA1",0,0,0,0,0,0,0.0990671,0
"IL22RA2",0,0,0,0,0,0,0,0
"IL23A",0,0.239625,0.0763511,0.20966,0.078767,0.0728095,0.0828019,0.2265
"IL23R",0,0,0,0,0,0,0,0
"IL24",0,0,0,0,0,0,0,0
"IL25",0,0,0,0,0,0,0,0
"IL26",0,0,0,0,0,0,0,0
"IL27",0,0,0,0,0,0,0,0
"IL27RA",0.686184,0.908056,0.548741,1.42975,0.52566,1.05029,0.245867,0.707074
"IL2RA",0,0,0,0,0,0,0,0
"IL2RB",0,0,0,0,0,0,0,0
"IL2RG",0,0.0499774,0,0,0,0,0,0
"IL3",0,0,0,0,0,0,0,0
"IL31",0,0,0,0,0,0,0,0
"IL31RA",0.025109,0.0807397,0.099841,0.046297,0.104829,0.123299,0,0.0743762
"IL32",55.841,68.2068,46.0193,60.5204,56.3601,70.7406,57.3881,63.5967
"IL33",1.17096,1.17749,0.796575,0.853832,0.911091,1.71019,0.66194,1.26724
"IL34",0.278479,0.76658,0.362871,0.479386,0.208346,0.702373,0.661102,0.799178
"IL36A",0,0,0,0,0,0,0,0
"IL36B",0,0,0,0,0,0,0,0
"IL36G",0,0.0683981,0,0,0,0,0,0
"IL36RN",0,0,0,0,0,0,0,0
"IL37",0,0,0,0,0.359475,0.137782,0,0
"IL3RA",0,0,0,0,0,0,0,0
"IL4",0,0,0,0.0885327,0,0,0,0
"IL4R",16.7045,19.025,19.6924,19.4113,20.135,19.3468,18.9066,16.3417
"IL5",0,0,0,0,0,0,0,0
"IL5RA",0.0225671,0.0120809,0,0,0,0,0,0.0112668
"IL6",10.7299,8.24184,8.43549,5.93717,8.30557,4.84833,8.53915,6.42333
"IL6R",1.2303,1.65723,0.653829,1.331,0.883464,1.57561,0.977789,1.90048
"IL6ST",59.0422,61.844,63.6432,56.0325,53.2751,46.7338,61.8963,63.8544
"IL7",0.0366895,0.117966,0.148609,0.135849,0,0,0.0813673,0
"IL7R",0.33925,0.69045,0.341262,0.561159,0.741564,0.549758,0.863938,0.814384
"IL9",0,0,0,0,0,0,0,0
"IL9R",0,0,0,0,0,0,0,0
"ILDR1",0,0,0,0,0,0,0,0
"ILDR2",0,0.00830764,0,0,0,0,0,0
"ILF2",230.984,241.078,237.529,251.582,199.554,222.935,223.063,235.573
"ILF3",59.7668,60.2951,62.4788,61.5854,60.3564,65.198,61.4204,60.6478
"ILK",95.492,91.1878,94.2843,95.0432,104.404,87.3373,98.4393,81.8797
"ILKAP",21.8028,26.1814,24.1529,28.8404,31.2907,27.1166,33.1485,29.6857
"ILVBL",7.07862,6.72138,5.83996,7.25936,7.1725,7.58289,6.11313,7.30903
"IMMP1L",6.36773,5.55041,4.97234,3.50527,4.72176,7.01171,3.96163,5.08449
"IMMP2L",3.30109,2.53181,3.12972,3.29563,2.44444,4.00541,3.24966,3.64093
"IMMT",78.1722,81.0076,78.3493,75.6523,70.0308,77.0465,84.0714,75.7427
"IMP3",15.7026,15.2595,12.9579,13.465,12.9856,15.7972,11.7025,14.3221
"IMP4",26.2064,28.023,27.0723,32.937,29.315,29.3606,26.5503,25.5999
"IMPA1",2.21539,2.31976,2.39612,2.05025,2.32676,1.81157,2.28435,2.07339
"IMPA2",3.88694,3.54368,3.36151,3.79107,3.79784,5.94583,4.32765,3.3734
"IMPACT",15.2221,15.6815,13.4896,16.6805,17.8116,14.2317,13.8608,21.3115
"IMPDH1",13.4451,17.0842,13.2719,17.0889,17.5157,22.084,14.4783,14.3618
"IMPDH2",86.4125,87.2361,84.0663,87.3664,78.3632,89.3389,82.9371,81.6327
"IMPG1",2.1643,1.02677,2.0472,1.937,1.07672,1.42688,0.904935,1.49726
"IMPG2",0.0603483,0.0969335,0.0756418,0.131248,0.0469846,0.0148268,0.0500742,0.120446
"INA",0.325803,0.41447,0.307606,0.430922,0.254591,0.259922,0.157865,0.285376
"INCA1",2.45795,1.5733,1.07078,2.39951,2.78536,2.0428,2.19543,2.64027
"INCENP",9.78924,10.5146,11.5766,12.8132,10.9948,11.948,14.4414,11.1662
"INF2",25.513,22.9746,24.5664,29.1277,29.0876,29.0575,25.6789,22.5537
"ING1",1.53134,2.25507,2.28076,3.58413,2.79959,1.98202,2.13864,2.11302
"ING2",0.478069,1.09922,0.27966,0.511854,0.216452,0.401044,0.911318,0.276707
"ING3",2.34482,3.26767,2.98245,2.74114,2.53387,3.28057,2.91703,2.91999
"ING4",26.2347,22.2912,26.4577,29.5553,26.84,28.3519,26.0332,26.6632
"ING5",1.15247,1.01764,1.08207,1.33311,1.23712,1.13805,1.01212,0.861657
"INHA",0,0.0542266,0.102904,0,0.0531472,0.0990994,0,0.101993
"INHBA",2.74794,1.99208,2.68708,1.9702,2.36856,1.79309,3.02103,2.19456
"INHBB",0,0,0,0,0,0,0,0
"INHBC",0,0.037105,0,0,0,0.0679195,0.0383877,0
"INHBE",0.0829418,0.0888758,0.0837365,0,0.0577322,0,0,0.0831765
"INO80",5.54071,5.85515,6.12102,4.99529,6.53185,5.57027,6.59925,5.9371
"INO80C",192.222,181.367,174.962,158.799,186.266,183.852,169.21,192.437
"INO80D",5.15479,4.99923,5.7166,4.52044,5.26005,4.42092,5.95173,5.95141
"INO80E",44.7382,42.5922,30.0189,40.8933,37.6107,50.6299,35.0623,35.102
"INPP1",11.5585,9.16583,8.89202,10.9209,11.5765,15.0049,10.5462,9.72612
"INPP4A",5.37076,5.56896,5.47189,5.32939,5.66864,5.70167,4.78916,6.54263
"INPP4B",0.693178,0.500744,1.02132,0.547932,0.77167,0.379992,0.928069,0.693185
"INPP5A",8.90521,7.17677,8.96779,8.01841,8.95062,7.20459,8.10894,7.70739
"INPP5B",5.69549,4.70809,4.49561,6.59827,4.91107,5.92313,4.51525,5.75301
"INPP5D",17.3731,20.9232,17.2058,21.6218,20.1366,22.1071,16.8211,21.5777
"INPP5E",8.4842,6.67325,8.76144,8.11605,9.26013,9.72414,9.47764,6.82819
"INPP5F",4.91831,5.71675,5.43248,4.33468,4.75047,5.23484,5.00041,5.83998
"INPP5J",0.203751,0.145528,0.214324,0.166783,0.424854,0.844575,0.476483,0.243068
"INPP5K",22.2365,20.5875,21.59,18.8948,21.6408,20.1534,19.87,18.9689
"INPPL1",15.9166,13.8261,16.14,16.69,19.2353,17.3126,18.6983,15.1781
"INSC",0,0,0,0,0,0,0,0
"INSIG1",25.5158,21.2911,24.4282,24.9509,25.5581,21.9825,20.4376,20.6588
"INSIG2",2.14174,1.97959,2.36224,1.53075,1.74573,1.50222,2.54729,1.71623
"INSL3",0,0,0,0,0,0,0,0
"INSL4",0,0,0,0,0,0,0,0
"INSL5",0,0,0,0,0,0,0,0
"INSL6",0,0,0,0,0,0,0,0
"INSM1",0,0,0,0,0,0,0,0
"INSM2",0.0439013,0,0,0,0,0,0,0
"INSR",3.29519,1.9947,2.66435,3.75592,3.20856,2.03276,6.21309,2.08375
"INSRR",0,0,0,0.028352,0,0,0,0
"INTS1",9.60595,10.296,10.1065,13.6861,10.5922,12.5411,10.7076,8.6702
"INTS10",13.8002,15.0761,13.7153,14.3548,15.4189,13.8655,14.5915,15.3207
"INTS12",26.2481,27.1854,26.619,24.95,21.3932,24.8109,28.5628,27.8631
"INTS2",2.64026,2.7665,2.87268,3.34018,2.86398,2.91116,2.59592,3.23676
"INTS3",38.6189,38.7629,40.2804,45.762,43.7094,43.5633,42.2601,39.7769
"INTS4",8.56535,10.9434,8.56525,11.7384,9.1195,8.45836,11.5362,13.8604
"INTS6",9.6224,10.4033,9.63319,8.5603,9.45,7.90979,10.209,10.4974
"INTS7",8.50695,9.04517,8.81902,8.98185,7.48654,8.01484,8.28936,9.12366
"INTS8",10.4355,11.9514,10.6478,10.5651,9.41732,9.46526,10.0866,10.1407
"INTS9",23.2445,31.5381,27.8112,28.2801,24.9085,30.8454,24.8975,25.2202
"INTU",0.341184,0.322501,0.30315,0.535459,0.418176,0.216773,0.666813,0.482141
"INVS",6.75608,6.85932,5.78981,7.42212,6.78391,6.91974,7.31556,6.63361
"IP6K1",14.487,13.0703,14.8707,13.8021,14.1597,16.0649,13.7614,14.4925
"IP6K2",81.1084,86.4746,80.289,94.9734,85.3334,86.6946,80.2796,85.6592
"IP6K3",0.0495512,0,0,0,0,0,0,0
"IPCEF1",0.0464799,0.0198982,0,0.042588,0,0.0365346,0.010268,0.0278338
"IPMK",4.65936,2.75328,4.94021,3.64603,4.69458,2.59788,4.40903,3.13063
"IPO13",6.04303,6.17195,6.54684,6.69979,6.41746,6.82227,6.90067,6.00139
"IPO5",42.6225,38.3986,41.5681,36.8245,38.6038,35.7147,44.8808,39.9178
"IPO7",47.5492,46.5316,53.6506,48.0152,48.7327,38.6269,49.5223,52.0649
"IPO8",12.8998,10.7252,12.6315,11.4574,12.0627,10.497,12.165,12.7881
"IPP",1.25334,0.692984,1.14002,1.16323,1.01783,0.754272,1.08958,0.890363
"IPPK",3.68678,3.64107,3.72827,3.03769,3.46912,3.42268,4.26614,3.8546
"IQCA1",0.867614,0.553255,0.603375,0.741353,0.559646,0.730189,0.503343,0.579056
"IQCB1",3.85261,4.11742,5.07384,2.67246,3.30792,3.96191,3.97195,4.86244
"IQCC",1.57127,2.02156,1.54219,1.731,1.77538,1.84309,1.48665,1.58939
"IQCD",0.27092,0.581121,0.220802,0.252456,0.684099,0.424645,0.180541,0.328154
"IQCE",1.79066,1.32428,1.84406,1.78242,1.69742,1.94045,1.5518,1.87817
"IQCF1",0,0,0,0,0,0,0,0
"IQCF2",0,0,0,0,0,0,0,0
"IQCF3",0,0,0,0,0,0,0,0
"IQCF5",0,0,0,0,0,0,0,0
"IQCF6",0,0,0,0,0,0,0,0
"IQCG",3.65429,3.4202,2.01257,2.68605,2.26031,2.31611,3.30128,2.5559
"IQCH",0.245288,0.332809,0.115123,0.22935,0.190515,0.235582,0.331638,0.35978
"IQCK",11.5732,10.8544,11.7241,11.683,10.909,10.4885,11.2426,12.5326
"IQGAP1",92.5066,84.2431,96.8917,79.2533,86.9389,75.0963,96.9683,85.4214
"IQGAP2",0.551345,0.590598,0.753746,0.307507,0.738387,0.386452,0.588752,0.37465
"IQGAP3",10.9186,8.5872,12.3899,10.2067,11.6824,9.61898,12.8774,8.4266
"IQSEC1",5.81356,6.69453,6.80637,6.87431,8.40008,7.79869,6.79946,6.58008
"IQSEC2",19.7643,17.8558,17.4682,18.1956,16.1897,22.3928,16.2398,19.182
"IQSEC3",0,0,0,0,0,0,0,0
"IQUB",0.127111,0.090784,0.106707,0.13649,0.0220781,0.0624014,0.140789,0.12727
"IRAK1BP1",5.02511,8.06866,5.17274,5.16276,4.32027,4.61896,5.03327,6.90996
"IRAK2",5.13139,4.5098,4.16438,5.48979,4.2577,4.14767,5.049,3.60641
"IRAK3",1.47607,1.95308,1.50175,1.40198,1.59574,1.82649,1.5361,1.72073
"IRAK4",5.50987,4.96514,5.21665,7.09684,6.06902,5.01691,5.79872,6.34107
"IREB2",12.2615,13.1149,13.0046,11.7175,11.4719,10.7082,12.5623,13.3398
"IRF1",6.83753,6.42626,7.27383,7.0741,6.78088,6.03979,6.64848,6.53279
"IRF2",16.6145,18.5068,15.6364,18.3176,15.7476,16.2497,15.5241,16.9655
"IRF2BP1",7.99981,7.36781,6.80486,9.77181,9.635,8.77062,8.92402,6.30389
"IRF2BP2",18.8206,15.9166,16.5255,16.9457,18.6841,18.6152,15.7275,15.52
"IRF2BPL",16.6865,14.6074,19.0853,15.0544,19.469,16.3886,20.8999,14.9236
"IRF3",10.019,7.78276,8.06528,9.13008,8.80598,10.2346,6.96346,7.62057
"IRF4",0.025378,0,0,0,0,0.0124646,0.0421345,0.0126774
"IRF5",0.161196,0.144343,0.0732071,0.0496944,0.168744,0.158654,0.328416,0.27014
"IRF7",2.83587,2.52534,2.57328,3.72595,2.17447,3.29704,3.35639,2.34917
"IRF8",0,0,0,0.138884,0,0.0246501,0,0.0503365
"IRGC",0,0,0,0,0,0,0,0
"IRGM",0,0,0,0,0,0,0,0
"IRGQ",7.06326,5.57875,7.37884,6.01466,7.22238,6.0121,7.08965,6.62007
"IRS1",0.0680771,0.0728206,0.136774,0.0780908,0.176907,0.083459,0.0752714,0.0215652
"IRS2",0.880102,0.760879,0.759811,0.76269,1.91404,0.764793,0.983057,0.681322
"IRS4",0.0502495,0,0,0,0,0,0,0
"IRX1",0,0,0,0,0,0,0,0
"IRX2",0.0294228,0,0,0,0,0,0,0
"IRX3",0,0,0,0,0,0,0,0
"IRX4",0,0,0,0,0,0,0,0
"IRX5",0.0332954,0,0,0.0923503,0.208919,0,0.0369153,0.0334358
"IRX6",0,0,0,0,0,0,0,0
"ISCA1",12.9592,14.0519,14.5879,13.3467,14.3069,12.1834,12.9072,13.9412
"ISCA2",8.81987,9.54724,9.55459,8.19635,9.01255,9.29869,7.61757,9.45534
"ISCU",107.813,120.911,95.8245,94.0406,83.9996,95.0442,91.6648,109.046
"ISG15",21.884,24.1239,17.2065,20.6507,19.1651,23.5846,17.2854,18.5999
"ISG20",4.71505,5.58698,3.10816,4.48905,1.47295,5.67468,3.04488,4.58299
"ISG20L2",18.5536,18.6023,18.3226,19.9659,19.8582,17.021,18.397,17.2018
"ISL1",0.0736504,0.131519,0.148556,0.135743,0.230486,0.120494,0.0271994,0.221409
"ISL2",0.116476,0.166474,0.275426,0.215824,0.0813353,0.152297,0.387597,0.312335
"ISLR",0,0,0,0,0,0,0,0
"ISLR2",0,0.0162494,0,0,0.031571,0,0,0
"ISM1",0,0.0553795,0.0260742,0,0.134839,0.0507303,0.0572687,0.0777127
"ISM2",0,0,0,0,0,0,0,0.076037
"ISOC1",14.4769,13.5362,10.9562,15.0789,9.06096,11.3313,14.4723,10.8062
"ISOC2",65.989,64.9748,60.4401,88.8351,74.2921,80.6021,62.1316,72.1898
"IST1",36.0068,29.5765,34.646,32.046,33.3913,31.2213,36.4749,33.7106
"ISX",0,0,0,0,0,0,0,0
"ISYNA1",11.3063,11.8585,9.63888,14.2662,11.6255,14.2614,9.43161,11.7436
"ITCH",11.0828,11.1521,11.8167,9.60263,11.6614,9.47877,12.3693,10.3801
"ITFG1",60.9279,60.4946,64.8542,61.9475,58.8776,47.3012,57.33,65.885
"ITFG2",5.04109,5.7774,6.40861,6.0446,5.18269,6.93309,5.32424,6.63334
"ITGA10",6.15433,6.07887,8.11003,6.16493,9.12183,7.5554,5.55272,7.49076
"ITGA11",2.09985,2.88276,2.59898,3.40763,3.59049,3.43653,2.61955,3.16175
"ITGA2",19.8348,24.4277,20.1058,21.6026,18.2769,21.1901,20.205,23.6694
"ITGA2B",0.0393794,0,0.0396496,0.0905599,0.0410215,0,0,0.0591212
"ITGA3",16.9998,21.2652,16.887,22.0834,23.2998,25.5203,18.1395,17.3796
"ITGA4",0.272748,0.233677,0.350471,0.160046,0.249395,0.117912,0.338057,0.141648
"ITGA5",446.302,468.914,471.178,538.614,470.719,519.026,465.548,455.183
"ITGA6",35.4466,36.9883,31.7421,31.6978,33.8624,32.7346,34.1124,32.4035
"ITGA7",0.0180808,0.0193676,0,0,0.113021,0.0177551,0,0
"ITGA8",0.020162,0.0863962,0,0.0741987,0.0420111,0,0,0.0605463
"ITGA9",0.147487,0.15798,0.065926,0.165614,0,0.241427,0.0181435,0.0983324
"ITGAD",0,0,0,0,0,0,0,0
"ITGAE",1.32259,1.48174,1.24129,1.27736,1.5451,1.53082,1.59374,1.24386
"ITGAL",0,0,0,0,0,0,0,0
"ITGAM",0,0,0,0,0,0,0,0
"ITGAV",21.5105,17.8624,25.639,17.8142,22.364,14.3134,26.4425,20.2315
"ITGAX",0.096929,0.0889849,0.0417434,0.216066,0.129602,0.217637,0.0613101,0.166073
"ITGB1",270.116,277.575,275.021,244.103,258.577,227.992,277.424,265.338
"ITGB1BP1",22.3982,24.8843,22.0032,16.8132,20.9027,19.3582,19.876,19.4213
"ITGB1BP2",0.557372,0.298706,0.362622,0.0644573,0.218682,0.239266,0.347656,0.245195
"ITGB2",0.0910455,0,0.0458862,0.0419219,0.0474611,0.0223447,0,0.0455893
"ITGB3",43.7569,37.9136,40.752,39.6764,46.9284,38.4275,39.69,44.1032
"ITGB3BP",1.67721,1.88424,1.48106,1.68996,1.70378,1.25443,1.53812,2.11734
"ITGB4",5.60855,8.11051,5.61407,8.78977,7.05053,10.4117,6.07589,7.00089
"ITGB5",14.2702,14.1959,14.6437,17.1169,16.2753,14.1379,14.1473,14.0048
"ITGB6",0.0281547,0.0603389,0,0.0259806,0,0,0,0
"ITGB7",0.432417,0.155056,0,0.417007,0,0.561412,0.161304,0.297523
"ITGB8",1.38596,0.787211,1.6809,0.899032,1.21544,0.677289,1.25408,1.05465
"ITGBL1",1.37471,1.09755,1.52359,0.969634,1.74454,1.24339,1.2844,0.999989
"ITIH1",0,0,0,0,0,0,0,0
"ITIH2",0.0826021,0.0221228,0,0.171023,0,0.0202762,0.0228715,0.0620207
"ITIH3",0,0,0,0,0,0,0,0
"ITIH4",0.0325678,0.348924,0.311555,0.245416,0.372894,0.121777,0.162286,0.165125
"ITIH5",0,0,0,0,0,0,0,0
"ITIH6",0,0,0,0.059261,0.0268593,0.0126897,0,0.0129072
"ITK",0,0,0,0,0,0,0,0
"ITLN1",0.508977,0.34128,0.260104,0,0.201366,0.0622865,0.282875,0.257475
"ITLN2",0.0658054,0,0,0,0,0,0,0
"ITM2A",1.49469,1.80727,1.28389,1.01959,0.75529,0.967943,0.421042,1.24547
"ITM2B",348.523,334.784,355.972,335.688,343.024,287.615,310.118,326.573
"ITM2C",3.34017,4.11144,3.2446,4.13959,4.08078,3.71927,3.59326,3.71936
"ITPA",15.777,11.2831,13.8995,13.973,12.8706,15.36,10.8869,13.0623
"ITPK1",26.3789,22.7984,22.3993,25.2426,25.3158,21.2613,22.3584,24.107
"ITPKA",0.0376115,0.0403158,0.152403,0.174152,0.0393826,0.110662,0.0834316,0.0378101
"ITPKB",5.92189,5.75114,6.00386,6.70454,6.27249,6.63443,5.9096,5.62485
"ITPKC",1.41422,1.63949,1.6578,1.83528,1.89679,1.86427,1.52323,1.45412
"ITPR1",1.08688,2.08729,1.16867,2.31112,1.03756,1.8867,1.09573,2.38706
"ITPR2",8.02775,8.51573,8.65128,9.20408,8.79438,8.01372,9.14228,11.4407
"ITPR3",18.5582,23.0108,20.2975,24.1646,21.6817,25.5522,19.5448,21.0382
"ITPRIP",10.1716,11.7363,10.8803,11.6949,11.3984,11.0398,9.96333,10.1981
"ITPRIPL1",0.419936,0.410981,0.337447,0.0356008,0.281785,0.226158,0.298429,0.541052
"ITPRIPL2",3.92736,3.94491,4.0476,4.28521,3.98832,3.80728,4.4137,3.59658
"ITSN1",20.818,17.2949,19.932,17.0681,22.3159,17.5434,22.2649,18.142
"ITSN2",7.83004,7.54708,8.96373,6.27893,8.09904,6.28128,8.62152,8.33302
"IVD",7.07367,7.29911,7.03069,6.85943,6.92162,7.58659,6.17368,6.956
"IVL",0,0,0,0,0,0,0,0
"IVNS1ABP",16.6117,16.303,18.2628,18.8248,17.8689,16.5473,18.602,16.5927
"IWS1",15.3147,14.5638,16.3833,14.6967,16.4808,15.5257,14.3698,15.9729
"IYD",0,0,0,0,0,0,0,0
"IZUMO1",0.174886,0.0468748,0,0,0,0,0,0
"IZUMO2",0,0,0,0,0,0,0,0
"IZUMO4",0.825323,0.265788,0.849058,0.38869,0.488967,0.827938,0.826954,0.587244
"JAG1",13.0078,12.7873,13.2474,13.221,13.7241,13.5853,13.3455,13.3843
"JAG2",8.9336,11.3531,10.0491,13.706,12.5427,13.9568,9.62355,11.6856
"JAGN1",14.1853,13.244,14.4808,12.8448,12.5966,12.1533,14.18,15.0923
"JAK1",82.4988,82.4153,87.7191,80.6146,87.1527,76.4409,89.7463,78.5275
"JAK2",1.72114,1.84857,2.06586,1.79753,2.1192,1.54773,1.67118,1.81239
"JAK3",0.411713,0.466131,0.354367,0.550228,0.525714,0.520066,0.195281,0.587543
"JAKMIP1",0,0,0,0,0,0,0,0
"JAKMIP2",0,0,0.0593977,0,0,0.0386187,0.0435552,0.0196817
"JAKMIP3",0,0,0,0,0,0.00961571,0,0
"JAM2",7.31596,6.88321,4.93332,7.80279,5.6036,7.7506,7.3149,7.13964
"JAM3",39.2942,41.5141,37.0642,39.9788,41.1271,38.8516,37.4074,40.1478
"JARID2",3.19924,3.72021,3.29059,4.42223,3.26415,4.3045,3.54349,4.15297
"JAZF1",44.4049,37.4726,33.7339,41.3038,36.7133,38.9003,41.13,39.5427
"JDP2",1.72392,0.775155,1.2487,0.871385,1.07673,1.26957,1.06892,0.879448
"JKAMP",8.94627,8.3705,8.66061,7.93846,8.33505,7.19131,8.47215,8.69736
"JMJD1C",24.6332,24.1748,25.5003,24.9204,26.0755,19.2071,29.1691,29.287
"JMJD4",1.74287,1.35677,1.72609,1.47536,1.7831,1.82991,1.14393,1.44879
"JMJD6",9.65745,6.80295,8.46622,9.92796,9.24494,6.724,7.70423,6.97013
"JMJD8",26.6397,25.8979,25.7603,30.7496,29.3225,32.2403,26.6282,28.2227
"JMY",2.60845,2.75004,2.82755,2.80049,2.73019,2.40456,3.21093,2.90256
"JOSD1",37.1756,32.3991,34.9312,35.2137,37.6769,33.6124,34.2158,35.3475
"JOSD2",13.1196,13.5087,12.2653,13.639,18.6247,16.6328,13.8312,10.2548
"JPH1",0.915671,0.903345,0.779998,0.894866,0.981642,0.957326,0.607409,0.818974
"JPH2",0,0,0,0,0,0,0,0
"JPH3",0.953826,1.225,0.974332,1.40925,0.507524,1.67528,0.566232,1.20263
"JRK",1.80172,2.32343,2.10861,2.1397,2.09412,2.62748,2.11269,2.16834
"JRKL",1.68394,1.43131,2.08522,1.44725,1.86782,1.20685,1.4905,1.6274
"JSRP1",0,0,0,0,0,0,0,0
"JUN",38.531,29.5287,38.9952,32.2817,42.9172,31.6649,43.7878,31.0305
"JUNB",8.48375,7.44801,6.7682,9.81448,8.16154,9.44932,6.08891,7.9898
"JUND",37.5883,25.4582,28.6069,25.6838,31.8406,29.5123,28.2487,24.523
"JUP",169.276,173.958,174.685,218.415,213.311,205.158,169.355,176.474
"KALRN",4.05446,4.77046,4.83641,5.31894,4.51855,4.0231,3.39646,4.18913
"KANK1",8.96211,7.66806,8.87521,8.61912,8.08188,7.83411,8.39467,7.98507
"KANK2",7.7134,7.31617,8.27446,7.64159,7.88306,9.08207,8.0176,7.24316
"KANK3",1.04263,2.53433,1.99289,1.57254,2.03575,0.252177,1.17808,1.934
"KANK4",0,0,0,0.0107002,0.0121256,0,0,0
"KANSL1",12.5028,12.532,12.5234,12.7071,12.5211,13.6168,13.2703,13.4773
"KANSL1L",1.57182,1.38533,2.10423,1.76626,1.66784,1.46685,2.01118,1.59774
"KANSL2",12.681,13.8705,13.4165,12.9165,11.5608,11.99,11.9044,12.9782
"KANSL3",15.9897,15.3138,15.2418,17.2505,15.446,16.3972,16.8185,16.9037
"KAT2A",14.0385,14.1556,13.8434,19.4828,14.8309,15.2595,13.5178,17.2319
"KAT2B",5.30564,3.71303,3.91605,3.65079,5.11028,4.02601,3.63595,3.73347
"KAT5",9.72386,9.67873,9.43811,11.358,9.89757,8.95302,8.63174,9.02854
"KAT6A",14.8564,14.1673,15.3093,14.4431,14.8697,15.1719,16.2755,15.6932
"KAT6B",8.71421,9.17033,9.05217,9.52099,8.77371,8.77699,9.92599,10.0737
"KAT7",31.1122,30.0882,27.2814,25.1042,30.7904,28.1085,33.4496,29.0698
"KAT8",13.4561,14.0052,13.3613,12.8138,15.6893,10.854,14.2747,14.0407
"KATNA1",1.15938,0.208223,0.413005,1.3283,0.211662,1.12551,0.434236,0.807057
"KATNAL1",4.7339,4.19626,5.00174,3.44548,4.33122,4.09849,5.29379,4.4068
"KATNAL2",0.738685,0.586563,0.440254,0.309507,1.20953,1.15757,1.23102,1.12417
"KATNB1",9.73541,10.5848,11.403,12.7996,11.0598,12.9877,10.6341,10.7183
"KAZALD1",0.252617,0.343884,0.517549,0.837887,0.290712,0.550731,0.296104,0.493661
"KAZN",2.02414,1.87325,2.09133,1.56106,2.0702,1.63597,2.10511,1.48674
"KBTBD11",0.0188823,0.0202209,0.0284192,0.0865162,0,0.0371085,0.0104468,0.0471295
"KBTBD12",0,0.0390371,0.0122021,0.011145,0,0.0119366,0,0
"KBTBD13",0,0,0,0,0,0,0,0
"KBTBD2",6.46634,7.42449,7.20995,5.97204,5.98508,6.07458,6.51058,6.31877
"KBTBD3",0.122313,0.262019,0.261309,0.252738,0.190878,0.150175,0.135396,0.275151
"KBTBD4",6.76984,6.74249,6.50739,6.41408,6.93459,6.82149,5.89437,6.51812
"KBTBD6",1.18795,1.3641,1.09469,1.05603,0.916584,1.13099,1.27412,1.12566
"KBTBD7",0.729854,0.663452,0.713179,0.733068,0.576377,0.759981,0.734954,0.620184
"KBTBD8",0.332993,0.26498,0.280437,0.208985,0.300161,0.299358,0.425995,0.245148
"KCMF1",25.2222,34.1561,45.5125,32.9399,28.6699,27.273,33.9969,33.1896
"KCNA1",0,0.0169235,0,0,0,0,0,0
"KCNA10",0,0,0,0,0,0,0,0
"KCNA2",0,0,0,0,0,0,0,0
"KCNA3",0,0,0,0,0,0,0,0
"KCNA4",0,0,0.015574,0,0,0,0,0
"KCNA5",0,0,0,0,0,0,0,0
"KCNA6",0.0639142,0.0570399,0.0106927,0.0292977,0.0110678,0,0,0
"KCNA7",0,0.0791007,0.0296937,0.135618,0.0307288,0.0725416,0.065403,0.118124
"KCNAB1",0.656359,1.29903,0.528692,1.04795,0.326505,0.798917,0.310549,0.955579
"KCNAB2",0.310019,0.716143,0.598946,0.401388,0.332692,0.40055,0.369882,0.543299
"KCNAB3",0.353043,0.37851,0,0.532575,0.462955,0.389352,0.0489727,0.222172
"KCNB1",0,0.0371516,0.10468,0.047814,0,0.017031,0,0.0693875
"KCNB2",0.0364767,0.156297,0.128481,0.217982,0.170919,0.214929,0.262546,0.18248
"KCNC1",0,0,0,0,0,0.00917276,0,0
"KCNC2",0,0,0,0,0,0,0,0
"KCNC3",0.287388,0.485343,0.388387,0.65878,0.49389,0.695049,0.391436,0.540953
"KCNC4",6.79671,5.58559,6.11571,6.87861,8.5959,6.51234,6.58609,5.77476
"KCND1",0.872233,0.909808,0.881602,1.22709,0.797039,1.16934,0.740867,0.830852
"KCND2",0,0,0,0,0,0,0,0
"KCND3",0,0,0,0,0,0,0,0
"KCNE1",0.0208967,0,0.0210224,0.115362,0,0.0820483,0,0.01979
"KCNE2",0.209612,0,0,0,0.111912,0,0,0
"KCNE3",0.021512,0.0460927,0.043346,0,0,0.0211209,0.0238274,0.0861623
"KCNE4",0,0,0,0,0,0,0,0
"KCNF1",0,0.031744,0,0,0.0928382,0,0,0.0594415
"KCNG1",0.428072,0.755299,0.333038,0.959125,0.518317,1.19617,0.54762,0.562102
"KCNG2",0,0,0,0,0.109029,0.101603,0.0575756,0
"KCNG3",0.0858389,0.0183733,0.0518034,0,0,0.0168465,0.0189955,0
"KCNG4",0,0,0,0,0,0,0,0
"KCNH1",0.00785134,0.0168244,0,0.0575761,0.00815125,0,0,0.00783511
"KCNH2",0.164956,0.0590634,0.166941,0.279691,0.13464,0.0270473,0.122102,0.0829126
"KCNH3",0.0675153,0,0.0339569,0.0465303,0.0175685,0.0497314,0,0.0506464
"KCNH4",0.0331199,0,0,0,0,0,0,0.0331238
"KCNH5",0,0,0,0,0,0,0,0
"KCNH6",0,0.0234804,0,0,0.0456932,0.0430374,0.0242793,0.0385442
"KCNH7",0.51735,0.554917,0.644909,0.804486,0.786986,0.731901,0.57476,1.1614
"KCNH8",0,0,0,0,0,0,0,0
"KCNIP1",0,0,0,0,0,0,0,0
"KCNIP2",0.198622,0.248353,0.602729,0.3903,0.795744,0.519646,0.550729,0.494665
"KCNIP3",0.0490184,0.131306,0.0741559,0,0.0511336,0.024057,0.135776,0.0245581
"KCNIP4",0.233509,0.178758,0.404924,0.123371,0.279086,0.229074,0.221908,0.435437
"KCNJ1",0,0,0,0,0.0303073,0,0,0
"KCNJ10",0,0.0129152,0.0484423,0,0.0376035,0.023695,0,0
"KCNJ11",0,0,0.0487507,0.0222724,0.0756394,0,0,0
"KCNJ13",0.0419935,0.0775257,0,0.0193286,0.0656418,0,0.116281,0.126712
"KCNJ15",0.82945,0.720191,0.640531,0.697308,0.968501,0.840455,0.893471,0.862261
"KCNJ16",0.049673,0.0709453,0.04996,0.0456378,0.0516979,0.0650499,0.0183266,0
"KCNJ2",2.12517,3.21694,2.1818,1.93832,2.56669,2.34452,2.43085,2.11114
"KCNJ3",0,0,0,0.0634405,0,0.0225412,0,0
"KCNJ4",0,0,0,0,0,0,0,0
"KCNJ5",0.0457677,0.0735523,0.0691986,0.189677,0.1193,0.179725,0.0506995,0.0687657
"KCNJ6",0,0.0290104,0.0546561,0.0249732,0,0,0,0
"KCNJ8",0,0,0,0,0,0,0,0
"KCNJ9",0,0,0,0,0,0,0.0725264,0
"KCNK1",1.79969,1.86103,2.61733,1.37112,1.61713,1.95163,1.75006,1.26773
"KCNK10",0,0,0,0,0,0,0,0
"KCNK12",0.0508606,0.0545417,0.25878,0.0473349,0.0534601,0.249181,0,0.0512959
"KCNK13",0.0266854,0.0285937,0,0.0492225,0.111416,0.0261909,0,0
"KCNK15",0,0,0,0,0,0,0,0
"KCNK16",0,0,0,0,0,0,0,0
"KCNK17",0,0,0,0,0,0,0,0
"KCNK18",0,0,0,0,0,0,0,0
"KCNK2",0.0602236,0.0860238,0.0404281,0.184697,0.0418266,0.0394213,0.0889326,0
"KCNK3",0,0.0524357,0,0,0,0.0160267,0,0
"KCNK4",0,0,0,0,0.0403578,0.151153,0,0
"KCNK5",0,0,0,0,0,0,0,0
"KCNK6",3.83463,3.74051,2.74051,3.51907,4.90506,4.22627,2.77583,2.92709
"KCNK7",0,0,0.0579005,0,0,0.0556161,0,0
"KCNK9",0,0,0,0,0,0,0,0
"KCNMA1",0.114683,0.145149,0.0837138,0.104433,0.103309,0.0921936,0.0692208,0.135348
"KCNMB1",2.61214,2.79784,1.52229,2.08368,2.51752,3.55773,2.55285,2.64325
"KCNMB2",0.0806742,0,0,0.0496008,0.0280606,0.0263812,0.0297882,0
"KCNMB3",0.769228,0.753724,1.33186,0.989997,0.883533,0.570056,0.677094,1.02296
"KCNMB4",0.93423,0.729498,0.560831,0.90349,0.707825,0.807041,1.67171,0.489793
"KCNN1",0.0504016,0.0541024,0.229138,0.349083,0.157968,0.123831,0.0838091,0.050514
"KCNN2",0.0534325,0.0858557,0.0808688,0.0985316,0.124742,0.0524274,0,0.133893
"KCNN3",1.58554,1.555,1.33487,1.46447,1.52629,1.38415,1.5577,1.48176
"KCNN4",0.212382,0.325138,0.245272,0.280203,0.0951071,0.416789,0.0672612,0.274015
"KCNQ1",0.0218004,0.0233536,0.0659245,0.22086,0.0633306,0,0.096628,0
"KCNQ2",0,0,0,0.047295,0,0,0,0
"KCNQ3",0.0333783,0.131641,0.140809,0.133941,0.157933,0.195638,0.135379,0.227752
"KCNQ4",0.0164939,0.0530105,0.0663679,0.0145213,0.154525,0.0648089,0,0.0329954
"KCNQ5",0,0,0,0,0,0,0,0
"KCNS1",0.198792,0.060834,0.0285407,0.05214,0.103378,0.0697411,0.0943089,0.0709647
"KCNS2",0,0.0222955,0,0,0.0216864,0,0,0.0208357
"KCNS3",0.261429,0.0933818,0.0586798,0.402203,0.121362,0.256543,0.515109,0.262258
"KCNT1",0,0,0,0,0,0,0,0
"KCNT2",0.14016,0.0230927,0.0324685,0.0988477,0.0112024,0.052966,0.143175,0.0215352
"KCNU1",0,0,0,0,0,0,0,0
"KCNV1",0,0,0,0,0,0,0,0
"KCNV2",0,0,0,0.11663,0,0.0928868,0,0
"KCP",0,0,0,0,0.0141313,0,0.0150421,0
"KCTD1",5.90345,6.50116,5.52672,6.13545,6.02051,5.52975,5.96417,6.25645
"KCTD10",39.1512,35.6907,42.3797,37.7647,45.6214,36.5922,35.4185,36.7933
"KCTD11",1.36652,1.09585,1.21475,1.0684,1.32818,1.67494,1.51316,1.11605
"KCTD12",72.7955,77.1284,66.6145,75.9583,71.5263,73.1396,66.0701,77.1599
"KCTD13",11.9548,11.5731,11.8632,14.1477,13.4599,13.8363,13.2393,13.2349
"KCTD15",7.18681,8.72469,8.20966,9.84318,8.34244,9.6274,8.62823,8.82042
"KCTD16",0.0494315,0.124429,0.168581,0.0118417,0.0671057,0.177541,0.0714378,0.167684
"KCTD17",10.3762,10.1307,10.2697,11.0525,11.1924,12.4787,10.0377,9.87531
"KCTD18",2.56968,2.03959,2.08725,2.69238,2.00851,1.80213,2.48707,2.58664
"KCTD19",0,0,0.0688868,0,0.023753,0.0447365,0,0.0228208
"KCTD2",10.5607,7.80032,9.86295,9.13983,9.30591,8.89976,9.78044,8.55465
"KCTD20",14.9524,15.3167,16.9388,13.9231,14.8302,14.8541,14.9332,15.6928
"KCTD21",8.37649,8.55033,9.05524,7.92808,7.8412,8.40783,9.00555,8.70448
"KCTD3",3.70144,3.53998,3.49017,3.64375,2.88921,3.01866,3.98835,3.81753
"KCTD4",0,0,0,0,0.0337385,0,0,0
"KCTD5",12.4885,9.89729,12.1654,9.22655,11.4402,9.44051,11.8407,9.67302
"KCTD6",6.14378,5.19065,6.44341,5.83563,5.47302,4.9322,4.11772,5.23022
"KCTD7",2.86277,2.7803,3.4905,3.77856,2.94025,2.84957,4.45536,3.41848
"KCTD8",0,0,0,0,0,0,0,0
"KDELR1",846.551,764.155,817.442,888.685,865.909,853.28,796.66,850.631
"KDELR2",372.396,391.72,383.308,372.243,394.884,365.575,327.536,408.329
"KDELR3",19.0654,25.6613,21.0828,0,16.8204,21.7362,23.0738,24.3141
"KDM1A",48.659,54.3009,52.7052,53.7792,53.301,50.1498,55.5808,53.3167
"KDM1B",2.04908,2.63822,1.87803,2.37561,1.99108,1.98627,2.42622,2.18266
"KDM2A",26.5921,25.7016,27.5929,27.6977,26.8375,29.3749,27.5544,27.2702
"KDM2B",12.579,10.4168,13.6872,12.7168,15.1706,10.3017,12.6116,12.8537
"KDM3A",7.01975,6.83584,7.58998,6.46115,7.61015,6.04738,8.23104,7.97077
"KDM3B",16.1091,15.5293,17.0199,17.2208,16.5797,17.4249,16.7279,16.4641
"KDM4A",11.2549,11.1036,10.988,10.8426,11.6298,11.1414,10.7843,11.5531
"KDM4B",6.20041,6.70872,6.85657,6.19047,9.00361,7.23873,7.97196,7.26025
"KDM4C",3.41092,3.55323,3.15125,2.92414,3.90233,3.30675,2.71174,3.26432
"KDM4D",0.41531,0.494395,0.269399,0.892545,0.603817,0.724837,0.518211,0.451933
"KDM5A",4.73122,4.60347,4.93452,4.19016,4.47309,3.97311,4.67905,4.96812
"KDM5B",19.1391,19.4431,21.0954,19.4301,20.8946,18.5906,21.4431,22.3605
"KDM5C",24.2282,20.7169,24.5805,25.44,24.0996,21.6937,23.5487,22.7296
"KDM5D",0,0,0,0,0,0,0,0
"KDM6A",7.2936,8.94375,8.15312,7.68484,8.24705,6.76902,8.97459,8.50891
"KDM6B",7.35548,6.42543,7.95954,9.03829,9.47171,9.54853,8.3154,9.62994
"KDR",60.6147,72.3519,64.1568,74.9569,70.8525,69.9141,61.7597,82.9473
"KDSR",7.62648,6.77357,7.98476,7.15787,7.6663,7.22621,8.89365,7.8524
"KEAP1",20.4747,21.3126,19.0414,22.9786,21.3197,21.2921,19.3455,18.9215
"KEL",0.0263417,0,0.0797471,0.121456,0.137463,0.0517085,0,0.0264079
"KERA",0,0,0,0,0,0,0,0
"KHDC1L",0,0,0,0,0,0,0,0
"KHDRBS1",100.279,100.628,110.516,99.6491,109.53,111.044,117.667,104.234
"KHDRBS2",0,0,0,0,0,0,0,0
"KHDRBS3",6.91814,6.4692,7.57426,4.81296,6.38958,4.15468,6.49736,5.46128
"KHK",1.14445,1.04727,0.845828,1.15945,0.816407,1.37022,0.866491,1.00777
"KHNYN",4.22421,4.10728,4.72971,5.40255,4.87739,4.75389,4.68818,4.44474
"KIAA0040",1.25436,1.6915,1.48322,1.40888,1.6165,1.82644,1.51941,1.7137
"KIAA0232",3.87259,3.99772,4.06457,3.5041,4.14297,3.20855,4.19193,4.27789
"KIAA0319",0,0,0.0292479,0.0457297,0.0199033,0.0470644,0.0209672,0.0193986
"KIAA0319L",13.4836,14.1463,13.4675,13.4548,14.1478,12.7565,14.2535,14.9985
"KIAA0513",0.803045,0.821469,0.527909,1.05907,0.529088,1.23891,0.525421,0.905835
"KIAA0586",7.67897,8.20965,8.10567,9.70011,7.35128,8.43035,8.86128,9.53572
"KIAA0753",9.84303,9.49426,9.76464,9.90593,10.13,8.98455,10.8581,10.5153
"KIAA0825",0.287965,0.0664,0.0876423,0.13592,0.121466,0.0343416,0.125669,0.0619824
"KIAA0930",12.0377,14.0804,13.6433,17.476,13.9217,15.7082,14.8154,12.6464
"KIAA1143",10.706,11.5462,11.0911,9.87881,8.91378,10.4076,11.5182,10.4724
"KIAA1191",66.2505,59.0387,69.9016,60.3174,66.6503,59.8388,62.59,62.0342
"KIAA1210",0,0,0,0,0.00837559,0,0,0
"KIAA1217",1.95161,3.54113,1.74021,3.58126,2.00932,3.37886,2.24687,3.75396
"KIAA1328",1.8661,1.67262,1.92799,1.4817,2.31187,1.39115,1.67,1.54739
"KIAA1549",12.3376,13.0585,15.0988,13.6622,13.1911,11.7702,14.8395,14.7856
"KIAA1586",2.59011,2.14795,1.71859,1.2356,1.63089,1.8387,1.93406,2.49879
"KIAA1614",0.0779212,0.116847,0.0156694,0.0143136,0.0486449,0.122456,0.0517591,0.171406
"KIAA1671",16.2616,19.9864,14.5777,19.6066,18.4148,20.1868,16.1786,21.3296
"KIAA1755",0.0297181,0.0106085,0.00994106,0.0181583,0.0102902,0.0194672,0,0.00989114
"KIAA1958",4.78375,4.33335,5.82601,3.75673,4.46679,2.7189,4.83971,4.45094
"KIAA2013",31.6717,28.4661,28.9476,31.4802,32.2912,31.4342,28.7241,28.0508
"KIDINS220",16.2251,13.6282,16.1947,13.744,14.9058,13.7515,17.1216,16.3494
"KIF11",10.5417,11.0333,11.7934,11.6175,9.55472,9.83539,12.52,10.4193
"KIF12",0.171838,0.0736691,0.104328,0.190725,0.107856,0.0674261,0.114322,0.138086
"KIF13A",9.9323,9.57966,10.4915,9.11217,9.47586,8.94113,9.64404,9.31986
"KIF13B",3.32494,3.88579,4.15893,3.95855,3.82926,4.30573,4.2422,3.8862
"KIF14",1.39343,2.21079,2.19519,1.78704,1.70836,1.40844,2.32913,2.25436
"KIF16B",1.80753,1.64765,1.59045,1.15056,1.59531,1.44551,1.32658,2.13113
"KIF17",0.790048,0.529588,0.853927,0.367503,0.726445,0.967941,0.877285,1.29458
"KIF18A",2.86188,3.34361,4.43441,3.2259,2.38503,2.89639,3.99907,3.3968
"KIF18B",17.3155,17.9605,21.4176,22.9727,19.2774,23.7674,21.1389,21.4547
"KIF19",0.620291,1.08477,0.414817,1.21894,0.929615,1.76768,0.445425,1.07946
"KIF1A",0.00704914,0.0150989,0,0.0322768,0.0146353,0.00692768,0.00779867,0.0135971
"KIF1B",12.4614,11.1015,12.2249,9.93244,11.2709,10.9826,12.0727,12.5438
"KIF1C",32.9243,35.2223,36.4948,34.8264,36.6453,37.4849,34.6275,33.0658
"KIF20A",51.7197,54.5797,63.3285,60.1167,49.2852,54.3133,59.3282,61.3834
"KIF20B",0.805765,1.3415,1.56225,1.88344,1.59325,1.31114,2.1416,0.955664
"KIF21A",0.715768,0.603922,0.563596,0.78102,0.557427,0.90613,0.601713,0.613933
"KIF21B",0.478427,0.42754,0.372221,0.623033,0.447573,0.682127,0.658807,0.544567
"KIF22",22.3443,21.8562,22.0589,26.3406,20.9637,22.7023,24.1566,20.6504
"KIF23",17.9227,18.4871,19.9681,16.68,15.1148,16.196,20.9314,20.0351
"KIF24",3.32311,3.22132,3.5879,3.55096,3.08316,3.20079,3.54509,3.3873
"KIF25",0,0,0,0,0,0,0,0
"KIF26A",1.12601,1.4269,1.52523,1.79709,1.72502,1.58591,1.42245,0.858546
"KIF26B",0.0607596,0.0278851,0.0261211,0.039759,0.0270402,0.0767662,0.0192078,0.0866431
"KIF27",0.506259,0.816008,0.708172,1.05434,0.680093,0.469102,0.828037,1.22499
"KIF2A",23.7249,23.3665,26.61,23.5451,23.382,22.3221,25.9783,24.2877
"KIF2B",0,0,0,0,0,0,0,0
"KIF2C",18.8666,21.4747,22.0954,21.6623,20.9681,22.3131,22.9893,21.6982
"KIF3A",2.48926,2.4917,3.22227,2.73804,2.7232,2.48583,2.60841,2.4248
"KIF3B",11.7813,13.5788,13.2306,13.0713,13.7708,13.8043,14.2471,12.7229
"KIF3C",11.1238,10.1179,11.6958,11.2261,11.6663,12.4144,10.5852,10.571
"KIF4A",9.44196,8.90928,10.3181,8.48106,8.71035,9.94355,11.4545,8.90936
"KIF4B",0.0145807,0.0468512,0.0879324,0.0267738,0.0151665,0.0143224,0.0645628,0
"KIF5A",0.033354,0,0,0.0766173,0.0347147,0,0.0184645,0
"KIF5B",39.2134,30.5922,43.0847,30.3664,36.2838,28.3225,40.5307,34.997
"KIF5C",0.0182072,0.0194977,0.0456667,0.0250237,0.0189089,0.0447282,0.010073,0.0454407
"KIF6",0,0,0,0,0,0,0,0
"KIF7",0.904787,1.10536,0.980323,1.31074,1.16157,1.40261,0.845063,0.904369
"KIF9",7.5152,8.19586,8.73919,6.90686,6.28678,7.11851,8.18713,7.66746
"KIFAP3",4.81279,4.26397,4.67757,3.63836,3.86624,3.40964,4.9265,4.29686
"KIFC1",0,0,0,0,0,0,0,0
"KIFC2",3.31338,2.71694,2.59893,3.62137,3.746,4.88177,3.57166,2.65786
"KIFC3",3.73497,3.67225,3.73818,3.84977,4.68094,3.91909,3.9503,3.60363
"KIN",1.79228,1.76637,1.79703,0.991433,1.2485,1.82181,1.10535,1.49275
"KIR2DL1",0,0,0,0,0,0,0,0
"KIR2DL2",0,0,0,0,0,0,0,0
"KIR2DL3",0,0,0,0,0,0,0,0
"KIR2DL4",0,0,0,0,0,0,0,0
"KIR2DS1",0,0,0,0,0,0,0,0
"KIR2DS2",0,0,0,0,0,0,0,0
"KIR2DS4",0,0,0,0,0,0,0,0
"KIR3DL1",0,0,0,0,0,0,0,0
"KIR3DL2",0,0,0,0,0,0,0,0
"KIR3DL3",0,0,0,0,0,0,0,0
"KIR3DS1",0,0,0,0,0,0,0,0
"KIRREL2",0,0,0,0,0,0.0255543,0,0
"KIRREL3",0,0,0,0,0,0,0,0
"KISS1",1.23581,0.398546,0.386891,0.11825,0.398072,1.32548,0.27612,0.126905
"KISS1R",0,0,0,0,0,0,0,0
"KIT",4.10595,4.96759,5.69967,5.10848,4.67907,4.92109,6.7229,6.24532
"KITLG",5.67312,7.65899,6.40603,4.51794,3.10649,5.48083,6.64166,6.10314
"KL",0,0,0,0,0,0,0,0.0128045
"KLB",0.0628128,0.0672681,0.0210156,0.0191939,0.0326296,0.0514309,0.0579244,0.0731815
"KLC1",35.8535,33.822,36.8428,30.8968,35.8896,28.7967,33.2317,33.3522
"KLC2",8.97212,7.51305,8.70362,8.43377,10.5195,10.1898,10.0308,7.99354
"KLC3",0.0389885,0,0,0.0360864,0.163197,0.152779,0,0.156668
"KLC4",3.40761,2.71416,3.31176,3.23421,3.17251,3.20728,3.718,3.01758
"KLF1",0,0,0,0,0,0,0,0
"KLF10",37.3503,28.3821,35.7089,31.8833,37.7578,27.9987,38.4445,29.1699
"KLF11",1.81876,1.4999,1.73191,1.74472,2.06014,1.29629,1.9245,1.67391
"KLF12",42.5278,35.9714,42.5024,36.939,46.6467,40.0653,44.4716,39.1046
"KLF13",3.63009,3.6883,3.96063,3.4174,4.60997,4.101,4.27174,3.30832
"KLF14",0,0,0.0978201,0,0,0,0,0
"KLF15",0.478672,0.199461,0.268381,0.490502,0.499622,0.417605,0.442014,0.266613
"KLF16",5.17201,3.54009,5.0053,4.58792,6.03995,4.76003,5.14645,4.92283
"KLF17",0,0,0,0,0,0.0414011,0,0
"KLF2",13.4088,11.516,11.9498,13.118,13.586,17.1365,13.4092,11.6299
"KLF3",23.2235,20.9256,25.4451,21.5776,25.1492,19.2586,24.5303,22.7866
"KLF4",0.564933,0.581038,0.797118,0.665893,0.494745,0.621174,0.675858,0.588466
"KLF5",1.08171,0.778613,1.60926,0.801322,0.795826,0.552676,0.824376,0.752199
"KLF6",28.3929,25.5974,33.3231,23.491,31.8251,22.7879,29.143,26.224
"KLF7",14.855,11.1962,13.2745,12.7793,13.9917,10.2985,13.5476,11.7887
"KLF8",0.737067,0.935997,1.07741,1.06095,0.872039,1.17414,0.765268,1.29901
"KLF9",2.34895,1.97977,2.62795,2.51938,2.63741,2.67618,2.51694,2.10975
"KLHDC1",0.124041,0.239225,0.150131,0.274367,0.129404,0.170461,0.302345,0.198889
"KLHDC10",3.94845,3.5285,4.16865,4.13545,3.80343,2.98242,4.1294,4.03154
"KLHDC2",12.7939,11.4077,10.4726,8.6648,12.3866,9.19414,12.6473,10.3784
"KLHDC3",27.7134,26.1385,27.1006,29.3374,26.9469,26.7187,27.3714,24.2909
"KLHDC4",2.92021,3.6677,3.39469,2.57482,4.41414,3.8892,3.07533,3.72424
"KLHDC7A",0,0,0,0,0,0,0,0
"KLHDC7B",0,0,0,0,0,0,0,0
"KLHDC8A",0,0,0,0,0,0,0,0
"KLHDC8B",2.97189,2.07073,3.74012,3.48738,3.97035,3.0986,1.87992,2.59393
"KLHDC9",0.352459,0.453858,0.0721853,0.46266,0.0745159,0.413877,0,0.785846
"KLHL1",0,0,0,0,0,0,0,0
"KLHL10",0,0,0,0,0.0358305,0,0.0759589,0.0344049
"KLHL11",3.81498,3.41671,4.55655,3.76466,4.10066,3.45909,3.99227,3.83394
"KLHL12",21.1545,23.5296,20.2754,18.654,20.9586,22.7061,21.275,26.0806
"KLHL13",14.4533,11.9085,16.3571,13.109,14.6436,10.2086,15.1764,12.7807
"KLHL14",0,0,0,0.0418087,0,0.0149062,0.0336004,0.0455171
"KLHL15",1.52935,1.61612,1.70768,1.25327,1.37832,1.20083,1.21041,1.52713
"KLHL17",2.52683,2.69818,1.93029,3.28973,3.39226,3.18253,3.38863,2.56665
"KLHL18",6.04434,5.93225,6.04485,4.95836,5.53117,5.4823,6.30661,6.30804
"KLHL2",5.78039,4.45367,5.1143,4.58837,5.12732,3.29277,5.71468,5.31327
"KLHL20",6.0031,6.12069,5.51998,4.49823,4.88164,4.72922,5.9254,6.47431
"KLHL21",2.04176,1.81927,1.91975,2.14676,1.99598,1.92421,2.01771,1.87699
"KLHL22",7.16145,7.1198,6.88035,7.59479,8.88442,7.43393,8.10011,7.1369
"KLHL24",7.02979,6.18538,6.88098,6.37942,6.42742,5.52983,6.90025,7.27965
"KLHL25",1.75399,1.85987,2.03224,2.21482,1.56786,1.98353,1.84407,1.63062
"KLHL26",1.87789,1.51388,1.57475,1.49937,2.266,2.18623,1.21504,1.553
"KLHL28",2.75328,3.08242,2.87515,2.45068,3.50406,3.04882,3.2388,1.89959
"KLHL29",6.08012,6.93844,6.03143,7.9176,5.75427,8.15262,5.78739,6.91092
"KLHL3",5.76562,7.46772,5.25138,8.78577,5.86359,8.29487,5.43423,8.77047
"KLHL30",0,0,0.035612,0,0,0,0,0
"KLHL31",0,0,0,0.010183,0.01154,0,0,0.0110919
"KLHL32",0,0,0,0,0,0,0,0
"KLHL33",0,0.0399724,0.0377725,0,0,0.146297,0,0.074971
"KLHL34",0,0,0,0,0,0,0,0
"KLHL35",0.249661,0.0764557,0.108318,0.0660089,0.111973,0.0699673,0,0.107511
"KLHL36",5.18705,4.35973,4.80832,4.03986,5.6309,4.79948,5.90776,5.31552
"KLHL38",0,0,0.0384589,0,0,0,0,0
"KLHL4",6.64305,7.86115,6.68945,7.00288,6.66504,7.24753,7.47533,8.2771
"KLHL5",13.9927,15.3327,14.2758,11.6861,13.1166,12.5888,12.8206,13.5771
"KLHL6",4.93108,6.2037,5.36172,5.87977,4.81943,6.39005,4.52789,5.55602
"KLHL7",21.3857,22.9121,25.3256,26.3235,23.2702,17.4416,18.0426,21.1736
"KLHL8",1.36721,0.982644,1.49128,0.753931,0.976808,1.02263,1.56543,1.02596
"KLHL9",13.0239,11.8074,12.5263,10.5873,12.5927,8.94465,12.9658,12.4582
"KLK1",0.507439,0.388969,0.386094,0.408123,0.306706,0.742836,0.403184,0.484531
"KLK10",0,0,0.0224665,0,0,0.0218857,0,0
"KLK11",0,0,0,0,0,0,0,0
"KLK12",0,0,0,0,0,0,0,0
"KLK13",0.058975,0,0,0,0,0,0,0
"KLK14",0,0.0719174,0,0,0.141569,0,0,0.135742
"KLK15",0.0562194,0,0,0,0,0,0,0
"KLK2",0,0,0,0,0,0,0,0
"KLK3",0,0,0,0,0,0,0,0
"KLK4",0,0,0,0,0,0,0,0
"KLK5",0,0,0,0.0500328,0,0.157843,0,0
"KLK6",2.67307,4.88628,2.33533,6.36267,1.4446,4.45848,1.97804,5.1504
"KLK7",0,0,0,0,0,0,0,0
"KLK8",0,0,0,0,0,0,0,0
"KLK9",0,0,0,0,0,0,0,0
"KLKB1",0,0,0,0.0837676,0,0,0,0
"KLLN",0.302318,0.340002,0.288725,0.333144,0.204432,0.400883,0.351411,0.45337
"KLRB1",0,0,0,0,0,0,0,0
"KLRC1",0,0,0,0,0,0,0,0
"KLRC2",0,0,0,0,0,0,0,0
"KLRC3",0,0,0,0,0,0,0,0
"KLRD1",0.147792,0.222655,0.124531,0.306405,0.18032,0.0850582,0.2442,0.225253
"KLRF1",0,0,0,0,0,0,0,0
"KLRF2",0,0,0,0,0,0,0,0
"KLRG1",11.2195,10.9119,10.7416,8.5834,11.5955,9.08833,6.32789,11.1998
"KLRG2",0,0,0,0,0.0485591,0,0,0
"KLRK1",12.3495,12.4934,14.4968,8.11566,10.378,10.5091,14.1183,7.79346
"KMO",0,0.0520741,0,0,0,0,0,0
"KNCN",0,0,0,0,0,0,0,0
"KNDC1",0,0,0.0187838,0,0,0,0.0310724,0
"KNG1",0,0,0,0,0,0,0,0
"KNTC1",6.70747,6.3684,7.65102,5.87836,5.94165,5.21888,7.47437,6.96408
"KPNA1",10.0935,10.5816,11.244,9.5957,9.92285,9.23816,9.77834,10.3651
"KPNA2",568.885,623.247,684.03,658.687,547.553,543.356,645.645,629.805
"KPNA3",30.0406,29.3241,35.2688,28.7832,28.5902,25.9345,33.2552,31.9421
"KPNA4",9.79918,9.66529,10.0575,9.2325,9.57541,9.11153,9.91207,9.05604
"KPNA5",1.80247,1.83002,1.02299,1.13952,1.1569,0.806675,1.50739,1.30145
"KPNA6",27.9838,25.1384,31.5298,27.2505,29.4658,25.0179,29.5699,26.9164
"KPNA7",0,0,0,0,0,0,0,0
"KPNB1",79.3206,74.5027,83.8398,81.9174,80.7937,72.5401,78.7689,76.5243
"KPRP",0,0,0,0,0,0,0,0
"KPTN",3.54769,3.96955,2.77298,4.02224,3.85421,3.55368,3.97347,2.54296
"KRAS",8.30448,7.56875,9.05487,7.196,6.94953,6.74215,8.12979,8.02236
"KRBA1",1.48941,1.43508,1.13267,2.15126,1.58955,1.52286,1.79763,1.59134
"KRBA2",1.64936,4.4686,3.80629,3.06241,3.54617,2.79577,3.09932,4.6263
"KRBOX1",0,0,0,0,0,0.12629,0,0
"KRCC1",14.9848,16.069,20.3504,17.2332,16.2838,13.1164,15.0017,15.1819
"KREMEN1",0.352025,0.128343,0.390843,0.256532,0.269607,0.231206,0.250688,0.217351
"KREMEN2",0,0,0.0378115,0,0,0,0,0.0750565
"KRI1",2.89569,3.3422,2.73536,3.09435,3.99062,4.24376,3.83923,3.83472
"KRIT1",5.31591,4.71727,5.44352,4.8402,5.92077,4.3295,6.10513,5.10933
"KRR1",3.98848,4.50077,3.95045,4.43998,3.70484,3.87402,4.58596,3.75505
"KRT1",0,0,0,0,0,0,0,0
"KRT10",0.829879,0.820965,0.839047,0.707885,0.700698,1.12737,1.30923,1.12148
"KRT12",0,0,0,0,0,0,0,0.0347373
"KRT13",0,0,0,0,0,0,0,0
"KRT14",0,0,0,0,0,0,0,0
"KRT15",0.500883,1.55493,1.02306,1.24777,0.704313,0.819274,0.991013,1.06307
"KRT16",0,0,0,0,0,0,0,0
"KRT17",0.0452365,0.0485014,0,0.168046,0.0474711,0,0,0
"KRT18",307.626,346.607,271.392,345.825,282.555,339.32,268.717,303.478
"KRT19",10.9167,15.3805,10.5042,17.0272,12.2397,15.8313,11.3042,13.7685
"KRT2",0,0,0,0,0,0,0,0
"KRT20",0,0,0,0,0,0,0,0
"KRT222",0.0808741,0,0.0410026,0,0,0,0,0
"KRT23",0,0,0,0,0,0.0312025,0,0
"KRT24",0,0,0,0,0,0,0,0
"KRT25",0,0,0,0,0,0,0,0
"KRT26",0,0,0,0,0,0,0,0
"KRT27",0,0,0,0,0,0,0,0
"KRT28",0,0,0,0,0,0,0,0
"KRT3",0,0,0,0,0,0,0,0
"KRT31",0,0,0,0,0,0,0,0
"KRT32",0,0,0,0,0,0,0,0
"KRT33A",0,0,0,0,0,0,0,0
"KRT33B",0,0,0,0,0,0,0,0
"KRT34",0,0,0,0,0,0,0,0
"KRT35",0,0,0,0,0,0,0,0
"KRT36",0,0,0,0.0798334,0,0,0,0
"KRT37",0,0,0,0,0,0,0,0
"KRT38",0,0,0,0,0,0,0,0
"KRT39",0,0,0,0,0,0,0,0
"KRT4",0,0,0,0,0,0,0,0
"KRT40",0,0,0,0,0,0,0,0
"KRT5",0,0,0,0,0,0,0,0
"KRT6A",0,0,0,0,0,0,0,0
"KRT6B",0,0,0,0,0,0,0,0
"KRT6C",0,0,0,0,0,0,0,0
"KRT7",63.4671,58.0605,84.2269,84.9819,71.6478,74.9572,82.2697,61.3432
"KRT71",0,0,0,0,0,0,0,0
"KRT72",0,0,0,0,0,0,0,0
"KRT73",0,0,0,0,0,0,0,0
"KRT74",0,0,0,0,0,0,0,0
"KRT75",0,0,0,0,0,0,0,0
"KRT76",0,0,0,0,0,0,0,0
"KRT77",0,0,0,0,0,0,0,0
"KRT78",0,0,0,0,0,0,0,0
"KRT79",0,0,0,0,0,0,0,0
"KRT8",2.80088,5.58148,3.34904,5.12895,4.7833,4.87598,3.46467,4.06047
"KRT80",6.70916,6.22011,7.58091,8.33202,6.17225,8.27631,7.42681,6.31744
"KRT81",0,0.038861,0,0.167789,0,0,0,0
"KRT82",0,0,0,0,0,0,0,0
"KRT83",0,0,0,0,0,0,0,0
"KRT84",0,0,0,0,0,0,0,0
"KRT85",0,0,0,0,0,0,0,0
"KRT86",0,0.0351025,0,0,0,0,0.0363126,0
"KRT9",0,0,0,0,0,0,0,0
"KRTAP1-1",0,0,0,0,0,0,0,0
"KRTAP1-3",0,0,0,0,0,0,0,0
"KRTAP1-5",0,0,0,0,0,0,0,0
"KRTAP10-1",0,0,0,0,0,0,0,0
"KRTAP10-10",0,0,0,0,0,0,0,0
"KRTAP10-11",0,0,0,0,0,0,0,0
"KRTAP10-12",0,0,0,0,0,0,0,0
"KRTAP10-2",0,0,0,0,0,0,0,0
"KRTAP10-3",0,0,0,0,0,0,0,0
"KRTAP10-4",0,0,0,0,0,0,0,0
"KRTAP10-5",0,0,0,0,0,0,0,0
"KRTAP10-6",0,0,0,0,0,0,0,0
"KRTAP10-7",0,0,0,0,0,0,0,0
"KRTAP10-8",0,0,0,0,0,0,0,0
"KRTAP10-9",0,0,0,0,0,0,0,0
"KRTAP11-1",0,0,0,0,0,0,0,0
"KRTAP12-1",0,0,0,0,0,0,0,0
"KRTAP12-2",0,0,0,0,0,0,0,0
"KRTAP12-3",0,0,0,0,0,0,0,0
"KRTAP12-4",0,0,0,0,0,0,0,0
"KRTAP13-1",0,0,0,0,0,0,0,0
"KRTAP13-2",0,0,0,0,0,0,0,0
"KRTAP13-3",0,0,0,0,0,0,0,0
"KRTAP13-4",0,0,0,0,0,0,0,0
"KRTAP15-1",0,0,0,0,0,0,0,0
"KRTAP16-1",0,0,0,0,0,0,0,0
"KRTAP17-1",0,0,0,0,0,0,0,0
"KRTAP19-1",0,0,0,0,0,0,0,0
"KRTAP19-2",0,0,0,0,0,0,0,0
"KRTAP19-3",0,0,0,0,0,0,0,0
"KRTAP19-4",0,0,0,0,0,0,0,0
"KRTAP19-5",0,0,0,0,0,0,0,0
"KRTAP19-6",0,0,0,0,0,0,0,0
"KRTAP19-7",0,0,0,0,0,0,0,0
"KRTAP19-8",0,0,0,0,0,0,0,0
"KRTAP2-1",0,0,0,0,0,0,0,0
"KRTAP2-2",0,0,0,0,0,0,0,0
"KRTAP2-4",0,0,0,0,0,0,0,0
"KRTAP20-1",0,0,0,0,0,0,0,0
"KRTAP20-2",0,0,0,0,0,0,0,0
"KRTAP20-3",0,0,0,0,0,0,0,0
"KRTAP20-4",0,0,0,0,0,0,0,0
"KRTAP21-1",0,0,0,0,0,0,0,0
"KRTAP21-2",0,0,0,0,0,0,0,0
"KRTAP21-3",0,0,0,0,0,0,0,0
"KRTAP22-1",0,0,0,0,0,0,0,0
"KRTAP22-2",0,0,0,0,0,0,0,0
"KRTAP23-1",0,0,0,0,0,0,0,0
"KRTAP24-1",0,0,0,0,0,0,0,0
"KRTAP25-1",0,0,0,0,0,0,0,0
"KRTAP26-1",0,0,0,0,0,0,0,0
"KRTAP27-1",0,0,0,0,0,0,0,0
"KRTAP3-1",0,0,0,0,0,0,0,0
"KRTAP3-2",0,0,0,0,0,0,0,0
"KRTAP3-3",0,0,0,0,0,0,0,0
"KRTAP4-1",0,0,0,0,0,0,0,0
"KRTAP4-11",0,0,0,0,0,0,0,0
"KRTAP4-12",0,0,0,0,0,0,0,0
"KRTAP4-2",0,0,0,0,0,0,0,0
"KRTAP4-3",0,0,0,0,0,0,0,0
"KRTAP4-4",0,0,0,0,0,0,0,0
"KRTAP4-5",0,0,0,0,0,0,0,0
"KRTAP4-6",0,0,0,0,0,0,0,0
"KRTAP4-7",0,0,0,0,0,0,0,0
"KRTAP4-8",0,0,0,0,0,0,0,0
"KRTAP4-9",0,0,0,0,0,0,0,0
"KRTAP5-1",0,0,0,0.319381,0,0,0,0
"KRTAP5-10",0,0,0,0,0,0,0,0.148073
"KRTAP5-11",0,0,0,0,0,0,0,0
"KRTAP5-2",0.0681462,0,0,0,0.0719872,0.0666929,0,0
"KRTAP5-3",0,0,0,0,0,0,0,0
"KRTAP5-4",0,0,0,0,0,0,0,0
"KRTAP5-5",0,0,0,0,0,0,0,0
"KRTAP5-6",0,0,0,0,0,0,0,0
"KRTAP5-7",0,0,0,0,0,0,0,0
"KRTAP5-8",0,0,0.0649572,0.416044,0.0670512,0.124445,0.070645,0.0643009
"KRTAP5-9",0,0,0.129231,0,0,0.185709,0,0
"KRTAP6-1",0,0,0,0,0,0,0,0
"KRTAP6-2",0,0,0,0,0,0,0,0
"KRTAP6-3",0,0,0,0,0,0,0,0
"KRTAP7-1",0,0,0,0,0,0,0,0
"KRTAP8-1",0,0,0,0,0,0,0,0
"KRTAP9-1",0,0,0,0,0,0,0,0
"KRTAP9-2",0,0,0,0,0,0,0,0
"KRTAP9-3",0,0,0,0,0,0,0,0
"KRTAP9-4",0,0,0,0,0,0,0,0
"KRTAP9-8",0,0,0,0,0,0,0,0
"KRTAP9-9",0,0,0,0,0,0,0,0
"KRTCAP2",163.99,172.068,157.988,134.051,128.505,146.284,142.65,161.451
"KRTDAP",0,0,0,0,0,0,0,0
"KSR2",1.60918,1.63183,1.65832,1.58863,1.70137,1.60438,1.94973,1.64352
"KTI12",5.93503,5.16127,7.32531,5.81212,6.30851,5.61572,5.70992,4.63567
"KTN1",7.57578,6.95217,7.14731,7.33912,7.19825,5.52793,8.05155,6.06088
"KXD1",137.866,130.097,135.455,130.33,124.271,132.304,123.25,123.644
"KY",0,0,0,0,0.0232446,0,0,0
"KYNU",0,0.0614789,0.0584534,0.05347,0.120722,0.0561344,0,0
"L1CAM",0.0127895,0.0136977,0.0128472,0.0470103,0.0132964,0.037727,0.0283114,0
"L1TD1",0.016753,0.0179455,0,0.0461918,0,0.0822919,0.0185495,0.0335174
"L2HGDH",1.59582,1.34584,1.38328,1.26273,1.20917,1.4977,1.63057,1.47815
"L3MBTL1",2.35148,3.21898,3.79516,2.68161,3.82102,3.21617,3.18603,2.93312
"L3MBTL2",10.376,12.5112,10.9531,15.4574,12.4245,13.7161,11.1598,12.1407
"L3MBTL3",15.4278,13.8492,17.4369,13.0161,17.186,12.8202,17.2965,13.5515
"L3MBTL4",0.0546339,0.0390161,0.0183271,0.0837141,0,0.0536526,0.0201658,0.127545
"LACC1",0.39085,0.343814,0.477997,0.377492,0.596947,0.244104,0.437556,0.394284
"LACRT",0,0,0,0,0,0,0,0
"LACTB",5.90544,3.91106,7.02709,3.67037,6.23302,5.08792,6.57714,4.74743
"LACTB2",1.88386,1.82281,2.10052,1.66466,2.36315,1.93661,2.54987,2.31425
"LAD1",0.0234076,0,0,0,0,0,0,0
"LAG3",0.736169,0.876048,1.50552,1.32323,1.16971,1.47678,1.01796,1.54815
"LAGE3",10.2112,11.8098,9.37434,9.74336,8.6842,9.93873,10.0488,8.76176
"LAIR1",0.0481619,0,0.0971434,0.133149,0.100481,0.0945685,0.160102,0.241334
"LAIR2",0,0,0,0,0,0,0,0
"LALBA",0,0,0,0,0,0,0,0
"LAMA1",0,0,0,0.00595051,0,0.00638898,0,0.051884
"LAMA2",0.0583282,0.0970912,0.0519732,0.0711896,0.0874335,0.0636962,0.0430173,0.0711227
"LAMA3",0.941756,1.20029,1.11246,1.02855,1.09605,0.937383,1.197,0.79545
"LAMA4",202.295,190.768,196.988,189.763,236.174,198.152,214.393,179.736
"LAMB1",162.996,174.383,163.966,172.823,178.295,173.626,170.646,187.449
"LAMB2",21.596,19.2961,19.1974,22.1178,24.2748,22.5066,20.1223,21.4942
"LAMB4",1.99496,1.66522,1.21257,1.87293,2.42376,2.0963,1.4796,3.59733
"LAMC1",67.5756,72.4901,68.9535,69.471,70.8242,69.8953,70.7489,69.688
"LAMC2",0.261096,0.258441,0.14105,0.15615,0.267512,0.144994,0.238699,0.2041
"LAMC3",0.02087,0.0447004,0.0104738,0.00956584,0.0325239,0.0410119,0.0230948,0.0521032
"LAMP1",191.077,207.08,196.916,211.427,222.944,230.412,199.05,193.713
"LAMP2",49.2699,45.0744,52.7133,44.5883,47.7175,39.2248,43.822,46.5129
"LAMP3",5.71011,3.95844,4.31616,3.39093,4.85763,3.67399,5.18427,4.21436
"LAMP5",0.403594,0.180233,0.110127,0.279914,0.532549,0.197964,0.261038,0.371554
"LAMTOR1",254.035,232.011,242.376,280.243,253.85,247.914,223.789,263.562
"LAMTOR2",70.0439,75.0583,64.3825,63.4108,61.5466,55.8501,51.599,69.0264
"LAMTOR3",6.95529,6.93899,6.0484,6.47829,4.84599,5.09185,5.92723,5.05176
"LANCL1",8.87704,8.82745,9.89976,7.81204,7.94266,7.52361,8.70738,8.89465
"LANCL2",4.31955,4.92335,5.05011,4.43903,5.29634,5.69208,4.97429,4.3643
"LANCL3",0.20241,0.325262,0.203845,0.204852,0.337419,0.178879,0.130918,0.344459
"LAP3",33.4755,35.2735,30.1648,35.2515,31.5446,32.1258,26.9782,37.7147
"LAPTM4A",247.078,248.544,252.921,238.767,244.422,208.112,249.806,245.577
"LAPTM4B",83.8026,98.4718,81.3559,93.2715,77.8453,82.6942,83.4548,89.3853
"LAPTM5",246.486,299.194,264.222,305.65,242.926,277.375,268.677,288.886
"LARP1",49.1327,46.1399,49.3172,46.9637,53.5393,49.2319,52.4046,48.7583
"LARP1B",1.68991,1.27331,2.07382,0.932892,2.01203,1.15511,1.80741,1.09302
"LARP4",5.49307,5.04495,4.6899,4.28852,5.47305,3.78613,5.19513,4.72135
"LARP4B",27.3305,23.9503,25.6868,21.7823,26.7085,23.4273,27.0006,23.6052
"LARP6",24.1962,17.7486,24.2597,19.0066,21.6604,19.4808,20.2254,15.7481
"LARP7",1.88401,1.30158,1.3726,0.816836,1.14222,1.04477,0.924615,0.797205
"LARS2",7.77223,6.82599,8.86888,8.00582,7.14603,6.00467,7.4429,6.14656
"LAS1L",12.7564,11.9308,12.5616,14.4729,12.9296,12.1982,14.488,12.7583
"LAT2",0.225661,0.379795,1.11343,0.572442,0.972398,0.40474,0.661609,0.656211
"LATS1",17.4039,15.6458,18.439,15.5277,16.9658,15.1794,19.1941,18.2254
"LATS2",21.5276,21.0881,20.7597,20.2922,24.9582,21.2653,22.6484,19.5557
"LAX1",0,0,0.0403801,0,0,0.0431922,0,0.0220277
"LAYN",0.165981,0.249044,0.0335775,0.184144,0.0347151,0.0651333,0.0736101,0.166677
"LBH",3.41763,3.9822,3.89259,4.25544,3.56914,3.6989,3.65986,3.75204
"LBP",0.0382206,0.122909,0.0387259,0,0.120082,0,0.0423935,0.115285
"LBR",40.1201,41.4184,43.1331,37.6845,39.4065,35.6528,40.0416,40.3038
"LBX1",0,0,0,0,0,0,0,0
"LBX2",0.149121,0.0533026,0.303372,0.184965,0.15669,0.340968,0.0551871,0.150355
"LCA5",1.15766,1.06877,1.60121,1.12595,0.849858,1.05397,1.17207,1.50517
"LCA5L",0.142938,0.336971,0.230965,0.211074,0.208991,0.112217,0.158416,0.2294
"LCE1A",0,0,0,0,0,0,0,0
"LCE1B",0,0,0,0,0,0,0,0
"LCE1C",0,0,0,0,0,0,0,0
"LCE1D",0,0,0,0,0,0,0,0
"LCE1E",0,0,0,0,0,0,0,0
"LCE1F",0,0,0,0,0,0,0,0
"LCE2A",0,0,0,0,0,0,0,0
"LCE2B",0,0,0,0,0,0,0,0
"LCE2C",0,0,0,0,0,0,0,0
"LCE2D",0,0,0,0,0,0,0,0
"LCE3A",0,0,0,0,0,0,0,0
"LCE3B",0,0,0,0,0,0,0,0
"LCE3C",0,0,0,0,0,0,0,0
"LCE3D",0,0,0,0,0,0,0,0
"LCE3E",0,0,0,0,0,0,0,0
"LCE4A",0,0,0,0,0,0,0,0
"LCE5A",0,0,0,0,0,0,0,0
"LCE6A",0,0,0,0,0,0,0,0
"LCK",0,0,0,0,0,0,0,0
"LCLAT1",6.94005,6.59075,7.85257,8.06253,7.51852,7.9287,6.70929,8.27934
"LCMT1",39.346,43.8151,52.5553,50.9266,39.0603,35.6147,35.3896,43.1295
"LCMT2",1.65688,1.95019,1.55269,1.65517,1.3871,1.9931,1.68038,1.51956
"LCN1",0,0,0,0,0,0,0,0
"LCN10",0,0.0365477,0,0,0.142679,0,0,0
"LCN12",0.260242,0,0,0,0.6999,0,0,0
"LCN15",0,0,0,0,0.120618,0,0,0
"LCN2",0,0,0,0,0,0,0,0
"LCN6",0,0,0,0,0,0.121223,0,0
"LCN8",0,0,0,0,0,0,0,0
"LCN9",0,0,0,0,0,0,0,0
"LCNL1",0,0,0,0,0,0,0,0
"LCORL",11.9606,14.7399,20.3994,16.2743,21.0244,12.414,14.5221,17.7326
"LCP1",0.0515295,0.0183989,0.0172796,0.157854,0,0.0337383,0,0.0343622
"LCP2",0.0556708,0,0.112416,0.128414,0.0871922,0.054635,0,0.0558309
"LCT",0,0.0217005,0,0,0,0,0,0.0101171
"LCTL",0.192819,0.10332,0.259959,0,0.235171,0.252232,0.249385,0.0967865
"LDB1",82.3573,82.5159,87.8877,96.6236,93.7647,90.1993,86.0893,88.1904
"LDB2",67.3188,114.92,61.1151,100.328,70.361,100.112,59.6573,119.728
"LDB3",0,0,0.0129708,0,0.0134243,0,0,0
"LDHA",274.469,281.921,286.723,294.677,244.493,263.192,256.053,272.348
"LDHAL6A",0,0.0742101,0,0.0960709,0.036233,0.0679195,0.153567,0
"LDHAL6B",0.0791046,0.254056,0,0.402656,0.248295,0,0.175289,0.0794539
"LDHB",122.295,131.452,123.705,117.88,106.567,108.816,105.995,121.461
"LDHC",0,0,0,0,0,0,0,0
"LDHD",0,0,0,0.0953544,0.035942,0.0337045,0.0380975,0
"LDLR",15.7445,13.2856,15.3102,15.2162,16.5672,14.3051,14.2015,13.7836
"LDLRAD1",0,0,0,0,0,0,0,0
"LDLRAD2",0.485147,0.329116,0.162631,0.282269,0.420722,0.365315,0,0.274923
"LDLRAD3",38.0779,40.7475,39.2212,39.8583,40.0261,38.4365,35.4962,41.6338
"LDLRAP1",40.1767,53.0821,46.439,50.2582,45.0024,59.0748,51.4415,50.6499
"LDOC1",68.4738,66.7882,71.0698,76.3402,88.0425,78.2017,75.6471,62.4567
"LEAP2",0.0692201,0.222827,0.141768,0.0648706,0.292588,0.745154,0.384886,0.140258
"LECT2",0,0,0,0,0,0,0,0
"LEF1",0.0759212,0.13235,0.0547444,0.183344,0.10376,0.146281,0.13877,0.100569
"LEFTY1",0,0,0,0,0.0456964,0,0,0
"LEFTY2",0,0,0,0.0303696,0,0,0,0.0659807
"LEKR1",0,0,0,0,0,0.0349431,0,0.143181
"LELP1",0,0,0,0,0,0,0,0
"LEMD1",0,0,0,0,0,0,0,0
"LEMD2",6.79365,6.42249,6.84486,5.13705,7.66898,6.6732,5.78566,6.68754
"LEMD3",3.58994,4.02868,3.55703,3.79454,3.67461,3.14885,3.17712,3.43601
"LENEP",0,0,0,0,0,0,0,0.293261
"LENG1",8.14524,4.52074,5.47779,6.22808,5.15946,4.73973,3.87472,3.91588
"LENG8",81.5183,72.9701,78.7615,96.6972,96.7835,103.414,92.7352,89.9195
"LENG9",4.51599,3.64002,2.78005,2.90909,2.6469,4.78385,4.2873,2.50508
"LEO1",9.24865,9.36381,9.15113,8.66471,7.28989,9.05755,9.86517,9.36597
"LEP",0,0,0,0,0,0,0,0
"LEPROTL1",19.9035,20.1286,16.9182,18.4866,15.7239,21.3415,16.6255,18.0076
"LETM1",5.1925,5.49337,5.40495,5.77952,5.1268,6.21496,5.16681,5.65844
"LETM2",1.09191,1.67256,0.936596,1.38139,1.22609,1.53856,1.25664,0.989902
"LETMD1",10.0806,9.70197,9.68476,11.0648,10.4763,9.18869,10.1306,10.6852
"LEUTX",0,0,0,0,0,0,0,0
"LGALS1",2659.59,2356.26,2272.71,1895.56,1774.33,1977.29,1850.76,2590.24
"LGALS12",0,0,0,0,0,0,0,0
"LGALS13",0,0,0,0,0,0,0,0
"LGALS14",0,0,0,0,0,0,0,0
"LGALS16",0,0,0,0,0,0,0,0
"LGALS2",0,0,0,0,0,0,0,0
"LGALS3",24.5182,29.7744,24.249,22.3797,24.7955,26.9191,14.9299,25.2333
"LGALS3BP",0.240345,0.321951,0.63747,0.0277428,0.156946,0.265318,0.299704,0.241167
"LGALS4",0.0578082,0.124013,0,0.215769,0,0,0,0.175208
"LGALS7",0,0,0,0,0,0,0,0
"LGALS7B",0,0,0,0,0,0,0,0
"LGALS8",14.6437,15.643,15.0467,14.1858,13.496,13.43,13.2885,14.8564
"LGALS9B",0,0,0,0,0,0,0,0
"LGALS9C",0,0,0,0.0378922,0,0,0,0
"LGALSL",0.748018,0.819459,0.58145,0.734258,0.424695,0.65116,0.752923,0.595148
"LGI1",0,0,0,0,0,0,0,0
"LGI2",0.0200483,0.032205,0.04024,0,0.0208265,0.0295488,0.0221848,0.0500469
"LGI3",0,0,0,0,0,0,0,0
"LGI4",0,0,0,0.0846512,0,0,0,0.0230169
"LGMN",62.2358,64.7561,71.2383,67.2165,62.8194,60.1071,65.2553,58.1871
"LGR4",1.52508,1.96001,1.21307,1.57804,1.3443,1.88186,1.18829,1.98682
"LGR5",0,0,0,0,0,0,0,0.0230951
"LGR6",0,0,0,0,0,0,0,0
"LGSN",0,0,0,0,0,0,0.0125376,0
"LHB",0,0,0.214288,0,0,0.194138,0,0
"LHCGR",0,0,0,0,0,0,0,0
"LHFPL1",0,0,0,0.110247,0,0,0,0
"LHFPL2",41.8641,53.0994,67.9975,55.5651,60.6158,45.1566,42.8572,55.016
"LHFPL3",0,0,0,0,0,0,0,0
"LHFPL4",0.013161,0.0140957,0.0793321,0,0,0,0,0.0131516
"LHFPL5",0,0,0,0,0,0,0,0
"LHPP",2.32131,1.38532,2.4311,2.19533,1.68396,2.2964,1.71664,1.72525
"LHX1",0,0,0,0,0,0,0,0
"LHX2",0.0558227,0,0,0,0,0,0,0
"LHX3",0,0,0,0,0,0,0,0
"LHX4",0.590921,0.356283,0.523659,0.410324,0.579959,0.434674,0.614404,0.445455
"LHX5",0,0,0,0,0,0,0,0.0330113
"LHX6",2.16551,3.78218,1.77364,2.66699,1.98697,3.95927,1.63178,3.76791
"LHX8",0,0,0,0,0,0,0,0
"LHX9",0,0,0,0,0,0,0,0
"LIAS",3.70137,2.62313,2.06801,1.82323,3.00315,3.11109,2.55672,2.49468
"LIF",0.0828897,0.112533,0.297337,0.0965587,0.145825,0.195383,0.128482,0.175156
"LIFR",4.99195,6.23325,5.2967,4.73352,5.37863,4.97926,5.08059,5.99518
"LIG1",9.98022,10.3019,11.1646,10.7576,9.55797,12.0895,9.99343,10.3229
"LIG3",6.25115,6.23033,6.71196,6.32952,7.16024,5.7957,7.45874,6.31586
"LIG4",3.77054,2.82265,3.85614,3.00715,3.89675,2.86099,4.12631,2.9206
"LILRA1",0,0,0,0,0,0,0,0
"LILRA2",0,0,0,0,0,0,0,0
"LILRA3",0,0,0,0,0,0,0,0
"LILRA4",0,0,0,0,0,0,0,0
"LILRA5",0,0,0.0562449,0.0514426,0,0,0.122624,0.0557182
"LILRA6",0.0165287,0,0,0.0151864,0.0344047,0.0487011,0,0
"LILRB1",0,0,0,0.0218867,0,0,0,0
"LILRB2",0,0,0,0,0,0,0,0
"LILRB3",0.0235469,0.0756841,0.0237394,0,0,0.046231,0.0260857,0.0235898
"LILRB4",0,0,0,0,0,0,0,0
"LILRB5",0,0,0,0,0,0.0344341,0,0
"LIM2",0,0,0,0,0,0,0,0
"LIMA1",44.4555,36.4425,44.6771,32.5401,40.2776,33.5963,45.9557,37.164
"LIMCH1",6.27078,4.81677,5.25992,5.10122,6.40814,4.84069,5.9911,5.80716
"LIMD1",9.99096,8.17444,9.34462,9.19815,9.94711,9.11121,9.6212,9.15744
"LIMD2",18.2096,17.8335,18.147,23.791,19.6346,21.5296,17.0906,18.4161
"LIME1",0.625201,0.737784,1.46914,1.51952,1.58252,1.10182,1.1118,0.505892
"LIMK1",16.1057,18.9077,17.1349,23.7357,18.5453,22.0189,18.3,19.7905
"LIMK2",14.2258,16.8247,13.2264,19.0418,16.8954,18.9934,12.9576,16.6723
"LIMS1",16.0031,17.2931,15.5592,15.6423,14.6013,15.5627,15.2829,19.5816
"LIMS2",17.3316,15.4607,14.3672,22.5286,18.3439,19.5224,19.6504,17.3591
"LIN28A",0,0.0173128,0.032509,0,0,0.0158749,0,0.0323267
"LIN28B",0,0,0,0,0,0,0,0
"LIN37",22.1764,21.4634,21.7405,22.2342,20.1462,20.0973,19.6066,17.9856
"LIN52",5.67249,5.83808,7.49273,4.91787,5.89069,5.37614,7.14451,6.06433
"LIN7A",1.33978,2.01306,1.21673,2.85743,1.25433,1.18066,1.74987,2.62511
"LIN7B",0.342491,0.613431,0.356236,0.544229,0.122241,0.668311,0.254876,0.233923
"LIN7C",5.26136,2.91587,4.04812,3.90025,4.4743,3.30379,3.43097,3.85825
"LIN9",1.33777,1.01271,1.58911,1.41917,1.03149,1.00742,0.999291,1.04684
"LINGO1",0.0226057,0.242189,0,0,0.023568,0.266315,0,0.0905668
"LINGO2",0.14301,0.0255369,0.192258,0.0439179,0.149151,0,0.0528109,0.167161
"LINGO3",0,0,0,0,0,0,0,0
"LINGO4",0,0,0,0,0,0,0,0
"LIPA",16.0673,18.3787,18.0103,18.975,17.6776,15.5723,15.5847,17.8299
"LIPC",0,0.0474504,0,0.0821749,0,0,0,0
"LIPE",2.57142,6.30129,1.22007,2.50963,3.95779,1.55859,4.21913,3.25551
"LIPF",0.0543712,0,0,0,0,0,0,0
"LIPG",14.8032,25.9437,15.7122,32.4306,13.0706,23.2387,13.8309,33.5483
"LIPH",0,0,0,0,0,0,0,0
"LIPI",0,0,0,0,0,0,0,0
"LIPJ",0,0,0,0,0,0,0,0
"LIPK",0,0,0,0,0,0,0,0
"LIPM",0,0,0,0,0,0,0,0
"LIPN",0,0,0,0,0,0,0,0
"LIPT2",0.909092,0.887206,0.425122,1.63482,0.964439,0.88886,1.01211,1.42815
"LIX1",0,0.0175299,0,0,0.0510954,0,0,0.0163668
"LIX1L",57.3957,51.5402,61.3499,55.9954,57.8469,49.409,58.1787,57.8322
"LLGL1",15.9132,14.387,16.7224,16.8226,17.9582,18.2782,15.6671,17.0893
"LLGL2",0.861802,0.65608,1.0287,1.23396,1.11278,0.667356,0.475399,0.58325
"LMAN1",18.2368,16.7276,19.1234,18.5408,18.4372,14.7552,18.4643,17.4141
"LMAN1L",0,0,0,0,0,0,0,0
"LMAN2",50.7013,52.4077,47.5468,56.151,59.1229,52.7024,51.2963,57.0889
"LMAN2L",6.21628,6.78384,6.71335,6.56476,5.86943,6.5436,5.92712,6.85122
"LMBR1",10.379,10.84,12.5312,9.81756,10.991,9.72677,11.314,10.8397
"LMBR1L",38.0344,40.8173,42.0213,41.5727,39.4293,35.003,49.4819,41.7928
"LMBRD1",6.86868,6.98305,7.08677,6.50372,6.37778,6.68257,6.31159,6.80265
"LMBRD2",0.83831,1.50263,1.53124,1.0612,0.929334,0.785224,0.942367,1.29699
"LMCD1",11.1675,10.8074,12.4985,14.1131,12.4577,12.409,9.21939,13.6865
"LMF1",3.54579,4.88897,4.2182,4.89525,5.13049,7.11794,4.59015,5.48269
"LMF2",30.9324,32.1623,26.642,28.9967,31.0279,35.0366,31.8084,26.9505
"LMLN",1.78407,2.04533,1.80153,1.5568,1.59652,1.65167,2.04295,1.97667
"LMNA",79.8422,85.1815,74.2336,90.5621,93.9905,105.273,74.9219,84.1273
"LMNB1",20.8043,20.0288,22.185,20.1442,20.2615,19.6804,21.7914,23.3552
"LMNB2",22.9061,20.0256,22.9622,26.2783,25.4684,26.472,22.8029,23.6019
"LMO1",0,0.124601,0,0,0,0.170652,0,0.117366
"LMO2",24.8434,21.2148,25.7546,20.2751,20.6181,19.6773,17.5201,23.924
"LMO3",0.0195479,0,0,0,0,0,0,0
"LMO4",18.1873,16.2664,19.6683,18.9988,17.1687,13.2837,14.4742,19.0729
"LMOD1",0.147291,0.0175299,0.115216,0.0451069,0.119223,0.0482211,0.181193,0.114568
"LMOD2",0,0,0,0.0293561,0,0,0.0704385,0
"LMOD3",0.158091,0.0338668,0.0635867,0.0871279,0.0986998,0.108694,0.0700091,0.0474241
"LMTK2",6.16236,6.26008,7.23405,6.95438,6.22523,6.33195,6.48316,7.10372
"LMTK3",1.02819,0.803037,0.772194,0.176833,0.994769,1.00456,0.624956,1.04797
"LMX1A",0,0,0,0,0,0,0,0
"LMX1B",0,0,0,0,0,0,0,0
"LNP1",0.644474,1.15109,0.744377,0.680311,0.416922,0.903384,0.782434,0.708387
"LNPEP",6.1261,5.8979,6.82511,5.5469,6.21727,4.54866,7.10464,6.08065
"LNX1",0.469715,0.575669,0.327976,0.862935,0.292805,0.624875,0.569856,0.490148
"LNX2",7.30493,5.46718,7.34757,6.55832,6.95846,5.13169,6.64839,5.89947
"LONP1",12.8908,13.7285,11.3112,13.9097,14.2108,15.6681,14.7908,11.0109
"LONP2",8.01735,8.85308,8.88003,7.8391,8.4327,7.64911,9.41772,8.73095
"LONRF1",1.36707,1.0739,1.2657,0.85465,1.30959,0.841305,1.11011,0.948329
"LONRF2",0,0,0,0,0,0.0132134,0.00495606,0.0134046
"LONRF3",3.30011,3.42328,2.91107,2.28213,3.37203,2.63818,2.84855,2.82333
"LOX",14.2568,11.485,15.0703,13.5857,15.84,12.1413,15.5074,12.3208
"LOXHD1",0,0,0,0,0,0,0,0
"LOXL1",16.1512,16.4801,15.0626,13.5041,16.4306,17.8842,16.1114,16.3857
"LOXL3",0.528354,0.407542,0.383212,0.505736,0.660764,0.705514,0.49157,0.465526
"LOXL4",0.214088,0.095554,0.251326,0.163998,0.167173,0.192727,0.0395096,0.10709
"LPA",0,0,0,0,0,0,0,0
"LPAR1",0.445871,0.684006,0.38267,0.451593,0.418969,0.634721,0.666752,0.625165
"LPAR2",1.26403,0.852926,1.10507,0.567938,1.06485,1.1645,1.44639,1.00774
"LPAR3",0.0816272,0,0,0,0.1711,0,0.0452794,0
"LPAR4",1.19259,0.921288,1.21672,1.22987,0.87034,1.03597,0.799132,1.14044
"LPAR5",0,0.212297,0.117269,0.23573,0.0775121,0.048621,0.0548794,0.0744584
"LPAR6",4.19157,3.61644,3.04953,3.89165,2.64253,2.24377,3.43845,2.67463
"LPCAT1",20.095,23.7987,20.4259,23.4222,21.3075,23.6966,20.9,22.253
"LPCAT2",18.2647,15.4303,18.842,16.2951,16.714,13.5253,17.8894,17.333
"LPCAT3",22.4577,24.407,19.2689,24.0459,20.1492,22.7914,19.7684,23.5036
"LPCAT4",12.1831,13.7927,8.98208,13.851,10.5957,15.6013,10.1362,13.3915
"LPGAT1",5.76402,5.39509,5.90584,4.74318,5.40045,4.71151,5.65307,5.52888
"LPIN1",9.09925,11.2082,9.33811,9.47083,10.0329,9.99352,10.3944,10.9217
"LPIN2",6.46768,6.62112,6.98432,6.24211,7.27216,6.75941,6.76326,6.45806
"LPIN3",0.254005,0.339684,0.267823,0.521066,0.220194,0.42973,0.377851,0.409043
"LPL",0.0173857,0,0,0,0,0,0,0
"LPO",0,0,0,0,0,0,0,0.0244694
"LPP",61.4734,66.382,73.3798,56.8458,72.996,52.179,68.1413,71.9524
"LPXN",8.84359,11.926,8.88499,13.7523,7.5238,8.59721,10.5563,9.62702
"LRAT",0,0.0140716,0.0527971,0.0241124,0.0273211,0.0645344,0,0
"LRBA",7.34452,7.06985,7.71167,6.44347,7.56976,6.47066,7.09847,7.60685
"LRCH1",4.9134,4.55314,4.45271,4.29799,4.64545,4.09213,6.26601,4.54593
"LRCH2",1.4442,1.4482,1.28319,1.63504,1.50275,1.26773,1.38771,1.6787
"LRCH3",21.3167,26.0707,29.9009,24.7996,27.5732,23.4438,24.9677,26.7551
"LRCH4",22.0065,18.7975,20.3423,22.7862,24.4601,27.9658,23.1511,20.9994
"LRFN1",0.631627,0.564542,0.339334,0.71695,0.881072,0.890733,0.514143,0.379435
"LRFN2",0,0,0,0,0,0,0,0
"LRFN3",10.1692,10.7509,11.2958,12.3569,13.9884,14.7063,11.65,13.6815
"LRFN4",6.77199,7.00187,5.6837,8.35985,8.21747,8.23935,5.89006,5.91403
"LRFN5",0.0698398,0.112216,0,0.176523,0.0545291,0.222914,0,0.139727
"LRG1",0.0785449,0.126296,0,0.0363911,0.164566,0.115535,0.0435641,0.157984
"LRGUK",0.0494365,0.105936,0.0997212,0.0911211,0.0773586,0.048527,0.027386,0.0990818
"LRIF1",7.74182,9.31222,7.93875,7.86597,7.3767,7.80008,8.62821,8.34891
"LRIG1",7.43896,8.4435,9.01439,9.51063,9.26537,9.65434,9.50099,8.67517
"LRIG2",5.97095,6.45832,7.09889,6.70363,6.97292,5.97859,6.5786,8.02089
"LRIG3",17.9973,23.4071,17.7111,22.0172,16.9646,19.3205,17.451,24.9455
"LRIT1",0,0,0,0,0,0,0,0
"LRIT2",0,0,0,0,0,0,0,0
"LRIT3",0.0180135,0.0385921,0,0,0.112534,0.0707607,0.0398929,0.018022
"LRP1",0.962029,1.1241,1.13115,1.25093,1.37509,1.50893,1.13342,1.15109
"LRP10",58.7136,60.4557,56.8073,64.9343,69.8904,72.0272,57.928,59.6196
"LRP11",6.731,7.49334,3.75851,5.05404,2.32072,4.33729,4.83271,3.08316
"LRP12",2.34344,1.81515,2.33595,1.83988,1.78051,1.46223,2.09688,1.85457
"LRP1B",0.00752295,0,0.00376696,0.0137586,0.00390048,0.0073951,0.0124805,0.00375021
"LRP2",0,0,0,0.00361636,0.00410079,0,0,0
"LRP2BP",0.248408,0.438976,0.573845,0.649482,0.451897,0.341659,0.494888,0.508782
"LRP3",5.80435,6.43188,5.25307,6.83457,5.89885,7.1368,5.17803,5.01899
"LRP4",1.15934,1.40835,1.33893,1.80238,1.49525,1.72854,1.60185,1.61335
"LRP5",29.3119,37.4638,26.7233,41.6984,35.1286,45.9033,28.136,39.5725
"LRP6",3.85638,4.18206,4.0836,4.2858,3.87183,3.51991,4.13178,4.39823
"LRP8",3.61534,4.27416,3.83698,4.12179,3.52258,4.02549,3.78727,3.64626
"LRPAP1",5.02506,4.78643,4.21482,4.73597,5.30323,4.81094,4.4906,4.455
"LRPPRC",19.3437,18.919,19.0699,18.488,19.0219,18.0162,20.6198,20.146
"LRR1",9.29977,8.36069,8.1029,11.2171,5.42558,8.11936,7.14484,8.40673
"LRRC1",2.97946,2.79594,3.40061,2.84006,2.69791,2.51045,2.59238,2.61283
"LRRC10",0,0,0,0,0,0,0,0.0258385
"LRRC10B",0,0,0.030984,0,0,0,0,0
"LRRC14",5.59605,5.46376,5.64566,5.24812,5.16875,4.9354,4.9114,4.18342
"LRRC14B",0,0,0,0,0,0,0,0
"LRRC15",0.0108202,0,0.021734,0,0.0675126,0.0106296,0,0.0324406
"LRRC17",4.5855,4.46712,3.54363,4.50706,3.90027,4.7376,3.94862,4.69272
"LRRC18",0,0,0,0,0,0,0,0
"LRRC19",0.162888,0.155097,0.163916,0.149747,0.0753793,0.195516,0.200408,0.108646
"LRRC2",0.0124785,0.0133645,0,0.0114478,0.0389158,0.0245182,0.0690556,0.0124675
"LRRC20",3.80941,3.77902,3.98773,5.30979,4.28077,4.72636,5.31544,4.53875
"LRRC23",3.5451,2.45309,3.61789,2.44382,2.04572,2.89212,2.06515,2.33947
"LRRC25",0,0.0300866,0,0,0,0,0,0
"LRRC26",0.125552,0,0.384856,0,0.264852,0.122924,0,0.126999
"LRRC27",3.54571,4.69702,3.89243,4.99922,4.33274,5.02193,3.05008,3.58211
"LRRC28",22.3332,15.3557,21.8061,17.3396,18.1477,15.3969,17.6342,20.2823
"LRRC3",2.593,1.92202,2.81341,1.94671,2.64702,2.28696,2.62043,1.67846
"LRRC30",0,0,0,0,0,0,0,0
"LRRC31",0,0,0,0,0,0,0,0
"LRRC32",25.6298,31.1137,25.5776,36.0071,28.5808,39.1919,25.2472,32.9856
"LRRC34",0.281384,0,0.0815108,0.105066,0.0395874,0,0.0445877,0.0760265
"LRRC36",0.064135,0,0,0.11854,0,0.0629231,0.0355489,0.0965801
"LRRC37A",0.284575,0.265025,0.111842,0.0908035,0.15434,0.15802,0.164328,0.234871
"LRRC37A2",0.532245,0.357928,0.335662,0.215746,0.33454,0.352649,0.232893,0.544132
"LRRC37A3",1.50943,1.59241,1.54939,1.55974,1.84952,1.80397,1.53333,1.96896
"LRRC37B",5.61136,4.08453,4.4688,4.75868,3.82986,5.39805,4.61432,4.78809
"LRRC38",0,0,0,0,0,0,0,0
"LRRC39",0.0766046,0.328554,0.0776476,0.173033,0.200598,0.225412,0.127438,0.115516
"LRRC3B",0,0,0,0,0,0,0,0
"LRRC3C",0,0,0,0,0,0,0,0
"LRRC4",2.30558,1.87076,2.39436,2.31135,2.47706,1.88764,2.70652,2.22973
"LRRC40",6.18693,6.02584,7.09691,5.30805,5.48846,5.06076,6.40487,6.51209
"LRRC41",56.9093,53.5872,56.9705,59.9764,57.8184,60.5795,53.489,54.0179
"LRRC42",21.2962,15.2332,17.037,17.522,18.9266,15.39,15.4949,15.5079
"LRRC43",0.303823,0.400243,0.550413,0.6321,0.533224,0.466251,0.0802197,0.218086
"LRRC45",1.91226,1.33223,1.36949,2.51185,1.70676,1.80974,1.71283,1.47218
"LRRC46",1.91308,2.48138,1.3488,2.79216,0.76475,1.61891,2.42156,0.661208
"LRRC47",18.9616,19.1488,18.0733,21.5594,19.0467,20.4286,16.3776,18.3483
"LRRC49",1.80251,1.79675,2.01686,1.95236,1.43247,1.55499,1.72875,2.12343
"LRRC4B",0.0223994,0.0479954,0.0225738,0.061876,0,0.0659722,0,0.0448679
"LRRC4C",0.0159945,0,0.0643365,0,0.0166438,0.0157096,0,0.0799709
"LRRC52",0,0,0,0,0,0,0,0
"LRRC55",0,0.0126637,0,0.0216903,0.0122897,0.0348513,0.026173,0.0118122
"LRRC56",0.072009,0.0257174,0.145217,0.154805,0.075104,0.0471246,0,0.0721478
"LRRC57",6.31084,6.51657,6.70674,5.97761,7.81418,5.44075,7.1795,6.88922
"LRRC58",2.61901,2.4604,2.49334,2.25109,2.76587,2.01127,2.55544,2.26833
"LRRC59",54.0724,55.7623,60.3693,59.2443,51.1587,56.8588,51.9606,53.4313
"LRRC61",0,0,0.0789425,0,0,0.0763861,0.0431994,0
"LRRC66",0.675208,0.578372,0.545739,0.29026,0.309673,0.782236,0.826845,0.597037
"LRRC7",0.0101805,0.0109025,0.0102174,0.00933167,0,0.0500155,0,0
"LRRC71",1.43432,1.13883,1.07867,1.84802,1.77039,1.57153,1.7998,1.36965
"LRRC72",0,0,0,0,0,0,0,0
"LRRC73",0.064474,0.276389,0.0977901,0.208552,0.0337027,0.316277,0.0357387,0.0647292
"LRRC8A",41.1572,34.3338,44.7838,39.7805,48.5662,40.3234,45.8072,35.9724
"LRRC8B",6.26573,6.41469,6.50938,5.52379,6.33854,5.80041,6.67411,7.28609
"LRRC8C",401.041,331.847,433.428,343.792,515.569,259.271,354.56,376.373
"LRRC8D",15.2795,15.5235,15.858,16.0855,16.5185,14.0185,16.7875,16.4859
"LRRC8E",0.453265,0.543804,0.255435,0.616747,0.415323,0.409516,0.469525,0.453492
"LRRCC1",0.239041,0.324288,0.359648,0.382091,0.185098,0.216462,0.308966,0.350446
"LRRD1",0.0502256,0,0,0.0925891,0,0,0,0
"LRRFIP1",25.2519,20.3134,22.8708,22.3711,25.3861,20.1992,22.6913,21.5427
"LRRFIP2",40.8946,28.1541,32.0728,25.0727,47.1623,32.8089,31.4269,33.112
"LRRIQ1",0.0469629,0.037722,0.0235791,0.0538403,0.0244049,0.0576746,0.0259876,0.0117283
"LRRIQ3",0.162428,0.149163,0.0467821,0.0427454,0.145176,0.113897,0.128526,0.0464889
"LRRIQ4",0,0.040944,0,0,0,0,0,0
"LRRK1",2.29914,3.05797,2.53416,2.82733,2.78888,2.77127,2.63398,2.94342
"LRRK2",0.197582,0.189684,0.0819617,0.0686104,0.233347,0.140616,0.143207,0.142754
"LRRN1",0,0.0182304,0,0.0625598,0,0.0167149,0,0
"LRRN2",0,0,0.0207221,0.0189323,0,0,0,0.0824924
"LRRN3",0.018471,0.039586,0,0,0,0,0,0.0184832
"LRRN4",0,0,0,0.0457465,0,0.0243615,0,0
"LRRN4CL",0,0.0277717,0,0.047795,0.0270481,0.02544,0,0
"LRRTM1",0,0,0,0,0,0,0,0
"LRRTM2",0.215527,0.223785,0.251809,0.156005,0.117861,0.256288,0.213401,0.147269
"LRRTM3",0,0,0,0,0,0,0,0
"LRRTM4",0,0.0446971,0,0,0,0,0,0
"LRSAM1",4.88624,4.43412,4.09556,5.23733,6.11251,6.01044,4.9035,4.96237
"LRTM1",0,0,0,0,0,0,0,0
"LRTM2",0,0,0,0,0,0,0,0
"LRWD1",6.50657,5.84391,6.13794,5.26633,5.79614,4.7729,5.18619,4.54013
"LSAMP",0,0,0,0,0,0.00651242,0,0
"LSG1",16.482,17.4603,18.8238,18.3169,18.0025,17.5945,20.3134,20.1348
"LSM1",14.0933,14.5715,14.5528,14.1767,11.1852,13.5351,10.8734,13.281
"LSM10",50.9357,54.5753,46.2225,63.036,43.2641,59.391,37.9786,52.6467
"LSM11",3.96757,2.43512,3.68069,2.81195,3.52802,2.82252,4.55483,3.37849
"LSM12",100.07,103.121,112.19,103.385,100.287,108.432,112.543,94.8575
"LSM14A",33.445,32.5671,33.5934,33.1089,32.4716,27.8295,32.9755,31.8389
"LSM14B",14.1893,10.0681,11.3125,12.7409,13.4135,13.707,12.9362,13.5916
"LSM2",0,0,0,0,0,0,0,0
"LSM3",55.636,58.2983,58.1583,60.7262,42.4149,58.3633,47.1016,49.275
"LSM4",130.566,134.893,96.2415,81.4194,88.2124,144.172,121.112,82.1839
"LSM5",7.69002,7.86383,7.53335,7.29109,6.6449,6.68548,6.71185,6.33244
"LSM6",3.77604,3.71134,4.7003,2.55924,2.87633,3.9023,3.40169,3.6672
"LSM7",66.5329,67.1108,50.0612,51.8146,55.3347,67.8516,50.2275,54.5836
"LSP1",0,0,0.047839,0.131247,0.0494245,0,0,0
"LSR",0.925484,1.13357,0.534895,0.977811,1.03692,0.810662,0.989438,0.696998
"LSS",12.5016,11.1891,11.387,13.5161,15.0899,11.0605,11.1389,10.6858
"LST1",0,0,0,0,0,0,0,0
"LTA",0,0,0,0,0,0,0,0
"LTA4H",50.0401,54.2209,52.8011,47.1539,51.5145,44.1059,44.2839,53.1139
"LTB",0,0,0,0,0,0,0,0
"LTBP1",17.4709,15.3177,19.4431,16.0676,15.8172,14.365,18.7618,16.7921
"LTBP2",116.611,130.508,131.672,145.657,128.328,134.31,135.146,131.645
"LTBP3",30.9948,36.5874,35.1485,43.4465,41.2988,48.9399,40.2003,38.1971
"LTBP4",22.0187,22.2326,22.8582,30.9362,26.0045,36.6751,23.3507,24.1165
"LTBR",52.1242,54.6159,47.4833,62.1157,59.9459,64.6099,48.1272,53.3411
"LTC4S",1.36471,0.440308,2.28887,1.18104,0.294168,1.19658,0.763127,1.26527
"LTF",0.0535694,0,0,0,0,0,0,0
"LTK",0,0,0,0,0,0,0,0
"LTN1",3.03789,3.5193,3.43713,2.91823,3.45485,2.70053,3.86007,3.63466
"LTV1",3.2187,4.78782,3.9081,3.18228,3.40934,3.52094,3.29282,4.1159
"LUC7L",31.041,31.0271,31.4967,27.6001,27.597,25.8401,30.1851,25.8294
"LUC7L3",18.5822,17.3844,19.6287,18.2928,18.4435,16.094,19.1532,17.2634
"LUM",1.09895,2.3555,1.50344,1.79235,2.33167,1.7441,1.18249,2.01193
"LURAP1",1.24118,0.806331,0.800117,0.766267,1.1421,0.848405,0.7926,1.55022
"LURAP1L",1.55298,1.82097,2.11424,2.01468,2.20449,1.08903,0.943057,1.05098
"LUZP1",22.7611,22.2643,24.3176,22.8143,23.8277,22.3916,23.9894,22.7096
"LUZP2",0.0743215,0,0,0,0,0.0243351,0,0.0371247
"LUZP4",0,0,0,0,0,0,0,0
"LXN",86.4556,88.2448,88.1479,76.0065,75.4433,67.0632,62.9043,78.6806
"LY6D",0,0,0,0,0,0,0,0
"LY6E",81.6497,83.2655,77.873,94.4412,84.203,80.9128,79.8468,82.1042
"LY6G5B",0,0,0,0,0,0,0,0
"LY6G5C",0,0,0,0,0,0,0,0
"LY6G6C",0,0,0,0,0,0,0,0
"LY6G6D",0,0,0,0,0,0,0,0
"LY6G6F",0,0,0,0,0,0,0,0
"LY6H",0,0,0,0,0,0,0,0
"LY6K",0.211658,0.225192,0.0833981,0.233816,0.221473,0.288334,0.300478,0.330934
"LY86",0,0,0,0,0,0,0,0
"LY9",0,0,0,0,0,0,0,0
"LY96",13.0943,17.4037,9.7222,9.15122,13.5912,14.6975,9.90681,14.2905
"LYAR",2.99887,4.73263,3.82091,3.79813,2.87228,2.51755,3.02573,3.16876
"LYG1",0.556046,0.42633,0.734686,0,0.336769,0.155369,0.265239,0.403411
"LYG2",0,0.101308,0,0,0,0,0,0
"LYL1",33.49,34.9364,32.9614,49.6725,37.7379,46.8427,28.6819,38.455
"LYN",14.5532,19.7354,12.7679,17.0518,15.6819,18.3447,12.2077,19.1774
"LYNX1",0.354047,0.583198,0.192319,0.483746,0.178503,0.269636,0.465328,0.339685
"LYPD1",80.8181,81.9331,93.4176,100.765,74.9849,82.6414,86.2177,73.7559
"LYPD2",0,0,0,0,0,0,0,0
"LYPD3",0.288574,0.0441943,0.0836253,0.0382283,0.259267,0.363789,0.182949,0.0829587
"LYPD4",0.0389732,0,0.0394985,0,0,0,0,0
"LYPD5",0,0.204042,0,0.100361,0.0567855,0.0533777,0.0301265,0.081817
"LYPD6",11.7709,7.26434,13.2433,19.1823,17.9816,11.696,10.9858,9.64188
"LYPD6B",0,0,0.0459788,0,0,0.0443749,0.050242,0
"LYPLA1",45.3974,42.0924,42.0391,36.4001,42.8392,40.0122,40.7263,40.8279
"LYPLA2",113.067,123.667,122.767,155.752,123.821,144.963,100.215,127.794
"LYPLAL1",1.64743,2.49434,2.16269,1.78254,1.86495,1.22613,1.6352,2.05019
"LYRM1",35.271,34.7213,38.4242,32.9991,35.4671,27.7555,30.9128,33.9229
"LYRM2",1.97569,2.19972,2.63296,1.41133,1.9803,2.32277,2.07514,2.4718
"LYRM4",71.0697,64.9366,66.2888,66.213,64.8656,48.4599,45.1375,64.9293
"LYRM7",1.26262,1.32241,1.00334,1.03198,1.06328,1.33751,1.34789,1.25709
"LYSMD1",0.713365,1.14661,2.04485,1.34577,1.97565,2.48826,1.51228,1.84655
"LYSMD2",5.08506,5.66605,4.68673,6.75446,4.27539,6.16136,4.24792,4.85776
"LYSMD3",3.64516,3.64552,4.57061,3.98467,4.7587,2.77885,4.64353,3.91392
"LYSMD4",1.5958,1.5551,1.60659,1.32597,2.21909,1.69616,2.32471,1.25639
"LYST",1.26847,1.63684,1.19115,1.23114,1.52633,1.11328,1.42131,1.64211
"LYVE1",4.37635,4.50077,3.5399,3.48178,4.61277,3.44284,4.0913,3.51519
"LYZ",0.378057,0.304028,0.192119,0.307451,0.0496205,0.324216,0.157369,0.190477
"LYZL1",0,0,0,0,0,0,0,0
"LYZL2",0,0,0.114537,0,0,0,0,0
"LYZL4",0.281271,0.201374,0,0,0.0997892,0.183202,0,0.0955678
"LYZL6",0,0,0,0,0,0,0,0
"LZIC",12.4644,13.4438,15.076,12.0619,12.1932,11.6681,15.1529,14.5802
"LZTFL1",4.95747,5.22553,5.98846,5.09465,4.82861,4.57601,5.07443,5.21821
"LZTR1",7.89731,7.22535,8.32101,7.64512,8.19289,8.33959,8.92696,8.34447
"LZTS1",0,0.025076,0,0,0,0,0,0
"LZTS2",23.0161,17.9128,15.5183,23.4892,21.9742,24.0499,24.3858,21.0001
"M6PR",12.7158,12.9266,12.1335,10.8218,13.387,9.87352,11.7095,12.2139
"MAB21L2",0.192431,0.0257673,0.12126,0,0.075254,0.0236084,0,0.0240977
"MAB21L3",0.101881,0.349259,0.205208,0.149986,0.233531,0.0800291,0.203105,0.265169
"MACC1",0.0205904,0.036747,0,0.0251339,0.00712342,0.0067454,0.0075929,0.0273923
"MACROD1",2.30226,3.0639,2.3587,3.44213,1.46646,3.01239,2.45945,2.00827
"MACROD2",0.0792624,0.0282939,0,0.0272324,0,0.090853,0.0328319,0.0444701
"MAD1L1",3.16262,5.25744,3.29383,5.7003,4.32433,5.73612,3.04188,4.24538
"MAD2L1",14.725,14.7561,18.2489,16.5914,11.29,11.7204,13.972,15.565
"MAD2L1BP",27.0229,21.3528,27.942,27.8729,25.8301,21.6098,25.4331,25.8278
"MAD2L2",79.4747,78.7331,70.1557,82.0786,75.7711,77.7997,71.1849,74.9443
"MADCAM1",0,0,0,0,0,0,0,0.058568
"MADD",10.4676,10.8818,11.7315,10.9752,12.0366,11.5716,12.4639,11.7799
"MAEA",32.8927,30.1335,28.4217,34.5564,32.7115,32.9383,32.4835,32.9966
"MAEL",0,0,0,0,0,0,0,0
"MAF",0.165833,0.0549234,0.0924372,0.126638,0.20637,0.270419,0.110673,0.147161
"MAF1",124.65,122.738,131.625,136.16,134.136,131.858,120.96,110.746
"MAFA",0,0.0610114,0,0,0.0594604,0,0,0.0285545
"MAFB",3.71713,3.2569,3.08528,4.69712,5.038,3.99331,2.59127,5.19053
"MAFF",10.5166,7.53568,12.1607,10.3722,13.8247,11.0377,10.5004,9.84201
"MAFG",6.81521,5.76327,8.10938,7.5001,7.88686,7.36322,6.57706,5.81753
"MAFK",3.03696,1.69963,3.40658,1.83022,3.38828,2.59844,3.32801,2.12224
"MAG",0,0.0597116,0.0562588,0,0,0,0,0
"MAGEA1",0,0,0,0,0,0,0,0
"MAGEA11",0,0,0,0,0,0,0,0
"MAGEA12",0,0,0,0,0,0,0,0
"MAGEA3",0,0,0,0,0,0,0,0
"MAGEA4",0,0,0,0,0,0,0,0
"MAGEA6",0,0,0,0,0,0,0,0
"MAGEA8",0,0,0,0,0,0,0,0
"MAGEA9B",0,0,0,0,0,0,0,0
"MAGEB10",0,0,0,0,0,0,0,0
"MAGEB16",0,0,0,0,0,0,0,0
"MAGEB18",0,0,0,0,0,0,0,0
"MAGEB2",0,0,0,0,0,0,0,0
"MAGEB3",0,0,0,0,0,0,0,0
"MAGEB6",0,0,0,0,0,0,0,0
"MAGEC1",0,0,0,0,0,0,0,0
"MAGEC2",0,0,0,0,0,0,0,0
"MAGEC3",0.0455334,0,0,0,0,0,0,0
"MAGED1",299.814,293.271,309.263,326.165,319.932,295.248,292.844,282.172
"MAGED2",99.4122,89.5844,96.1179,107.295,105.796,94.19,90.0677,94.4647
"MAGED4B",0.161651,0.0866024,0.0543813,0.248506,0.0562421,0.132209,0,0.214484
"MAGEE1",0.880766,0.641555,0.833016,0.858139,0.733557,0.88228,0.955741,0.581524
"MAGEE2",0,0,0,0,0,0,0,0
"MAGEF1",6.70408,4.5818,5.56851,5.40218,5.57884,6.12115,4.13756,5.98759
"MAGEH1",30.0777,38.5448,26.3783,32.1956,25.4878,33.5338,23.9222,31.0691
"MAGEL2",0.150381,0.0644288,0.0604699,0.0690458,0.10951,0.088627,0.133181,0.0451028
"MAGI1",10.3321,6.48985,9.17185,6.12282,11.5082,7.04172,9.64099,6.87963
"MAGI2",0.322357,0.345206,0.46203,0.21942,0.440011,0.30771,0.397449,0.358597
"MAGI3",2.20175,1.8162,2.63456,1.62312,2.58527,1.44089,2.25795,2.03978
"MAGIX",0.036262,0.154346,0.0728952,0.176062,0.0331923,0.0712471,0,0.109456
"MAGOH",11.3952,10.5314,9.59987,7.16991,7.8084,8.78322,6.61436,8.8721
"MAGOHB",3.58353,4.0475,4.08449,3.2835,3.29471,3.12052,3.906,3.34927
"MAGT1",26.6905,27.7388,30.4425,27.6227,24.5352,22.2146,28.3303,26.685
"MAK",0.193244,0,0.413007,0,1.90496,0.187617,0.434244,1.41236
"MAK16",3.01657,2.52824,2.97423,2.63344,1.85274,2.60927,2.75849,2.69296
"MAL",0,0,0,0,0,0,0,0
"MAL2",5.56734,3.27389,5.39847,2.74132,5.58292,2.36832,5.18431,2.75599
"MALL",118.531,163.173,110.023,142.392,115.432,156.459,108.959,156.318
"MALSU1",27.5134,28.3405,30.7551,27.9734,26.2818,24.1706,19.2431,28.4216
"MALT1",1.43431,1.15528,1.44311,1.16645,1.1615,0.731692,1.82206,1.14066
"MAMDC2",0.216543,0.193301,0.254226,0.182481,0.1691,0,0.11989,0.216647
"MAMDC4",0.783496,0.400334,0.519841,0.686575,1.00161,1.08463,0.670354,0.355166
"MAML1",23.4953,23.8398,26.7835,28.1221,29.7754,25.7553,28.1688,28.1986
"MAML2",0.337348,1.15829,1.65719,1.39014,0.570087,0.528288,0.975253,0.751587
"MAML3",12.4266,16.5812,14.2751,17.1875,15.1988,16.6785,13.9633,19.5044
"MAMLD1",15.6374,19.8201,16.8367,18.3827,17.5217,21.4501,16.885,19.7773
"MAMSTR",1.80281,2.17245,2.42531,3.38918,1.89178,2.47397,1.79936,2.13714
"MAN1A1",7.55474,6.61887,7.3722,6.74421,6.89075,5.97599,7.14386,6.68622
"MAN1A2",13.7763,13.4933,12.484,12.5539,13.0865,12.3296,14.0522,17.9609
"MAN1B1",17.6527,17.9367,17.2223,20.4142,20.2828,21.3564,15.2286,16.9734
"MAN1C1",1.27533,2.64277,1.13922,3.17918,2.20706,2.87428,1.41221,2.72381
"MAN2A1",8.16388,6.75781,7.46397,6.13671,7.20731,5.76,8.14129,6.5906
"MAN2A2",4.90246,4.70435,4.91362,6.7435,6.10675,5.99242,4.89799,5.25945
"MAN2B1",16.0852,16.761,16.4168,19.2606,20.8827,20.3062,16.4833,17.3635
"MAN2B2",9.07802,9.87929,8.28885,9.92162,9.86966,10.6447,9.78136,9.59484
"MAN2C1",8.42857,9.78541,9.07931,11.7378,10.1348,11.585,9.0214,9.11885
"MANBA",1.82635,2.0497,1.9795,1.82621,1.90292,1.67535,1.42793,1.74592
"MANBAL",30.8377,35.3263,29.535,29.5351,24.4213,29.1216,26.9903,33.0719
"MANEA",2.43028,2.797,2.48103,2.21053,2.82355,2.63467,2.08503,2.60299
"MANEAL",0.520784,0.844286,0.468541,0.618176,0.202517,0.771497,0.231697,0.388364
"MANF",98.7434,98.4325,93.0891,98.9519,79.9985,89.7122,82.6794,101.125
"MANSC1",200.855,201.367,211.315,238.151,202.595,193.329,199.244,222.779
"MANSC4",0.06993,0.150078,0.143257,0,0.0739125,0,0.233314,0.283444
"MAOA",0.44564,0.289811,0.240067,0.263157,0.331228,0.234484,0.422891,0.366046
"MAOB",0,0,0,0.023796,0,0,0,0
"MAP1A",1.47611,2.20575,1.53846,1.86905,1.86727,2.20617,1.8551,1.80394
"MAP1B",82.7093,71.7186,91.8572,73.2166,79.0282,70.547,95.5798,84.0857
"MAP1LC3A",49.5477,44.4662,39.2171,47.4368,55.2947,49.1917,44.5774,41.9874
"MAP1LC3B",93.8124,86.8523,89.0447,68.5182,80.0964,84.4015,80.71,83.3306
"MAP1LC3B2",2.29678,2.35979,3.41058,1.04155,3.72665,1.85295,2.33808,2.95636
"MAP1LC3C",0,0.0675541,0,0.176619,0,0,0.139978,0.191093
"MAP1S",27.5513,26.9438,31.2036,35.8096,37.6308,37.5331,35.2501,24.2547
"MAP2",2.55305,2.17193,2.86115,2.62238,2.54327,2.22597,2.88717,2.60664
"MAP2K1",15.5518,14.2626,16.3975,13.9741,13.5393,13.9861,14.1182,11.982
"MAP2K2",57.9372,58.5335,52.6556,68.2359,59.1182,69.932,52.7137,51.661
"MAP2K3",19.018,20.7241,17.4694,21.0084,20.9945,24.5106,18.9092,18.4051
"MAP2K4",6.84138,6.91402,7.04434,5.9365,5.93238,6.46474,6.99168,6.47141
"MAP2K5",16.3912,16.9897,12.2792,18.0282,19.6609,16.999,16.5128,17.1867
"MAP2K6",3.14464,8.41608,5.57359,7.64163,4.00683,7.16141,5.12729,9.90308
"MAP2K7",6.72267,6.48199,7.40539,6.44041,7.6022,8.30805,6.36693,6.4198
"MAP3K1",2.41138,2.19,2.36179,2.4666,2.97592,1.90526,2.82769,2.99533
"MAP3K10",2.75532,2.21176,2.05821,2.39631,3.52853,2.22945,2.39036,1.75543
"MAP3K11",48.827,49.9144,49.0654,56.0237,56.2852,63.4268,46.2507,48.8629
"MAP3K12",10.9578,12.207,10.5145,12.899,12.7988,14.2293,12.1947,13.2545
"MAP3K13",5.75881,4.49192,4.50212,4.19554,4.02132,5.03502,5.64059,3.9995
"MAP3K14",8.20186,4.8077,5.81032,6.07704,6.41308,7.94875,5.50354,5.12937
"MAP3K15",0.486401,0.401884,0.51671,0.331658,0.592575,0.641623,0.569176,0.416693
"MAP3K2",1.59616,1.35068,1.38614,1.02908,1.25554,1.20081,1.45269,1.59242
"MAP3K3",27.0671,24.8355,25.2823,27.7735,28.3395,29.32,26.1171,26.8075
"MAP3K4",5.18335,4.93702,5.45641,4.98651,5.31409,4.35815,5.5806,5.03665
"MAP3K5",1.7606,2.29962,1.61339,2.22791,1.80692,1.6835,1.45996,2.18245
"MAP3K6",0.60554,0.805026,0.661915,0.785405,0.913445,1.23527,0.790431,0.684728
"MAP3K7",21.1114,17.984,18.6897,17.4119,18.8124,16.3545,19.6682,21.9286
"MAP3K8",1.47449,1.02471,1.3545,1.22888,1.77132,1.07846,1.5019,1.57602
"MAP3K9",0.0342014,0.0366283,0.0114465,0.104546,0.0710857,0,0.113551,0.0683247
"MAP4",70.6835,79.3009,74.7992,75.011,74.4449,80.2966,75.4963,74.086
"MAP4K1",0.199265,0.106747,0.0251177,0,0.10394,0.0733444,0.055189,0.0748822
"MAP4K2",14.0225,13.0146,14.5547,15.0513,14.4225,17.1529,12.9534,15.3043
"MAP4K3",4.16704,3.31768,4.48564,4.30596,4.41418,3.47262,3.93169,3.25852
"MAP4K4",55.8717,61.3735,61.6553,59.6777,64.3233,62.2333,61.1334,60.8053
"MAP4K5",15.7082,13.8743,17.0092,15.2922,14.7748,13.3965,17.799,14.2907
"MAP6",1.46083,1.38878,1.2496,1.42121,1.1028,1.54216,1.7187,1.24273
"MAP6D1",2.49559,2.54813,1.87981,2.6158,2.7001,2.27305,2.01254,2.64203
"MAP7",0.197996,0.297008,0.260307,0.158239,0.179258,0.225185,0.252915,0.274068
"MAP7D1",39.1347,36.0654,37.973,37.7233,41.8516,45.2675,40.8861,33.21
"MAP7D2",0.0504439,0.200542,0.118431,0.0463499,0.105038,0.049542,0.0931089,0.0841043
"MAP7D3",4.34669,4.09794,5.79074,4.09594,3.87519,4.34058,4.57861,4.24756
"MAP9",0.0690102,0.0646629,0.0529514,0.104782,0.0365415,0.129685,0.0190889,0.0526909
"MAPK1",75.8747,69.3099,73.4017,64.4902,72.2111,62.8731,73.1458,72.734
"MAPK10",0,0.0199652,0.0187578,0.0856595,0.0388297,0.0366152,0.0608923,0.0186488
"MAPK11",5.66228,6.88106,6.1691,7.05131,7.75318,6.56665,5.3891,6.83374
"MAPK12",13.068,13.4775,13.6909,14.8007,15.6696,16.4687,11.8897,11.5901
"MAPK13",0.897436,1.6677,1.4031,2.26332,1.73069,1.35295,1.18143,1.14425
"MAPK14",16.1896,16.7047,15.846,15.1277,14.1088,14.1276,15.5849,15.7025
"MAPK15",0,0.0787469,0.0744004,0.136024,0,0,0.162956,0.110758
"MAPK1IP1L",541.433,475.239,530.767,539.431,554.612,532.481,530.381,458.754
"MAPK3",211.901,200.438,214.546,230.79,222.211,215.366,197.688,203.601
"MAPK4",0,0,0,0,0,0,0,0
"MAPK6",7.75579,8.10548,7.84088,5.89206,7.34568,7.86661,8.79772,7.86211
"MAPK7",18.8948,15.2819,18.7687,18.7328,21.0689,18.3724,19.4772,16.5883
"MAPK8",12.6363,11.056,15.0951,9.75095,10.2044,9.11892,11.0763,13.1091
"MAPK8IP1",2.38263,3.01457,2.91684,3.23191,2.54679,3.75121,2.66161,2.32354
"MAPK8IP2",0.078033,0.0222998,0.104844,0.153265,0.0216908,0.172409,0.023055,0.104211
"MAPK8IP3",13.0848,13.9708,13.6394,19.0895,16.574,18.2186,14.4859,13.3604
"MAPK9",10.1143,8.18244,10.7828,8.0543,9.04361,8.20007,10.0486,8.18201
"MAPKAP1",30.6594,38.7048,40.1725,35.1883,38.0158,29.4391,36.0757,35.5388
"MAPKAPK2",73.5937,71.4853,80.358,75.7737,79.119,66.6133,86.9677,82.2457
"MAPKAPK3",9.6193,12.0027,9.95463,12.1111,10.7856,13.6453,11.2919,11.731
"MAPKAPK5",11.1083,9.86376,13.7221,11.1408,14.817,10.3896,12.4273,11.3012
"MAPKBP1",3.68428,4.47951,4.52729,5.51191,5.51045,5.3137,4.8914,5.16481
"MAPRE1",46.5025,43.1934,46.8286,43.7033,43.2631,42.602,43.7619,43.0984
"MAPRE2",367.455,313.488,390.972,350.064,347.351,302.705,386.142,342.813
"MAPRE3",12.1152,12.8531,10.2668,12.9279,13.2412,11.2591,10.7493,13.2479
"MAPT",0.0806501,0.209776,0.104119,0.0845292,0.131716,0.101879,0.0382489,0.10358
"MARCKS",83.3878,81.8921,89.5938,88.4642,90.7366,88.1448,87.5265,88.5277
"MARCKSL1",389.225,423.88,343.948,418.544,353.806,450.143,369.481,414.471
"MARCO",0,0,0,0,0,0,0,0
"MARK1",2.87497,2.8259,3.39937,2.95986,4.02294,3.01375,3.21341,2.24105
"MARK2",9.62221,8.72118,9.69605,10.2439,11.4598,10.9307,10.0072,10.6939
"MARK3",16.9403,15.9764,18.6618,15.2421,15.0642,15.6632,18.3267,16.2153
"MARK4",11.1845,10.7669,11.2426,13.3538,14.4862,12.2203,10.8622,10.1994
"MARS2",1.75354,1.85569,2.45598,1.45658,1.7384,2.0576,1.98962,1.30615
"MARVELD1",68.3488,74.6226,64.9836,79.049,67.8976,79.0423,65.1374,67.3295
"MARVELD2",2.3878,2.51263,2.95321,1.69971,2.68875,1.67402,2.75704,1.75482
"MARVELD3",0.160598,0.0326107,0.123007,0.0281071,0,0.0597181,0.101193,0.0390918
"MAS1",0,0,0,0,0,0,0,0
"MAS1L",0,0,0,0,0,0,0,0
"MASP1",0.132662,0.142521,0.0496421,0.0755812,0.0837458,0.0969562,0.207445,0.188452
"MASP2",4.03603,3.80436,3.99377,4.36076,5.06455,5.7261,5.14222,3.19851
"MAST1",0.18257,0.321237,0.117906,0.143593,0.257613,0.281841,0.187643,0.234558
"MAST2",8.96802,8.69851,10.1886,9.18523,10.8452,9.90282,10.5169,8.59669
"MAST3",2.77746,2.57374,1.904,2.92893,3.26636,3.43502,2.42553,3.00213
"MAST4",28.1679,30.2335,32.3248,31.4597,34.5326,33.6895,32.1892,33.522
"MASTL",5.46283,4.51367,6.17564,4.4972,4.57324,4.59169,6.5588,4.47364
"MAT1A",0,0,0,0,0,0,0,0
"MAT2A",92.7997,80.5151,103.786,80.5258,95.1424,72.2483,101.888,82.7885
"MAT2B",44.7432,47.8582,49.1392,46.1725,40.8613,38.9776,44.193,48.3278
"MATK",0,0,0,0,0,0,0,0
"MATN1",0,0,0,0.0780473,0,0,0,0
"MATN2",1.46684,1.50143,1.39028,1.57924,1.58721,1.49358,1.54168,1.9098
"MATN3",0.518817,0.389132,0.549659,0.334851,0.622636,0.432845,0.57487,0.468061
"MATN4",0,0,0,0,0,0,0,0
"MAU2",13.5929,12.6349,13.187,14.5153,15.5569,13.7289,13.2189,13.1711
"MAVS",15.5961,15.7991,15.9053,16.7467,17.8547,18.0356,17.6415,15.5239
"MAX",47.3292,42.6842,47.5933,45.8701,48.4172,43.3324,44.6949,41.6238
"MAZ",64.388,65.2078,65.9375,73.4263,60.4876,71.746,65.6714,67.5557
"MB",0,0,0,0,0,0,0,0
"MB21D2",2.16548,2.4913,2.87638,2.33043,2.56821,1.9873,1.65591,2.83578
"MBD1",17.951,17.137,17.2008,17.7795,19.0835,16.5445,17.3587,15.6941
"MBD2",23.6806,22.9801,29.1835,29.5384,25.4928,21.3224,29.7471,24.1364
"MBD3L1",0,0,0,0,0,0,0,0
"MBD3L2",0,0,0,0,0,0,0,0
"MBD3L3",0,0,0,0,0,0,0,0
"MBD3L4",0,0,0,0,0,0,0,0
"MBD3L5",0,0,0,0,0,0,0,0
"MBD4",15.8498,16.0735,23.1019,16.0724,20.5928,11.9225,15.8742,12.1501
"MBD5",8.03949,6.431,7.74901,7.34435,7.62153,6.49398,7.22758,6.58161
"MBD6",53.4664,50.942,55.7493,67.1369,66.5834,73.3548,59.9154,60.9453
"MBIP",4.62934,4.30032,3.30021,4.53878,3.10525,5.17622,4.21655,4.41947
"MBL2",0,0,0,0,0,0,0,0
"MBLAC1",0.23942,0.616134,0.389418,0.0445147,0.452591,0.516219,0.265775,0.28955
"MBLAC2",1.07244,0.889823,0.759239,0.762888,1.27282,0.786337,0.752468,0.860765
"MBNL1",88.2214,73.8307,99.7434,66.5328,90.6173,57.5189,111.129,75.7365
"MBNL2",111.35,103.369,115.59,98.1487,114.905,88.3256,116.564,112.656
"MBNL3",0.977451,1.33263,1.25311,1.22495,0.858016,1.07679,1.23316,1.10434
"MBOAT1",1.10413,1.36024,1.3409,1.42646,1.50251,1.27112,1.05658,1.67642
"MBOAT2",5.52238,5.10055,6.29273,6.43105,5.60259,4.89583,6.03751,5.55278
"MBOAT4",0.0849025,0.0455109,0,0,0,0.04162,0,0
"MBOAT7",170.999,168.908,165.264,197.459,201.013,201.48,155.625,185.75
"MBP",0.197034,0.239165,0.158357,0.226863,0.368756,0.28389,0.200582,0.262523
"MBTD1",2.81756,2.87526,2.87303,2.80758,2.01356,2.29979,2.85896,2.57047
"MBTPS1",39.4048,38.8551,41.8875,42.2726,42.6192,38.5675,40.0334,38.4018
"MC1R",0.446239,0.84399,0.814665,0.704883,0.465634,0.668694,0.384173,0.591681
"MC2R",0.0357333,0,0,0.0164238,0.0186019,0,0,0.0178744
"MC3R",0,0,0,0,0,0,0,0
"MC4R",0,0,0,0,0,0,0,0
"MC5R",0.055709,0,0,0,0,0,0,0
"MCAM",168.454,176.821,165.013,190.051,184.649,197.705,164.045,175.423
"MCAT",8.41973,9.20165,9.71288,11.3767,9.82495,10.5448,8.28677,8.77141
"MCC",5.75373,6.21919,5.58622,6.38309,5.29023,6.30583,5.42909,6.81673
"MCCC1",8.03602,7.60373,8.40013,6.57988,7.87901,6.36344,7.43306,6.8222
"MCCC2",13.8703,15.4263,14.5811,14.7758,13.9417,14.6843,15.2061,15.0232
"MCCD1",0,0,0,0,0,0,0,0
"MCEE",1.27374,1.15854,2.79882,1.77731,1.16136,0.677794,1.04912,1.14682
"MCF2",0,0,0,0,0,0,0,0.0189265
"MCF2L",0,0,0,0,0.0102556,0,0,0.00985789
"MCF2L2",0.0538979,0.101011,0,0.0494592,0.0700491,0.066181,0.0447433,0.0538579
"MCFD2",61.6271,63.1814,63.2346,58.8985,58.3005,61.3633,59.1887,62.6899
"MCHR1",0,0.0298135,0,0,0,0,0,0
"MCHR2",0,0,0,0,0,0,0,0
"MCL1",28.9225,24.8382,29.3307,26.911,30.8631,24.0018,29.2845,25.6824
"MCM10",5.05862,4.27978,4.5713,4.83946,3.61464,4.42791,4.75311,4.4054
"MCM2",8.43229,10.3614,9.16054,11.0357,9.21949,10.2099,10.5422,9.45031
"MCM3",18.9183,19.7131,17.9723,20.9832,17.4937,20.0879,18.1156,19.16
"MCM3AP",9.94835,9.61236,9.82961,10.3768,10.5536,9.88497,10.5403,11.2684
"MCM4",17.3122,15.2944,17.0249,15.4762,16.2191,15.9368,17.2209,14.9141
"MCM5",33.6763,32.6897,31.0063,34.8898,31.9582,35.8695,32.924,29.6239
"MCM6",10.3502,10.3428,10.0461,10.0872,8.84021,8.18645,9.4412,10.0581
"MCM7",30.0518,31.2486,29.47,33.2113,30.5822,33.0458,30.9433,29.7913
"MCM8",2.13031,2.47094,2.31198,2.9677,2.40363,2.2307,3.3995,2.65919
"MCM9",1.84788,2.0962,1.68886,2.00995,2.10287,1.76716,1.42936,1.97193
"MCMBP",18.2983,15.948,17.8318,14.9261,15.8071,15.2532,16.4243,16.8047
"MCOLN1",15.0061,14.4934,14.354,14.9885,14.9915,14.5315,14.5995,11.6866
"MCOLN2",0,0.0697755,0,0,0.0226283,0,0,0
"MCOLN3",0,0,0,0,0,0,0,0
"MCPH1",5.4803,4.41674,4.99543,5.94852,4.52899,4.63545,5.11124,4.44522
"MCRS1",25.1942,26.7803,23.9112,32.5102,27.9515,28.8299,29.22,24.8138
"MCTP1",70.0371,30.5842,93.9957,32.9913,67.8793,27.5753,92.1639,32.1693
"MCTP2",0.637767,0.788071,0.816335,0.918724,0.590469,0.907974,0.964444,0.788085
"MCTS1",8.79259,8.71256,9.57206,7.9044,7.69249,7.68558,8.85099,7.7269
"MCU",20.3308,18.5083,21.6301,19.9209,21.4999,17.8867,22.048,22.275
"MDC1",0,0,0,0,0,0,0,0
"MDFI",18.9759,19.5907,15.6744,24.294,18.3989,21.8062,18.2895,19.3545
"MDFIC",2.59464,2.75559,2.48273,2.05407,2.42392,2.03902,2.74617,2.44302
"MDGA1",0.139012,0.453382,0.227376,0.207465,0.108312,0.460834,0.269432,0.295259
"MDGA2",0,0,0,0,0,0,0,0
"MDH1",38.227,41.337,42.5014,41.4057,34.014,34.1221,38.5417,39.2429
"MDH1B",0.0871429,0.186764,0.0586798,0.0804406,0,0.171029,0.160972,0.145699
"MDH2",493.076,490.278,482.174,526.088,492.267,511.092,458.263,419.982
"MDK",473.211,448.79,329.796,387.13,383.733,522.367,419.472,359.648
"MDM1",2.04974,3.07253,2.65385,3.47278,2.42912,2.48175,2.97077,2.4703
"MDM2",64.813,80.0229,66.8959,71.2368,62.5512,73.7762,69.1184,84.7669
"MDM4",6.79026,5.39502,6.98023,6.49063,7.25874,6.64655,7.14461,8.40842
"MDN1",2.83474,3.55854,3.16931,3.3703,3.23849,3.40093,3.55446,3.94821
"ME1",4.97186,6.44138,7.33213,5.68725,7.0563,6.28025,4.91126,5.04305
"ME2",13.6242,14.8338,14.4359,13.6551,15.1185,12.326,15.1906,14.481
"ME3",11.8398,11.042,12.7376,12.3992,12.6212,11.7769,10.1443,10.1417
"MEA1",76.8227,75.3225,61.7424,74.0931,57.5836,68.7352,65.8241,68.1979
"MEAF6",15.4447,15.991,16.5356,14.2009,17.416,13.9952,16.0705,14.8341
"MECOM",27.2631,29.8969,28.2684,26.3718,28.3273,23.7581,29.6597,28.3699
"MECP2",20.8811,19.6259,23.7433,21.8247,21.1315,23.4165,22.9666,20.3585
"MECR",3.81414,4.59038,4.73666,4.74401,5.06386,5.05811,4.41463,5.01106
"MED1",16.9754,17.8053,18.583,17.5451,18.2006,17.552,18.5828,18.7438
"MED10",45.0059,38.733,41.6215,39.0523,40.4065,36.6122,38.5052,37.1785
"MED11",4.40818,4.4122,3.42211,3.61029,3.95284,5.18552,3.57452,2.35255
"MED12",31.2409,24.6021,29.0092,28.6798,32.837,28.2238,31.7921,27.4792
"MED12L",0.0545098,0.0453969,0.0242807,0.0277158,0.0628458,0.053575,0.0133997,0.0302093
"MED13",7.50407,7.70694,8.57604,7.1273,8.38927,6.31713,9.57149,8.28001
"MED13L",12.0829,11.1429,13.1587,9.7949,13.1815,10.6277,12.8128,12.4209
"MED14",40.7533,37.7322,47.4072,41.7781,39.8686,34.7032,47.049,38.6042
"MED15",58.9933,59.855,61.2627,65.3619,68.8961,72.7723,66.7508,59.7994
"MED16",20.6974,21.7071,23.2262,26.0851,27.5007,27.1562,21.0644,21.5324
"MED17",4.82746,4.95081,4.97197,3.56154,4.48174,4.2261,5.05571,4.86801
"MED18",3.9757,4.51414,2.93542,3.77296,3.43977,3.72872,2.74167,2.73846
"MED19",22.631,24.2149,21.9609,29.7032,23.7852,22.5089,21.1277,24.4665
"MED20",10.9273,10.5296,12.3806,12.1194,10.7686,11.5658,14.2117,12.2133
"MED21",15.2987,15.4586,18.5032,14.7117,16.1031,11.9985,17.8236,16.3984
"MED22",10.6206,9.28158,10.0743,9.80046,9.17683,9.04274,8.19028,9.09342
"MED23",13.4316,14.7411,13.1187,14.3746,13.7073,13.8544,13.935,13.9873
"MED24",18.7052,17.6108,19.2194,22.1774,18.2885,21.3746,17.7578,17.7005
"MED25",32.2849,25.7728,31.1375,35.5518,40.4373,39.9876,31.7502,31.099
"MED27",13.7344,16.9533,14.3681,18.1626,17.3041,15.3767,18.9203,13.5801
"MED28",25.1876,23.8333,27.4574,27.4746,25.4136,24.2808,25.6369,27.7203
"MED29",10.2322,10.2185,8.11868,9.04496,8.47207,9.73305,9.00724,10.7996
"MED30",9.58477,9.54445,7.28897,9.84962,9.00287,9.87407,9.40954,8.70679
"MED31",5.50294,4.43607,6.36322,5.73886,3.668,4.55859,4.11795,5.75351
"MED4",3.5853,4.52423,3.68984,3.71318,2.73296,3.07009,2.66984,3.60629
"MED6",11.3279,11.3281,9.87053,7.2116,11.007,7.36832,10.2904,10.9986
"MED7",5.88817,6.57698,6.88338,7.11137,5.45798,4.36987,5.15364,6.53803
"MED8",16.2842,18.7414,17.6898,17.0433,15.6836,16.0086,17.7294,17.7597
"MED9",6.00088,6.29346,5.84712,8.11205,8.12535,8.02008,5.19184,6.38918
"MEF2A",17.2696,17.2568,17.0669,17.9482,17.0153,16.4375,16.3675,18.0272
"MEF2C",6.42047,8.23071,6.67034,7.12174,7.09068,6.32974,6.54992,7.98728
"MEF2D",36.8265,35.8504,38.2053,38.9847,43.8241,41.794,38.3115,38.5207
"MEFV",0,0,0.0218959,0.0600188,0,0,0,0.0217615
"MEGF10",0,0.00884311,0,0.0151424,0.0171671,0,0,0.0165017
"MEGF11",0.0430882,0.0230724,0.108133,0.0691324,0.0223851,0.116423,0.0715244,0.096823
"MEGF6",15.9005,17.3911,12.1237,16.1478,16.3727,14.2774,17.5176,14.2591
"MEGF8",4.50149,4.63351,3.94343,5.16099,5.09497,5.56538,4.58231,4.80479
"MEGF9",11.7037,8.13147,10.0307,13.4965,13.8639,11.8387,11.7767,13.4451
"MEI1",0.939377,1.26446,0.801081,0.860443,0.930492,1.47958,0.245512,0.83686
"MEIG1",0.300946,0.161906,0,0,0,0,0.673922,0
"MEIS1",5.43453,5.41626,5.47611,6.00779,5.65379,4.60759,4.6768,6.02483
"MEIS2",18.7105,14.0206,16.6894,18.5599,23.8875,16.3491,20.496,18.6325
"MEIS3",0,0,0,0,0,0.0686537,0.0776061,0
"MELK",22.6361,18.5169,23.7165,16.8861,16.1497,17.26,20.6417,17.9196
"MEMO1",62.2952,73.5115,64.5049,58.3086,62.266,58.1996,58.8972,67.201
"MEN1",35.7505,33.4724,35.0782,39.8892,40.0985,42.2888,36.8151,33.183
"MEOX1",0,0.0369962,0,0.0638607,0,0.0925976,0,0.252645
"MEOX2",6.61075,3.81676,6.38825,3.49758,6.81459,3.43947,5.17911,4.28717
"MEP1A",0.067892,0,0,0.0625203,0,0,0,0
"MEP1B",0,0,0,0,0,0,0,0
"MEPCE",43.8813,43.1311,47.4015,44.853,44.1352,49.2409,45.0314,40.5872
"MEPE",0,0,0,0,0,0,0,0
"MERTK",46.1268,37.5062,50.4852,43.3081,51.5898,36.4538,51.0986,46.4735
"MESP1",0.454785,0,0.0664337,0,0,0.254399,0.144449,0.0657535
"MESP2",0,0.0944234,0,0,0,0,0.0488669,0
"MEST",28.7878,26.895,29.2309,30.4725,26.1702,25.8748,34.8477,25.064
"MET",15.3023,13.7657,15.8855,14.6729,13.5894,13.1731,15.5612,15.8701
"METAP1",17.9732,20.3481,19.3001,19.3173,19.2845,18.9615,17.825,19.4035
"METAP1D",2.209,4.12781,3.37035,2.40672,3.03011,4.29892,3.02675,5.5235
"METAP2",19.5675,19.3211,18.2482,19.9854,18.783,18.0603,19.0425,18.1786
"METRN",4.68662,4.93605,3.72311,4.89966,4.61898,5.36268,3.23978,3.49896
"METRNL",4.93935,4.56213,6.18257,4.20289,7.90801,5.26671,6.48737,4.0502
"METTL1",6.78085,9.62624,8.69059,11.0856,7.05509,9.07376,8.75733,8.35161
"METTL13",5.50611,5.17085,5.64974,5.29865,5.51349,5.32739,4.81407,5.43815
"METTL14",6.17963,6.76946,5.75892,5.94317,6.27287,5.20697,6.12354,5.69737
"METTL15",2.09771,2.25676,3.06153,2.57498,2.90555,2.07716,3.12013,2.83589
"METTL16",4.8341,4.5249,4.83098,5.57364,4.71811,5.49098,4.82194,4.48043
"METTL17",14.4305,13.1909,13.057,12.1411,12.9704,12.2518,13.1703,13.8243
"METTL18",1.90428,1.71067,2.02304,3.25568,1.97237,1.42133,2.718,2.2234
"METTL21A",3.62123,3.10879,3.47884,3.54673,3.87017,4.42378,4.24659,3.92708
"METTL21C",0,0,0,0,0,0,0,0
"METTL22",6.14578,7.21501,4.67371,7.10786,6.54939,9.01531,6.30237,7.06007
"METTL23",11.3313,10.7264,9.74101,9.26884,11.6958,11.3841,10.1444,9.37137
"METTL24",0,0,0,0,0,0,0,0
"METTL2A",2.39593,3.6539,2.60628,3.61508,2.51662,3.38888,2.40509,2.5334
"METTL2B",8.13174,10.2525,8.02643,8.07618,6.60036,6.02726,8.23146,10.5945
"METTL3",19.2124,15.8984,19.8404,17.7764,19.1799,14.0994,19.19,17.4579
"METTL4",2.96307,3.44284,4.15277,3.18593,3.41827,2.98795,3.58016,3.5976
"METTL5",18.9364,17.2761,17.4903,14.5138,16.6553,15.465,16.4813,17.7873
"METTL6",5.40588,6.32486,7.59637,6.36177,4.61078,4.71668,6.35483,7.96198
"METTL8",0.790298,0.908935,0.770599,0.798746,0.699032,0.705909,0.783366,0.68019
"METTL9",79.9271,94.7529,90.5355,80.6246,79.3057,78.5722,74.011,93.8825
"MEX3A",17.0959,13.9795,19.2067,20.2538,17.3067,16.7222,18.4098,20.3467
"MEX3B",6.2511,6.36576,6.39714,8.48206,7.35846,7.63506,7.17902,7.3759
"MEX3C",15.6828,13.6829,15.643,14.9788,14.9186,11.979,15.1984,16.5566
"MEX3D",29.8794,27.954,35.9432,29.449,32.8787,28.2374,30.8755,27.9905
"MFAP1",8.67829,10.5125,8.27365,8.36159,9.31891,8.80726,9.1009,9.0487
"MFAP2",364.543,327.425,339.04,384.628,351.409,388.843,346.062,323.187
"MFAP3",9.30272,9.19228,8.89104,7.40566,7.70113,7.66709,8.41142,9.16811
"MFAP3L",0.0765721,0.165071,0.0439248,0.0401179,0.0681984,0.0322422,0.0847389,0.0764762
"MFAP4",0,0.0402417,0,0,0,0,0.156162,0.0377536
"MFAP5",0,0,0,0,0,0.0226088,0,0.0461379
"MFF",34.1207,32.849,34.7417,35.9362,35.8125,34.2371,31.394,35.2717
"MFGE8",40.4265,47.8617,36.5569,43.4222,41.1861,53.6418,38.688,35.704
"MFHAS1",3.92357,3.51035,3.96839,3.41829,4.00841,3.71744,4.19256,3.81954
"MFN1",5.89748,5.10493,5.74393,6.63604,5.09407,4.747,6.44635,5.37233
"MFN2",13.3847,13.0882,12.7873,14.2073,13.8802,14.8155,13.8713,13.6135
"MFNG",97.5431,97.345,93.6572,110.167,103.872,109.579,92.6087,95.7514
"MFRP",10.6744,10.2937,10.4399,9.85729,10.4429,12.7435,11.2627,8.38805
"MFSD1",10.3114,10.8876,10.1746,8.7725,9.79234,8.62829,8.02682,9.78511
"MFSD10",29.772,31.1451,26.8972,34.9305,35.1811,39.0432,29.8629,27.7098
"MFSD11",10.9705,10.8963,11.2289,9.78634,11.285,10.6586,10.326,10.2798
"MFSD12",8.65365,11.7736,9.74867,12.9309,10.1387,12.7884,9.73349,9.65289
"MFSD2A",2.52458,1.89389,2.07363,2.53669,2.01211,2.53891,2.16896,1.93229
"MFSD2B",0,0,0,0,0,0,0,0.0479179
"MFSD3",1.97586,1.46997,1.06256,2.18417,2.28775,1.53706,1.05609,1.62454
"MFSD5",24.8249,23.3213,24.9662,26.6811,24.703,23.8983,24.2215,23.3958
"MFSD6",2.84811,2.30582,2.94363,2.2222,3.45005,2.11639,3.09557,3.10289
"MFSD6L",0,0,0,0,0,0,0,0
"MFSD8",4.93153,6.20522,7.0988,4.23785,5.62685,4.06879,5.24531,5.51299
"MFSD9",0.877843,0.930388,1.09237,1.02126,1.09946,0.659829,0.739202,0.818113
"MGA",3.51911,3.90972,3.59033,3.34568,4.18653,3.408,4.25774,3.76468
"MGAM",0.186052,0.0838922,0.16705,0.152566,0.0508581,0.134706,0.0866843,0.107549
"MGAT1",23.3543,22.5648,21.853,25.1822,26.8383,24.9855,23.5045,21.0788
"MGAT2",24.5466,26.0806,25.466,28.6154,25.6422,25.8506,24.678,23.4514
"MGAT3",0,0,0,0,0,0,0,0
"MGAT4A",5.74005,7.56472,6.73911,7.53244,5.59623,7.05682,7.05038,8.51581
"MGAT4B",71.6461,65.1442,73.773,84.6252,82.1166,73.454,67.6683,71.6153
"MGAT4C",0,0,0,0,0,0,0,0
"MGAT5",6.63524,10.2587,7.06932,8.80935,8.95896,8.99915,7.39274,9.02063
"MGAT5B",0.512526,0.793425,0.667312,0.744333,0.464585,0.633282,0.726058,0.534089
"MGLL",15.1686,17.3945,15.9263,15.8645,16.8384,18.1977,16.8532,14.423
"MGMT",55.8516,46.6137,36.1171,67.2836,46.2124,34.5516,37.2593,48.5426
"MGP",116.412,103.22,128.085,101.045,89.9823,89.191,126.403,101.086
"MGRN1",39.3174,38.4328,41.6991,42.92,46.609,47.5477,44.576,40.465
"MGST1",39.906,42.97,43.9496,42.1756,33.6803,31.6802,37.7702,36.6676
"MGST2",78.9174,77.3085,67.2324,67.6275,57.4523,56.2494,50.0895,61.0619
"MGST3",56.9988,61.6242,51.3594,45.8261,46.664,48.9299,46.6157,48.8321
"MIA2",0,0,0,0,0,0,0,0
"MIA3",11.7066,10.1265,10.7457,11.7428,9.33234,10.2672,10.9779,10.8351
"MIB1",4.94809,4.37399,4.85197,4.38846,4.58972,3.90842,4.7504,5.01861
"MIB2",2.39747,1.77954,1.69175,2.69203,1.85983,2.64578,2.31501,1.89401
"MICA",0,0,0,0,0,0,0,0
"MICAL1",9.27457,10.0811,9.79434,12.1223,10.9992,12.6308,9.74481,9.0326
"MICAL2",40.4844,59.3362,42.6882,58.5971,42.2039,62.0309,45.2914,55.0015
"MICAL3",9.52454,10.9029,8.93521,9.31443,10.6318,10.3714,8.45145,9.80079
"MICALL2",5.08036,5.51658,5.45008,7.78549,7.20062,8.07426,5.43604,6.88486
"MICB",0,0,0,0,0,0,0,0
"MICU1",29.3321,26.5301,30.7765,28.9506,23.6089,26.4066,29.593,27.2595
"MID1",34.2902,31.4389,35.9708,30.4284,36.6719,29.7597,32.4326,36.2553
"MID1IP1",3.62483,2.48919,2.94222,3.50027,2.97303,3.33589,2.80433,2.28743
"MID2",10.8836,9.98614,10.8831,9.9795,11.3245,9.44245,11.8382,11.2163
"MIDN",26.9136,22.9869,32.1951,32.7209,34.4251,31.0677,33.0313,31.857
"MIEN1",40.1461,39.8246,36.1686,37.2977,40.4171,36.7135,35.239,34.4525
"MIER1",7.30269,7.51385,6.45571,6.83831,6.77323,7.12808,7.47171,6.97195
"MIER2",7.54541,6.91902,6.95747,8.82986,7.93153,8.68169,7.32494,6.28966
"MIER3",3.92933,3.49406,4.37496,3.6811,3.70577,3.5695,4.40759,4.50232
"MIF",1851.65,1908.85,2027.89,2034.48,1794.42,1780.46,1753.34,1885.35
"MIF4GD",13.6837,15.0723,14.0718,17.3947,12.0204,14.5207,12.3584,14.3438
"MIIP",11.861,10.566,11.1379,14.1766,15.5473,13.1524,11.3583,11.239
"MILR1",17.9371,14.2511,13.3603,31.6019,16.2847,14.5295,9.52248,19.0153
"MINK1",18.5687,19.1647,16.6893,22.9378,23.0893,24.6402,17.8729,21.6994
"MINPP1",7.22259,6.14524,5.9234,7.68817,6.48332,7.60407,3.99979,7.05031
"MIOS",2.12821,1.63999,2.12007,2.16329,1.89748,1.7714,2.20144,1.50292
"MIOX",0,0.107919,0,0,0,0,0,0
"MIP",0,0.0550085,0,0,0,0,0,0
"MIPEP",5.94736,6.78239,7.44711,6.33072,6.40265,6.30949,6.48186,7.22058
"MIPOL1",3.57213,2.59621,3.92777,3.11216,4.11431,2.86179,5.71696,3.37933
"MIS12",6.4621,6.85522,5.77761,5.67138,5.35962,5.53574,4.93612,6.81022
"MIS18A",2.85622,1.74993,2.44053,2.48427,1.85553,1.73317,1.66045,2.37446
"MIS18BP1",2.94055,3.17166,3.23459,2.66574,2.79398,2.34697,2.99956,3.10668
"MITD1",7.37039,7.23559,6.14206,5.53733,6.43239,6.12527,5.60203,6.96832
"MITF",4.43454,3.69289,4.23331,4.67215,3.69389,4.35799,3.75104,5.30772
"MIXL1",0.764546,0.136997,0,0.244212,0,0.248427,0,0.916825
"MKI67",61.5782,65.7008,73.5363,70.0605,56.0229,67.9526,78.7957,70.0266
"MKKS",9.45933,8.38894,7.41042,8.7556,6.7185,7.6911,7.2581,9.58912
"MKLN1",5.33551,5.00494,5.86474,5.14764,6.22173,4.80762,6.20546,5.24771
"MKNK1",21.3432,19.406,22.0874,21.1893,24.8697,20.2692,20.4728,20.5289
"MKNK2",38.2007,49.3788,39.0164,53.0428,42.7124,49.9181,30.8266,44.4587
"MKRN1",17.0341,14.7861,15.8574,19.1092,18.1116,15.5214,16.3121,17.3086
"MKRN2",27.3253,26.5327,31.5942,31.1967,31.1377,29.4629,29.1868,26.1892
"MKRN3",0,0,0,0,0,0,0,0
"MKS1",3.03931,2.78834,3.09736,2.54492,2.79177,3.12079,1.99603,3.78213
"MKX",0,0,0,0,0,0,0,0
"MLANA",0.281806,0.201442,0.238657,0.0872956,0.493125,0.138102,0.677742,0.236625
"MLC1",0.0544384,0,0,0.0166814,0,0,0,0
"MLEC",21.0298,26.0063,22.858,26.1409,21.6611,25.0828,23.4262,24.1149
"MLF1",1.73963,2.13495,1.48046,1.33578,1.60405,1.63705,1.79409,1.53161
"MLF2",133.095,148.946,134.329,142.299,139.167,174.638,136.985,130.816
"MLH1",19.3947,16.9898,19.9269,19.9004,15.5287,17.3486,15.3931,18.4229
"MLH3",0.873179,0.913512,0.834615,0.916599,0.827232,0.960936,1.08783,0.91937
"MLIP",6.55232,4.75178,6.48155,5.85465,5.67368,6.29709,7.38544,6.22798
"MLKL",3.92985,4.24599,3.10798,3.61051,3.2306,4.48603,3.55247,3.49637
"MLLT1",44.1903,39.9585,45.9486,53.2801,51.6685,50.0227,47.3154,42.0611
"MLLT10",10.3184,10.9213,11.0609,9.29736,9.35841,11.0245,10.3414,11.2912
"MLLT11",92.229,76.6806,97.5644,89.5358,69.1791,71.0743,91.3196,86.3167
"MLLT3",4.24778,3.83669,4.97861,4.06726,3.03553,4.10064,3.85959,4.32384
"MLLT6",14.2072,15.3408,13.0342,17.1572,18.4117,19.2612,19.052,13.8913
"MLN",0,0,0,0,0,0,0,0
"MLNR",0.180216,0.0644396,0.0613227,0,0,0,0,0
"MLPH",0,0,0,0,0,0,0,0
"MLST8",55.7724,58.8182,55.3296,60.4044,53.914,60.3751,57.3044,50.546
"MLX",27.5533,22.7814,27.7974,24.6057,26.5336,21.8022,22.5432,23.5391
"MLXIP",27.1705,29.9289,28.8884,32.7482,34.8871,37.1644,33.8232,35.6013
"MLXIPL",0,0,0,0,0,0,0.0226435,0
"MLYCD",1.97903,2.07879,1.74089,2.03632,2.6195,2.15662,1.69479,1.65208
"MMAA",5.49492,5.00789,5.9107,8.53592,4.92787,4.31784,6.38563,5.06165
"MMAB",14.7933,11.1931,16.2282,14.7861,9.30542,13.6441,13.6685,17.9643
"MMACHC",2.44753,3.69615,3.57179,3.56419,3.11132,2.95194,2.8663,3.33921
"MMADHC",24.1025,22.2312,24.3687,19.1965,22.369,16.9615,17.3193,18.4702
"MMD",16.546,13.3376,16.0609,15.2812,17.444,13.7095,14.7659,17.3379
"MMD2",0,0,0,0,0,0,0,0
"MME",7.08728,6.90232,7.7144,6.50915,7.16411,6.27046,7.95771,6.35094
"MMEL1",0.708607,0.342858,0.599048,0.231568,0.262164,0.695665,0.329198,0.366338
"MMGT1",13.0985,11.9425,13.1561,10.6805,11.1911,10.6002,12.0985,12.5604
"MMP1",2267.96,2324.78,2270.47,2053.99,1844.41,1766.62,2139.22,2248.57
"MMP10",43.6672,35.4215,47.963,42.1763,38.4633,34.9479,45.806,30.9367
"MMP11",2.7326,3.18576,2.63964,2.41736,2.5099,3.68907,1.59766,3.10349
"MMP12",0,0,0,0,0,0,0,0
"MMP13",0,0,0,0,0,0,0,0
"MMP14",155.977,163.019,160.815,194.735,182.125,189.343,165.371,178.376
"MMP15",2.31229,4.22118,3.08419,4.11235,2.9951,4.24266,2.96214,4.0559
"MMP16",10.2865,12.9882,10.7621,13.986,10.6649,10.4389,9.07503,16.4157
"MMP17",2.79099,3.73865,2.71751,4.171,2.44508,3.59734,2.63592,3.25542
"MMP19",2.42502,2.05664,2.44208,2.62159,2.56862,2.61925,2.8424,2.95341
"MMP2",547.8,557.366,588.124,649.869,571.265,543.672,550.015,545.23
"MMP20",0,0,0,0,0,0,0,0
"MMP21",0,0,0,0,0,0,0,0
"MMP24",1.27167,1.72449,0.945635,1.65459,1.62636,2.20032,1.55546,1.55782
"MMP25",0.18408,0.315502,0.14821,0.152324,0.249191,0.235002,0.24461,0.294695
"MMP26",0,0,0,0,0,0,0,0
"MMP27",0,0,0,0,0,0,0,0
"MMP28",4.95145,3.05086,3.55474,4.63484,4.81409,3.54868,4.36345,3.03937
"MMP3",0,0,0,0,0,0,0,0
"MMP7",0.748751,0.949479,0.278707,0.318817,0.575246,0.133239,0.151378,0.413656
"MMP8",0,0,0,0,0,0,0,0
"MMP9",0,0,0,0,0,0,0,0
"MMRN1",523.988,595.02,545.988,533.343,465.031,528.192,520.425,478.917
"MMRN2",29.8776,41.8518,28.823,39.1799,32.4129,44.4941,28.6641,40.4424
"MMS19",34.4098,36.7882,35.8086,38.83,37.8404,39.7563,34.5382,34.6384
"MMS22L",1.16889,1.15098,1.28364,0.660566,0.721823,0.951323,1.01644,1.08966
"MN1",10.7752,12.3728,13.2933,13.7588,12.9946,13.4221,14.3494,13.9458
"MNAT1",1.84198,2.82319,1.82272,1.56906,1.21937,1.39282,1.87107,0.956231
"MND1",1.81476,2.89785,2.28651,3.10105,1.34301,1.3194,3.75683,2.18483
"MNDA",0,0,0,0,0,0,0,0
"MNS1",0.339868,0.18213,0.171932,0.0314309,0.10665,0.166702,0.226105,0.102408
"MNT",6.57735,6.10678,6.08476,7.54562,6.9339,9.61976,6.90835,8.21137
"MNX1",0,0,0,0,0,0,0,0
"MOAP1",9.20656,8.31078,8.61952,7.64534,8.56442,6.40679,7.72948,7.63836
"MOB1A",72.3628,62.5171,88.0106,66.5626,75.2951,57.8607,72.3281,80.4962
"MOB1B",38.1617,28.9014,43.2157,26.7754,36.849,21.7489,37.4752,38.2899
"MOB2",6.49764,6.33032,6.20007,7.72548,6.55159,5.44084,5.32027,7.27531
"MOB3A",77.8516,70.4937,77.8424,74.0134,81.3042,77.5191,69.0581,75.2534
"MOB3B",0.00972856,0.0520917,0.0195248,0,0.0202106,0.00955934,0.0107651,0.0679946
"MOB3C",1.96172,1.43883,1.84872,1.66104,2.07835,1.82721,2.2015,2.12432
"MOBP",0.19701,0.0919595,0.194576,0.0592585,0.111828,0.113804,0.237689,0.300826
"MOCOS",0.391237,0.392984,0.0986394,0.450659,0.48463,0.360043,0.433453,0.392038
"MOCS1",3.97853,4.7288,4.47235,5.23508,4.63625,5.51025,5.14141,4.4996
"MOCS2",13.6097,12.7417,12.0394,13.5266,12.302,11.4445,10.8934,11.8388
"MOCS3",5.34294,3.02473,4.40036,3.43802,4.66329,3.14787,3.31154,3.56987
"MOG",0,0,0,0,0,0,0,0
"MOGAT1",0,0,0,0,0,0,0,0
"MOGAT2",0,0,0,0,0,0,0,0
"MOGAT3",0,0,0,0,0,0,0,0
"MOGS",12.9371,13.2467,14.7763,13.6057,17.5201,17.8717,13.6812,13.8821
"MOK",5.50734,4.72516,5.83714,5.12159,4.56721,4.94924,4.32404,5.96952
"MON1A",7.08907,9.49121,9.0707,9.35596,8.65656,9.10177,9.76315,8.97027
"MON2",6.1309,6.26037,6.31192,5.38586,6.097,5.30905,6.7332,6.80486
"MORC1",0,0,0,0,0,0,0,0
"MORC2",11.2496,11.5051,11.9323,11.527,10.9623,12.1459,13.6546,11.0971
"MORC3",7.61449,8.32889,8.09911,7.50243,8.90074,5.98373,9.40303,7.96225
"MORC4",3.42469,3.49611,3.37065,3.6078,3.22617,3.66673,3.55739,3.76283
"MORF4L1",194.203,192.361,206.762,201.27,193.886,170.89,185.596,193.702
"MORF4L2",187.984,176.891,197.022,173.412,168.814,162.233,185.98,178.338
"MORN1",0.64661,0.138646,0.35,0.280015,0.316462,0.295829,0.287,0.477328
"MORN2",10.1977,10.0782,6.71268,10.2935,9.04465,7.20333,6.80562,7.57121
"MORN3",0.582873,0.625349,0.269146,0.123083,1.44366,0.890945,0,0.399681
"MORN4",1.4196,1.29559,1.40451,1.37069,1.38929,1.58441,1.51154,0.792843
"MORN5",0,0,0,0,0,0,0,0
"MOS",0,0,0,0,0,0,0,0
"MOSPD1",13.049,10.4541,13.2062,8.99998,12.2534,10.8404,12.4372,10.5896
"MOSPD2",5.56894,5.78416,5.45819,5.01405,4.96727,4.82731,4.89374,4.36591
"MOSPD3",46.1177,42.9958,43.1865,50.3924,47.0244,49.1949,45.0618,44.7701
"MOV10",30.7534,33.106,32.4299,37.0499,34.6165,36.4854,30.9356,32.4154
"MOV10L1",9.72669,6.74268,11.3709,9.30343,9.75383,9.34986,10.542,8.56137
"MOXD1",0,0,0,0,0,0,0,0
"MPDU1",119.037,133.694,128.572,137.305,116.308,135.768,129.196,120.787
"MPDZ",9.31511,8.1915,9.62881,9.05854,9.98788,8.32042,9.48297,9.71366
"MPEG1",0,0,0,0,0,0,0,0
"MPG",37.4034,39.7752,35.4426,43.2688,40.2781,44.0715,31.2747,32.6395
"MPHOSPH10",2.84151,2.72577,2.2399,2.47125,2.14702,2.25759,1.91927,1.87229
"MPHOSPH6",12.2227,14.4749,15.521,12.8237,9.24417,10.276,12.5771,12.9742
"MPHOSPH8",5.74321,5.17576,5.26437,5.69516,5.50398,5.01012,4.74538,5.74388
"MPHOSPH9",10.8563,10.8521,9.29924,13.6248,8.10476,9.48828,16.2088,10.1903
"MPI",17.0427,18.6973,16.6768,21.6472,20.9721,19.6162,15.7422,17.4631
"MPL",0.0716125,0.153422,0.252211,0.148118,0.223681,0.175819,0.0991204,0.1612
"MPND",2.69872,2.81827,2.6001,2.43663,2.87198,2.64618,2.36343,2.1732
"MPO",0,0,0.0206173,0,0.0426596,0.0201006,0,0.0409867
"MPP1",44.496,48.4589,45.0938,40.355,43.9728,43.9306,41.7397,44.6485
"MPP2",0.437468,0.502047,0.739286,0.803611,0.893852,0.70557,0.778364,0.843304
"MPP3",1.69737,0.96773,1.54919,0.977961,1.60564,1.69853,1.38404,1.04152
"MPP4",4.53793,3.96156,4.36578,3.60886,4.91285,3.1765,3.42055,3.68994
"MPP7",0.305067,0.204201,0.299155,0.139942,0.39644,0.399599,0.0961495,0.203211
"MPPE1",4.3634,3.83639,3.92735,4.16945,3.91176,4.61701,4.45633,5.11964
"MPPED1",0,0,0,0,0,0.0262937,0,0
"MPPED2",0,0.012002,0,0,0.0116457,0,0,0.022387
"MPRIP",25.4839,24.5107,27.5933,21.4666,26.21,25.325,24.2919,26.9939
"MPST",55.457,50.3861,54.9439,73.0183,75.7972,68.6412,55.9515,50.6302
"MPV17",68.8981,65.9645,75.0205,70.7086,68.9812,60.3797,64.1466,67.4936
"MPV17L",0,0.0325367,0,0,0.0317256,0,0.100983,0.0609431
"MPV17L2",21.3064,16.564,20.3879,21.4556,18.5089,20.4012,16.9708,18.5719
"MPZ",1.51863,1.47628,1.57293,2.84292,1.95864,2.04389,1.37072,1.34837
"MPZL1",25.4416,27.2716,27.158,27.7079,25.2698,26.3259,26.9431,26.9994
"MPZL2",2.68633,4.21185,3.07786,3.39957,3.0222,3.34985,2.52008,4.16086
"MPZL3",0.728723,0.260571,0.692093,1.19106,1.25701,0.730015,0.811099,1.22152
"MR1",0.176642,0.120378,0.140139,0.294155,0.127925,0.0818565,0.168783,0.241423
"MRAP",0,0,0,0,0,0,0,0.155188
"MRAP2",3.16734,4.64654,4.00908,4.94225,3.83968,3.16812,2.69286,4.62918
"MRAS",6.18832,6.22996,6.25095,5.97318,6.10013,6.48282,5.99088,6.25614
"MRC1",0.0123878,0,0,0,0,0,0,0.0123766
"MRC2",3.71929,4.8594,3.71532,6.30951,4.57093,5.37877,4.35104,5.40626
"MREG",4.35581,5.56194,6.91473,8.14972,7.36674,4.37646,3.78321,6.98922
"MRFAP1",141.825,135.788,135.591,133.326,124.136,123.764,124.908,129.455
"MRFAP1L1",14.8326,15.7509,14.336,13.8529,11.4825,12.4787,15.0231,13.4952
"MRGPRD",0,0,0,0,0,0,0,0
"MRGPRE",0,0,0,0,0,0,0,0
"MRGPRF",0,0,0,0,0,0,0,0
"MRGPRG",0,0,0,0,0,0,0,0
"MRGPRX1",0,0,0,0,0,0,0,0
"MRGPRX2",0,0,0,0,0,0,0,0
"MRGPRX3",0.388512,0.231402,0.613375,0.320475,0.498006,0.634809,0.52691,0.391096
"MRGPRX4",0,0,0,0,0,0,0,0
"MRM1",0.736413,0.529303,0.875554,0.914685,0.835315,1.03246,0.687855,0.687386
"MRO",0,0,0,0,0,0,0,0
"MRPL1",2.79535,2.825,2.62835,1.55264,3.11035,2.10655,1.612,2.11596
"MRPL10",59.2265,61.1874,58.7591,64.7157,53.9646,58.8382,53.7211,56.2224
"MRPL11",47.8827,51.998,48.7718,50.7399,48.9377,50.4753,41.0147,44.8131
"MRPL12",60.7866,70.7915,69.6831,86.2081,70.5735,79.7774,56.918,63.4999
"MRPL13",13.0146,13.3709,13.6882,15.1513,11.482,10.2528,9.5625,12.6843
"MRPL14",20.62,19.2515,20.8903,20.5749,19.4903,20.1794,20.6996,22.8223
"MRPL15",45.9188,49.7082,50.87,46.1625,44.2673,45.6869,44.9067,42.7351
"MRPL16",33.5312,27.0976,29.3388,28.083,31.346,26.4718,28.2167,30.0602
"MRPL17",18.1647,20.0325,16.96,16.0197,15.8982,17.938,17.5134,17.9337
"MRPL18",27.2251,27.144,23.5587,24.3698,20.5636,21.7263,20.453,19.8302
"MRPL20",33.1035,42.3635,36.2491,41.157,29.179,36.6047,26.5376,29.7361
"MRPL21",25.369,23.9775,21.9445,24.4539,19.29,20.6175,20.9162,21.0811
"MRPL22",3.79229,4.05816,3.70453,3.59985,3.03034,3.73225,3.32432,3.26747
"MRPL23",76.5486,79.3399,73.6101,65.211,71.0863,65.8487,59.9954,67.2877
"MRPL24",59.4995,59.9348,54.7873,63.0894,57.9497,52.5365,54.9442,51.0438
"MRPL27",44.4845,48.3683,37.8865,46.3636,27.7038,39.5474,34.1742,39.7386
"MRPL28",49.7212,47.9869,44.0191,53.648,51.4497,54.1706,43.9555,49.8688
"MRPL3",23.7535,28.3936,23.5955,23.4622,22.0817,25.0461,24.2535,25.8457
"MRPL32",28.3125,31.4849,33.2743,35.0584,31.611,35.7284,29.9287,25.4842
"MRPL33",6.47332,5.97068,4.50736,4.40873,10.468,4.2444,5.09833,7.00499
"MRPL34",29.3947,29.3556,27.7462,23.112,27.1007,25.7009,21.9068,25.8584
"MRPL35",29.4649,30.466,25.6957,29.5846,27.876,28.0001,28.4142,29.5179
"MRPL36",63.7098,69.7403,58.0926,60.4487,53.8727,58.4223,52.1973,52.9844
"MRPL37",164.834,182.385,180.325,176.665,149.876,166.963,173.24,160.469
"MRPL38",54.3381,50.2849,38.6619,52.5715,49.9649,60.8008,44.5977,46.3006
"MRPL39",7.90273,7.10428,7.64672,7.0788,4.47912,7.14543,5.19651,7.41658
"MRPL4",64.2221,65.513,63.405,72.6851,72.5538,83.1979,56.6996,61.0025
"MRPL40",22.8254,22.1564,21.9911,19.4202,15.0955,16.0342,19.6877,17.8319
"MRPL41",27.9129,23.8971,20.7723,26.6035,27.0083,32.5548,15.4594,22.0101
"MRPL42",7.08523,7.56383,6.68395,6.79181,6.99531,7.64426,7.60221,8.03825
"MRPL43",112.39,121.554,111.73,132.126,133.428,117.493,101.094,101.579
"MRPL44",20.9289,20.9742,23.9019,20.3656,23.3165,19.6967,22.15,20.7295
"MRPL45",38.6789,42.295,39.4118,48.5772,39.7331,38.9052,43.6234,34.3202
"MRPL46",15.9973,13.3617,16.2642,13.2804,12.4203,10.9062,15.5211,15.5978
"MRPL47",34.5092,28.7508,27.3689,24.5602,25.4544,26.9096,26.4283,21.2283
"MRPL48",40.1962,44.4812,49.4031,42.9828,42.8815,35.7643,33.5377,40.2684
"MRPL49",18.9527,18.6819,19.232,18.2595,18.014,17.0616,14.3652,16.154
"MRPL50",37.4979,40.0823,43.4332,42.7728,35.8261,32.8691,37.6461,36.74
"MRPL51",53.5202,51.8292,48.696,46.4499,45.7443,45.7228,45.1594,46.386
"MRPL52",34.352,37.7796,28.4291,30.8122,28.6025,31.1537,29.148,28.6386
"MRPL54",24.9498,27.0089,24.6938,18.2765,17.8398,25.6081,18.4556,24.2309
"MRPL55",37.5634,31.2001,29.9048,34.85,28.3145,35.3411,23.654,35.095
"MRPL9",60.5772,60.299,59.1499,64.4791,48.3461,53.2902,49.803,58.5576
"MRPS10",14.2978,13.0406,13.3389,12.7952,11.0719,12.3429,14.9988,12.2665
"MRPS11",48.014,52.9344,48.7937,49.7359,43.8634,45.7282,50.0157,47.7992
"MRPS12",51.2633,57.3421,45.6427,52.4359,41.2701,51.8411,41.52,46.7687
"MRPS14",7.20473,8.72322,7.69665,7.18107,6.36378,6.0509,5.99833,6.50765
"MRPS15",99.0029,100.022,101.496,103.443,89.2526,93.1911,90.5677,99.7055
"MRPS16",37.7112,32.4199,34.9615,27.973,28.6684,35.7853,29.6995,32.0448
"MRPS17",4.19486,3.45274,3.01275,3.18546,3.10019,4.71328,2.73736,4.30714
"MRPS18A",40.0231,42.1805,37.1247,47.8887,43.2849,45.0438,38.4047,40.0645
"MRPS18B",0,0,0,0,0,0,0,0
"MRPS18C",4.00716,4.80974,5.21393,2.73562,3.80241,3.05774,3.62502,3.09544
"MRPS2",163.434,164.78,168.002,181.251,168.261,171.101,153.027,158.278
"MRPS21",35.4839,38.3255,30.672,24.784,29.1308,26.4761,25.1458,26.011
"MRPS22",38.4667,43.822,46.1778,46.2618,44.6458,40.57,36.0587,40.6077
"MRPS23",11.7702,13.4702,11.977,11.9741,9.90713,10.7112,8.69267,12.564
"MRPS25",5.26353,5.68287,5.72925,5.72551,5.57695,5.54469,5.34219,5.2892
"MRPS26",11.4287,9.94074,7.51044,11.3642,10.9895,12.3495,7.72887,10.2304
"MRPS27",20.4225,26.4631,23.0051,21.9239,18.5912,20.3146,23.5903,23.2372
"MRPS28",13.5852,14.6956,13.5565,12.9128,11.2673,8.92592,14.4198,10.6858
"MRPS30",19.4197,19.7762,20.7756,23.3938,17.9733,19.8858,21.3037,20.0489
"MRPS31",14.5739,15.5111,18.0064,13.1617,14.2104,11.4734,14.4668,13.7323
"MRPS33",13.1457,18.8484,14.6128,15.6274,13.608,16.8036,10.8188,14.0062
"MRPS34",34.1284,40.2824,41.5854,45.1983,41.6016,42.2684,38.6995,37.463
"MRPS35",16.4415,18.4846,16.4238,17.2072,14.1695,15.0896,17.2216,15.3118
"MRPS5",13.0682,11.3347,12.0171,14.6564,13.5038,13.2616,11.932,13.5246
"MRPS7",56.8014,59.4431,47.544,49.2239,52.1979,49.4609,44.6093,54.4256
"MRPS9",24.6032,25.8074,23.0473,21.5931,15.8711,18.2513,16.5599,16.4412
"MRRF",27.3959,32.29,30.7787,32.2106,27.119,26.5094,28.9807,31.7883
"MRS2",22.3332,26.7767,24.7432,23.2656,22.1024,22.3335,25.9389,23.5442
"MRTO4",7.21976,10.0569,6.63963,8.82743,6.64325,9.4883,9.14776,7.90132
"MS4A1",0,0,0,0,0,0,0,0
"MS4A10",0.0590456,0,0,0.027257,0.0616819,0,0,0
"MS4A12",0,0,0,0,0,0,0,0
"MS4A13",0,0,0,0,0,0,0,0
"MS4A14",0,0,0,0,0,0,0,0
"MS4A15",0,0,0,0,0,0,0,0
"MS4A2",0.482962,0.728116,0.665971,0.509737,0.428345,0.597263,0.812075,0.50107
"MS4A3",0,0,0,0,0,0,0,0
"MS4A4A",0.0964418,0.045952,0.0490226,0,0.0506485,0.0420225,0,0
"MS4A5",0,0,0,0,0,0,0,0
"MS4A6A",0.967798,0.732848,0.655483,0.385321,0.434282,0.225856,0.562658,0.486497
"MS4A6E",0,0,0,0,0,0,0,0
"MS4A7",0,0,0,0,0,0,0,0
"MSC",0,0,0,0,0,0,0,0
"MSGN1",0,0,0,0,0,0,0,0
"MSH2",7.16863,7.7696,7.32649,8.17915,6.07233,6.50345,7.84696,7.30309
"MSH3",2.43849,2.50771,2.01693,1.90575,1.68094,1.94312,2.16001,2.10243
"MSH4",0,0.042972,0.0403933,0.0369039,0,0,0.133275,0
"MSH5",0,0,0,0,0,0,0,0
"MSH6",9.55414,8.92218,8.49372,9.04716,8.58787,8.72477,8.59352,8.35753
"MSI1",0.0449135,0.0721776,0.022632,0.0413572,0.0702353,0.0661409,0.0248757,0.0674752
"MSI2",18.2631,17.7277,20.7063,17,20.7141,16.0172,16.7682,17.6181
"MSL1",42.6754,41.2754,45.1921,44.1924,46.7278,41.8863,42.6788,42.397
"MSL2",9.05681,8.39416,9.58236,8.71496,8.94806,8.22387,9.49422,9.46237
"MSL3",59.186,55.2492,69.6639,58.9439,59.0129,52.9313,62.8274,58.8941
"MSLN",0,0,0,0,0,0,0,0
"MSMB",0,0,0,0,0,0,0,0
"MSMO1",39.7948,35.4737,37.643,34.0739,34.012,36.7739,33.1161,31.9229
"MSMP",28.7047,24.1198,25.7244,21.7999,21.709,24.1975,20.1524,25.1507
"MSN",698.165,716.57,715.243,754.253,708.559,735.477,746.355,707.334
"MSR1",0,0.0239704,0,0,0.0699775,0,0.0247841,0
"MSRA",42.7937,41.6295,47.9505,50.3965,51.0357,50.6154,41.6937,54.8818
"MSRB2",2.74276,2.27032,2.26324,1.3199,2.74259,2.03928,1.75127,2.20706
"MSRB3",31.1351,29.2571,38.3443,25.013,25.9335,25.6768,25.5505,26.2873
"MSS51",0.679297,0.726111,0.626865,0.810828,0.800422,0.761757,0.689739,0.963839
"MST1",1.32114,0.972511,1.17759,1.12476,0.94724,1.55708,1.09956,1.61046
"MST1R",0.153177,0.119316,0.139934,0.153383,0.0434426,0.205187,0.107898,0.153096
"MSTN",0.0471751,0.15163,0,0.0217291,0,0.0231554,0.0261308,0.0236309
"MSTO1",2.56574,2.61721,3.10064,3.18468,2.29348,4.12624,2.78331,2.41145
"MSX1",3.88985,2.52451,2.9263,2.70796,3.17444,2.27526,2.92851,2.18735
"MSX2",0.277452,0.297334,0.186942,0.541043,0.257732,0.272234,0.136691,0.092818
"MT1A",2.00237,1.44624,2.60813,0,1.51729,0.643544,1.89636,0.359016
"MT1B",0,0,0,0,0,0,0,0
"MT1E",99.6594,75.2943,82.5839,64.8411,71.7533,75.1015,86.4352,72.5516
"MT1F",3.51823,5.26473,4.7443,1.09215,2.42201,7.58832,4.59058,4.59955
"MT1G",0.667458,0.361561,0.37259,0.343539,0,0,0,1.07705
"MT1H",0,0,0,0,0,0,0,0
"MT1M",0,0.293745,0.893668,0,1.52067,0,0.307372,0.288768
"MT1X",81.7472,77.0638,78.4408,82.8245,76.6365,72.0585,73.8836,88.7508
"MT2A",5410.12,4608.85,5604.67,4894.64,4737.8,4871.04,5328.75,4695.06
"MT3",0,0.180969,0,0,0.365637,0,0,0
"MT4",0,0,0,0,0,0,0,0
"MTA1",107.833,107.854,110.112,127.562,125.926,130.096,109.889,117.456
"MTA2",53.5356,55.5804,57.0796,58.3337,52.4115,57.8197,54.7638,55.7449
"MTA3",20.8721,20.2174,18.9128,19.0407,21.2719,21.4565,22.5005,20.3679
"MTAP",10.9304,10.3052,10.1442,7.23718,6.99626,9.00002,10.3097,8.58688
"MTBP",3.03059,2.11633,2.54035,2.31765,2.07795,2.43204,2.06697,2.41181
"MTCH1",100.423,101.56,107.272,112.094,108.821,106.356,99.5917,108.434
"MTCH2",72.739,74.6755,80.0286,76.2943,65.3289,66.0691,63.2011,75.8793
"MTDH",10.9628,9.92807,9.96172,9.66708,9.40638,9.33065,10.2919,10.7154
"MTF1",6.5904,6.74859,6.9417,5.92912,7.05018,7.6917,7.64338,6.38136
"MTF2",4.79358,6.40495,5.64641,5.7354,3.33493,4.31951,5.68879,5.56147
"MTFMT",2.98503,2.54819,3.15702,3.28723,3.31611,2.83491,2.15095,3.62325
"MTFP1",9.27099,9.3337,6.73946,10.5444,7.64083,11.3613,6.70128,8.87307
"MTFR1",25.222,31.4248,32.4008,27.7512,28.4929,26.5196,33.0427,26.4371
"MTG1",28.9967,28.7642,36.0388,33.9559,32.8827,37.146,32.2798,36.9019
"MTHFD1",18.63,21.4702,19.7988,22.5029,18.7578,20.1001,20.5318,18.413
"MTHFD1L",40.8271,37.7121,45.2991,33.8538,38.4976,37.8152,43.8048,36.3398
"MTHFD2",18.7545,16.4171,19.7483,17.4399,17.7271,18.2291,18.9799,17.0374
"MTHFD2L",7.79618,7.97614,6.91035,7.00739,5.7279,5.69208,7.08033,6.28025
"MTHFR",2.64052,2.83426,2.78233,2.77023,3.27277,3.41628,2.84299,3.41725
"MTHFSD",4.62364,5.2585,4.73262,5.73152,4.87757,4.93782,4.23927,5.63523
"MTIF2",3.90883,4.2386,4.66605,3.99361,3.55017,3.13758,4.24268,3.81483
"MTIF3",7.75951,6.77082,8.33699,9.19212,6.3923,8.22391,5.417,6.57296
"MTM1",4.99522,5.08555,4.62539,4.05033,4.72601,3.44488,5.29948,4.48371
"MTMR1",9.45003,8.36201,9.84948,9.08617,7.845,8.67432,9.49866,9.54772
"MTMR10",78.9008,49.2448,82.1212,50.3049,90.7063,43.19,83.3998,54.5531
"MTMR12",18.8438,17.4413,19.7323,16.4437,20.0801,17.3711,18.0996,18.7153
"MTMR14",12.715,10.0626,11.296,10.5513,12.5479,10.5576,11.2337,10.7605
"MTMR2",23.9437,21.2104,23.4868,21.3699,23.6366,19.9096,23.7568,23.6532
"MTMR3",4.92954,4.25842,4.95919,4.70748,5.17563,4.2001,4.36202,4.64939
"MTMR4",8.55982,7.69623,9.38084,9.22984,9.47011,8.96485,8.33953,10.021
"MTMR6",29.08,27.1385,35.7678,31.943,31.7389,24.9967,35.7765,32.0491
"MTMR7",0.508382,0.453729,0.741535,0.455225,0.402613,0.51135,0.428701,0.362787
"MTMR8",0.0753383,0.18835,0.177321,0.0925891,0,0.12325,0.194768,0.201346
"MTMR9",3.38477,3.31166,3.65102,3.16441,3.38021,2.79002,3.61086,3.18687
"MTNR1A",0,0,0,0,0,0,0,0
"MTNR1B",0,0,0,0,0,0,0,0
"MTO1",5.18905,4.56922,4.42286,4.68871,4.36391,3.80742,3.57408,4.90702
"MTOR",13.5202,12.3302,13.5603,14.2872,13.6597,13.988,14.7779,14.1362
"MTPAP",3.3032,3.48891,3.63698,3.55057,3.20027,3.56866,4.00801,3.73976
"MTPN",340.731,306.276,325.761,303.86,344.801,279.428,290.25,314.989
"MTR",5.97955,5.69422,5.72502,5.6433,5.79406,5.77741,5.86879,6.01821
"MTRF1",1.43044,1.83634,1.53296,0.944311,1.72259,1.18678,1.80897,1.51048
"MTRF1L",7.8528,9.1073,8.51165,7.40657,7.32903,7.08745,8.72849,7.60469
"MTRR",12.7857,13.5337,13.3812,10.9973,10.4629,12.0589,13.5799,13.0196
"MTSS1",25.8314,28.0364,29.9809,31.337,33.5242,35.8597,32.0645,31.8273
"MTTP",0,0,0.0478014,0.0145553,0,0,0,0
"MTUS1",0,0,7.65392,28.1755,0,0,0,0
"MTUS2",0.0162614,0,0,0,0,0,0,0.0273419
"MTX1",13.4045,15.1927,13.2978,16.2067,15.1253,16.8104,12.3254,12.6465
"MTX2",15.7386,11.8681,14.299,13.4167,11.9346,10.9047,11.8321,11.0519
"MTX3",0.952163,1.22332,0.902651,0.906309,0.925797,0.943765,1.0029,1.08684
"MUC1",0.885712,0.67399,0.805776,0.717722,1.32078,0.94907,0.874069,1.19995
"MUC12",0,0,0,0,0,0,0,0
"MUC13",0,0,0,0,0,0,0,0.0231213
"MUC15",0,0,0,0,0,0,0,0
"MUC16",0,0,0,0,0.00145848,0,0,0
"MUC17",0,0,0,0,0,0,0,0
"MUC2",0,0,0,0.013369,0,0.00717453,0,0
"MUC20",0.296619,0.412857,0.203367,0.321697,0.266115,0.450578,0.551751,0.337603
"MUC21",0,0,0,0,0,0,0,0
"MUC22",0,0,0,0,0,0,0,0
"MUC4",0.0658803,0.0705674,0.0496941,0.136388,0.0342802,0.0808816,0.0547043,0.164722
"MUC5B",0.00693424,0,0,0,0,0,0,0
"MUC6",0.0315268,0.03376,0.047425,0.0505286,0.0490955,0.0232367,0.0348803,0.0393298
"MUC7",0,0,0,0,0,0,0,0
"MUCL1",0,0,0,0,0,0,0,0
"MUL1",8.68602,11.3044,10.3347,11.7009,9.75454,11.0013,8.19524,9.75026
"MUS81",9.84059,9.12877,11.356,9.00274,10.8043,10.4299,9.90866,9.92597
"MUSK",0,0,0,0,0,0,0.0302181,0
"MUTYH",2.34527,2.66057,2.3094,2.95607,3.02041,2.11447,2.79868,2.41967
"MVD",5.33026,7.30169,4.98829,7.72895,6.68232,7.47732,5.52636,9.75429
"MVK",6.54486,5.58757,4.91059,8.53933,5.64383,7.53216,4.96977,5.52768
"MX1",1.21527,1.36712,0.922487,0.678387,1.30667,1.22616,1.0456,0.917372
"MX2",0.0223667,0,0,0,0.0466346,0,0.0247758,0
"MXD1",3.70336,3.25618,3.15603,3.41892,2.87048,3.22749,3.64312,3.67862
"MXD3",7.53794,8.33787,6.99763,7.7367,6.34207,8.64565,7.74192,7.33578
"MXI1",3.87133,3.46677,4.40562,3.94033,4.45175,3.47066,3.89218,4.72898
"MXRA5",0,0,0,0,0,0,0,0
"MXRA7",48.6846,47.8315,47.4709,43.6385,48.0464,44.6896,44.2305,43.8614
"MXRA8",0.519385,0.418838,0.271594,0.373626,0.41902,0.379662,0,0.400631
"MYADM",300.479,205.379,290.723,226.3,328.127,216.625,279.407,201.297
"MYADML2",0,0,0,0,0,0.0269514,0,0
"MYB",0.164807,0.153766,0.322832,0.378378,0.192284,0.485205,0.204802,0.21105
"MYBBP1A",6.61259,7.08198,5.85557,7.82885,6.97863,8.43539,5.93893,6.53288
"MYBL1",0.81716,1.00669,1.01114,1.02249,1.13323,0.972585,0.808126,0.622539
"MYBL2",77.5075,71.6859,82.4283,96.7204,76.8527,86.6876,80.2495,64.6352
"MYBPC1",0,0,0,0,0,0,0,0
"MYBPC2",0,0,0,0,0,0,0,0
"MYBPC3",0.0153388,0,0,0,0,0,0,0
"MYBPH",0,0,0,0,0,0,0,0
"MYBPHL",0,0,0,0,0,0,0,0
"MYC",58.0643,50.7128,64.7825,57.8326,60.64,53.0012,62.4525,57.239
"MYCBP2",12.2294,9.91668,13.3239,9.38043,11.3246,8.41407,14.1686,9.6186
"MYCBPAP",0.103218,0.110577,0,0.151969,0.0215103,0.101347,0.0685914,0.0826663
"MYCN",1.3373,1.05274,1.04685,0.906302,1.82341,0.830297,1.11897,0.437963
"MYCT1",171.848,147.147,160.03,126.789,141.554,122.693,157.885,135.951
"MYD88",33.6066,33.1316,34.5015,36.9422,32.7883,33.3227,30.5701,33.2711
"MYEF2",5.01649,4.16841,5.02609,3.6252,4.83599,3.87598,4.77478,4.09315
"MYEOV",1.78968,1.83206,3.163,2.3104,1.32433,1.53676,2.40893,2.16852
"MYF5",0,0,0,0,0.0494661,0,0,0
"MYF6",0,0,0,0,0,0,0.0608823,0
"MYH1",0,0,0,0,0,0,0,0
"MYH10",63.2388,60.5705,65.2301,61.8035,68.064,60.4298,67.8314,66.0038
"MYH11",0.0459945,0.098569,0.0646402,0.185536,0.114736,0.144712,0.122255,0.137856
"MYH13",0,0,0,0,0,0,0,0
"MYH14",0,0.0199784,0,0,0,0.00916048,0,0.0279428
"MYH15",0.0268488,0.0287517,0.0628484,0.024599,0.0278823,0,0.0396098,0.0893406
"MYH16",0.119762,0.25668,0.151255,0.138235,0.0938433,0.235034,0.0663729,0.150211
"MYH2",0,0,0,0,0,0,0,0
"MYH3",0.0316277,0.033871,0.126985,0.057989,0.164301,0,0.0699993,0.0842266
"MYH4",0,0,0,0,0,0,0,0
"MYH6",0,0,0,0,0,0,0,0
"MYH7",0,0,0,0,0,0,0,0
"MYH7B",0.0973937,0.0417256,0.0977326,0.0892599,0.131515,0.10527,0.150878,0.087519
"MYH8",0,0,0,0,0,0,0,0
"MYH9",191.593,194.749,193.613,190.526,216.913,210.35,216.367,183.765
"MYL1",0,0,0,0,0,0,0,0
"MYL10",0,0,0,0,0,0,0,0
"MYL12A",183.312,167.704,169.72,141.887,150.645,128.586,155.434,147.811
"MYL12B",693.215,679.566,695.845,556.966,535.942,526.001,585.085,596.193
"MYL2",0,0.107791,0,0,0,0,0,0
"MYL3",0,0,0,0,0,0,0,0
"MYL4",0.266607,1.65408,0.672923,0.182275,1.43534,0.940265,1.39472,1.27629
"MYL5",4.16806,1.85363,2.84647,2.36206,3.7333,3.54375,1.60863,3.62875
"MYL6",1021.57,1039.69,927.253,845.537,811.278,981.966,857.383,904.59
"MYL6B",123.194,116.839,127.405,154.806,130.374,144.108,114.145,120.424
"MYL7",0,0,0,0,0,0,0,0
"MYL9",203.112,173.921,197.341,189.617,210.572,181.895,184.747,185.294
"MYLK",3.64114,3.66153,3.20059,3.16952,3.54583,3.3141,3.4471,3.52111
"MYLK2",1.64022,1.93503,2.15774,3.58851,2.08106,2.54863,1.99419,2.60849
"MYLK3",0,0.00844542,0.00790925,0,0.00818786,0.00775054,0,0.00787102
"MYLK4",0.333531,0.337378,0.389094,0.196655,0.247611,0.225996,0.302245,0.266143
"MYNN",1.81446,1.59819,1.82046,1.82016,1.84233,1.61397,2.04139,1.89509
"MYO10",50.7469,47.0534,56.8617,44.8716,57.8991,47.4842,59.8871,49.6897
"MYO15A",0.00526923,0,0.0158388,0.0144633,0.0109326,0.0155375,0.0116569,0.0105107
"MYO15B",0.518002,0.36089,0.695779,0.571028,0.704535,0.617975,0.495926,0.742308
"MYO16",0.00921744,0.0394866,0.0184968,0,0,0,0,0.00920199
"MYO18B",0,0,0.00737069,0,0,0,0.00813262,0
"MYO19",12.0371,12.4422,9.79248,11.7334,9.80992,11.8792,9.86126,11.886
"MYO1A",0.0540699,0,0,0,0,0.0176857,0,0
"MYO1B",9.93242,10.7318,10.4513,9.76556,10.5375,9.90716,10.3144,10.9912
"MYO1C",52.3491,57.1626,50.7041,60.4065,61.0871,61.0438,53.9221,55.8839
"MYO1D",48.0092,44.5445,57.2774,44.6884,53.7869,44.0476,56.5558,40.8296
"MYO1E",1.30214,2.01662,1.37276,1.34506,0.70908,2.22121,1.39187,1.55532
"MYO1F",0.09308,0.0498494,0.0311954,0.185225,0.225972,0.167612,0.137395,0.0775559
"MYO1G",0,0.0429439,0,0,0,0,0,0
"MYO1H",0.0455609,0.0162667,0.0610716,0.0557866,0.0315996,0.0447517,0.100876,0
"MYO3A",0,0,0,0,0,0,0,0
"MYO3B",0,0.0222068,0.0104003,0.038029,0.0208436,0.0203742,0.011469,0.0103464
"MYO5A",36.7257,32.7599,39.3576,27.2866,34.8436,31.4968,42.0133,34.9796
"MYO5B",0.085753,0.23309,0.178533,0.271726,0.164297,0.233389,0.299188,0.289571
"MYO5C",6.50657,5.87822,6.53138,5.49727,6.71651,6.13256,5.57144,7.11587
"MYO6",22.2621,15.038,26.7471,14.2248,22.6763,12.7047,25.2915,16.1451
"MYO7A",0.568953,0.753639,0.462382,0.707559,0.618098,1.06829,0.461793,0.765249
"MYO7B",0,0,0,0,0,0,0,0.00942882
"MYO9A",2.51896,2.78103,2.38535,2.04167,2.85365,2.23559,2.61302,2.52791
"MYO9B",17.4815,17.5466,19.2463,18.2496,19.7319,19.1237,18.9108,17.1862
"MYOC",0,0,0,0,0,0,0,0
"MYOCD",0,0,0,0,0,0,0,0
"MYOD1",0,0,0,0,0,0.0378831,0,0
"MYOF",93.3853,81.7709,98.4957,85.4736,96.696,85.0487,93.6865,81.7164
"MYOG",0.0401987,0,0,0,0,0,0,0
"MYOM1",0.0229738,0.0615139,0.0461368,0.0210684,0.0477534,0.0338583,0,0.076206
"MYOM2",0.0512051,0.041131,0,0.0117454,0.0399262,0.0503039,0,0.0383732
"MYOM3",0.010992,0.0588593,0,0.0403143,0.0342655,0.0971989,0.0243288,0.054892
"MYOT",0,0,0.0790977,0,0.0817523,0,0,0
"MYOZ1",0,0,0,0,0,0,0,0
"MYOZ2",0.541553,0.138157,0.104076,0.142655,0.215286,0.278431,0.400037,0.258495
"MYOZ3",0.0375808,0.0805172,0.1324,0.207356,0.156557,0.0738104,0,0.169232
"MYPN",0.338768,0.306983,0.196315,0.393012,0.302189,0.307205,0.444809,0.323874
"MYPOP",12.6439,11.11,12.5068,16.4008,16.9297,16.2223,11.7806,12.7449
"MYRIP",11.0218,12.037,8.75515,10.7135,13.8208,13.4833,9.41554,10.0944
"MYSM1",20.6472,17.8245,22.1796,16.7581,22.9886,17.6612,24.0945,21.3608
"MYT1",0,0,0,0,0,0,0,0
"MYT1L",0,0,0,0,0,0,0,0
"MZB1",0,0,0,0,0,0,0,0
"MZF1",6.04781,5.59719,5.57038,8.72819,8.99732,8.27546,8.30029,7.24656
"MZT1",2.93603,2.30716,1.91986,2.42531,2.77377,2.41487,2.38612,2.63609
"MZT2A",110.965,101.689,91.8699,95.3876,93.6637,119.728,85.0849,90.7507
"MZT2B",138.892,162.917,130.786,150.263,179.911,201.419,129.251,123.385
"N4BP1",7.70824,7.3527,6.98301,9.91059,8.59731,7.81152,8.64157,7.35466
"N4BP2",1.00959,0.806343,0.89601,1.12128,0.769337,0.596579,0.803867,0.992864
"N4BP2L1",0.304475,0.582493,0.152955,0.479135,0.476033,0.383261,0.192177,0.217166
"N4BP2L2",11.4051,10.7544,12.875,11.0144,10.5607,9.50555,11.8705,12.0288
"N4BP3",7.58859,8.22606,9.38155,9.103,9.63893,10.2045,9.14563,9.57403
"N6AMT1",1.28098,1.42952,0.994867,1.26008,1.22033,1.20627,0.977719,1.58356
"NAA10",168.815,178.263,159.963,198.161,167.837,199.518,163.217,158.862
"NAA11",0,0,0,0,0,0,0,0
"NAA15",5.21491,5.51601,5.52628,4.70484,4.84005,5.03213,5.72014,5.18159
"NAA16",10.0673,8.71003,8.86491,9.04665,10.1991,8.46462,10.895,9.33288
"NAA20",16.003,14.5777,15.1629,11.932,16.875,12.3758,12.6139,12.507
"NAA25",2.83833,3.20513,2.65136,2.83879,2.93617,2.3807,3.21423,2.87686
"NAA30",5.9137,5.51487,6.95827,4.92635,6.55292,5.2355,7.21632,6.68947
"NAA35",4.07737,3.40658,3.52361,3.06707,3.78442,3.63994,4.27872,3.4009
"NAA38",7.03042,6.5383,7.40291,7.09609,5.50086,7.5919,9.16602,7.59007
"NAA40",14.7856,13.902,14.3181,13.9807,16.2815,14.0796,14.2424,15.9259
"NAA50",9.91692,9.02922,11.409,6.982,9.9931,7.31475,11.4758,7.96173
"NAA60",67.3767,69.192,74.816,62.3825,73.1464,70.3492,72.3443,69.2518
"NAAA",2.24983,2.24129,1.79356,1.69133,1.44493,1.77815,1.6975,1.41171
"NAALAD2",0.350234,0.809679,0.352745,0.739346,0.321938,0.343886,0.250994,0.123737
"NAALADL1",0.298181,0.212989,0.150376,0.206112,0.362921,0.146346,0.302837,0.199213
"NAALADL2",0.601277,0.727978,0.709101,0.695667,0.693113,0.590683,0.506377,0.796761
"NAB1",5.65037,5.70665,6.5925,5.61531,6.10048,5.34245,6.53735,6.03484
"NAB2",1.5996,1.97754,1.58844,2.6761,2.18209,2.05331,1.14513,1.57827
"NACA",1047.46,1100.1,910.942,926.45,873.531,904.953,883.966,935.257
"NACA2",0,0,0,0,0,0,0,0
"NACAD",3.48446,2.29711,2.67328,2.56315,3.32841,3.76829,3.40969,2.34851
"NACC1",34.0171,30.9258,30.832,37.83,36.2617,38.4246,32.2039,30.4839
"NACC2",12.0282,10.9788,11.4156,10.409,11.6309,10.7717,11.4564,9.94889
"NADK",26.7822,27.944,28.5488,28.7958,28.116,28.7401,24.9547,27.0956
"NADSYN1",22.927,20.3446,19.0592,21.1264,23.4877,24.489,18.9103,20.4506
"NAE1",11.1986,10.9564,11.4799,12.0631,13.5456,9.89184,12.3028,11.8319
"NAF1",9.90484,10.5969,11.9904,7.91216,10.436,9.51918,10.5121,8.4563
"NAGA",17.0524,16.3157,18.5277,19.2239,19.3595,18.1165,18.9154,17.1398
"NAGK",14.7074,12.2638,13.5928,13.0671,12.7631,11.4011,12.896,12.1891
"NAGLU",7.85721,6.25878,7.46024,8.79,7.73722,9.1625,7.7322,8.91887
"NAGPA",6.19207,5.75355,6.11571,5.54415,7.0606,7.22578,5.60151,4.52463
"NAGS",0.694865,0.602863,0.502015,0.428262,0.484424,0.519384,0.733713,0.232587
"NAIF1",3.33252,4.14631,4.10817,4.68063,3.56204,5.00395,4.17562,4.60216
"NAIP",3.14493,4.09403,3.2398,3.93236,4.03992,3.97382,4.8945,5.14037
"NALCN",0.962364,0.72712,0.991565,0.640592,0.98002,0.774096,0.81005,0.694313
"NAMPT",14.8925,13.131,14.6976,11.6309,13.236,11.9216,14.0412,13.0579
"NANOG",0,0.174858,0,0.030162,0.0341188,0,0.036177,0.0982908
"NANOGNB",0,0,0,0,0,0,0,0
"NANOS1",0.236573,0.193763,0.195779,0.21715,0.202613,0.218722,0.33889,0.0834524
"NANOS2",0,0,0,0,0,0,0,0
"NANOS3",2.39511,3.80307,2.55233,5.42304,3.31066,4.36444,4.91708,3.46696
"NANP",2.8784,2.56937,2.67157,2.23585,3.1924,2.50719,2.59895,2.60493
"NANS",18.8441,16.8022,17.8884,15.749,17.583,16.8076,17.7387,17.2284
"NAP1L1",115.139,111.199,109.547,98.2537,99.5545,94.071,105.012,101.903
"NAP1L2",0.364559,0.251113,0.157651,0.384163,0.0815259,0.17891,0.259682,0.104413
"NAP1L3",0.217385,0.103516,0.121782,0.333832,0.125967,0.0474209,0.133798,0.0726048
"NAP1L4",23.6796,21.5336,23.7421,22.0207,22.5741,23.3044,24.1179,21.7249
"NAP1L5",3.66663,4.53456,4.49647,4.82779,4.24248,4.80699,4.14415,3.68386
"NAPA",148.663,141.76,140.393,160.206,149.966,158.04,138.03,135.743
"NAPB",1.48011,1.55287,1.76055,1.27224,1.53317,1.26371,1.7256,1.73799
"NAPEPLD",1.58767,1.65677,0.903404,1.13859,1.17588,0.958877,1.43,1.36996
"NAPG",5.47403,5.05557,5.38428,6.22725,5.22388,4.86575,5.34631,6.27054
"NAPSA",0,0,0.159574,0.04865,0.109877,0,0,0
"NARF",86.0711,80.4314,91.1549,95.3674,83.3647,75.6848,92.1682,79.5507
"NARS2",0.55996,1.08664,0.753475,1.59833,1.28514,0.826985,0.886402,0.777856
"NASP",13.9035,15.4537,14.1229,13.0628,11.8704,13.5866,13.6496,12.8298
"NAT1",0.636116,1.26659,0.869657,1.39687,1.20731,0.939507,1.11766,0.754089
"NAT10",11.9708,15.049,12.0466,15.4246,12.9028,15.3252,11.3125,11.862
"NAT14",5.12695,3.82079,3.03364,4.8752,4.24813,5.00548,4.84762,3.73463
"NAT16",0,0,0,0,0,0,0,0
"NAT2",0.111621,0.0598595,0.113778,0,0.058747,0.109335,0,0.112713
"NAT8",0,0.0769735,0.147032,0.403712,0,0,0.0797834,0.0727155
"NAT8B",0,0.32179,0.206702,0.473432,0.106476,0.390094,0,0.203887
"NAT8L",0.0217079,0.0697438,0.0435834,0.0796118,0.0225559,0.0426574,0.0120115,0.0542008
"NAT9",1.87241,2.12877,2.92463,2.75652,3.09733,3.01568,2.34039,1.89339
"NAV2",9.36307,12.1283,10.4581,12.6412,11.2685,11.8029,10.6714,13.2089
"NAV3",2.47501,3.14538,3.44088,2.44995,2.46239,2.85796,3.77499,3.20264
"NBAS",8.04813,7.9535,7.55962,8.44612,7.67221,7.53777,8.286,8.22238
"NBEA",1.2474,0.970672,1.64518,1.47816,1.88238,1.21148,1.21884,1.55547
"NBEAL1",1.17404,1.23448,1.58748,0.578415,1.16821,1.21142,1.70155,1.33448
"NBEAL2",21.5923,25.0612,21.0073,29.8517,26.0601,31.6833,24.4316,28.6169
"NBN",10.1231,8.41593,8.14659,6.63061,7.08334,7.33184,7.5859,9.58201
"NBPF1",13.9459,14.0391,14.0853,12.9831,12.8806,13.1898,13.1005,14.1028
"NBPF10",1.41703,1.51731,1.52573,1.45756,1.20296,1.34671,1.82659,1.53617
"NBPF14",5.93921,5.11232,6.26045,5.45921,5.02392,4.66966,5.51943,5.65859
"NBPF3",2.16948,2.25513,2.44483,2.44909,1.70725,2.71647,1.86223,2.71167
"NBPF4",0,0,0.0271467,0.0248074,0,0.158383,0.0298042,0.0269671
"NBPF6",0,0,0,0,0,0,0,0
"NBPF9",4.89003,5.43304,3.94736,4.56568,4.697,4.46736,5.04068,4.53506
"NCALD",0.0182988,0.0196028,0.143657,0.10099,0.0953145,0.0898902,0.0202644,0.0549464
"NCAM1",0.0320238,0.0343199,0.0214243,0,0.0110824,0.0261784,0.0442607,0.0666101
"NCAM2",0.982166,0.987698,0.542226,0.594963,1.20135,0.551331,0.560616,0.867768
"NCAN",0,0,0,0,0,0,0,0
"NCAPD2",46.3425,45.7393,50.0121,51.9095,50.3995,45.7502,49.5774,49.4227
"NCAPD3",12.3086,10.933,14.7586,13.0183,10.9972,11.0608,12.1204,11.4861
"NCAPG",6.9017,7.5251,7.32359,6.24608,5.41172,6.90179,8.34245,6.1391
"NCAPG2",18.9879,17.3629,20.5854,14.9605,15.1506,14.4888,17.1432,15.7412
"NCAPH",19.1517,18.8682,22.1279,20.7587,19.9443,18.5089,23.5039,20.663
"NCAPH2",4.67948,3.61584,3.33255,4.68347,3.67686,4.26746,4.52083,3.59141
"NCBP1",23.3546,21.038,24.1586,22.7203,22.679,19.5097,25.4346,24.4699
"NCBP2",13.3085,14.2793,14.4016,14.3186,12.4681,13.2259,13.6352,11.9876
"NCCRP1",0,0.0749295,0,0,0,0.205727,0,0.0351165
"NCDN",8.11078,8.67469,8.91066,9.0719,9.75828,9.78203,8.25363,10.0234
"NCEH1",10.0098,9.55565,10.0982,9.19434,9.42778,7.13106,11.2581,9.65187
"NCF1",0,0,0,0.24199,0,0,0,0
"NCF2",0,0.147085,0,0.0317273,0,0.235591,0,0
"NCF4",0.15594,0,0.0529135,0.0399451,0,0,0.0955319,0.0524384
"NCK1",14.5699,11.364,13.4076,11.8068,13.8989,8.65409,13.0951,11.8723
"NCK2",25.1849,21.9282,28.1214,29.6773,26.8397,22.1556,27.6411,24.7064
"NCKAP1",44.6977,39.6426,49.4947,38.713,46.4553,37.0701,51.6315,45.086
"NCKAP1L",0.0519026,0.111198,0.0174022,0.047701,0.0720412,0.0509733,0,0
"NCKAP5",0.882402,1.15859,0.900401,0.966275,1.20661,0.907581,0.983156,1.01848
"NCKAP5L",11.7606,11.3573,12.2327,13.9544,14.6142,16.9814,12.8087,12.1418
"NCKIPSD",7.65921,8.53046,6.63756,8.70527,7.901,9.29554,6.4058,6.3309
"NCL",128.094,131.627,124.096,126.146,117.101,133.169,135.613,129.454
"NCLN",12.8469,13.7432,12.6973,17.6808,13.4841,17.1598,14.2832,13.0623
"NCOA1",7.92292,6.77106,7.7311,6.43139,7.83828,6.33409,8.64814,7.6694
"NCOA2",5.90804,5.1727,6.34784,5.00197,5.84043,4.46257,5.48523,6.04224
"NCOA3",11.4333,13.7235,14.6724,12.2187,12.4518,13.2652,14.5841,15.1829
"NCOA4",89.5511,89.1896,96.2451,84.3394,84.6947,76.4481,92.1348,82.0343
"NCOA5",20.9174,21.3902,21.75,23.0905,21.4844,21.9021,22.5204,21.5267
"NCOA6",37.0799,33.3348,40.7536,33.1502,38.4012,34.1731,41.9573,37.9802
"NCOA7",7.52021,7.52595,7.26035,7.73279,7.25967,6.26339,7.56447,7.75074
"NCOR1",27.2605,27.8116,31.6441,24.4779,28.6469,25.435,29.9284,26.5744
"NCOR2",24.5711,31.8987,28.2426,38.7438,32.7176,50.2929,32.5928,35.2266
"NCR1",0.409432,0,0.324177,0.624795,0.0733057,0.27156,0.0771386,0.618438
"NCR2",0,0.075994,0,0,0,0,0,0
"NCR3",0,0,0,0,0,0,0,0
"NCS1",10.1682,8.97661,9.22026,10.1436,10.0636,10.3934,10.3178,9.38956
"NCSTN",135.562,126.11,139.11,142.066,123.773,130.868,130.269,126.113
"NDC80",10.2534,10.1809,9.99842,8.85017,7.34082,8.58682,9.27282,8.71478
"NDEL1",22.9016,23.4248,21.6185,27.1178,27.1884,25.0212,19.9182,22.7258
"NDFIP1",57.7951,56.1036,65.9408,64.7003,66.9493,54.9682,50.7186,60.2119
"NDFIP2",8.28654,6.9791,6.46744,7.34179,7.07457,6.35587,4.41834,6.17113
"NDN",10.7052,12.4927,12.729,13.1565,12.9269,13.51,8.3471,12.0808
"NDNF",0,0,0,0,0.0964536,0.0454047,0,0.0231651
"NDOR1",4.89651,4.65718,4.21301,5.54569,4.90536,5.78519,4.40734,4.05847
"NDP",0.206321,0.810815,0.104388,0.190833,0.107917,0.16866,0.381289,0.483574
"NDRG1",14.6407,15.1211,15.3237,17.6798,14.2381,14.7879,11.5154,13.7077
"NDRG2",0.0692118,0.296815,0.315282,0.154185,0.250491,0.392682,0.332844,0.312964
"NDRG3",47.0051,47.8137,51.3895,49.0552,50.4781,45.444,52.339,51.7394
"NDRG4",41.5324,47.8604,42.6752,55.3926,41.1504,48.8346,46.3889,49.2253
"NDST1",40.6549,52.3538,45.4446,49.0426,47.0684,54.4944,45.5848,49.4463
"NDST2",11.219,10.1959,11.9119,13.2369,13.4383,11.105,10.5979,11.2628
"NDST3",0.0661962,0.0827095,0.097494,0.0697939,0.0448575,0.0325175,0.10989,0.12122
"NDST4",0,0,0,0,0,0,0,0
"NDUFA1",15.6577,11.5074,12.2606,7.6684,11.5414,8.35546,5.36954,6.68547
"NDUFA10",68.0298,74.9745,76.1528,75.5887,68.4012,64.1775,70.0656,67.2333
"NDUFA11",216.067,222.317,189.109,179.268,154.398,202.505,179.41,198.011
"NDUFA12",42.7353,49.8029,47.7187,40.5334,38.5354,42.3504,36.1872,42.6172
"NDUFA13",83.5224,97.0992,73.6302,85.58,78.1704,85.4994,80.2599,88.691
"NDUFA2",30.9725,27.1001,25.3099,17.2452,24.3327,24.9773,20.2111,25.8543
"NDUFA3",353.332,312.369,284.209,280.242,254.83,339.095,272.062,280.353
"NDUFA4",22.7716,23.1547,22.5284,25.647,19.3514,19.3958,18.4827,16.7407
"NDUFA4L2",0.189686,0.135666,0.193846,0.473032,0.466896,0.309516,0.0702791,0.319822
"NDUFA5",5.17422,5.08701,4.81311,4.37132,4.08494,3.15843,3.96104,4.18712
"NDUFA6",14.6663,14.0997,14.7297,13.418,9.31029,12.175,11.2914,11.3693
"NDUFA7",87.5423,87.5136,77.2482,80.0169,75.1441,91.4897,81.1169,77.4474
"NDUFA8",19.9151,18.5452,19.7869,14.9663,14.1141,16.5768,13.4516,15.2162
"NDUFA9",57.3241,58.3679,65.4915,58.7293,51.1949,51.1904,52.0937,51.35
"NDUFAB1",103.855,110.958,99.709,100.782,89.8682,89.7436,87.7596,99.5344
"NDUFAF1",5.96008,5.61713,5.58025,4.95333,3.61705,5.42247,6.10154,5.27954
"NDUFAF2",3.54817,1.97281,3.66622,1.9893,1.96984,2.02824,3.14344,2.38647
"NDUFAF3",86.7556,75.9498,75.1801,78.2768,68.6739,73.46,68.6648,80.846
"NDUFAF4",5.98665,6.98458,6.24266,5.98862,5.5793,5.62811,5.7665,5.05015
"NDUFB1",19.2251,17.8163,20.6321,14.6481,8.88155,11.5395,10.5865,13.0913
"NDUFB10",281.884,312.284,285.248,311.994,270.173,277.765,266.978,290.171
"NDUFB11",189.545,186.569,184.931,184.441,162.186,167.443,159.007,182.501
"NDUFB2",59.6646,64.7331,55.7821,61.7563,45.066,54.3272,47.9035,50.6776
"NDUFB3",20.293,21.5183,20.4315,22.7074,18.4845,20.6621,21.3697,22.3448
"NDUFB4",332.824,326.252,295.265,280.065,244.893,285.268,269.216,293.798
"NDUFB5",28.1493,29.6003,24.3265,21.6095,25.0156,19.5818,23.1324,24.9677
"NDUFB6",9.15452,9.1411,14.6107,12.9756,12.1412,10.6951,6.87855,8.82955
"NDUFB7",109.158,115.794,96.7238,109.117,87.5697,102.576,83.2568,96.7078
"NDUFB8",204.34,237.75,185.176,179.082,183.239,214.543,141.06,182.849
"NDUFB9",118.435,121.012,112.577,123.498,102.491,118.43,98.1253,106.863
"NDUFC1",119.329,118.216,120.951,91.4622,109.89,114.584,94.4766,110.031
"NDUFS1",25.787,26.7816,27.8552,21.3506,25.8777,21.0899,26.981,23.4475
"NDUFS2",32.1934,32.3303,29.1843,32.7973,32.1697,30.8775,27.1129,30.9195
"NDUFS3",35.3987,43.8225,31.0557,35.8414,27.9807,32.912,28.6821,34.2657
"NDUFS4",0.267601,0.863304,1.54137,1.15675,2.30549,1.82524,1.04724,0.964208
"NDUFS5",69.3721,62.9943,60.6798,56.927,53.642,60.6169,43.8408,47.1788
"NDUFS6",33.3297,30.3207,24.8665,19.7627,18.0111,23.1997,20.1683,19.4914
"NDUFS7",155.542,173.969,172.17,183.217,161.167,194.141,162.463,149.109
"NDUFS8",193.996,193.146,195.567,167.553,175.171,191.357,183.612,198.212
"NDUFV1",42.1256,38.268,35.9756,38.6182,33.911,40.3012,35.4496,35.3555
"NDUFV2",213.687,200.54,205.652,190.845,194.027,172.054,190.649,180.203
"NDUFV3",33.161,36.4077,34.2791,31.6601,27.7213,29.2173,31.9161,30.1687
"NEB",0.668162,0.513415,0.62316,0.567208,0.548034,0.576706,0.839951,0.669112
"NEBL",0.166083,0.091969,0.12459,0.192405,0.148768,0.048219,0.232294,0.0955402
"NECAB1",0.062329,0.0267018,0.0626035,0,0.0129587,0.0244934,0.0551883,0.074729
"NECAB2",0.0441939,0,0,0,0,0,0.0490435,0
"NECAB3",7.37657,9.07409,6.7063,8.67825,9.23809,9.07673,5.89304,7.01995
"NECAP1",7.82703,6.67061,6.93279,4.84917,6.33184,5.57714,7.0697,6.1626
"NECAP2",22.901,19.7528,23.2132,23.546,26.178,21.3215,21.5032,20.5926
"NEDD1",6.65626,4.98364,6.05544,6.30303,6.65258,5.41302,8.05848,5.48132
"NEDD4",10.8597,9.75045,10.9697,8.12271,9.80333,9.12778,11.7778,10.5733
"NEDD4L",7.82624,6.80328,7.70161,7.3868,7.9967,6.89916,8.04875,6.97031
"NEDD9",31.9168,29.2971,29.429,28.9482,25.9676,25.0881,29.2037,28.1855
"NEFH",7.34926,6.64274,7.02169,7.40511,5.43271,6.76321,6.3431,6.33381
"NEFL",0,0,0,0,0,0,0,0
"NEFM",0,0.0215283,0,0,0.0628133,0,0,0
"NEGR1",2.91534,2.45919,2.80267,2.52883,2.24586,1.88006,3.33847,2.63084
"NEIL1",3.30293,4.5807,3.73223,5.44905,5.82343,4.34834,4.51613,5.60692
"NEIL2",2.67826,2.84668,2.72846,3.11604,3.9262,3.01549,2.32923,3.99281
"NEIL3",2.80902,3.13044,3.48873,2.35876,2.43458,2.64644,2.95742,2.67641
"NEK1",1.07558,1.03041,1.09868,0.832543,0.879084,1.00144,1.06433,1.31087
"NEK10",0.177387,0.162911,0.306765,0.186876,0.158643,0.223863,0.0561548,0.203187
"NEK11",0.753131,0.435067,0.474747,0.787467,0.919439,0.304844,0.46438,0.768794
"NEK2",15.4991,19.1304,15.8012,15.2715,16.0155,13.1121,15.2535,15.6534
"NEK3",4.16968,3.79644,4.10313,3.92977,3.36642,3.9144,3.57025,4.01899
"NEK4",6.13762,6.10356,6.53215,5.37586,6.73432,5.77489,6.39131,7.53232
"NEK5",0.0683711,0.0488338,0.0229708,0.167907,0,0.067122,0,0.114139
"NEK7",30.2993,26.1909,36.4769,21.1407,34.8993,20.6352,30.5739,21.7183
"NEK8",0.395066,0.525392,0.157227,0.363888,0.439577,0.537085,0.231695,0.372475
"NEK9",9.29329,9.21462,9.82367,9.34826,8.46215,8.8529,9.18977,8.97284
"NELL1",0,0,0,0,0,0,0,0
"NELL2",0.0615068,0.0439259,0.0412952,0.0754625,0.0213561,0.0201237,0.0227006,0
"NEMF",8.32986,7.69529,7.24292,5.28294,7.28807,6.08728,6.9364,5.68904
"NENF",31.2712,26.5353,28.8405,24.0273,25.2721,27.0393,24.1834,31.994
"NEO1",0.0717758,0.163359,0.129038,0.0986509,0.0476918,0.14244,0.0694903,0.170219
"NES",12.121,16.0595,12.7783,14.5935,12.329,14.7283,13.2282,13.5651
"NET1",31.8936,33.5724,36.0955,29.4366,34.2145,28.8196,38.2807,36.9177
"NETO1",0,0,0,0,0,0,0,0
"NETO2",14.1863,16.429,15.9197,15.98,11.0249,11.6784,14.5182,14.3333
"NEU1",0,0,0,0,0,0,0,0
"NEU2",0,0,0,0,0,0,0,0
"NEU3",4.76003,3.31203,5.0639,6.13678,3.67719,4.68678,4.51051,6.31423
"NEU4",0,0,0,0,0,0,0,0
"NEURL1B",1.03805,1.29668,1.25392,1.42904,1.14861,1.60043,1.20168,1.52132
"NEURL2",1.88539,1.95919,1.62327,1.48503,1.92437,2.0772,1.4403,1.72675
"NEURL3",0,0,0,0,0,0,0,0
"NEURL4",1.66346,2.15147,2.01603,2.50867,2.09099,2.19421,1.64361,2.28033
"NEUROD1",0,0.0241033,0,0.145018,0,0,0,0
"NEUROD2",0.0218025,0.0233577,0.0219678,0.0200712,0,0.0214056,0.0241497,0
"NEUROD4",0,0,0,0,0,0,0,0
"NEUROD6",0,0,0,0,0,0,0,0
"NEUROG1",0,0,0,0,0,0,0,0
"NEUROG2",0,0,0,0,0,0,0,0
"NEUROG3",0,0,0,0,0,0,0,0
"NEXN",2.29412,1.99819,2.313,2.02884,1.72597,1.49092,2.89772,2.20708
"NF1",7.69605,6.9191,8.24953,6.27463,7.23919,5.99906,8.18607,7.52887
"NF2",12.6974,12.2662,12.9954,14.0095,13.1121,14.6333,15.2365,12.5459
"NFAM1",0.011392,0,0,0,0,0,0,0
"NFASC",0,0.0080477,0,0,0,0,0.00831449,0
"NFAT5",46.7556,68.3402,51.0818,57.8735,52.4705,57.0421,58.3228,82.4999
"NFATC1",36.4096,34.1366,38.7973,42.8801,49.3688,42.0125,39.9299,37.1598
"NFATC2",15.581,18.2249,17.3343,18.1003,22.1147,20.605,17.7461,20.0668
"NFATC2IP",14.7223,15.51,14.8305,12.1476,18.3592,15.8844,13.1791,15.7805
"NFATC3",18.3163,20.9155,23.8085,22.1141,20.2516,20.9154,21.7444,22.0253
"NFATC4",8.91291,8.93795,8.78683,10.2721,12.003,9.88776,12.1061,8.93664
"NFE2",0,0,0,0,0,0,0,0
"NFE2L1",39.8298,40.4598,42.4229,40.8453,40.6486,40.1073,40.1912,38.7244
"NFE2L2",61.6562,48.364,59.8565,49.8308,53.7548,38.6651,61.4839,54.106
"NFE2L3",13.1554,11.417,11.5113,11.1094,11.0605,10.4291,12.7705,12.2465
"NFIA",11.0402,15.0624,11.986,14.8885,11.2424,11.9981,12.4547,19.1574
"NFIB",66.4815,77.1399,65.6349,63.3883,61.9363,67.1164,76.2069,78.8862
"NFIC",45.78,50.1993,46.6859,49.478,51.8165,57.555,53.8072,44.9203
"NFIL3",6.30884,7.64177,6.81258,4.43468,6.11586,6.41498,6.04739,6.4125
"NFIX",25.2047,23.1241,22.6115,23.8185,23.9531,28.2662,24.9314,21.5271
"NFKB1",23.8958,19.0171,21.1805,17.0358,20.7061,19.113,21.5267,18.0513
"NFKB2",6.94727,5.21181,7.32449,5.83988,7.76463,5.50224,7.45031,4.20906
"NFKBIA",19.5071,12.5784,14.0407,14.1059,17.1317,11.9898,14.3324,12.3659
"NFKBIB",7.01385,7.91561,8.25249,10.3007,6.62908,7.79223,5.9296,7.1166
"NFKBID",4.64748,3.53983,3.37999,4.37739,4.50881,4.1885,3.53137,4.03163
"NFKBIE",4.6733,2.75405,3.58893,3.56682,4.14542,3.82245,4.20011,2.86281
"NFKBIL1",0,0,0,0,0,0,0,0
"NFRKB",10.154,8.6877,9.82226,10.6317,10.6982,10.4904,9.6422,11.2423
"NFS1",5.28355,4.05908,4.36364,5.05609,4.95696,4.35424,4.40057,3.84023
"NFU1",30.1642,28.7335,28.436,23.8546,28.0837,30.5292,33.5771,30.4632
"NFX1",13.3989,15.6284,15.5799,17.4841,15.8639,15.6124,17.5493,18.1674
"NFXL1",2.37901,2.0795,2.00172,2.27902,2.82189,1.71773,2.30424,2.48485
"NFYB",3.18985,2.44931,3.26429,2.51306,3.11149,2.45294,2.92879,2.34453
"NFYC",55.7608,54.9087,59.3042,56.6383,51.9739,57.193,48.7666,60.5825
"NGB",0,0,0,0,0,0,0,0
"NGDN",12.8942,12.5814,10.6056,10.3148,8.56134,8.79602,9.95481,11.0026
"NGEF",0.165558,0.329419,0.190763,0.392186,0.123327,0.673314,0.235812,0.379119
"NGF",0,0,0,0,0,0,0,0
"NGFR",0,0.020526,0.0771559,0.0176221,0,0,0,0
"NGLY1",5.7087,6.82402,7.84999,6.62521,6.74665,5.27368,6.30062,5.99739
"NGRN",31.1366,29.6845,28.8293,28.0173,27.8093,27.2036,24.2844,28.889
"NHEJ1",11.3982,9.56656,8.85944,10.19,9.35416,10.8824,11.4848,10.99
"NHLH1",0.576548,0.421205,0.370229,0.74913,0.273507,0.591606,0.522698,0.367803
"NHLH2",0,0,0,0,0.0279958,0,0,0
"NHLRC1",0.416238,0.480397,0.679837,0.384652,0.200832,0.502619,0.319461,0.417863
"NHLRC2",4.6132,4.60587,4.53879,3.73503,4.40653,4.18345,4.55907,4.48974
"NHLRC3",1.53231,1.34175,1.20493,0.608398,1.17282,1.44704,1.10146,1.25328
"NHLRC4",0.268768,0.216041,0.169933,0.0931949,0.0351373,0.263664,0,0.134961
"NHP2",198.297,209.403,209.153,206.211,179.983,196.994,173.131,195.604
"NHS",0.821535,0.993746,1.26979,1.64367,0.895718,1.19022,1.56619,1.89185
"NHSL1",15.006,17.4507,18.0024,16.4603,14.3904,16.0478,16.3895,14.882
"NHSL2",5.42851,3.63822,2.8462,10.5193,7.05521,2.06658,14.2765,1.2924
"NID1",136.738,154.971,143.236,154.535,151.735,157.781,142.398,145.725
"NID2",2.97307,2.63118,2.83202,3.50406,3.4655,3.15907,2.77103,3.53006
"NIF3L1",8.63911,9.58468,8.33062,7.81412,7.11492,6.0316,8.62391,9.50354
"NIN",7.79265,7.83,8.3896,6.00716,7.86503,6.49869,9.46844,7.74705
"NINJ1",107.379,120.066,111.762,141.111,117.831,123.872,93.1427,116.524
"NINJ2",1.14864,1.42306,1.36621,1.75163,1.3145,1.72714,0.688915,1.07931
"NINL",5.052,5.4918,5.04336,4.58684,5.19846,5.81081,5.31173,6.59176
"NIP7",5.17138,7.23023,4.75363,4.94659,3.78676,4.46398,5.37522,4.79772
"NIPA1",4.50723,3.73064,4.36626,3.3607,3.91152,3.56189,3.51955,3.73676
"NIPA2",17.7049,16.9781,19.5898,17.9769,17.4182,13.7447,17.697,19.2247
"NIPAL1",0.404421,0.400066,0.471666,0.574776,0.130053,0.213666,0.137941,0.281014
"NIPAL2",4.50113,3.24337,4.33858,4.56258,4.87908,3.33373,4.34314,4.15397
"NIPAL3",6.26967,5.78007,5.32575,6.58122,6.11215,4.15759,4.53813,6.10264
"NIPAL4",0,0,0.0205587,0,0.0212687,0,0,0.0408787
"NIPBL",5.77919,5.51222,6.21923,5.38736,5.87072,4.43624,6.35151,5.75617
"NIPSNAP1",12.2075,13.4364,9.20941,14.4682,10.1207,14.1109,11.0085,12.3778
"NIPSNAP3A",18.3843,12.8007,17.0525,12.5453,16.1734,13.0852,14.9799,14.7206
"NIPSNAP3B",0.199945,0.0857355,0.283795,0.222391,0.335207,0.196063,0.26617,0.442461
"NISCH",32.5132,30.5294,30.6604,34.9855,36.268,37.1435,33.2234,33.8383
"NIT1",10.4769,7.0056,7.07421,8.68285,8.05191,8.46454,6.67887,6.9477
"NIT2",12.1359,15.6915,10.8168,16.6587,11.0276,11.1871,10.7626,10.4508
"NKAIN1",0.113446,0.121542,0.205813,0.167156,0.118279,0.155924,0.125669,0.0681777
"NKAIN2",0.277349,0.204261,0.159578,0.21872,0.247687,0.27264,0.285215,0.277769
"NKAIN3",0,0,0,0,0,0,0,0
"NKAIN4",0,0,0,0,0,0,0,0
"NKAP",8.21169,7.93826,7.83788,7.20855,5.79137,7.2578,6.92213,8.26978
"NKAPL",0.043168,0.277682,0,0.240356,0.27164,0.550168,0.239504,0.217276
"NKD1",0.0216613,0,0.0434364,0.0132223,0.0299787,0.0141921,0.00798803,0.0288195
"NKD2",0,0.0832369,0,0.143882,0.162671,0.0380743,0.0430663,0.0390418
"NKG7",0,0,0,0,0,0,0,0
"NKIRAS1",0.759555,0.888119,1.46729,1.66058,0.578743,0.541873,0.689066,1.35249
"NKIRAS2",47.4989,46.4769,48.4103,46.7817,56.6343,50.8074,48.5838,40.5441
"NKPD1",0.0411878,0.0147047,0.0137956,0.0756069,0.0713865,0.0539471,0.0151971,0.0411642
"NKRF",4.15884,3.57382,3.00275,3.42871,2.75174,2.66741,3.58473,2.76967
"NKTR",11.6876,10.3137,11.6629,9.86028,11.5574,10.5439,12.5762,12.245
"NKX1-2",0,0,0,0,0,0,0,0
"NKX2-1",0,0,0,0,0,0,0,0
"NKX2-2",0,0,0,0,0,0,0,0
"NKX2-3",0,0.035009,0,0,0,0,0,0
"NKX2-4",0,0,0,0,0,0,0,0
"NKX2-5",0.195892,0.181288,0.12868,0.313744,0.221631,0.103571,0.195171,0.0707209
"NKX2-6",0,0,0,0,0,0,0,0
"NKX2-8",0,0,0,0,0,0,0,0
"NKX3-1",0.0817993,0.166583,0.242042,0.147435,0.227722,0.160686,0.0487132,0.0440413
"NKX3-2",0,0,0,0,0,0,0,0
"NKX6-1",0,0,0,0,0,0,0,0
"NKX6-2",0,0,0,0,0,0,0,0
"NKX6-3",0,0,0,0,0,0,0,0
"NLE1",3.46865,4.48396,3.92625,7.44918,5.34833,6.36083,3.62258,4.73898
"NLGN1",4.03958,4.29991,2.62637,3.72217,7.08728,2.78132,4.11518,4.30874
"NLGN2",59.6495,51.1464,58.6048,72.9887,71.62,72.5289,58.5445,57.9521
"NLGN3",0.47998,0.324366,0.253824,0.288935,0.46509,0.396534,0.34263,0.437475
"NLGN4X",0,0,0,0,0,0,0,0
"NLGN4Y",0,0,0,0,0,0,0,0
"NLK",19.8916,17.3921,25.6084,18.5528,22.8974,18.4962,22.8556,18.0302
"NLN",5.28825,6.90873,8.69281,5.43312,6.83092,5.35836,6.14336,5.61577
"NLRC3",0.277952,0.425231,0.338709,0.43672,0.299045,0.448687,0.318555,0.505511
"NLRC4",0.0608458,0,0.0408504,0.0933044,0,0.039833,0,0.0406056
"NLRC5",0.769739,0.736067,0.689726,0.980782,1.14359,0.99858,0.730845,0.869923
"NLRP10",0,0,0,0,0,0,0,0
"NLRP11",0,0,0,0,0,0,0,0
"NLRP12",0.0674968,0.192885,0.106466,0.40215,0.175636,0.126295,0.228112,0.206125
"NLRP13",0,0,0,0,0,0,0,0
"NLRP14",0.262271,0.421049,0.414836,0.22993,0.111608,0.441519,0.2374,0.250229
"NLRP2",0.424254,0.573031,0.464116,0.450224,0.595461,0.470972,0.542347,0.395833
"NLRP3",0.0168925,0.0525017,0.135973,0.100474,0.0703465,0.0497843,0.0561216,0.0337969
"NLRP4",0,0,0,0,0,0,0,0
"NLRP5",0,0,0,0,0,0,0,0
"NLRP6",0,0,0,0,0,0,0,0.0499662
"NLRP7",0,0,0,0,0,0,0,0
"NLRP8",0,0,0,0,0,0,0,0
"NLRP9",0,0,0,0,0.0586914,0,0,0
"NLRX1",1.68807,2.99318,1.99673,2.68423,2.96038,2.88367,1.88462,2.35321
"NMB",6.22717,5.02557,4.47294,4.89546,4.40008,4.88084,4.37154,4.52697
"NMBR",0,0,0,0,0,0,0,0
"NMD3",5.05046,5.03199,5.35362,4.34207,3.82177,4.50206,4.60244,4.05879
"NME3",7.39927,7.53042,6.09125,9.22404,7.92344,7.54272,5.48682,7.75836
"NME4",220.157,201.257,202.368,211.452,187.498,201.643,191.076,196.404
"NME5",0.851848,1.10962,1.36685,1.42106,1.28283,0.655383,0.743792,0.799735
"NME6",10.5057,10.06,9.13116,9.12195,11.0078,10.0934,11.2389,8.36191
"NME7",4.93295,5.36013,5.17105,5.88801,4.33673,5.4797,4.25589,4.86715
"NME9",0.279562,0.900662,0.481108,0.264401,0.495833,0.728387,0.934552,0.949738
"NMI",3.35638,3.07743,2.32471,3.57343,3.27017,2.81256,1.99804,2.50067
"NMNAT1",1.85975,1.64164,1.3166,2.02279,1.93597,1.92798,2.24984,2.29294
"NMNAT2",0.0117265,0.0125589,0.0942383,0.118352,0.0121876,0.0691512,0.0389463,0.0234333
"NMNAT3",0.433629,0.425454,0.817926,0.686829,0.569372,0.325502,0.454854,0.566396
"NMRAL1",18.1194,19.5449,15.8324,17.1362,16.0523,20.1014,17.2556,17.7805
"NMS",0,0,0,0,0,0,0,0
"NMT1",41.1216,49.0903,46.0895,45.5509,41.3885,43.1553,44.1252,41.7291
"NMU",0.307589,0.440563,0.106213,0,0.109408,0,0,0.314215
"NMUR1",0.100381,0.0430142,0,0.110821,0,0,0.0444688,0.0401917
"NMUR2",0,0,0,0,0,0,0,0
"NNAT",27.949,33.4972,34.8161,40.318,31.0109,36.983,30.5696,31.1279
"NNMT",43.1162,32.2609,41.5623,32.7462,35.6504,29.0126,44.6054,27.8739
"NNT",10.942,10.9592,12.5362,11.6235,10.2172,10.165,11.6663,11.7438
"NOA1",13.1119,12.0026,12.1612,12.052,13.137,12.4852,14.0036,12.0473
"NOB1",31.5723,33.9091,29.9429,34.0204,34.7289,35.714,32.3015,30.323
"NOBOX",0,0,0,0,0,0,0,0
"NOC2L",7.12834,8.24831,6.33685,8.97505,7.58297,9.12027,7.05479,6.78466
"NOC3L",1.96377,2.18536,1.84248,1.57808,1.37014,1.47905,1.8791,1.64085
"NOD1",11.019,9.42375,8.35055,8.44505,9.77261,9.2936,9.91247,10.7134
"NOD2",0,0,0.0144518,0,0.0299118,0.0423736,0,0.0287463
"NODAL",0,0.0351965,0,0.0303581,0.1717,0.0322188,0,0.0659514
"NOG",0.0366457,0.274955,0.259771,0.339236,0.613769,0.0718846,0.0812826,0.257813
"NOL10",5.90091,8.13431,6.43766,5.972,6.13347,6.27013,6.23289,6.21749
"NOL11",11.8366,10.9813,11.4731,11.2216,10.1745,8.99117,13.1647,9.9118
"NOL12",7.7744,8.31492,6.33945,9.68249,6.68369,11.1701,8.25723,8.23293
"NOL3",2.89399,3.47623,2.29547,2.65103,4.3029,4.31489,3.18445,2.61828
"NOL4",0,0,0,0,0,0,0,0
"NOL6",9.16825,10.1704,8.76456,11.8995,10.2718,10.362,9.76201,8.47556
"NOL7",14.6679,11.4666,11.3567,12.7079,10.6925,11.6126,8.67007,10.2811
"NOL8",4.15409,4.4113,3.5642,3.67069,4.01272,3.59202,4.39313,4.10933
"NOL9",12.2041,11.4896,12.3014,14.9575,12.8056,13.1132,13.2897,12.8586
"NOLC1",22.3486,26.4754,22.4888,24.2185,20.914,26.0188,27.9324,22.1977
"NOM1",3.59899,3.75808,3.74405,3.63012,3.33281,3.50931,3.50983,3.80314
"NOMO1",16.7056,18.2359,17.0857,16.0127,15.9857,17.5008,17.415,15.9409
"NOMO2",3.51166,3.40665,3.11861,3.69832,3.44794,3.44897,3.20945,3.51416
"NOMO3",0.524022,0.288655,0.331116,0.384949,0.404957,0.544135,0.546957,0.464008
"NONO",230.534,225.514,223.912,230.789,210.267,219.986,219.602,229.633
"NOP10",150.25,158.379,144.898,147.52,112.448,152.786,133.107,133.94
"NOP14",19.3675,23.168,23.9661,26.5415,21.3723,21.0743,23.0209,23.7296
"NOP16",9.35207,10.0794,11.4382,8.09094,6.83806,8.82653,9.62815,9.29186
"NOP2",19.6847,23.809,21.3178,20.5249,20.0773,23.2831,23.739,16.6091
"NOP58",12.1179,12.3828,9.8889,9.09024,9.29606,9.67558,10.4472,10.2255
"NOS1",0.0465192,0.0311197,0.0349517,0.0425573,0.0301548,0.0399932,0.0128556,0.0613696
"NOS2",0,0,0,0,0,0,0,0
"NOS3",20.5165,25.5507,19.361,27.0953,24.2247,27.9692,16.8934,26.8379
"NOSIP",89.6085,90.5385,85.7881,91.4995,78.7419,87.8931,80.8102,77.4151
"NOSTRIN",0.224912,0.0400992,0.143659,0.0346527,0.196221,0.0734409,0,0.188395
"NOTCH1",34.8707,0,38.3871,41.5417,45.9775,0,42.485,44.0919
"NOTCH2",11.105,11.9564,11.88,11.7035,12.3951,12.2986,12.4751,12.7562
"NOTCH3",0.929801,1.13492,0.830567,1.6959,1.0756,1.50499,1.14818,1.41592
"NOTO",0,0,0,0,0,0,0,0
"NOTUM",0,0,0,0.0566926,0,0.0903371,0,0.030799
"NOVA1",5.56339,5.12785,6.14845,3.33816,4.65085,5.21073,5.22949,4.4722
"NOVA2",74.8273,62.888,67.8229,84.1035,102.95,116.238,77.9845,81.439
"NOX1",0,0,0,0,0,0,0,0
"NOX3",0,0,0,0,0,0,0,0
"NOX4",29.0841,26.5,37.7099,35.422,34.999,27.2566,30.5466,35.8236
"NOXA1",0.440038,0.0943247,0.0508637,0.122512,0.138452,0.341725,0.146461,0.0885784
"NOXO1",0.0670537,0,0,0.125644,0.495995,0,0.0528027,0.0958591
"NOXRED1",0.0374509,0.0802868,0.227616,0.312115,0.0784251,0.14692,0.249222,0.188236
"NPAS1",0.201687,0.0720531,0.102016,0.155411,0.0351567,0.0989281,0.14908,0.168794
"NPAS2",62.8731,73.0042,70.5432,81.3997,71.0524,81.1437,71.5942,84.2952
"NPAS3",0.0327361,0.0584387,0.0109475,0.0200061,0.0113269,0.0428877,0.0845461,0.0435958
"NPAS4",0,0,0,0,0,0,0.0220322,0
"NPAT",6.03856,5.54443,6.25778,5.81918,5.33427,5.19314,7.4211,6.08037
"NPB",0,0.165232,0,0,0,0,0,0.158758
"NPBWR1",0,0,0,0,0,0,0,0
"NPBWR2",0,0,0,0,0,0,0,0
"NPC1",13.0154,10.9238,11.594,12.8384,13.3988,14.1077,13.0374,12.9381
"NPC1L1",0,0,0,0,0,0,0.0286064,0
"NPDC1",109.944,117.132,112.724,150.335,149.151,151,116.318,117.851
"NPEPPS",71.0199,67.7347,62.3205,66.2478,67.1595,75.8008,72.9575,70.4898
"NPFFR1",0,0,0,0,0,0,0,0
"NPFFR2",0,0,0,0,0,0,0,0
"NPHP1",0.727271,1.22683,1.03077,1.12558,1.9383,0.923514,2.2714,1.0454
"NPHP4",1.70268,1.57934,1.86445,2.10034,2.07764,2.1355,1.93231,1.53501
"NPHS1",0,0,0,0,0,0,0,0
"NPHS2",0,0,0,0,0,0,0,0
"NPL",0.574282,0.424251,0.524494,0.617273,0.449204,0.251899,0.30804,0.647314
"NPLOC4",44.9561,40.4891,53.5739,50.7967,47.7554,49.4807,47.7155,46.5366
"NPM1",961.33,1018.09,985.175,924.021,855.534,882.145,942.287,938.2
"NPM2",0.139068,0,0,0,0,0,0.231984,0
"NPM3",58.8642,61.2499,63.8964,90.8233,70.7649,66.3556,50.6304,72.917
"NPNT",0,0,0,0.0394048,0.0291659,0.0826645,0.0316756,0.0142948
"NPPA",0.192817,0.103544,0,0.273878,0.410831,1.03593,0.322373,0.786687
"NPPB",0,0,0,0,0,0,0,0
"NPPC",0,0,0,0,0,0,0,0
"NPR1",0.0618656,0.679213,0.0933017,0.596599,0.160918,0.5317,0.136979,0.386602
"NPR2",5.39633,4.38965,4.56354,4.81395,5.35085,4.99839,4.73492,5.18258
"NPR3",0,0.0213215,0.0199808,0,0,0.0293448,0,0.00993965
"NPRL2",7.3012,7.33007,6.12713,7.97295,6.37729,7.61238,7.92175,8.46893
"NPRL3",37.7132,37.4124,35.0561,41.4643,46.8539,49.5056,41.6394,34.7568
"NPS",0,0,0,0,0,0,0,0
"NPSR1",0,0,0,0,0,0,0,0
"NPTN",119.148,106.92,114.329,106.804,124.634,99.7151,107.389,112.284
"NPTX1",0.0822953,0.113318,0.118054,0.0862605,0.0122189,0.115504,0.20818,0.0704646
"NPTX2",0.196716,0.079038,0.0495987,0,0.230858,0.0724119,0.0544862,0.0739219
"NPTXR",0.613903,0.739639,0.638304,1.0554,0.60373,0.850906,0.509534,0.875911
"NPVF",0,0,0,0,0,0,0,0
"NPW",1.15273,2.39199,1.02574,1.66127,1.22084,2.02953,0.684123,0.936061
"NPY",0.178763,0,0,0,0,0,0,0
"NPY1R",0.0223912,0,0.0225655,0.0412355,0,0.0659482,0,0.0672772
"NPY2R",0,0,0,0,0,0,0,0
"NPY5R",0,0,0,0,0,0,0,0
"NQO1",65.8748,72.2845,68.9182,61.5806,55.2047,58.5436,60.6999,67.6365
"NQO2",17.2121,17.6065,17.2636,18.4743,17.1159,16.4336,16.59,17.6877
"NR0B1",0,0,0,0,0,0,0,0
"NR0B2",0,0,0,0,0,0,0.0647151,0
"NR1D1",4.08526,3.99579,4.64535,4.52904,5.21541,5.15711,4.42876,3.73431
"NR1D2",6.61082,5.08741,7.38685,6.78018,6.27179,4.67932,7.75164,6.13012
"NR1H2",18.2485,17.5989,17.2118,15.6151,19.9352,18.5341,14.9239,16.7961
"NR1H3",2.53847,1.57153,2.44611,2.82137,2.11239,1.99024,1.56878,1.50909
"NR1H4",0,0,0,0,0,0,0,0
"NR1I2",0,0,0,0,0,0,0,0.0254661
"NR1I3",0.541496,1.16212,0.484954,0.697423,0.572008,0.993809,0.827957,1.23401
"NR2C1",16.8841,15.9067,15.6683,17.4992,17.0739,13.7745,17.5926,17.5399
"NR2C2",9.00452,10.1153,10.81,9.42584,10.2635,9.91152,10.8704,11.7491
"NR2C2AP",3.68811,2.49525,2.66133,2.32869,3.28583,3.22334,2.89952,3.26657
"NR2E1",0,0,0,0,0,0,0,0
"NR2E3",0.0345028,0,0.139653,0.0957426,0.10415,0,0,0.0346524
"NR2F1",16.1221,14.0153,14.9535,17.4903,17.8472,16.4277,16.5564,13.4626
"NR2F2",141.767,128.667,128.501,147.024,148.242,143.512,145.371,143.26
"NR2F6",7.54228,8.83116,7.56479,9.10148,8.10243,11.2275,6.56414,6.18395
"NR3C1",2.01934,2.27598,2.07577,1.89465,2.12046,1.75914,2.19364,1.82439
"NR3C2",11.0867,10.3783,12.8214,8.34502,9.47961,7.32473,11.4284,9.36815
"NR4A1",0.984356,1.02624,1.31562,1.47202,1.83274,1.22724,0.85479,0.853525
"NR4A2",0.53706,0.288264,0.715979,0.374638,0.465792,0.322026,0.449415,0.32773
"NR4A3",0.0520992,0.0827157,0.079612,0.041555,0.0807995,0.127039,0.0501414,0.0452631
"NR5A1",0,0,0,0,0,0,0,0
"NR5A2",4.07905,2.93592,2.88567,2.73206,3.73656,2.51254,2.58946,3.26727
"NR6A1",0.78823,0.253821,0.647887,1.18625,0.417642,1.15633,0.438635,0.800482
"NRAP",0,0,0,0,0,0,0,0
"NRARP",22.5068,17.7412,25.5262,21.0965,22.9955,17.6222,20.053,18.9063
"NRBF2",12.0277,12.1475,11.5875,10.694,11.4805,11.1873,12.7714,11.3533
"NRBP2",12.1472,11.7094,12.3622,13.0531,15.5304,13.6862,13.3359,13.2278
"NRCAM",23.9035,31.0291,25.5465,30.131,23.5061,28.0353,27.3682,29.6434
"NREP",76.6333,100.773,90.2447,113.386,73.4636,91.7702,89.6042,108.505
"NRF1",3.69684,5.6663,4.33964,5.22645,6.18447,4.17053,4.29976,5.33498
"NRG1",129.392,99.9415,133.661,97.3621,118.776,85.5858,132.438,97.7952
"NRG2",0.105025,0.408171,0.184182,0.450492,0.242573,0.390528,0.238481,0.420257
"NRG3",8.33778,10.3928,8.28657,9.15001,9.38861,7.95658,9.2279,7.84913
"NRG4",0.125008,0.234443,0.22113,0.346465,0.130654,0.18398,0.485013,0.188208
"NRGN",314.4,314.346,289.181,363.035,297.769,380.933,317.479,295.284
"NRIP1",3.58748,4.09891,4.0327,2.95803,3.64357,3.15233,3.75455,4.09861
"NRIP2",0.448522,0.541202,0.57154,1.04563,0.531177,0.549165,0.809633,0.396323
"NRIP3",4.29107,3.5505,4.26255,4.15454,2.80999,4.0272,3.75102,4.08446
"NRK",0.349546,0.407947,0.550006,0.430876,0.312138,0.245995,0.392349,0.417878
"NRL",0.0349351,0.26211,0,0.355511,0,0.20561,0,0.105313
"NRM",0,0,0,0,0,0,0,0
"NRN1",13.4361,12.1349,10.6616,12.4018,12.7473,11.3235,11.1175,14.3573
"NRN1L",0.478379,0.456022,0.746012,1.73007,1.00641,0.934837,0.472226,0.429092
"NRP1",58.4481,62.4733,61.0043,67.56,60.7947,56.7774,57.9217,69.2886
"NRP2",91.9375,108.751,80.5076,104.34,106.954,108.421,85.629,110.011
"NRSN1",0,0,0,0.0258488,0,0,0,0
"NRSN2",30.1318,30.203,28.344,37.4614,33.778,34.8634,29.597,29.7212
"NRTN",0,0.0742756,0,0,0,0.135482,0,0
"NRXN1",0,0,0,0,0.0237993,0,0,0
"NRXN2",0,0,0,0,0,0.0373331,0.0210474,0
"NRXN3",0.53274,0.68684,0.669685,0.451444,0.497808,0.527062,0.578412,0.776102
"NSA2",39.3714,36.8457,27.7219,24.0439,26.3034,28.0076,27.2904,27.4887
"NSD1",8.10766,8.82967,8.38937,7.80046,8.37912,9.52569,8.59599,9.05298
"NSDHL",20.4163,18.2986,19.6598,22.3283,22.6442,19.7286,20.3079,20.5957
"NSL1",1.2999,1.43872,1.53304,1.53802,1.43533,1.48551,1.45803,1.50199
"NSMAF",13.0642,10.9726,11.4328,11.1214,11.5563,11.3248,10.9288,12.1728
"NSMCE1",20.4435,26.4545,22.7095,20.9054,19.1666,26.1203,18.0602,17.4616
"NSMCE2",5.77709,5.58171,5.26953,4.1678,5.16923,3.17229,7.2045,6.34619
"NSMCE4A",32.9226,33.2482,35.1898,29.9797,29.8015,27.9032,27.815,30.4698
"NSUN2",12.4115,13.1628,11.324,10.0605,12.4557,11.1977,12.2615,12.517
"NSUN3",2.42211,4.22037,2.53855,2.59898,5.10998,2.54495,2.51209,3.841
"NSUN4",3.69949,4.10463,3.59881,4.07048,4.13767,3.66266,3.74152,4.24059
"NSUN5",0.85066,1.02052,0.710847,1.15524,0.882084,1.02466,1.04373,0.622636
"NSUN6",2.95103,3.03649,1.84553,3.06002,2.0892,2.02968,3.35713,3.0877
"NSUN7",0.0176305,0,0.0177391,0,0.0367096,0.0173145,0.0195218,0
"NT5C",9.36669,6.1851,7.73344,7.98989,7.81444,8.91891,5.90079,7.42116
"NT5C1A",0,0,0,0,0,0,0,0
"NT5C2",21.2046,16.864,21.1025,17.4025,20.3101,15.5497,20.0292,17.5063
"NT5DC1",16.8588,16.9034,18.385,15.1403,16.3694,15.4537,14.4223,17.3227
"NT5DC2",170.616,167.606,179.168,175.05,166.708,169.879,164.123,163.849
"NT5DC3",1.51446,1.12931,1.2998,1.38996,1.65358,1.39878,1.10257,1.44171
"NT5E",39.3367,49.3293,41.569,44.4082,45.3382,46.8788,37.2899,50.61
"NT5M",0.179098,0.192021,0.181871,0.166301,0,0.131672,0.14907,0.09018
"NTAN1",64.7146,67.3722,67.8952,65.4709,61.4895,59.0852,62.753,65.8576
"NTF3",0.884681,0,0.223822,0.462125,1.17318,0.0631955,0.426942,0.463622
"NTF4",0.616911,0,0,0,0,1.17941,0,0
"NTHL1",13.9045,11.1454,10.5362,13.4624,10.8775,15.0442,7.092,11.4464
"NTM",2.3427,1.65713,1.06752,2.92256,1.38006,1.61795,1.80993,1.67213
"NTN1",0.0213939,0.0343672,0.0322129,0.137297,0.0666856,0.0735711,0.0355126,0.0640974
"NTN3",0,0,0,0,0,0,0,0
"NTN4",103.925,54.1448,102.64,70.24,123.66,57.0854,102.886,55.506
"NTN5",0,0,0,0.0351182,0,0,0,0
"NTNG1",0,0,0,0,0,0,0,0
"NTNG2",0.0427096,0.114389,0.107567,0.0982792,0.0890236,0.0629002,0.0236529,0.0427646
"NTPCR",36.0106,31.4412,32.6084,29.7963,29.6626,28.8516,29.0549,33.5562
"NTRK1",0,0,0,0,0,0,0,0
"NTRK2",0.436175,0.314569,0.330536,0.342529,0.386748,0.393556,0.376284,0.470956
"NTRK3",0,0,0,0,0,0,0,0
"NTS",0,0.0644396,0,0.168307,0,0,0,0
"NTSR1",0.29784,0.453346,0.362525,0.15838,0.228349,0.415716,0.312382,0.43888
"NTSR2",0,0,0,0,0,0,0,0
"NUAK1",1.35598,1.32629,1.48398,0.958077,1.28968,1.44727,0.935837,1.16047
"NUAK2",0.975313,0.913732,1.21788,0.914898,1.20039,0.991763,0.625035,1.27664
"NUB1",13.164,14.5402,14.5586,12.1215,14.6955,13.3454,16.4866,14.4545
"NUBP1",7.40037,8.17657,6.55417,8.27397,7.26812,7.78182,7.33607,9.00782
"NUBP2",19.3074,22.4378,21.7192,27.9281,22.9606,25.4083,18.8691,17.6822
"NUBPL",1.33938,1.48122,0.920939,0.926878,0.743034,0.80598,1.40551,0.991319
"NUCB1",81.3627,80.5396,75.8557,92.9217,90.7234,90.2296,78.5314,78.0397
"NUCKS1",57.8767,50.4726,61.9325,58.2045,52.5029,53.3634,63.6208,62.0535
"NUDC",70.9201,73.9708,64.7779,70.7915,61.7535,77.035,62.0479,63.7392
"NUDCD1",2.34906,1.86514,1.94953,1.67525,1.89765,1.40365,2.03698,1.69212
"NUDCD2",18.6485,16.8641,16.2548,13.5378,14.1752,13.8792,15.8069,14.2648
"NUDCD3",13.3964,14.6431,11.2321,15.3403,13.6053,14.455,12.1756,13.2801
"NUDT1",15.0789,10.31,12.9947,18.4058,17.3391,14.5519,9.25478,12.9935
"NUDT10",0.206436,0.258131,0.139262,0.0636472,0.0719857,0.0337508,0.114451,0.380166
"NUDT11",2.56325,2.77687,1.93409,2.57327,1.97072,2.34964,1.99787,2.26007
"NUDT12",1.57606,1.8692,1.24643,1.29399,1.231,1.95304,2.43094,1.35179
"NUDT13",0.585497,0.976113,0.493405,0.661428,0.884243,1.08501,0.757296,0.359244
"NUDT14",27.0096,33.0782,22.0298,35.6948,32.2874,32.9603,25.9819,24.9293
"NUDT15",7.87371,6.44414,7.68275,6.88934,5.75173,6.0872,7.27261,7.16776
"NUDT16",6.95649,5.81581,5.93964,6.69795,8.1627,8.10114,5.245,6.07409
"NUDT16L1",13.6727,13.9369,10.2595,14.3536,13.2637,14.0518,8.82175,11.1422
"NUDT17",1.47528,1.88468,1.51132,1.84413,2.15354,1.64988,1.40659,1.77978
"NUDT18",1.01917,1.23374,0.738823,0.889873,1.12197,1.53322,0.729382,0.935409
"NUDT19",5.57115,6.31349,5.08186,4.9527,5.75589,5.19858,4.97204,4.87904
"NUDT2",12.992,13.5537,13.217,12.3109,10.9312,11.7609,12.0315,12.1928
"NUDT21",68.2283,67.0916,76.9411,63.7593,58.3097,58.7127,62.4389,64.9866
"NUDT22",12.9095,10.5617,12.1344,16.7913,12.4203,14.63,9.31928,11.0044
"NUDT5",35.6029,38.6902,38.2477,40.0902,33.3384,32.8442,33.0624,36.8231
"NUDT6",4.60396,3.5525,5.2088,5.1743,4.44725,4.29017,3.65623,4.28473
"NUDT7",4.07629,4.76276,6.66215,7.28271,2.83877,5.08115,3.58941,6.35816
"NUDT8",5.82597,6.66369,9.95425,9.53302,10.168,10.9121,6.57824,6.45878
"NUDT9",2.86898,3.11649,3.00859,1.84912,3.18263,2.77984,2.70586,2.79196
"NUF2",7.08288,7.91966,8.89405,9.10036,5.76219,7.1389,7.29923,6.38343
"NUFIP1",6.75236,8.49463,7.74065,5.59388,7.77458,9.17034,6.43028,6.68883
"NUFIP2",56.2829,46.2668,49.8966,45.2917,56.3725,39.5747,66.862,53.8619
"NUMA1",40.5119,41.4142,42.6224,53.5688,46.8302,59.5094,46.2578,41.4437
"NUMB",90.9086,89.9555,97.9437,99.8262,95.9345,90.6303,97.4718,96.9133
"NUP107",9.0572,8.78249,10.1044,8.73969,8.08685,7.35309,9.7277,8.12814
"NUP133",17.8351,18.1962,15.8332,17.4235,17.0988,14.5751,13.1208,19.9506
"NUP153",20.3314,18.2894,22.0251,16.9473,18.7702,16.9173,21.8639,18.5504
"NUP155",8.81373,7.89665,8.44278,7.55967,7.84167,7.07585,9.10289,8.25192
"NUP160",6.18238,5.26747,7.15602,5.84751,5.6466,5.36562,5.68183,6.01461
"NUP188",25.523,26.055,26.397,27.738,26.6319,29.6454,26.761,25.6791
"NUP205",19.0778,19.0932,22.4087,19.1276,19.1736,19.506,20.3438,20.3364
"NUP210",0.158392,0.3375,0.171639,0.354762,0.23759,0.28315,0.318829,0.224727
"NUP210L",0.01178,0,0,0,0,0,0.0130375,0.0235366
"NUP35",3.38138,4.32235,3.82808,3.37948,4.95597,3.39996,5.09909,3.01125
"NUP37",37.2085,37.8782,32.2306,35.9868,29.8918,24.0668,22.7473,35.8609
"NUP43",16.3355,16.3569,17.3914,15.9906,13.878,14.9353,16.7682,15.2213
"NUP50",18.427,18.7713,20.2268,19.4833,17.5801,16.4985,19.509,17.7162
"NUP54",4.67775,5.14694,5.31609,5.06487,6.52125,4.52816,6.27977,4.81367
"NUP62CL",0.181884,0.0425898,0.0461861,0.126697,0,0.133712,0,0.0915989
"NUP85",23.7483,20.6371,23.3431,22.3344,20.8517,22.7018,23.9176,17.6538
"NUP88",20.1804,19.0254,23.306,20.1048,20.1205,17.9816,22.0043,18.262
"NUP93",21.5799,21.7553,23.1758,22.2942,20.7669,21.8358,22.6919,21.2503
"NUP98",32.1251,32.1783,37.0666,30.6949,34.0363,27.6452,36.7902,32.7616
"NUPR1",1.34129,0.308685,1.2872,0.0907016,0.816255,0.561543,0.747466,0.195413
"NUS1",6.91244,6.17193,6.16587,6.35588,6.01981,5.77916,6.76327,5.95921
"NUSAP1",49.5849,53.7455,58.9846,54.4783,42.6133,43.8517,55.4671,51.0773
"NUTF2",513.675,516.912,483.441,491.199,443.886,476.19,447.346,471.718
"NVL",4.68826,5.84776,5.44055,4.24934,4.38667,5.83962,5.52226,5.49467
"NWD1",0,0.00884691,0,0.0151347,0,0,0,0
"NXF1",164.602,134.37,160.571,155.018,164.076,161.212,163.002,137.867
"NXF2",0,0,0,0,0,0,0,0
"NXF2B",0,0,0,0,0,0,0,0
"NXF3",0,0,0,0,0.0382912,0,0,0
"NXF5",0,0,0,0.040817,0,0,0,0
"NXN",27.4302,27.2569,26.477,33.3709,31.357,33.5453,29.5802,29.324
"NXNL1",0,0,0,0,0,0,0,0
"NXNL2",0.104448,0,0.108273,0,0,0,0,0
"NXPH1",0,0,0,0,0,0,0,0
"NXPH2",0,0,0.0264335,0,0.0546779,0,0,0.0262604
"NXPH3",0.138036,0.19711,0.103949,0.210982,0.0597729,0.135619,0.203687,0.057451
"NXPH4",0.46414,0.49753,0.235175,0.501656,0.364609,0.644822,0.171612,0.350035
"NXT1",13.0982,12.0047,13.1989,10.0976,10.7383,9.61441,10.4684,11.6777
"NXT2",1.15631,1.43103,1.19312,1.14361,1.2734,0.68308,0.850415,1.39068
"NYAP1",0.91219,1.25074,0.917999,1.12378,1.21578,1.63036,0.767671,0.912672
"NYAP2",0,0,0,0,0,0,0,0
"NYNRIN",7.47028,7.70391,8.00593,8.48501,7.12824,8.82611,7.69912,8.55601
"NYX",0,0,0,0,0,0,0,0
"OAF",35.7336,50.4102,30.2201,44.8376,29.1892,51.2735,30.9017,39.2647
"OAS1",1.94394,2.45107,2.13576,2.75772,1.93165,2.70555,1.7142,2.73188
"OAS2",1.71097,3.8989,2.00997,3.93385,2.17885,3.2026,2.15969,3.12961
"OAS3",3.64851,4.30573,4.23436,3.90004,4.12293,4.37627,4.22466,3.86167
"OASL",0,0.0410464,0,0.293199,0,0.112659,0,0.0770018
"OAT",45.4032,36.8781,41.4699,30.4864,36.5517,32.7407,36.9526,36.0982
"OAZ1",663.35,607.416,615.9,637.899,630.175,595.565,518.324,600.806
"OAZ2",69.0595,64.1931,68.6672,77.5442,72.9943,67.7313,58.8165,65.2629
"OAZ3",4.44876,5.60905,4.39928,3.37518,4.01794,3.55482,3.23397,3.65015
"OBP2A",0,0,0,0,0,0,0,0
"OBP2B",0,0,0,0,0,0,0,0
"OBSCN",0.0150787,0.0904113,0.0483118,0.081889,0.0625328,0.065225,0.0600354,0.0445319
"OBSL1",3.4326,3.18856,2.96545,3.04816,4.08247,4.22822,3.53542,3.6422
"OC90",0,0,0,0,0,0,0,0
"OCA2",0,0,0,0,0,0,0,0
"OCEL1",10.3173,11.7094,12.6873,11.5168,10.4081,12.6003,8.22863,9.02531
"OCIAD1",57.7731,54.9087,49.4766,52.6821,50.7738,50.1987,49.8113,54.0368
"OCIAD2",47.5484,50.8011,51.0256,51.5165,38.8174,44.5447,44.9918,37.4192
"OCLN",3.87594,2.09584,3.39114,1.68715,3.94979,2.14023,3.39945,1.95302
"OCM",0,0,0,0,0,0,0,0
"OCM2",0,0,0,0,0,0,0,0
"OCRL",12.9827,11.6537,13.7484,12.0904,13.8246,11.87,13.5663,12.4046
"ODAM",0,0.0614843,0.0584605,0.106958,0.0603649,0.0561429,0,0
"ODC1",75.9999,79.4325,78.7544,67.0865,69.1485,78.0801,72.3149,74.9751
"ODF1",0,0,0,0,0,0,0,0
"ODF2",11.908,12.4922,13.395,11.4618,11.706,12.5808,11.1838,11.5352
"ODF2L",6.14613,5.66719,7.11362,5.60949,6.74986,5.4014,6.35464,5.8475
"ODF4",0,0,0,0,0,0,0,0
"OFD1",5.44239,4.41442,4.56985,3.91593,4.28353,3.45051,5.10805,3.76877
"OGDH",16.4888,17.5926,17.2307,19.0562,17.2683,17.2856,17.5798,16.0456
"OGDHL",0.109135,0.0829826,0.019495,0,0.0605139,0.0850128,0.0643384,0.0727926
"OGFOD1",17.4948,15.9982,18.0692,16.6907,16.41,15.091,18.6508,15.8532
"OGFOD2",3.37513,2.87512,2.59118,2.39569,2.33089,2.43121,2.51372,1.80056
"OGFR",8.33158,7.05011,7.34184,9.22862,9.75521,9.47757,5.48352,6.42668
"OGFRL1",11.697,6.67143,9.32967,7.32319,10.3368,6.41654,10.4952,6.31881
"OGG1",16.3077,17.2586,12.8759,15.6915,17.1637,14.6717,13.9994,13.9789
"OGN",0,0,0,0,0,0,0,0
"OGT",25.8512,23.9066,25.5615,24.2952,26.5833,22.2597,24.5009,26.7212
"OIP5",8.49509,8.14335,8.18044,10.579,6.03259,5.48678,8.10098,8.46581
"OIT3",0.34353,0.0306767,0.144557,0.15853,0.29898,0.0561867,0.0317276,0.143577
"OLA1",39.5323,39.1708,48.4077,36.4023,37.9972,36.2376,36.934,42.0744
"OLAH",0,0,0.0427107,0.0390517,0,0.0825566,0.0467093,0
"OLFM1",0.161694,0.0494961,0.0465692,0,0.163751,0.13606,0.255894,0.0925553
"OLFM2",0.727194,1.65169,0.651134,2.30204,0.44857,1.27487,0.901829,1.89185
"OLFM3",0,0,0,0,0,0,0,0
"OLFM4",0,0,0,0.0209179,0,0,0,0
"OLFML1",0.0228498,0,0,0.0210436,0,0,0.0253119,0
"OLFML2A",1.0664,1.40633,1.28304,2.40216,0.820555,1.64992,1.02745,2.14244
"OLFML2B",0.562943,0.491501,0.441113,0.383827,0.630196,0.839506,0.8546,0.793378
"OLFML3",3.45925,3.25486,3.50523,3.41807,4.30735,4.184,3.0696,3.40092
"OLIG1",0,0,0,0,0,0,0,0
"OLIG2",0,0,0,0,0,0,0,0
"OLIG3",0,0,0,0,0,0,0,0
"OLR1",0,0,0,0,0,0,0,0
"OMA1",1.85015,0.996263,1.68973,1.7556,2.27826,1.49499,2.14416,2.09276
"OMD",0.0527968,0,0,0,0,0,0.0292516,0.026465
"OMG",0.0365802,0.0392089,0,0,0,0,0.121705,0
"OMP",1.11052,0,0,0.661129,0,0.215451,0,0
"ONECUT1",0,0,0,0,0,0,0,0.108337
"ONECUT2",0.00385821,0.0330476,0.0386396,0.0176412,0.0480107,0.0303409,0.025603,0.0192337
"ONECUT3",0,0,0,0,0,0,0,0
"OOEP",0,0,0,0,0,0,0,0
"OPA1",12.9764,13.1269,17.9382,13.3037,15.5539,12.919,13.3684,13.786
"OPA3",3.38549,3.327,4.30696,3.99003,4.28139,4.00246,4.54867,3.44856
"OPALIN",0,0,0,0,0,0,0,0
"OPCML",0,0,0.0404932,0,0,0.00990753,0,0.010068
"OPHN1",3.21049,3.60974,3.56893,3.55222,3.33923,3.094,3.93647,4.23618
"OPLAH",0.145582,0.0519794,0.0976047,0.178322,0.0841667,0.206537,0.125362,0.080881
"OPN1LW",0.0603674,0.129514,0,0,0.063628,0.118227,0,0.18308
"OPN1MW",0,0,0,0,0,0,0,0
"OPN1SW",0,0,0,0,0,0.204602,0,0.0706153
"OPN4",0,0,0,0,0,0,0,0
"OPN5",0.0187487,0,0,0,0,0,0,0
"OPRD1",0,0,0,0,0,0,0,0
"OPRK1",0.0129417,0,0.0260015,0,0.0269105,0,0.0286487,0
"OPRL1",0.918264,0.934151,0.780434,0.826041,0.962832,0.812926,0.99618,0.837208
"OPRM1",0,0,0,0,0,0,0,0
"OPTC",0,0,0,0,0,0,0,0
"OPTN",95.1946,86.1175,98.5492,85.7827,120.372,81.0798,84.8681,73.0771
"OR10A2",0,0,0,0,0,0,0,0
"OR10A3",0,0,0,0,0,0,0,0
"OR10A4",0,0,0,0,0,0,0,0
"OR10A5",0,0,0,0,0,0,0,0
"OR10A6",0,0,0,0,0,0,0,0
"OR10A7",0,0,0,0,0,0,0,0
"OR10AD1",0,0,0,0,0,0,0.0927648,0
"OR10AG1",0,0,0,0,0,0,0,0
"OR10C1",0,0,0,0,0,0,0,0
"OR10G2",0,0,0,0,0,0,0,0
"OR10G3",0,0,0,0,0,0,0,0
"OR10G4",0,0,0,0,0,0,0,0
"OR10G7",0,0,0,0,0,0,0,0
"OR10G8",0,0,0,0,0,0,0,0
"OR10G9",0,0,0,0,0,0,0,0
"OR10H1",0,0,0,0,0,0,0,0
"OR10H2",0,0,0,0,0,0,0,0
"OR10H3",0,0,0,0,0,0,0,0
"OR10H4",0,0,0,0,0,0,0,0
"OR10H5",0,0,0,0,0,0,0,0
"OR10J1",0,0,0,0,0,0,0,0
"OR10J3",0,0,0,0,0,0,0,0
"OR10J5",0,0,0,0,0,0,0,0
"OR10K1",0,0,0,0,0,0,0,0
"OR10K2",0,0,0,0,0,0,0,0
"OR10P1",0,0,0,0,0,0,0,0
"OR10Q1",0,0,0,0,0,0,0,0
"OR10R2",0,0,0,0,0,0,0,0
"OR10S1",0,0,0,0,0,0,0,0
"OR10T2",0,0,0,0,0,0,0,0
"OR10V1",0,0,0,0,0,0,0,0
"OR10W1",0,0,0,0,0,0,0,0
"OR10X1",0,0,0,0,0,0,0,0
"OR10Z1",0,0,0,0,0,0,0,0
"OR11A1",0,0,0,0,0,0,0,0
"OR11G2",0,0,0,0,0,0,0,0
"OR11H1",0,0,0,0,0,0,0,0
"OR11H12",0,0,0,0,0,0,0,0
"OR11H2",0,0,0,0,0,0,0,0
"OR11H4",0.243025,0,0,0,0,0,0.0901755,0
"OR11H6",0,0,0,0,0,0,0,0
"OR11L1",0,0,0,0,0,0,0,0
"OR12D2",0,0,0,0,0,0,0,0
"OR12D3",0,0,0,0,0,0,0,0
"OR13A1",0,0,0,0,0,0,0,0
"OR13C2",0,0,0,0,0,0,0,0
"OR13C3",0,0,0,0,0,0,0,0
"OR13C4",0,0,0,0,0,0,0,0
"OR13C5",0,0,0,0,0,0,0,0
"OR13C8",0,0,0,0,0,0,0,0
"OR13C9",0,0,0,0,0,0,0,0
"OR13D1",0,0,0,0,0,0,0,0
"OR13F1",0,0,0,0,0,0,0,0
"OR13G1",0,0,0,0,0,0,0,0
"OR13H1",0,0,0,0,0,0,0,0
"OR13J1",0,0,0,0,0,0,0,0
"OR14A16",0,0,0,0,0,0,0,0
"OR14C36",0,0,0,0,0,0,0,0
"OR14I1",0,0,0,0,0,0,0,0
"OR14J1",0,0,0,0,0,0,0,0
"OR1A1",0,0,0,0,0,0,0,0
"OR1A2",0,0,0,0,0,0,0,0
"OR1B1",0.08298,0,0,0,0.0880406,0,0,0
"OR1C1",0,0,0,0,0,0,0,0
"OR1D2",0,0,0,0,0,0,0,0
"OR1D4",0,0,0,0,0,0,0,0
"OR1D5",0,0,0,0,0,0,0,0
"OR1E1",0,0,0,0,0,0,0,0
"OR1E2",0,0,0.0836341,0,0,0,0,0.0826458
"OR1F1",0,0.273931,0,0.320752,0.270875,0.249432,0.473536,0.173011
"OR1G1",0,0,0,0,0,0,0,0
"OR1I1",0,0,0,0,0,0,0,0
"OR1J1",0,0,0.251932,0,0,0,0,0
"OR1J2",0,0,0,0,0,0,0,0
"OR1J4",0,0,0,0,0,0,0,0
"OR1K1",0,0,0,0,0,0,0.0931469,0
"OR1L1",0,0,0,0,0,0,0,0
"OR1L3",0,0,0,0,0,0,0,0
"OR1L4",0,0,0,0,0,0,0,0
"OR1L6",0,0,0,0,0,0,0,0
"OR1L8",2.23787,1.53045,2.36878,1.60821,3.25032,1.85585,2.89804,1.3352
"OR1M1",0,0,0,0,0,0,0,0
"OR1N1",0,0,0,0,0,0,0,0
"OR1N2",0,0,0,0,0,0,0.0880686,0
"OR1Q1",0,0,0,0,0,0.082462,0,0
"OR1S1",0,0,0,0,0,0,0,0
"OR1S2",0,0,0,0,0,0,0,0
"OR2A1",0,0,0,0,0,0,0,0
"OR2A12",0,0,0,0,0,0,0,0
"OR2A14",0,0,0,0,0,0,0,0
"OR2A2",0,0,0,0,0,0,0,0
"OR2A25",0,0,0,0,0,0,0,0
"OR2A4",0,0,0,0,0,0,0,0
"OR2A5",0,0,0,0,0,0,0,0
"OR2AE1",0,0,0,0,0,0.159055,0,0
"OR2AG1",0,0,0,0,0,0,0,0
"OR2AG2",0,0.0898123,0.0860979,0,0,0.0817913,0,0
"OR2AK2",0,0,0,0,0,0,0,0
"OR2AT4",0,0,0,0,0,0,0,0
"OR2B11",0,0,0,0,0,0,0,0
"OR2B2",0,0,0,0,0,0,0,0
"OR2B3",0,0,0,0,0,0,0,0
"OR2B6",0.254094,0,0,0.0798452,0,0,0,0.17228
"OR2C1",0,0,0,0,0,0,0,0
"OR2D2",0,0,0,0,0,0,0,0
"OR2D3",0,0,0,0,0.167718,0,0,0
"OR2F1",0,0,0,0,0,0,0,0
"OR2F2",0,0,0,0,0,0,0,0
"OR2G2",0,0,0,0,0,0,0,0
"OR2G3",0,0,0,0,0,0,0,0
"OR2G6",0,0,0,0,0,0,0,0
"OR2H1",0,0,0,0,0,0,0,0
"OR2H2",0,0,0,0,0,0,0,0
"OR2J2",0,0,0,0,0,0,0,0
"OR2J3",0,0,0,0,0,0,0,0
"OR2K2",0,0,0,0,0,0,0,0
"OR2L13",0,0,0.0745812,0,0,0,0,0
"OR2L2",0,0,0,0,0,0,0,0
"OR2L3",0,0,0,0,0,0,0,0
"OR2L8",0,0,0,0,0,0,0,0
"OR2M2",0,0,0,0,0,0,0,0
"OR2M3",0,0,0,0,0,0,0,0
"OR2M4",0,0,0,0,0,0,0,0
"OR2M5",0,0,0,0,0,0,0,0
"OR2M7",0,0,0,0,0,0,0,0
"OR2S2",0,0,0,0,0,0,0,0
"OR2T1",0,0,0,0,0,0,0,0
"OR2T10",0,0,0,0,0,0,0,0
"OR2T11",0,0,0,0,0,0,0,0
"OR2T12",0,0,0,0,0,0,0,0
"OR2T2",0,0,0,0,0,0,0,0
"OR2T27",0,0,0,0,0,0,0,0
"OR2T29",0,0,0,0,0,0,0,0
"OR2T3",0,0,0,0,0,0,0,0
"OR2T33",0,0,0,0,0,0,0,0
"OR2T34",0,0,0,0,0,0,0,0
"OR2T35",0,0,0,0,0,0,0,0
"OR2T4",0,0,0,0,0,0,0,0
"OR2T5",0,0,0,0,0,0,0,0
"OR2T6",0,0,0,0,0,0,0,0
"OR2T8",0,0,0,0,0,0,0,0
"OR2V2",0,0,0,0,0,0.0821253,0,0
"OR2W1",0,0,0,0,0,0,0,0
"OR2W3",0,0,0,0,0,0,0,0
"OR2Y1",0,0,0,0,0,0,0,0
"OR2Z1",0,0,0,0,0,0,0,0
"OR3A1",0,0,0,0.0791683,0,0,0,0
"OR3A2",0,0.0759062,0,0,0,0,0,0
"OR3A3",0,0,0,0,0,0,0,0
"OR4A15",0,0,0,0,0,0,0,0
"OR4A16",0,0,0,0,0,0,0,0
"OR4A47",0,0,0,0,0,0,0,0
"OR4A5",0,0,0,0,0,0,0,0
"OR4B1",0,0,0,0,0,0,0,0
"OR4C11",0,0,0,0,0,0,0,0
"OR4C12",0,0,0,0,0,0,0,0
"OR4C13",0,0,0,0,0,0,0,0
"OR4C15",0,0,0,0,0,0,0,0
"OR4C16",0,0,0,0,0,0,0,0
"OR4C3",0,0,0,0,0,0,0,0
"OR4C45",0,0,0,0,0,0,0,0
"OR4C46",0,0,0,0,0,0,0,0
"OR4C6",0,0,0,0,0,0,0,0
"OR4D1",0,0,0,0,0,0,0,0
"OR4D10",0,0,0,0,0,0,0,0
"OR4D11",0,0,0,0,0,0,0,0
"OR4D2",0,0,0,0,0,0,0,0
"OR4D5",0,0,0,0,0,0,0,0
"OR4D6",0,0,0,0,0,0,0,0
"OR4D9",0,0,0,0,0,0,0,0
"OR4E2",0,0,0,0,0,0,0,0
"OR4F15",0,0,0,0,0,0,0,0
"OR4F16",0,0,0,0,0,0,0,0
"OR4F17",0,0,0,0,0,0,0,0
"OR4F21",0,0,0,0,0,0,0.0947072,0
"OR4F3",0,0,0,0,0,0,0,0
"OR4F4",0,0,0,0,0,0,0,0
"OR4F5",0,0,0,0,0,0,0,0
"OR4F6",0,0,0,0,0,0,0,0
"OR4K1",0,0,0,0,0,0,0,0
"OR4K13",0,0,0,0,0,0,0,0
"OR4K14",0,0,0,0,0,0,0,0
"OR4K15",0,0,0,0,0,0,0,0
"OR4K17",0,0,0,0,0,0,0,0
"OR4K2",0,0,0,0,0,0,0,0
"OR4K5",0,0,0,0,0,0,0,0
"OR4L1",0,0,0,0,0,0,0,0
"OR4M1",0,0,0,0,0,0,0,0
"OR4N2",0,0,0,0,0,0,0,0
"OR4N4",0,0,0,0,0,0,0,0
"OR4N5",0,0,0,0,0,0,0,0
"OR4P4",0,0,0,0,0,0,0,0
"OR4Q3",0,0,0,0,0,0,0,0
"OR4S1",0,0,0,0,0,0,0,0
"OR4S2",0,0,0,0,0,0,0,0
"OR4X1",0,0,0,0,0,0,0,0
"OR4X2",0,0,0,0,0,0,0,0
"OR51A2",0,0,0,0,0,0,0,0
"OR51A4",0,0,0,0,0,0,0,0
"OR51A7",0,0,0,0,0,0,0,0
"OR51B2",0,0,0,0,0,0,0,0
"OR51B4",0,0,0,0,0,0,0,0
"OR51B5",0,0.109771,0,0,0,0.0486311,0,0.0500361
"OR51B6",0,0,0,0,0,0,0,0
"OR51D1",0,0,0,0,0,0,0,0
"OR51E1",0,0,0,0,0,0,0,0
"OR51E2",0,0.0256066,0.0240983,0.0880775,0,0.0234615,0,0
"OR51F1",0,0,0,0,0,0,0,0
"OR51F2",0,0,0,0,0,0,0,0
"OR51G1",0,0,0,0,0,0,0,0
"OR51G2",0,0,0,0,0,0,0,0
"OR51I1",0,0,0,0,0,0,0,0
"OR51I2",0,0,0,0,0,0,0,0
"OR51L1",0,0,0,0,0,0,0,0
"OR51M1",0,0,0,0,0,0,0,0
"OR51Q1",0,0,0,0,0,0,0,0
"OR51S1",0,0,0,0,0,0,0,0
"OR51T1",0,0,0,0,0,0,0,0
"OR51V1",0,0,0,0,0,0,0,0
"OR52A1",0,0,0,0,0,0,0,0
"OR52A5",0,0,0,0,0,0,0,0
"OR52B2",0,0,0,0,0,0,0,0
"OR52B4",0,0,0,0,0,0,0,0
"OR52B6",0,0,0,0,0,0,0,0
"OR52D1",0,0,0,0,0,0,0,0
"OR52E2",0,0,0,0,0,0,0,0
"OR52E4",0,0,0,0,0,0,0,0
"OR52E6",0,0,0,0,0,0,0,0
"OR52E8",0,0,0,0,0,0,0,0
"OR52H1",0,0,0.33869,0.0775253,0,0.0804821,0.458186,0.0836639
"OR52I1",0,0,0,0,0,0,0,0
"OR52I2",0,0,0,0,0,0,0,0
"OR52J3",0,0,0,0,0,0,0,0
"OR52K1",0,0,0,0,0,0,0,0
"OR52K2",0,0,0,0,0,0,0,0
"OR52L1",0,0,0,0,0,0,0,0
"OR52M1",0,0,0,0,0,0,0,0
"OR52N1",0,0,0,0,0,0,0,0
"OR52N2",0,0,0,0,0,0,0,0
"OR52N4",0,0,0,0,0,0,0,0
"OR52N5",0,0,0,0,0,0,0,0
"OR52R1",0,0,0,0,0,0,0,0
"OR52W1",0,0,0,0,0,0,0,0
"OR56A1",0,0,0,0,0,0,0,0
"OR56A3",0,0,0,0,0,0,0,0
"OR56A4",0,0,0,0,0,0,0,0
"OR56A5",0,0,0,0,0,0,0,0
"OR56B1",0,0,0,0,0,0,0,0
"OR56B4",0,0,0,0,0,0,0,0
"OR5A1",0,0,0,0,0,0,0,0
"OR5A2",0,0,0,0,0,0,0,0
"OR5AC2",0,0,0,0,0,0,0,0
"OR5AK2",0,0,0,0,0,0,0,0
"OR5AN1",0,0,0,0,0,0,0,0
"OR5AP2",0,0,0,0,0,0,0,0
"OR5AR1",0,0,0,0,0,0,0,0
"OR5AS1",0,0,0,0,0,0,0,0
"OR5AU1",0,0,0,0,0,0,0,0
"OR5B12",0,0,0,0,0,0,0,0
"OR5B17",0,0,0,0,0,0,0,0
"OR5B2",0,0,0,0,0,0,0,0
"OR5B21",0,0,0,0,0,0,0,0
"OR5B3",0,0,0,0,0,0,0,0
"OR5C1",0.329249,0,0,0,0,0.160964,0.274911,0
"OR5D13",0,0,0,0,0,0,0,0
"OR5D14",0,0,0,0,0,0,0,0
"OR5D16",0,0,0,0,0,0,0,0
"OR5D18",0,0,0,0,0,0,0,0
"OR5F1",0,0,0,0,0,0,0,0
"OR5H1",0,0,0,0,0,0,0,0
"OR5H14",0,0,0,0,0,0,0,0
"OR5H15",0,0,0,0,0,0,0,0
"OR5H2",0,0,0,0,0,0,0,0
"OR5H6",0,0,0,0,0,0,0,0
"OR5I1",0,0,0,0,0,0,0,0
"OR5J2",0,0,0,0,0,0,0,0
"OR5K1",0,0,0,0,0,0,0,0.169886
"OR5K2",0.167318,0.0898123,0,0.0788342,0,0.245374,0.186294,0.0850611
"OR5K3",0,0,0,0,0,0,0,0
"OR5K4",0,0,0,0,0,0,0,0
"OR5L1",0,0,0,0,0,0,0,0
"OR5L2",0,0,0,0,0,0,0,0
"OR5M1",0,0,0,0,0,0,0,0
"OR5M10",0,0,0,0,0,0,0,0
"OR5M11",0,0,0,0,0,0,0,0
"OR5M3",0,0,0,0,0,0,0,0
"OR5M8",0,0,0,0,0,0,0,0
"OR5M9",0,0,0,0,0,0,0,0
"OR5P2",0,0,0,0,0,0,0,0
"OR5P3",0,0,0,0,0,0,0,0.173749
"OR5T1",0,0,0,0,0,0,0,0
"OR5T2",0,0,0,0,0,0,0,0
"OR5T3",0,0,0,0,0,0,0,0
"OR5V1",0,0,0,0,0,0,0,0
"OR5W2",0,0,0,0,0,0,0,0
"OR6A2",0.0526047,0,0.0535627,0,0,0,0,0
"OR6B1",0,0,0,0,0,0,0,0
"OR6B2",0,0,0,0,0,0,0,0
"OR6B3",0,0,0,0,0,0,0,0
"OR6C1",0,0,0,0,0,0,0,0
"OR6C2",0,0,0,0,0,0,0,0
"OR6C3",0,0,0,0,0,0,0,0
"OR6C4",0,0,0,0,0,0,0,0
"OR6C6",0,0,0,0,0,0,0,0
"OR6C65",0,0,0,0,0,0,0,0
"OR6C68",0,0,0,0,0,0,0,0
"OR6C70",0,0,0,0,0,0,0,0
"OR6C74",0,0,0,0,0,0,0,0
"OR6C75",0,0,0,0,0,0,0,0
"OR6C76",0,0,0,0,0,0,0,0
"OR6F1",0,0,0,0,0,0,0,0
"OR6K2",0,0,0,0,0,0,0,0
"OR6K3",0,0,0,0,0,0,0,0
"OR6K6",0,0,0,0,0,0,0,0
"OR6M1",0,0,0,0,0,0,0.0943122,0.08614
"OR6N1",0,0,0,0,0,0,0,0
"OR6N2",0,0,0,0,0,0,0,0
"OR6P1",0,0,0,0,0,0,0,0
"OR6Q1",0,0,0,0,0,0,0,0
"OR6S1",0,0,0,0,0,0,0,0
"OR6T1",0,0,0,0,0,0,0,0
"OR6V1",0,0,0,0,0,0,0,0
"OR6X1",0,0,0,0,0,0,0,0
"OR6Y1",0,0,0,0,0,0,0,0
"OR7A10",0,0,0,0,0,0,0,0
"OR7A17",0,0,0,0,0,0,0,0
"OR7A5",0,0,0,0,0,0,0,0
"OR7C1",0,0,0,0,0,0,0,0
"OR7C2",0,0,0,0,0,0,0,0
"OR7D2",0,0,0,0.0563391,0.0212656,0.040081,0,0.0408634
"OR7D4",0,0,0,0,0,0,0,0
"OR7E24",0,0,0,0,0,0,0,0
"OR7G1",0,0,0,0,0,0,0,0
"OR7G2",0,0,0,0,0,0,0,0
"OR7G3",0,0,0,0,0,0,0,0
"OR8A1",0,0,0,0,0,0,0,0
"OR8B12",0,0,0,0,0,0,0,0
"OR8B2",0,0,0,0,0,0,0,0
"OR8B3",0,0,0,0,0,0,0,0
"OR8B4",0,0,0,0,0,0,0,0
"OR8B8",0,0,0,0,0,0,0,0
"OR8D1",0,0,0,0,0,0,0,0
"OR8D2",0,0,0,0,0,0,0,0
"OR8D4",0,0,0,0,0,0,0,0
"OR8H1",0,0,0,0,0,0,0,0
"OR8H2",0,0,0,0,0,0,0,0
"OR8H3",0,0,0,0,0,0,0,0
"OR8I2",0,0,0,0,0,0,0,0
"OR8J1",0,0,0,0,0,0,0,0
"OR8J3",0,0,0,0,0,0,0,0
"OR8K1",0,0,0,0,0,0,0,0
"OR8K3",0,0,0,0,0,0,0,0
"OR8K5",0,0,0,0,0,0,0,0
"OR8S1",0,0,0,0,0,0,0,0
"OR9A2",0,0,0,0,0,0,0,0
"OR9A4",0.0843488,0,0,0,0,0,0,0
"OR9G1",0,0,0,0,0,0,0,0
"OR9G4",0,0,0,0,0,0,0,0
"OR9I1",0,0,0,0,0,0,0,0
"OR9K2",0,0,0,0,0,0,0,0
"OR9Q1",0,0,0,0,0,0,0,0
"OR9Q2",0,0,0,0,0,0,0,0
"ORAI1",59.462,55.7086,51.2675,60.8455,53.0597,63.6966,47.3012,56.8206
"ORAI2",3.66922,4.01154,3.21332,4.153,3.8415,4.02582,3.51405,3.22537
"ORC1",6.30062,7.03923,6.59639,6.65494,5.61104,6.36976,5.73366,5.8923
"ORC2",6.1741,6.66998,6.94899,6.44707,6.69237,6.26878,7.62051,5.80713
"ORC3",11.209,10.8774,10.8138,9.35298,10.8937,12.3215,11.966,8.93403
"ORC4",4.5255,5.20264,5.16136,4.11673,4.96452,4.16009,5.16589,5.19235
"ORC5",9.28718,8.84487,9.99899,10.662,8.3695,7.06671,6.17797,8.78909
"ORC6",8.37234,7.84427,11.037,6.42681,7.51683,7.83931,6.84173,9.03571
"ORM1",0,0,0,0,0,0,0,0
"ORM2",0,0,0,0,0,0,0,0
"ORMDL1",18.8788,20.3202,14.3496,17.4751,19.0807,16.0436,15.5057,15.742
"ORMDL2",45.2308,43.4173,35.6094,37.539,40.1462,33.1732,35.6335,43.7805
"ORMDL3",3.80228,2.95209,3.22936,3.63167,3.14181,3.79475,3.22749,3.46782
"OS9",44.6713,44.1387,44.2096,48.8408,47.7796,48.94,41.2951,41.6242
"OSBP",12.5706,11.394,11.5331,11.4349,11.0801,11.0446,11.8238,12.2815
"OSBP2",4.80566,6.03247,4.42167,5.36096,5.51462,7.2846,3.81259,5.49089
"OSBPL10",13.3737,10.9974,12.9632,10.8957,12.7421,10.7313,11.8742,12.0342
"OSBPL11",2.34004,2.28784,2.26975,2.03404,2.11319,1.72783,2.2779,2.66914
"OSBPL1A",1.48274,1.64955,1.74908,2.13232,1.39399,1.84881,1.83287,1.73353
"OSBPL2",5.63894,4.55807,5.92563,4.16362,6.10938,5.54952,4.98446,5.35793
"OSBPL3",4.52252,5.08403,4.23994,5.13535,4.22207,5.02296,4.79542,5.64659
"OSBPL5",4.03561,4.46279,4.4234,4.99378,5.32801,5.22092,4.54702,3.51227
"OSBPL7",5.59813,5.70953,4.62438,7.69823,5.80225,8.29474,5.33431,5.81079
"OSBPL8",4.43471,4.07474,4.8349,3.76684,4.22243,3.90124,4.17842,3.96294
"OSBPL9",17.4695,16.3605,19.3682,15.9215,15.9744,13.6432,18.9153,16.3316
"OSCAR",0.071858,0,0.109162,0.0985709,0,0.246833,0,0.160191
"OSCP1",5.01288,5.68513,5.02328,5.01456,5.07028,6.29382,4.24162,6.82861
"OSGEP",12.556,10.7038,10.7097,14.4053,8.59711,12.01,11.8045,11.2364
"OSGEPL1",0.138284,0.741917,0.354011,0.647958,0.438387,0.676654,0.307565,0.700493
"OSGIN1",2.66831,4.53651,3.11654,2.9071,3.32678,3.94182,3.49072,2.03577
"OSGIN2",6.19553,4.72048,6.22614,4.87953,5.04829,4.47599,7.01667,5.24074
"OSM",0,0,0,0,0,0,0,0
"OSMR",7.66656,7.92653,8.017,6.89183,6.68367,6.73232,7.18459,7.22426
"OSR1",0,0,0,0,0,0,0,0
"OSR2",0,0,0,0,0,0,0,0
"OST4",1035.79,1024.22,847.8,834.602,762.654,868.553,841.515,932.104
"OSTC",122.443,130.019,133.124,118.102,116.974,94.192,112.684,121.802
"OSTF1",22.6297,18.5643,19.814,15.4086,19.9891,17.9414,20.2223,17.4786
"OSTM1",2.45481,2.56741,3.13488,2.30672,3.45449,1.85814,2.36575,2.46826
"OSTN",0,0,0,0,0,0,0,0
"OTC",0,0,0,0,0,0,0,0
"OTOA",0,0,0,0,0,0,0,0
"OTOF",0,0,0,0,0,0.0132705,0,0
"OTOGL",0.273053,0.200499,0.48506,0.178619,0.259174,0.452343,0.371147,0.459362
"OTOL1",0,0,0,0,0,0,0,0
"OTOP1",0.0371561,0,0,0,0,0,0,0
"OTOP2",0,0,0,0,0,0,0,0
"OTOP3",0,0,0,0,0,0,0,0
"OTOR",0,0,0,0,0,0,0,0
"OTOS",0,0,0,0,0,0,0,0
"OTP",0,0,0,0,0,0.0489601,0,0
"OTUB1",81.9276,78.9864,80.3085,88.6727,85.7267,90.5786,73.7041,78.6471
"OTUB2",0.369303,0.773179,0.759827,0.586139,0.663931,0.741895,0.669092,0.671575
"OTUD1",1.44109,1.24871,1.68656,1.79449,1.59018,1.3733,1.22059,1.46411
"OTUD3",1.59432,1.52771,1.38991,1.56726,1.56917,1.61797,1.47394,1.86431
"OTUD4",15.9048,16.5034,19.6005,16.6592,17.0281,15.6124,19.4958,18.3605
"OTUD5",24.3398,24.7393,22.5741,27.5272,25.2249,27.6296,26.4313,22.9202
"OTUD6A",0,0.0447056,0,0,0,0,0,0.0839269
"OTUD6B",1.95214,3.07288,2.98865,1.55764,2.08197,1.83861,2.76056,2.03373
"OTUD7A",0,0,0,0,0.0679333,0,0.072192,0
"OTUD7B",1.69286,1.66914,1.79719,1.75027,2.1436,1.92594,2.29278,1.59643
"OTX1",0.843377,0.448506,0.215098,0.449856,0.716956,0.767947,1.02422,0.768821
"OTX2",0,0,0,0,0,0,0,0
"OVCH1",0,0,0,0,0.0598708,0.0188156,0.0212191,0
"OVCH2",0,0,0,0,0,0,0,0
"OVGP1",0.515275,0.38978,0.367541,0.587838,0.380049,0.386637,0.436765,0.51707
"OVOL1",0,0,0,0,0,0,0,0
"OVOL2",0,0,0,0,0,0,0,0
"OXA1L",323.813,315.347,325.731,331.941,323.146,299.413,291.952,321.675
"OXCT1",10.2941,8.59506,10.0719,7.95378,7.60461,7.82912,9.5432,8.91737
"OXCT2",0.381968,0.40944,0.387015,0.10614,0.280016,0.224759,0.508406,0.153617
"OXER1",0,0.0425622,0.0402497,0,0,0,0,0
"OXGR1",0,0,0,0,0,0,0,0
"OXNAD1",4.04704,5.58053,8.80812,5.87631,6.82964,6.39249,5.02516,6.09268
"OXR1",2.82723,2.48767,2.99163,2.85083,2.54926,2.89354,3.05052,3.50676
"OXSM",5.10793,4.58997,4.91891,4.66503,4.97264,5.15223,5.34659,5.57801
"OXSR1",10.2453,9.63293,12.0527,10.1274,9.90029,8.31547,10.8905,10.1161
"OXT",0.207376,0,0,0,0,0,0.233289,0
"OXTR",0.0592521,0.031732,0.0297801,0.0544054,0.0154091,0,0.0491945,0.0296169
"P2RX1",0,0.0496833,0,0,0,0,0,0.0232268
"P2RX2",0,0,0,0,0,0,0,0
"P2RX3",0,0,0,0,0,0,0,0
"P2RX4",11.8957,9.25825,11.6458,10.6885,12.428,10.2133,9.74963,8.55373
"P2RX6",0.0250491,0,0,0.0461873,0,0.0491887,0,0
"P2RX7",0.507045,0.84449,0.759776,0.905223,0.950239,0.972329,0.929489,1.1396
"P2RY1",0.403355,0.272918,0.384948,0.136775,0.57523,0.562777,0.399731,0.361351
"P2RY10",0,0,0,0,0,0,0,0
"P2RY12",0,0,0,0,0,0,0,0
"P2RY13",0,0,0,0,0,0,0,0
"P2RY14",0,0,0,0,0,0,0,0
"P2RY2",0.372453,0.513113,0.617537,0.58885,0.444294,0.287218,0.324275,0.293393
"P2RY4",0,0,0.0438125,0.0400594,0.0452733,0,0,0.130365
"P2RY6",0.140042,0.250264,0.664097,1.3436,0.441072,0.503297,0.259072,0.423293
"P2RY8",0,0,0,0,0,0,0,0
"P4HA1",9.42919,9.91246,8.88791,10.1103,8.79028,9.2433,8.91548,9.60364
"P4HA2",9.93205,8.65706,8.72792,8.71481,9.07631,8.45051,7.90622,9.91518
"P4HA3",5.68239,4.70362,6.42357,6.18322,7.26582,4.92909,6.19293,4.31996
"P4HB",315.648,318.537,311.087,363.355,357.443,364.909,313.054,320.867
"PA2G4",50.4747,52.2416,54.9422,49.6638,43.004,45.3349,54.9346,48.3278
"PAAF1",2.61456,2.91074,2.35963,1.93045,1.27439,2.15536,1.31649,2.48545
"PABPC1",1143.6,1192.1,1197.32,1183.4,1220.8,1299.72,1299.4,1222.12
"PABPC1L",1.50976,1.42524,1.60982,1.54255,1.56828,1.95049,1.28794,2.01561
"PABPC1L2A",0,0,0,0,0,0,0,0
"PABPC1L2B",0,0,0,0,0,0,0,0
"PABPC3",0.0277473,0,0.14007,0.128004,0,0.0544623,0.184499,0.111306
"PABPC4",65.6479,69.8581,70.0854,74.5675,67.1286,73.9835,63.8487,65.1776
"PABPC4L",0.194779,0.22252,0.247851,0.148701,0.270016,0.229619,0.172471,0.0778512
"PABPC5",0.627026,0.447794,0.363407,0.332001,0.514518,0.447803,0.210414,0.627473
"PABPN1L",0,0,0,0,0,0,0,0
"PACRG",0.0462256,0,0.0485223,0.0443571,0,0,0.10596,0
"PACRGL",5.50234,4.74523,4.74857,3.82583,4.65925,4.25862,5.50646,5.54434
"PACS1",82.3357,77.2318,83.1276,85.746,87.8197,102.379,89.767,73.6794
"PACS2",16.4773,18.242,16.6969,22.3299,18.6783,20.2222,15.7447,19.5285
"PACSIN1",0.0480477,0,0.0361889,0.0661074,0.0124853,0,0.0132942,0.0360001
"PACSIN2",20.2009,19.0414,20.7124,22.0698,19.7163,18.8446,21.2529,18.6897
"PACSIN3",3.85999,4.14993,3.36397,5.66766,3.87374,4.85901,4.05361,3.06699
"PADI1",0,0.0181098,0.0170067,0,0,0.0664181,0,0.0338203
"PADI2",0.0296046,0.0158545,0.0148792,0.0271829,0.0461938,0.0145398,0,0
"PADI3",0,0,0,0,0,0,0,0
"PADI4",0,0,0,0,0,0,0,0
"PADI6",0,0,0,0,0,0,0,0
"PAEP",0,0,0,0,0,0,0,0
"PAF1",53.3243,56.344,60.381,62.3347,55.9311,59.2696,61.0481,55.8151
"PAFAH1B1",25.7743,23.2536,25.8107,23.2385,23.5312,22.5595,25.0827,23.1498
"PAFAH1B2",17.5292,18.961,18.9063,17.2051,16.8152,16.1836,22.8733,16.6375
"PAFAH1B3",22.9982,23.097,23.3215,19.9376,18.4039,22.5424,20.2728,25.5303
"PAFAH2",2.75482,2.48734,2.12976,2.61657,2.14662,2.80932,2.1616,2.48676
"PAG1",0.0233197,0.0124849,0.0175275,0.0106704,0.0181468,0.0114601,0.00644895,0
"PAGE1",0,0,0,0,0,0,0,0
"PAGE2",0,0,0,0,0,0,0,0
"PAGE2B",0,0,0,0,0,0,0,0
"PAGE3",0,0,0,0,0,0,0,0
"PAGE4",0,0,0,0,0,0,0,0
"PAGE5",0,0,0,0,0,0,0,0
"PAH",0,0,0,0,0,0,0,0
"PAICS",65.448,60.3527,64.1093,58.4598,56.8814,60.6929,64.932,62.1535
"PAIP1",46.969,42.3125,51.0753,45.5185,42.1725,36.5826,47.7084,44.3129
"PAIP2",38.5976,31.9768,35.3009,32.3279,32.9997,25.7505,31.7595,32.1603
"PAIP2B",0.292565,0.291704,0.293617,0.249668,0.324886,0.247818,0.256763,0.372727
"PAK1",3.83969,3.97333,3.36991,3.95378,2.93589,3.53945,3.74919,3.86224
"PAK1IP1",3.08365,3.05869,2.33679,3.34687,2.54275,2.93509,2.59745,2.32374
"PAK2",54.3403,48.4466,59.5273,44.7643,67.578,62.227,58.9437,58.6244
"PAK3",0.0241818,0.103669,0,0.0891534,0.025224,0,0,0
"PAK4",36.6882,37.6201,34.9134,49.2198,44.9296,47.2572,34.9966,37.2185
"PALB2",3.16546,3.70825,3.18436,2.93032,3.57375,3.2005,4.66463,3.53503
"PALLD",16.9186,13.4799,14.3584,13.4453,15.7333,15.6749,14.8272,14.8873
"PALM",14.4814,14.1673,12.5864,16.976,14.1627,16.9394,12.742,13.0274
"PALM3",0.0901295,0,0,0.0277428,0,0.0589595,0,0.0301458
"PAM",57.2692,56.6275,55.7862,59.8436,63.2322,50.5589,56.4417,57.0312
"PAMR1",0.0487686,0.0522394,0.0491687,0.112337,0.127165,0,0,0.0732895
"PAN3",6.77438,10.4587,9.00894,7.03316,7.91588,8.75901,9.8053,8.18419
"PANK1",1.12173,0.755876,0.706793,1.29851,0.696404,0.812169,0.878478,0.923593
"PANK2",2.64863,2.4473,2.74527,3.13822,2.34351,2.54708,3.02462,2.76845
"PANK3",13.7202,10.9005,11.7227,11.9253,13.6009,11.0345,15.2606,13.2562
"PANK4",3.25517,3.12729,3.51624,3.61864,3.74088,4.02326,4.19177,3.57158
"PANX1",5.58264,5.79299,7.4654,5.29341,6.23355,4.91876,7.1131,5.35461
"PANX2",1.73189,1.53215,2.056,2.0327,2.16615,1.82791,1.34282,2.03774
"PANX3",0,0,0,0,0,0,0,0
"PAOX",0.912463,0.832891,0.355329,1.6058,1.40437,0.745923,1.03906,1.17179
"PAPLN",1.4298,1.24305,1.02382,1.51908,1.23918,1.68824,1.52812,1.79979
"PAPOLA",22.6157,22.039,23.4108,18.8467,20.5911,19.4312,24.5212,20.0862
"PAPOLB",0.0151925,0,0.0610868,0,0,0,0,0.0151874
"PAPOLG",5.56309,5.07786,5.38818,5.43555,5.0828,4.55943,5.5933,5.39363
"PAPPA",1.47237,1.36268,1.18382,1.25337,1.39676,1.03769,0.965849,1.02464
"PAPPA2",0.00915523,0.00980416,0,0,0.0190164,0.026989,0,0.0365592
"PAPSS1",70.1169,69.1308,69.2697,72.1644,72.0883,68.237,60.9991,68.0865
"PAPSS2",31.1812,29.7457,30.6126,24.5511,31.8408,24.2356,28.9477,25.7583
"PAQR3",8.36023,7.35196,6.51466,5.84493,5.39259,6.47723,7.52634,6.98827
"PAQR4",3.71418,3.37846,3.17239,4.16535,5.17114,4.42401,4.15493,3.87171
"PAQR5",0.234659,0.222191,0.192523,0.293082,0.106266,0.294067,0.229617,0.220259
"PAQR6",0.153547,0.576084,0.252429,0.462275,0.482455,0.829166,0.411244,0.209612
"PAQR7",4.49252,5.02955,4.56013,6.71477,4.24536,4.98354,4.13132,4.68272
"PAQR8",4.49312,4.50699,4.25545,4.78398,4.2488,4.88052,4.32732,4.57177
"PAQR9",0,0,0,0,0,0,0,0
"PARD3",6.49736,8.25722,7.60208,6.43514,6.88864,5.0372,6.65468,7.83493
"PARD3B",6.02425,6.16976,5.87163,5.92853,5.33451,3.91646,6.82107,4.96506
"PARD6A",4.11987,3.84957,4.86272,4.59598,2.78814,5.05791,3.92071,2.49404
"PARD6B",0.0139541,0.0448366,0,0.0640427,0.058048,0.0137074,0.0772309,0.0697341
"PARD6G",0.780508,0.581598,0.597387,0.764012,0.388547,0.76655,0.394518,0.916444
"PARK7",62.5379,67.355,58.7579,60.4955,54.9047,59.6122,61.4833,55.8161
"PARL",12.6334,15.0867,13.2827,11.0066,12.1027,13.898,15.5298,13.6869
"PARM1",0.0253749,0.0543535,0.0382329,0.116405,0.0791399,0.0373928,0.042128,0.0380309
"PARN",11.1358,10.4073,12.458,10.2075,13.2807,11.8113,13.9994,12.2497
"PARP1",41.9401,42.8123,40.9837,46.1121,35.6196,39.0966,38.5606,39.7222
"PARP10",1.66316,1.75519,1.31669,2.01822,1.66469,1.94002,1.64241,1.2348
"PARP11",2.33096,1.90595,1.8132,2.01043,2.03534,1.93252,2.51016,2.39327
"PARP12",34.5775,37.9114,38.6428,40.2301,33.7414,39.2734,38.2688,36.187
"PARP14",16.6551,14.3257,15.2576,14.5187,15.3467,14.9778,16.0206,15.3932
"PARP15",0.0495974,0,0,0,0.0258702,0,0.0824243,0
"PARP16",8.34355,8.2039,7.23511,7.42791,7.07298,7.43857,6.07109,7.77734
"PARP2",20.3229,17.4674,19.8624,18.6556,15.751,16.9337,18.9839,17.6345
"PARP3",6.21389,5.85667,5.85457,6.07281,6.83086,6.99736,5.75365,6.03968
"PARP4",42.0037,40.6183,43.2884,41.7138,40.4417,42.2348,39.5875,40.9204
"PARP6",7.30202,8.62456,8.24108,8.50339,9.01527,9.48167,7.94548,8.9786
"PARP8",0,0,0,0,0,0,0,0
"PARP9",3.7093,3.84566,3.18064,2.48905,2.57852,3.65299,2.70461,3.23329
"PARPBP",4.01534,3.3895,3.92724,2.419,3.02491,2.64381,4.35673,3.98695
"PARS2",3.24444,3.65359,2.60392,2.69093,3.24963,3.16542,2.95252,2.83876
"PARVA",52.6392,53.5951,56.9195,59.6958,58.268,51.5223,51.7221,57.9356
"PARVB",131.627,201.454,195.317,243.536,244.077,209.289,143.194,143.225
"PARVG",0,0,0,0,0,0,0,0
"PASD1",0,0,0,0,0,0,0,0
"PASK",0.998153,0.569312,0.832799,1.13421,0.918355,0.800162,0.915674,0.96843
"PATE1",0,0,0,0,0,0,0,0
"PATE2",0,0,0,0,0,0,0,0
"PATE3",0,0,0,0,0,0,0,0
"PATE4",0,0,0,0,0,0.0340364,0.153899,0.0697124
"PATL1",42.4485,42.923,49.5741,44.0186,42.664,39.2239,46.4973,43.8919
"PATL2",0,0,0,0,0.0370416,0,0,0.0355661
"PATZ1",17.3642,18.0901,17.8188,18.9258,18.4734,20.9021,13.1874,18.4794
"PAWR",13.9198,12.7428,15.0333,11.5856,15.2265,9.86223,17.9477,11.2044
"PAX1",0,0,0,0.0215701,0,0,0,0
"PAX2",0,0,0,0,0,0,0,0
"PAX3",0,0,0,0,0,0,0,0
"PAX4",0,0,0,0,0,0,0,0
"PAX5",0.0178771,0.0191498,0,0,0,0,0,0
"PAX6",0.128887,0.0985821,0.166265,0.0674747,0.10517,0.217133,0.224126,0.156249
"PAX7",0,0,0,0,0,0,0,0
"PAX8",0.226684,0.680527,0.506526,0.757913,0.666089,1.11101,0.704433,0.456627
"PAX9",0.0212439,0,0,0.0586589,0,0,0.0235299,0
"PAXIP1",8.63552,8.05786,10.0754,9.75445,9.78708,8.80903,11.0087,9.48096
"PBK",16.6217,22.7741,21.0883,20.3182,17.4814,19.7703,21.4765,18.1342
"PBLD",0.641759,0.768141,0.624318,0.970686,1.10256,0.68171,1.6671,0.990421
"PBOV1",0,0.143971,0,0,0,0.0527483,0,0
"PBRM1",10.1796,9.83444,10.8891,8.7323,10.4553,8.46745,11.161,9.49021
"PBX1",7.59863,9.80295,7.13374,9.83245,6.74564,8.3318,6.4644,11.1009
"PBX2",0,0,0,0,0,0,0,0.0205071
"PBX3",15.749,12.0205,17.4169,13.3731,15.9949,12.8022,17.6451,11.9624
"PBX4",0.130415,0,0.0441219,0,0,0,0,0
"PBXIP1",11.8677,11.0575,11.1747,12.5864,12.9273,11.6316,10.47,10.0684
"PC",1.22802,1.20737,1.01028,1.43556,1.03904,1.30474,1.3641,0.919906
"PCBD1",110.042,104.08,108.066,97.7581,98.934,99.2555,94.5749,98.1347
"PCBP1",346.445,329.152,344.961,370.759,372.427,371.166,328.397,346.6
"PCBP3",0.0362264,0.0388305,0.146755,0.0670662,0.151695,0.0710715,0.153638,0.0364063
"PCBP4",16.2293,15.1918,14.9583,22.5382,18.1312,20.7658,16.5054,15.5754
"PCCA",3.11037,3.08998,3.98625,1.97148,2.45683,2.12917,2.00716,3.31342
"PCCB",12.7069,15.1997,12.7198,13.4421,12.2781,13.5856,13.244,14.8998
"PCDH1",29.4588,30.0025,32.9437,31.0166,37.2218,35.3731,32.3383,29.7466
"PCDH10",172.096,126.284,183.589,138.513,192.574,131.142,171.158,147.261
"PCDH11X",0,0.136821,0.0135489,0,0,0.0132468,0.0149264,0.0134763
"PCDH11Y",0.0409744,0.0292562,0.0137222,0.0125338,0,0.0402508,0.0604742,0.0272993
"PCDH12",6.8205,9.12323,6.71438,9.58489,7.97589,10.015,6.58238,8.64791
"PCDH15",0.157445,0.227243,0.290451,0.10282,0.152039,0.220206,0.14891,0.202365
"PCDH17",2.3362,2.50794,1.95379,1.82978,2.41607,1.69533,2.26979,2.10564
"PCDH18",1.33274,1.56013,1.36184,1.81643,0.953079,1.59037,1.19758,1.72978
"PCDH19",3.2109,2.70457,3.17204,2.87245,3.93025,2.33216,3.4887,2.81674
"PCDH20",0,0,0,0,0,0,0,0
"PCDH7",1.85324,2.94729,2.00209,3.1654,1.80389,2.35768,2.24601,2.24401
"PCDH8",0,0,0,0,0.0182787,0,0,0
"PCDH9",1.1558,1.2348,1.29734,1.05861,1.17234,1.20359,1.36598,1.48044
"PCF11",3.40516,3.21973,3.02879,2.92435,3.5045,2.9963,3.30321,3.58371
"PCGF1",10.2496,8.8044,13.3254,11.6144,8.33647,6.18445,6.55252,8.62066
"PCGF2",136.38,125.102,135.695,148.058,143.409,156.862,138.354,133.455
"PCGF3",23.7881,21.9866,25.8894,22.988,24.6093,20.2699,24.4627,22.1754
"PCGF5",87.7491,72.9924,89.8481,69.775,80.9918,65.5585,95.7286,75.7501
"PCGF6",1.44403,2.05856,2.2802,2.08393,2.17044,1.70535,1.38573,1.56059
"PCID2",11.1687,10.6573,11.6661,10.1837,10.1576,8.20951,11.0585,10.3871
"PCIF1",12.7954,14.4475,13.2791,13.2221,15.1905,17.9282,13.6823,12.6732
"PCK1",0,0,0,0,0,0,0,0
"PCK2",3.65338,5.19472,5.00664,4.47551,6.351,4.6804,3.09744,5.20534
"PCLO",0.059245,0.0503434,0.0588635,0.114665,0.0365692,0.0250182,0.0823394,0.0507469
"PCM1",14.8891,14.1689,15.3877,13.669,14.6674,12.8041,16.5898,13.8009
"PCMT1",26.3505,23.2253,23.7993,21.6432,21.4102,22.5655,23.418,20.4411
"PCMTD1",7.02431,7.64698,6.97239,6.77053,8.00653,6.51513,7.64951,8.21133
"PCMTD2",13.7129,10.4073,13.7404,11.7116,14.2077,9.74533,12.6338,12.5026
"PCNA",46.8544,46.3731,43.837,44.5119,35.9452,36.8937,37.9333,41.4112
"PCNP",38.19,39.1331,38.5716,34.3825,36.7057,32.1446,38.0133,36.7342
"PCNT",3.75608,5.70496,4.3692,6.00852,4.71703,5.02009,4.66319,5.33841
"PCOLCE",7.00857,7.39785,4.08671,6.88626,7.26336,7.91133,6.01863,5.87453
"PCOLCE2",0.0677111,0,0,0,0,0,0,0.034003
"PCP2",0,0,0,0,0,0,0,0
"PCP4",0,0.194797,0,0,0,0,0,0
"PCP4L1",0,0.0545417,0.0517559,0,0,0.0996724,0,0
"PCSK1",0.985336,0.836478,0.83318,0.892505,0.647571,0.82959,1.25431,1.21061
"PCSK1N",0,0,0.0835203,0,0,0,0.271248,0.0825342
"PCSK2",0,0,0,0,0,0,0,0
"PCSK4",0.744889,0.474766,0.455966,0.658222,0.679677,0.662528,0.942074,0.522506
"PCSK5",1.56097,1.55058,2.00746,2.43084,1.83811,1.57989,1.72053,1.85504
"PCSK7",5.63567,5.35287,5.42678,6.80613,6.8082,6.47503,4.65981,6.01535
"PCSK9",0,0,0,0.0161493,0,0,0,0
"PCTP",6.87187,8.1979,6.84448,6.78539,6.72692,8.01778,6.29699,7.78459
"PCYOX1",6.41109,7.30396,7.03811,7.0194,6.15601,5.29313,7.01572,6.594
"PCYOX1L",8.9102,9.10181,8.3085,9.62,9.27546,10.0153,9.46297,8.4825
"PCYT1A",26.3663,28.4244,26.7236,31.1499,29.641,30.0082,29.3269,27.3515
"PCYT1B",0.104694,0.135589,0.175217,0.320078,0.257745,0.203543,0.137206,0.197551
"PCYT2",5.14888,4.87512,4.92117,6.05538,5.4156,5.42706,4.83339,4.47284
"PDAP1",26.0163,26.9432,25.8647,25.1915,26.0007,27.0253,24.6949,23.9554
"PDC",0,0.135387,0,0,0,0,0,0.127663
"PDCD1",0,0,0,0,0,0,0,0
"PDCD10",9.36929,8.04601,7.82665,7.83702,8.79502,7.43167,7.79781,7.25399
"PDCD11",5.71556,6.25173,6.89112,6.82133,6.73384,7.76541,6.73418,6.44793
"PDCD1LG2",7.02114,6.69341,8.61557,5.86254,7.68697,4.81014,6.90016,5.78591
"PDCD2",134.967,144.943,140.144,142.531,132.768,133.196,140.958,139.41
"PDCD2L",4.3108,4.34473,4.67567,3.11714,3.24028,3.90014,2.32355,3.96655
"PDCD5",68.5778,76.4559,61.2833,55.1796,54.1325,60.3107,49.643,59.3387
"PDCD6IP",106.126,90.4029,102.551,107.096,98.8556,105.137,99.0224,95.6405
"PDCD7",5.77864,4.74323,5.68447,5.6447,5.85576,5.16963,5.36904,5.90554
"PDCL",12.0971,11.6526,11.768,12.9208,11.4873,10.8461,12.4336,12.7343
"PDCL2",0,0,0,0,0,0,0,0
"PDCL3",7.89781,6.17541,8.29111,6.66015,4.55168,6.47582,7.44561,5.9503
"PDE10A",4.04777,3.75611,3.883,4.45957,4.15897,3.22266,4.0787,4.49631
"PDE11A",0.0324581,0.118675,0.0244143,0.0520274,0.0758273,0.0159471,0.0179545,0.0323952
"PDE12",8.85789,8.8737,9.07176,8.7965,9.48873,7.51874,8.45758,9.29711
"PDE1A",0.499489,0.800403,0.513972,0.635029,0.42988,0.373506,0.633325,0.44802
"PDE1B",0,0,0,0,0,0,0,0
"PDE1C",0.467579,0.523897,0.568132,0.337597,0.433896,0.192566,0.624539,0.268725
"PDE2A",2.32968,2.07892,2.03194,2.182,2.98552,2.73433,2.86932,2.50544
"PDE3A",37.7665,28.9995,41.854,34.7276,45.6632,26.2733,47.3362,37.2133
"PDE3B",0.491113,0.514756,0.362995,0.632446,0.24969,0.482546,0.291193,0.480004
"PDE4A",4.16888,4.78157,3.94934,4.73619,4.61261,5.58446,4.31883,4.56879
"PDE4B",53.5941,44.6482,55.7896,43.0945,51.8169,39.6627,56.0452,43.8389
"PDE4C",0.0127617,0.0136693,0.0128193,0.0351503,0.0132676,0.0250868,0.0282663,0.0638093
"PDE4D",19.9729,12.9416,24.4348,10.3123,18.2933,15.2114,18.693,15.6217
"PDE4DIP",0.2179,0.389104,0.292975,0.423865,0.530323,0.54663,0.724222,0.679267
"PDE5A",0.543724,0.388155,0.450867,0.308768,0.447205,0.240511,0.541454,0.307583
"PDE6A",0.0452487,0.0121149,0.0227151,0.0518668,0.0470224,0.055571,0.012519,0
"PDE6B",0,0.0256658,0.0724648,0,0.0499414,0,0.106098,0.071964
"PDE6C",0,0,0,0,0,0,0,0
"PDE6D",26.4094,23.7205,25.8618,23.0517,19.0082,16.8114,22.375,20.1422
"PDE6G",6.71154,6.37757,7.50715,7.08673,5.58397,5.88698,3.89985,5.71589
"PDE6H",0,0,0,0,0.620747,0,0,0
"PDE7A",4.31145,3.85565,4.51635,5.29693,3.7924,4.07057,4.70293,4.47072
"PDE7B",7.62331,5.2753,8.15855,4.55699,7.97365,4.27191,6.78185,5.33073
"PDE8A",15.8143,17.094,16.9772,16.0076,16.4018,16.0433,17.6523,17.157
"PDE8B",0.0787551,0.168716,0.0316719,0.0289316,0.0491663,0.123769,0.0871889,0.0944997
"PDE9A",15.5409,14.3976,15.2052,28.2611,24.0914,14.6472,11.8084,16.6401
"PDGFA",8.83229,5.78631,7.11865,5.66254,10.1402,6.17805,9.23014,4.20183
"PDGFB",1.34007,0.851403,1.14533,1.58884,1.32463,1.2966,0.742421,0.849934
"PDGFC",2.63718,2.22493,2.51731,2.59392,1.91869,1.99642,3.19864,2.10809
"PDGFD",2.18946,3.54578,2.64007,2.42378,2.62356,1.98328,2.06085,1.93708
"PDGFRA",0.0386143,0.020676,0.0678082,0.0442347,0.100272,0.0284571,0.010682,0.0481923
"PDGFRB",0.156296,0.0836929,0.145707,0.0716584,0.0812078,0.109687,0.0370647,0.17841
"PDGFRL",5.01815,6.0803,4.6026,5.11612,6.16604,5.63524,4.8796,5.29891
"PDHA1",12.3225,11.8522,11.7835,11.1225,11.1717,10.8929,11.7328,10.797
"PDHA2",0,0,0,0,0,0,0,0
"PDHB",13.9433,10.9346,10.6192,12.3365,11.4853,10.7014,10.7534,12.2371
"PDHX",8.80726,6.67825,7.87974,6.8556,6.42293,4.87567,6.35538,6.36329
"PDIA2",0,0.130823,0,0.30171,0,0,0,0
"PDIA3",159.888,158.751,158.845,162.045,150.625,149.421,149.184,157.154
"PDIA4",162.294,149.644,158.641,185.272,162.406,158.135,151.342,164.384
"PDIA5",48.9568,47.2832,45.3713,47.1991,49.2767,48.924,44.1003,46.7624
"PDIA6",54.9145,56.8757,53.2196,51.208,51.1597,51.6869,52.4021,51.5959
"PDIK1L",1.06992,1.03317,0.879561,0.945548,0.964807,0.980827,1.26608,0.763465
"PDILT",0,0,0,0,0,0,0,0
"PDK1",4.62218,4.79532,5.50703,4.50125,4.97634,4.52805,5.8186,4.55123
"PDK2",58.207,43.9257,54.7398,63.0071,59.2563,52.099,57.3038,50.0776
"PDK3",4.49329,6.13305,6.62418,3.96921,3.76167,4.13983,2.95502,5.12246
"PDK4",6.87176,6.17224,6.94889,7.6633,8.30048,6.06993,8.05557,8.73238
"PDLIM1",442.715,462.31,432.036,528.745,529.002,442.933,352.317,503.393
"PDLIM2",19.3855,18.5901,16.4085,24.9491,22.9456,21.4364,17.8425,17.1202
"PDLIM3",2.11894,2.87749,2.6589,3.31514,1.8763,2.34601,1.55598,1.45673
"PDLIM4",38.9897,52.9849,34.4803,57.1945,40.4249,52.2349,34.9373,40.6184
"PDLIM5",125.559,80.6347,160.47,80.0276,129.811,65.4997,145.542,87.8037
"PDLIM7",145.776,137.463,151.182,180.071,161.537,186.626,153.751,139.6
"PDP1",7.69091,5.15063,7.84973,6.59073,7.41536,5.72887,6.9961,5.61815
"PDP2",1.76862,1.69767,1.78698,1.8404,1.49434,1.31795,1.93567,1.72473
"PDPK1",9.93038,8.95327,10.3573,7.30536,10.7912,8.94114,9.98021,9.68084
"PDPN",0,0,0,0,0,0,0,0
"PDPR",17.639,17.8796,18.5342,17.9454,19.0368,19.0614,18.7442,19.9411
"PDRG1",3.77049,2.33509,3.51532,5.14447,2.90451,3.382,2.94885,4.0728
"PDS5A",28.8541,27.6786,34.4445,27.236,29.2527,23.8381,34.7896,29.8689
"PDS5B",2.50618,2.86883,2.93306,2.78941,2.37585,2.14836,2.82667,2.61489
"PDSS1",6.79137,8.4086,5.96022,7.11724,6.84816,6.61481,6.12635,7.63168
"PDSS2",8.45741,7.92806,7.98537,7.10415,7.84995,7.53941,4.71931,6.55291
"PDX1",0,0,0.0262863,0,0,0,0,0
"PDXDC1",29.1412,25.9032,27.4683,22.1477,24.6292,27.1708,24.1478,26.907
"PDXK",9.5147,10.636,9.20002,11.3001,12.6576,14.1469,5.5645,10.5649
"PDXP",8.58226,9.12474,9.65683,11.2718,10.8812,11.2813,8.64068,9.48271
"PDYN",0,0,0,0,0,0,0,0
"PDZD11",58.7608,61.8613,62.5663,64.8013,51.1986,52.5479,55.3819,58.4806
"PDZD2",0.313733,0.245116,0.178148,0.189754,0.268312,0.265085,0.237445,0.175677
"PDZD4",0,0,0.0175014,0.0639521,0.018109,0.102504,0.134829,0
"PDZD7",0.148707,0.201281,0.125966,0.143834,0.260703,0.307624,0.242715,0.0662283
"PDZD8",5.9367,5.16438,5.36034,4.83497,5.60094,4.11217,6.08525,5.40057
"PDZD9",0,0.229096,0,0.133499,0,0,0,0.0721149
"PDZK1",0,0,0.074032,0,0.0382587,0,0.0810786,0
"PDZK1IP1",0.0907078,0.0974027,0.0935807,0,0,0.177281,0.101055,0.0923898
"PDZRN3",1.04256,1.18337,1.31422,1.55779,1.00379,1.10043,1.60599,1.55586
"PDZRN4",0,0,0,0,0,0,0,0
"PEA15",168.837,173.36,175.11,194.1,161.777,174.674,176.864,167.816
"PEAK1",23.6674,26.6436,26.079,26.8259,24.4628,25.2576,27.166,28.8853
"PEAR1",49.6976,45.6602,48.1764,55.3507,59.1709,56.2287,48.6715,46.1941
"PEBP1",117.487,141.904,128.092,142.661,125.675,115.694,99.2836,107.427
"PEBP4",0,0,0,0,0,0,0,0
"PECAM1",156.619,188.84,176.764,183.822,162.384,171.589,160.129,183.247
"PECR",1.70402,1.90592,1.65082,0.926028,1.12467,1.81659,1.52012,2.19682
"PEF1",37.1428,34.4802,33.7117,39.4147,33.4807,36.9515,31.7535,37.5676
"PEG10",77.8079,59.9779,83.9513,65.3923,77.4977,59.1161,83.4877,72.2528
"PELI1",12.9058,12.1396,9.79713,12.1133,11.5571,9.67111,11.8134,13.5327
"PELI2",4.29197,3.69485,4.17295,4.07407,4.5374,4.23837,4.78139,4.76842
"PELI3",1.15212,1.02797,1.0756,2.11471,1.10419,1.12004,1.00367,1.25494
"PELP1",15.8055,16.3927,13.4788,18.0572,16.1652,19.0923,14.404,14.0603
"PEMT",33.1872,36.7948,37.9888,34.692,30.9807,38.8517,30.3613,38.029
"PENK",0,0,0,0,0,0,0,0
"PEPD",75.7833,72.4338,80.6952,94.9262,76.2588,80.3056,78.3565,82.0594
"PER1",3.88241,3.35688,4.01156,4.23009,5.63367,4.39144,4.69259,4.10418
"PER2",0.672961,0.635035,0.942232,0.572829,0.748181,0.881279,0.738166,0.70511
"PER3",2.28592,2.65991,2.69581,2.14262,2.49177,2.40713,2.66305,2.35575
"PERP",76.9191,72.5188,82.787,86.5561,79.7185,78.6538,68.6372,86.0679
"PES1",25.4459,33.9747,25.9775,32.9262,26.8164,31.768,29.7529,26.5075
"PEX1",1.90929,1.87828,1.67305,1.85734,1.82814,1.66941,1.96894,1.85639
"PEX10",13.033,11.4583,10.8698,12.8888,12.7507,12.3803,9.82556,9.21269
"PEX11A",1.823,1.85361,2.49225,1.49294,1.33259,1.26263,1.4555,1.75614
"PEX11B",25.975,24.4494,24.5754,22.8542,24.2377,18.5972,25.204,22.5879
"PEX11G",0.145325,0.467871,0.223493,0.818232,0.38431,0.497656,0.323316,0.368398
"PEX12",2.38931,2.74669,1.73215,1.90392,1.71371,1.97887,2.01299,2.36952
"PEX13",5.22667,5.51295,6.14235,4.9682,5.67675,5.14133,6.48559,5.53124
"PEX14",9.27575,8.95029,9.94853,9.27303,8.30619,9.896,9.36834,9.7604
"PEX16",5.41909,5.0069,5.00723,5.05483,6.75512,7.92376,5.6668,4.9241
"PEX19",15.8027,16.1719,18.7216,16.4309,15.9719,14.851,17.5815,17.0955
"PEX2",2.38876,2.42514,2.81925,3.07333,2.62293,2.24501,2.07273,2.02141
"PEX26",13.7346,14.3324,15.6635,16.5204,12.8425,16.6334,15.2964,15.3412
"PEX3",2.85893,2.62551,2.68818,2.72278,2.75618,2.44922,2.44949,2.64827
"PEX5",4.08573,4.1566,4.19111,4.7934,5.77558,4.40291,4.07724,4.52019
"PEX5L",0.0287968,0.0385476,0.057752,0.0197729,0.0448395,0.0566083,0.0159267,0.0646617
"PEX6",0.542108,0.706926,0.451831,1.08295,0.738095,0.679243,0.672458,0.48536
"PEX7",0.913976,0.832578,1.15076,0.75607,0.713661,0.618252,0.700344,0.870559
"PF4",0.23542,0,0,0,0,0,0,0
"PF4V1",0,0,0,0,0,0,0,0
"PFAS",7.18942,7.69372,6.59221,8.73755,6.69263,7.94517,6.22518,7.38455
"PFDN1",190.951,173.814,201.486,164.138,171.854,154.373,157.241,168.93
"PFDN2",21.0939,31.3953,25.5136,30.7955,23.7234,24.9002,19.079,28.1842
"PFDN4",5.54636,5.77353,4.26579,5.06738,4.80593,4.15491,5.4355,4.22644
"PFDN5",63.4776,56.7075,45.46,43.9196,33.0271,46.0813,34.9981,39.9366
"PFDN6",0,0,0,0,0,0,0,0
"PFKFB1",0,0.21703,0.32846,0.300295,0.212162,0.119109,0.179679,0.203665
"PFKFB2",0.215878,0.376536,0.355349,0.147613,0.229489,0.24716,0.493267,0.247304
"PFKFB3",8.51819,7.99897,9.0407,7.84958,9.22683,5.81466,8.84321,7.11682
"PFKFB4",0.999429,1.04821,0.873358,1.13992,0.702998,1.06799,0.957223,1.12734
"PFKL",26.6497,25.9877,25.2762,28.3534,29.1193,32.5803,27.6185,25.3539
"PFKM",8.69529,7.89679,8.58587,8.10439,7.64591,7.56279,8.65939,8.29414
"PFKP",64.5702,54.566,61.3531,56.596,64.7965,61.6274,64.4349,47.8986
"PFN1",4869.08,5154.4,4820.36,5382.61,4686.59,4879.7,4748.56,4825
"PFN2",78.8454,80.9472,81.7532,77.2423,69.3512,68.5629,72.0907,74.8513
"PFN3",0,0,0,0,0,0,0,0
"PFN4",0.11007,0,0.228648,0,0,0.214841,0,0.112652
"PGA3",0,0,0,0,0,0,0,0
"PGA4",0,0,0,0,0,0,0,0
"PGA5",0,0,0,0,0,0,0,0
"PGAM1",291.889,299.641,286.734,296.647,273.259,275.833,268.868,280.432
"PGAM2",0.47059,0.924225,0.611999,0.649303,1.08253,0.885679,0.738306,0.647619
"PGAM4",0.126046,0.225215,0,0,0.0881011,0.0412155,0,0.126848
"PGAP1",2.32699,2.60594,2.40194,2.20524,2.10168,2.10385,2.10308,2.83766
"PGAP2",31.3785,29.1629,31.6792,32.7765,27.9165,31.9199,27.7554,30.9866
"PGAP3",1.8878,0.87858,1.42778,1.59931,1.49341,3.15718,2.32246,1.12187
"PGBD1",3.50107,3.60704,4.72551,3.47282,3.41665,3.89922,4.55699,4.4141
"PGBD2",0.898487,0.540135,0.622389,1.4336,0.77084,1.10955,0.978058,1.05553
"PGBD4",0.993262,0.782632,0.35411,0.242716,0.640819,0.487345,0.453302,0.70338
"PGBD5",0.0207764,0,0.0418533,0.114716,0.0216495,0,0,0
"PGC",0,0,0,0,0,0,0,0
"PGD",61.3571,64.7348,58.0915,64.4823,57.2113,63.9001,58.921,63.2666
"PGF",101.743,74.6905,127.358,107.471,131.684,90.1246,113.13,89.5645
"PGGT1B",0.901075,0.849915,0.693355,0.800595,0.943078,0.565642,1.35901,1.15904
"PGK1",155.255,157.639,158.617,151.106,140.901,144.836,130.091,157.959
"PGK2",0,0,0,0,0,0,0,0
"PGLS",193.974,205.44,207.758,235.916,223.233,198.723,163.474,183.923
"PGLYRP1",0.384572,0.25773,0.635324,0.625691,0.302926,0.376898,0.320184,0.581396
"PGLYRP2",0,0.0790787,0,0.034151,0.0772339,0,0,0
"PGLYRP3",0,0,0,0,0,0,0,0
"PGLYRP4",0,0,0,0,0,0,0,0
"PGM1",6.39624,6.50378,6.92366,6.32709,7.33093,6.33674,6.15303,6.57742
"PGM2",21.6614,25.0831,23.2882,23.0686,23.2035,23.7414,23.2261,24.8347
"PGM2L1",21.0536,15.5796,17.852,18.6965,22.4184,12.9081,31.7485,15.719
"PGM3",7.39834,5.91978,7.91789,8.11072,6.28335,6.36653,7.18385,6.65955
"PGM5",0,0.0842629,0.0395985,0.12662,0.0614529,0.173784,0.195999,0.0196817
"PGP",3.63742,4.48243,3.57931,4.00553,3.30851,4.91325,2.88766,3.64181
"PGPEP1",3.30669,3.04747,3.52954,3.4236,3.18563,3.32231,3.15669,3.5178
"PGPEP1L",0,0,0,0,0,0,0,0
"PGR",0,0,0,0,0,0,0,0
"PGRMC1",36.3085,38.4912,39.5789,37.885,37.7373,33.7702,38.3425,39.2099
"PGRMC2",6.23506,6.86279,7.18832,6.48778,7.47376,5.41499,6.44721,5.46358
"PGS1",8.60342,8.86931,7.87377,9.73385,9.80419,7.76223,7.55849,9.15449
"PHACTR1",0.948037,1.25428,1.32214,0.95819,1.07122,0.754101,0.89134,0.980904
"PHACTR2",27.3511,21.6893,27.6812,20.5604,27.8712,17.699,27.9593,22.23
"PHACTR3",0.0266707,0,0,0,0,0,0,0
"PHACTR4",73.6102,80.6175,80.3884,85.9466,69.9997,80.121,85.1873,93.519
"PHAX",5.00377,3.67955,3.84269,3.62867,3.59938,3.50052,3.72837,3.90303
"PHB2",239.661,251.577,241.231,246.336,222.233,241.264,229.213,235.698
"PHC1",14.8093,14.0822,14.4397,17.6351,16.4114,15.095,15.1899,17.8104
"PHC3",18.6558,19.4053,21.2574,18.4279,21.3562,18.5466,28.0365,19.5681
"PHEX",0.749869,0.922917,1.20184,0.882165,0.426315,0.398604,0.744826,0.828645
"PHF1",0,0,0,0,0,0,0,0
"PHF10",22.4801,17.1403,23.7146,15.9821,23.1206,17.4329,23.5693,20.3218
"PHF11",3.17772,4.84995,2.84461,3.77151,4.34715,3.53275,4.39518,3.41766
"PHF12",28.4914,32.6682,32.3481,32.873,33.0122,35.6557,32.8222,33.9778
"PHF13",3.83913,3.00818,3.9881,4.03629,4.53449,3.59569,3.42438,3.78739
"PHF14",3.51056,3.27309,3.38684,2.14047,3.06239,2.89739,2.8437,3.18084
"PHF19",65.4309,67.7138,63.2956,64.1506,53.9932,59.5243,51.3014,62.2155
"PHF2",10.102,8.34372,9.29973,10.5133,10.7198,9.81445,9.45955,9.059
"PHF20",7.41949,5.70415,7.09186,6.16903,7.33453,5.7869,6.81867,6.42937
"PHF20L1",4.89072,4.72267,5.03846,3.69934,4.36149,3.97759,4.69855,4.34336
"PHF21A",24.6544,23.437,23.0647,25.0218,24.6936,21.8063,23.8438,23.6247
"PHF21B",0.056099,0.0600783,0,0.0687747,0.0194573,0.110163,0,0
"PHF23",28.9712,25.9908,29.3584,31.7639,32.1424,27.8725,28.8905,25.3069
"PHF3",8.70214,9.24949,9.0489,8.21231,8.12241,9.16292,9.80406,9.42357
"PHF5A",36.138,23.2945,18.8716,14.0821,19.5277,25.7419,12.2422,21.1545
"PHF6",14.218,14.0631,14.3297,12.3708,13.4701,11.5427,15.9348,13.6624
"PHF7",1.70921,1.18507,1.09178,1.65801,1.29022,1.55455,1.19786,1.2334
"PHF8",15.0597,15.3486,15.7793,16.6444,15.8761,16.6132,17.434,14.7841
"PHGDH",7.00046,6.32979,7.75169,8.7456,6.71343,7.63538,5.86711,5.89239
"PHGR1",0,0,0,0,0,0,0,0
"PHIP",4.67462,4.44804,4.97157,4.37734,4.5624,3.79607,5.02628,4.9592
"PHKA1",1.51523,1.82411,1.78405,1.35596,1.44303,1.2105,1.80737,1.86314
"PHKA2",4.31256,3.92534,3.91315,3.62199,4.25592,4.16455,4.31093,4.47352
"PHKB",16.3737,16.8499,17.4881,14.8431,18.078,14.2172,18.805,17.0956
"PHKG1",0,0.108453,0.154357,0.329397,0.159442,0.0990994,0.280731,0
"PHKG2",6.1817,5.80491,7.39109,7.08141,6.54903,6.53425,6.79247,5.11555
"PHLDA1",33.8318,32.4193,35.2813,38.8048,37.1456,35.986,39.8102,39.5468
"PHLDA2",79.489,72.9664,73.6301,89.9302,88.0637,85.8916,75.9815,74.4061
"PHLDA3",17.3751,20.8202,16.0117,20.1868,18.2698,23.2544,15.1605,14.5574
"PHLDB1",20.2498,16.8726,20.1517,21.1596,23.465,21.813,21.1789,16.6415
"PHLDB3",1.70766,1.48581,0.764287,1.73143,1.65998,1.75125,1.73067,1.06793
"PHLPP1",2.50583,2.3551,2.21869,1.93719,2.33032,2.23578,2.15508,2.49141
"PHLPP2",2.36958,2.19651,2.42332,1.91212,2.39577,1.64291,2.13007,1.80105
"PHOSPHO1",0.429302,0.690625,0.218639,0,0.338708,0.262859,0.536388,0.270797
"PHOX2A",0,0,0,0,0,0.0812229,0,0
"PHOX2B",0,0,0,0,0,0,0,0
"PHRF1",6.56947,6.11063,5.79994,7.10651,7.07002,7.55114,7.81538,5.6442
"PHTF1",8.01429,6.86643,7.40631,7.14806,7.97173,6.63307,8.65709,7.52167
"PHTF2",3.5876,4.07265,4.12378,3.18069,3.93018,3.60895,5.28438,3.78982
"PHYH",10.9727,12.3784,13.3321,15.2585,13.175,12.0094,11.7854,13.3997
"PHYHD1",0.268146,0.267827,0.455031,0.295418,0.260979,0.31182,0.318973,0.385169
"PHYHIP",0.668571,0.831007,0.431847,0.616619,0.753695,0.944908,0.889031,0.474933
"PHYHIPL",0,0,0,0,0,0,0,0
"PI15",0,0.0100872,0,0,0,0,0,0
"PI16",0.459991,0.333389,0.132921,0.820082,0.446661,0.61376,0.29135,0.65987
"PI3",0,0,0,0,0,0,0.408417,0
"PI4K2A",9.31078,9.45929,10.9163,10.9518,9.86428,9.96558,9.26289,10.7785
"PI4K2B",3.77353,4.13833,4.26674,2.52868,3.43942,2.90828,4.36442,3.45842
"PI4KA",18.1055,18.1847,19.32,19.7085,15.4656,18.0042,18.3146,18.135
"PI4KB",19.8624,20.7047,19.6131,21.864,19.5041,20.4684,19.0523,19.3586
"PIAS1",33.8916,34.9978,34.4956,31.8945,27.0706,28.766,36.6953,34.3561
"PIAS2",8.16765,7.91722,8.465,6.90948,8.29724,8.35136,8.06079,6.87314
"PIAS3",50.6111,51.7003,46.9627,54.3461,54.2802,52.3007,43.2082,48.177
"PIAS4",19.6332,16.5659,19.1078,17.892,21.4675,17.6573,20.5789,18.6861
"PIBF1",0.82651,1.11249,1.08879,1.07279,1.0822,0.582614,0.751133,0.572914
"PICALM",63.6304,59.4328,70.2312,57.2195,64.2208,54.3073,72.3642,56.7855
"PICK1",2.01754,1.60729,1.3835,2.25681,1.96261,2.22032,1.78614,1.66736
"PID1",0,0,0,0,0,0,0,0
"PIEZO1",35.5684,30.9521,37.2922,35.6375,43.5105,40.1675,37.908,34.0689
"PIEZO2",0.534074,0.529728,0.337082,0.434694,0.43109,0.402081,0.449662,0.741628
"PIF1",3.04227,4.46045,4.70663,5.33098,5.00393,5.87461,5.6792,5.06775
"PIGA",2.12148,2.24611,1.82839,2.03423,1.65418,1.87258,2.42835,2.03253
"PIGB",5.05289,5.64754,4.19849,3.20724,4.04968,4.71448,4.02048,4.72911
"PIGC",7.9866,8.1974,9.71018,11.5504,10.8499,7.97358,12.2778,9.47558
"PIGF",19.3741,18.3078,17.2102,15.3013,15.5556,12.7928,15.2713,15.2445
"PIGG",9.03524,7.74783,8.30247,8.03262,8.80044,8.55635,8.93906,9.77734
"PIGH",6.73791,5.60716,5.9354,6.87689,5.07667,5.22224,4.80075,6.13827
"PIGK",9.51164,7.67012,9.59176,8.13458,7.6875,7.66444,8.17699,7.55383
"PIGL",5.10744,3.77375,5.14452,2.74862,5.55293,3.36388,3.2469,6.16928
"PIGM",3.33706,3.28476,3.61407,3.45039,2.80665,2.80574,3.22876,3.35189
"PIGN",6.68597,7.02232,6.52758,5.90742,7.11622,6.64791,6.98113,6.51327
"PIGO",10.404,10.8339,10.9689,11.3183,11.2714,13.2282,11.1952,12.2382
"PIGP",8.79648,10.7511,10.699,7.77145,8.79714,7.34062,11.7593,8.59364
"PIGQ",14.7786,13.404,12.958,13.7409,17.8702,17.1882,14.4717,13.0555
"PIGR",0,0.0161985,0,0.0138879,0.0157333,0,0,0.0302396
"PIGS",23.4272,24.9205,25.6566,27.3714,28.1191,27.1543,23.4758,24.0937
"PIGT",337.363,320.99,360.184,404.454,359.766,324.09,317.578,317.024
"PIGU",55.1031,56.1796,57.2609,56.0265,53.1696,48.3122,58.3929,57.176
"PIGV",5.32517,7.49161,6.09219,6.60062,5.50608,6.54617,6.9436,6.66208
"PIGW",4.09843,2.86109,3.93447,3.22338,2.95399,2.26126,3.08854,3.13482
"PIGX",2.65296,3.44512,2.85671,3.40759,3.1705,3.49897,3.49365,2.41896
"PIGY",17.185,15.8806,14.2585,15.8618,13.7021,13.8705,13.0845,10.5819
"PIGZ",7.90587,8.07736,6.49894,8.72773,9.37482,8.69997,7.82195,7.56019
"PIH1D1",21.8876,19.1874,20.2728,20.5205,23.2149,21.8615,23.6484,23.3497
"PIH1D2",0.119446,0.513482,0.366331,0.279221,0.819725,0.292823,0.132982,0.604825
"PIK3AP1",0.0267173,0.11446,0.0402646,0.0612965,0.125014,0.0787382,0.0147864,0.0800987
"PIK3C2A",12.6315,12.0179,13.7001,10.0479,12.2111,9.72688,13.502,12.4259
"PIK3C2B",14.7146,20.8738,13.8151,22.2123,16.3976,23.0318,13.5019,21.5187
"PIK3C2G",0,0,0,0,0,0,0,0
"PIK3C3",9.71002,11.1439,10.8817,9.59479,11.1185,9.02379,11.5239,10.5314
"PIK3CA",4.54468,4.64783,6.77818,4.32507,5.2849,4.7805,7.2038,4.69292
"PIK3CB",4.67373,4.06727,4.62424,3.69098,4.43472,3.611,4.54616,4.38562
"PIK3CD",2.24491,1.68297,2.37295,2.2974,2.46833,1.95017,2.70682,1.85308
"PIK3CG",3.04765,5.73486,4.01566,4.5617,3.76993,4.51135,3.72655,5.59717
"PIK3IP1",1.07424,1.0998,0.914659,1.20964,1.26977,1.49979,1.29588,1.72206
"PIK3R1",3.48121,3.21498,3.48638,2.77054,3.69095,3.22585,3.05676,3.20797
"PIK3R2",4.71706,4.94665,4.42647,4.983,4.78909,6.9979,5.17816,4.73403
"PIK3R3",6.2403,8.90534,6.11095,8.81498,5.96776,7.63021,5.84652,9.04688
"PIK3R4",8.03296,7.81927,8.29684,7.78718,8.76465,8.09606,9.38786,7.96487
"PIK3R5",0,0,0,0,0,0,0,0
"PIK3R6",0,0,0,0,0,0.04269,0,0
"PIKFYVE",7.52055,7.23443,8.80853,6.8695,8.60756,6.78548,9.39234,9.21805
"PILRA",0.0725565,0,0.148794,0,0,0.35503,0.0807123,0.294342
"PILRB",11.0486,10.7674,11.6774,12.308,11.413,11.0738,9.13384,11.9513
"PIM1",5.73883,4.90857,6.70678,6.03752,4.93504,4.49675,5.75802,5.55311
"PIM2",5.73284,6.0634,6.03288,7.13822,5.91715,6.23253,5.73354,6.34824
"PIM3",32.0231,21.5989,29.8724,28.6358,35.8328,25.6032,29.6031,21.954
"PIN1",21.559,21.4346,21.1167,23.2054,25.7735,25.7942,21.861,19.3022
"PIN4",2.48781,2.39724,1.37024,1.40702,1.69271,1.47408,2.28712,2.46094
"PINK1",13.2901,11.844,14.0142,14.7972,15.6483,15.0427,15.2817,13.4957
"PINX1",17.0915,20.761,22.6185,25.2851,24.3071,19.9143,25.53,25.605
"PIP",0,0,0,0,0,0,0,0
"PIP4K2A",18.9941,20.9811,17.8396,21.0002,18.1552,18.8342,19.097,21.0203
"PIP4K2B",13.5585,14.5682,13.5692,14.5319,15.3582,15.0083,14.004,14.2607
"PIP4K2C",1.65601,1.44336,1.73193,1.67099,1.37071,1.33643,1.60876,1.80896
"PIP5K1A",46.5312,40.9727,50.8608,45.5126,48.0954,40.0003,49.8274,45.6406
"PIP5K1B",0,0.0539691,0.10162,0.0928576,0.0525531,0,0.0558083,0
"PIP5K1C",30.0324,33.2192,35.1249,35.8037,36.0773,40.4975,37.59,34.385
"PIP5KL1",0.41509,0.247266,0,0.19461,0.0731463,0.270964,0.358335,0.232305
"PIPOX",0,0.0299631,0,0,0,0.0274417,0,0.0841306
"PIRT",0,0,0,0,0,0,0,0
"PISD",15.9643,15.0648,17.383,16.2926,19.1842,18.9258,17.0579,17.1677
"PITHD1",14.6363,15.4108,15.9219,17.478,14.1151,15.4193,14.7872,12.9321
"PITPNA",62.376,65.945,67.1985,67.2262,65.9318,67.3909,64.0889,68.6667
"PITPNB",28.8924,27.1824,31.9647,29.5324,29.9862,23.6644,30.735,28.2736
"PITPNC1",4.88935,4.05527,6.91796,6.70628,4.43107,5.36809,5.35387,4.59645
"PITPNM1",2.92717,3.72553,2.92524,3.73149,3.39249,3.63381,3.02966,2.61586
"PITPNM2",3.39424,4.07507,3.43247,4.70889,4.03197,6.16878,3.7506,4.88596
"PITPNM3",0.549234,0.871179,0.399555,0.689205,0.468606,0.786621,0.401489,0.459491
"PITRM1",61.5997,59.1174,62.7211,58.622,62.26,56.0175,64.3851,55.1567
"PITX1",0.0283367,0,0.0286149,0.0261503,0.0295918,0.055617,0,0
"PITX2",0,0,0,0.225367,0.0424562,0.079453,0,0
"PITX3",0,0,0,0,0,0,0,0
"PIWIL1",0,0,0,0,0,0,0,0
"PIWIL2",0,0,0,0,0,0,0,0
"PIWIL3",0,0.0402619,0.0378277,0,0,0.0369049,0,0
"PIWIL4",0,0,0.0207287,0.151507,0.0428899,0.0404166,0.0227947,0.0824156
"PJA1",5.24773,4.22981,5.2607,5.05968,6.39192,5.33432,4.94485,5.56393
"PJA2",19.7127,17.3412,19.0398,18.1101,19.6856,15.2401,19.6245,17.391
"PKD1",3.37301,3.43615,3.88565,4.32254,4.29282,4.57469,4.4252,3.85183
"PKD1L1",1.79277,1.4677,1.49587,2.11213,1.09614,1.47925,1.16723,1.26018
"PKD1L2",0,0,0,0,0.0199194,0,0,0
"PKD1L3",0,0,0,0,0,0,0,0
"PKD2",5.3742,5.75809,6.35787,4.78509,5.4714,4.39365,6.43191,6.72429
"PKD2L1",0,0,0.0217878,0,0,0,0,0
"PKD2L2",0,0,0,0,0,0,0,0
"PKDCC",1.1178,1.05469,0.981201,0.828422,1.25192,0.77542,1.02281,0.862187
"PKDREJ",0.0412246,0.0264872,0,0.00755206,0.0256818,0.00810233,0.0638555,0.0082292
"PKHD1",0,0,0,0,0,0,0,0
"PKHD1L1",0,0.00476119,0,0,0,0.00437097,0,0.00886832
"PKIA",7.05465,7.49852,8.08543,7.67445,6.35163,6.91411,7.29023,7.37705
"PKIB",0.0369659,0,0,0.0356394,0,0,0,0
"PKIG",98.3283,107.678,92.472,81.7006,85.9807,89.0285,83.9854,90.8279
"PKLR",0.174819,0.16388,0.0880536,0.301789,0.205005,0.321847,0.193644,0.153176
"PKMYT1",5.956,6.38198,6.20104,9.25015,7.76219,8.98824,7.09544,6.09399
"PKN1",41.2219,47.5136,40.2076,49.7267,49.6815,59.57,47.6971,39.1948
"PKN2",13.8384,14.9302,16.7464,13.5501,15.4392,12.1939,18.7255,15.1332
"PKN3",11.1317,11.7537,11.566,12.3331,12.1413,15.7879,12.108,11.0886
"PKNOX1",3.61087,3.52163,2.97674,3.69342,3.33896,3.47158,3.75432,3.16956
"PKNOX2",0.943374,1.34736,1.01944,2.46958,1.27307,2.29903,1.52723,2.10093
"PKP1",0,0,0,0,0,0,0,0
"PKP2",1.32044,0.916087,1.25197,1.00583,0.88975,0.943272,1.87703,0.795445
"PKP3",0,0,0,0,0.0493885,0,0,0.0237226
"PKP4",28.4763,19.8704,29.2057,20.7098,25.8308,18.9015,25.9903,27.6237
"PLA1A",0.0451003,0.0434223,0,0,0,0.119172,0,0.181697
"PLA2G10",0,0,0.0808788,0,0.250256,0.153981,0.350455,0
"PLA2G12A",2.17732,2.00545,2.15091,1.61548,1.72891,2.00651,1.73519,2.06542
"PLA2G12B",0,0,0.21564,0,0,0,0,0
"PLA2G15",10.1316,8.36996,8.29932,9.9084,10.7079,10.5925,8.42282,8.52418
"PLA2G1B",0,0,0,0,0,0,0,0
"PLA2G2A",0,0,0,0,0,0,0,0
"PLA2G2C",0,0,0,0,0,0,0,0
"PLA2G2D",0,0,0,0,0,0,0,0
"PLA2G2E",0,0,0,0,0,0,0,0
"PLA2G2F",0,0,0,0,0,0,0,0
"PLA2G3",0,0.0278896,0,0.0959995,0,0.153286,0,0.0521844
"PLA2G4A",8.35478,9.94189,10.5782,9.23554,5.98459,8.82309,9.88694,10.9987
"PLA2G4C",3.07144,2.3622,3.25535,2.93165,2.86382,2.39394,2.70242,3.1266
"PLA2G4D",0,0,0,0,0,0,0,0
"PLA2G4E",0.0134524,0,0,0,0,0,0,0
"PLA2G4F",0,0,0,0,0,0,0,0
"PLA2G5",0,0,0,0.0677651,0,0,0,0
"PLA2G6",1.81011,1.43134,1.19445,1.81266,2.1382,2.17448,2.02305,1.47355
"PLA2G7",0,0,0,0,0,0,0,0
"PLA2R1",4.10648,4.33786,4.48283,3.9162,4.20477,4.12026,5.18431,4.27718
"PLAA",14.7353,12.8081,16.2294,12.6981,15.5282,13.2835,13.6834,15.5709
"PLAC1",0.810526,0.362364,0.414765,0.189778,0.214023,0.198325,1.05144,0.547221
"PLAC8",11.1429,5.58188,8.13966,6.44517,8.58242,5.9639,7.87813,7.28647
"PLAC8L1",0,0.129961,0.378164,0,0,0,0,0.124076
"PLAC9",13.0342,12.5372,9.27219,13.0142,8.71827,13.0511,9.16838,12.1727
"PLAG1",2.31657,2.78836,2.39187,2.51332,2.32357,2.66645,2.78288,2.51454
"PLAGL2",29.0237,27.6672,31.0021,30.1314,28.4152,28.0999,31.6579,29.4648
"PLAT",19.2275,24.7181,19.0054,23.6244,23.4037,25.1594,18.1809,23.8135
"PLAU",11.7321,8.51486,12.4149,9.44054,10.7324,9.30473,13.4356,7.87569
"PLAUR",35.7698,39.2152,31.4219,36.788,31.8424,36.2594,32.6937,29.7714
"PLB1",0.050108,0.0939526,0.0377425,0.0689829,0.0781468,0.0984736,0.0554621,0.0375437
"PLBD1",0.0715815,0,0,0.0993645,0,0.0351058,0,0.0359637
"PLBD2",112.579,117.987,123.969,134.632,110.988,129.825,158.947,119.687
"PLCB1",20.9171,19.0225,25.1481,15.3747,23.8291,16.6773,23.3963,19.4365
"PLCB2",0.248293,0.324229,0.180175,0.315739,0.272559,0.52858,0.259573,0.508835
"PLCB3",18.2074,18.7731,15.956,21.0848,21.8043,22.4547,16.8877,18.3321
"PLCB4",0.326433,0.291297,0.249359,0.31372,0.287506,0.209123,0.379558,0.326847
"PLCD1",4.12744,3.89452,3.14478,3.98626,3.80983,4.40986,3.59379,4.26857
"PLCD3",24.7799,27.1331,24.5815,29.8732,29.2972,33.3124,25.2609,25.2897
"PLCD4",1.42256,1.54573,1.51449,1.77633,1.12222,1.6163,1.68805,1.24094
"PLCE1",0.0196751,0.0507186,0.0633314,0.0433778,0.0306567,0.0483323,0.0544294,0.0884047
"PLCG1",25.5197,29.9614,27.6833,30.4721,28.1098,31.44,28.4362,30.5286
"PLCG2",3.58688,4.27738,3.72765,4.41963,3.84178,4.29621,3.56872,4.11564
"PLCH1",0.0311363,0.0222267,0.0520922,0,0.0107763,0.0305932,0.0229678,0
"PLCH2",0.0265669,0,0.0266913,0.0365699,0,0.0782954,0.0147031,0.0398232
"PLCL1",2.45655,2.49099,2.0812,2.85119,1.91128,2.03343,2.55827,2.52456
"PLCXD1",0,0,0,0,0,0,0,0
"PLCXD3",0,0,0,0.0074725,0,0,0,0
"PLCZ1",0,0,0,0,0.0345453,0,0,0
"PLD1",43.6739,54.378,45.3086,49.2656,46.3732,47.2065,42.5377,52.798
"PLD2",11.3237,9.77499,10.6678,11.0307,11.9732,11.4313,10.5083,9.608
"PLD3",118.148,114.837,115.865,149.222,139.44,140.557,108.143,119.491
"PLD4",0,0,0,0,0,0,0,0
"PLD5",0,0,0.093775,0,0,0,0,0
"PLD6",0.260068,0.362257,0.288655,0.407649,0.434248,0.331839,0.316984,0.495329
"PLEC",21.9935,25.9723,22.2474,31.5677,28.5915,39.9415,24.4319,22.7415
"PLEK",0,0,0,0,0.0971539,0,0.0258029,0
"PLEK2",0.098774,0.105918,0,0.22969,0,0,0.109661,0.0995831
"PLEKHA1",12.1796,10.8386,11.6025,9.1374,10.7058,8.92104,11.2879,10.8398
"PLEKHA2",1.22194,1.32452,0.817897,1.27616,1.16402,1.25614,0.851452,1.25443
"PLEKHA3",4.25168,3.50446,4.37439,3.01696,3.75576,3.45054,3.29204,3.71672
"PLEKHA4",2.28317,3.31448,2.76601,3.49859,2.11599,4.79835,2.3569,2.9936
"PLEKHA5",6.07791,4.31826,5.95949,5.32053,5.19167,3.50597,6.44772,5.78042
"PLEKHA6",3.3205,5.1367,3.70328,7.21254,4.62844,6.61697,3.93329,4.63669
"PLEKHA7",0.687565,0.416792,0.41634,0.477275,0.826286,0.630857,0.68066,0.347319
"PLEKHA8",3.3733,2.89694,3.48112,2.66772,2.81901,2.69706,3.51392,3.42125
"PLEKHB1",0.955331,1.49928,0.690436,0.978196,1.7131,1.37226,1.17276,1.43246
"PLEKHB2",20.4416,18.4874,19.2463,16.541,17.0455,16.8399,18.3939,18.7565
"PLEKHD1",0,0,0,0,0,0,0,0
"PLEKHF1",2.35027,2.6373,2.17623,1.80453,1.69052,2.5422,1.83442,2.15025
"PLEKHF2",5.19277,6.36481,5.31178,5.73757,5.42498,5.49816,5.94822,5.72635
"PLEKHG1",12.6985,16.1527,13.037,13.9876,15.1062,14.1372,12.819,15.3934
"PLEKHG2",34.9005,32.0015,36.5569,37.0832,41.7573,40.8171,45.4461,40.4023
"PLEKHG3",1.49251,2.09411,1.15075,1.73614,1.73931,2.16559,1.71819,1.72404
"PLEKHG4",2.07514,2.51245,2.42725,3.27403,2.23529,3.18052,2.28764,2.65034
"PLEKHG4B",0.00543154,0.0116316,0.0108851,0.0298195,0,0.0106773,0,0.00541747
"PLEKHG6",0.138171,0.123361,0.0464213,0,0.0240052,0.113036,0.0510161,0.069199
"PLEKHG7",0,0.0646696,0.0405267,0,0,0.0790332,0.044571,0.0201422
"PLEKHH1",0.126171,0.155904,0.146087,0.124528,0.0604876,0.0953676,0.107396,0.0775233
"PLEKHH2",0.575591,0.483991,0.383087,0.517405,0.340069,0.393844,0.518119,0.643011
"PLEKHH3",0.943402,0.653547,0.791941,0.922643,1.11882,1.39232,1.21557,1.03971
"PLEKHJ1",13.1032,12.2087,12.5659,11.7267,14.075,11.8662,12.0326,11.1972
"PLEKHM2",17.0436,16.513,17.1835,20.1892,20.6167,22.6702,19.9176,15.3123
"PLEKHM3",2.17279,2.43243,2.48864,2.56578,2.9351,2.59743,2.43378,2.95027
"PLEKHN1",0.112464,0.0949504,0.0851697,0,0.209166,0.0869461,0,0.148171
"PLEKHO2",7.0648,6.88856,6.8686,7.16764,8.64319,8.15931,6.13888,6.6926
"PLG",0,0,0,0,0,0,0,0
"PLGLB2",0.0439047,0.0705637,0,0.0404201,0.0228809,0.172446,0.0972566,0
"PLIN1",0.0229271,0.0737073,0.0231089,0.0422366,0,0.0225087,0.0508051,0.11486
"PLIN2",20.7338,22.2541,19.733,19.5117,15.8551,18.7396,18.579,18.1454
"PLIN3",25.0068,21.27,20.7024,23.1447,20.8458,24.1433,22.6911,22.3671
"PLIN4",0.300039,0.278473,0.361331,0.430839,0.52986,0.353777,0.464818,0.509311
"PLIN5",0.0275975,0.0591438,0.167169,0,0.0288137,0.162507,0.214084,0.0830259
"PLK2",147.335,154.045,165.081,170.513,149.802,142.723,173.196,166.516
"PLK3",16.7307,11.3433,15.3829,13.7322,17.4427,12.8555,13.6818,11.1573
"PLK4",6.46679,5.61096,6.9102,5.77772,4.87033,5.10097,7.44074,5.86285
"PLK5",0,0,0,0,0.0748686,0,0,0
"PLLP",0.304007,0,0.336475,0,0.343015,0.29349,0,0.650296
"PLN",0.0410045,0,0,0,0,0.120617,0,0.0825107
"PLOD1",160.924,159.254,155.457,185.768,171.584,179.561,150.344,146.648
"PLOD2",44.4888,40.817,47.9018,38.2449,44.0944,36.4853,50.9995,37.6412
"PLOD3",34.3783,29.1198,27.3595,27.1618,38.4787,39.3048,27.6051,29.8091
"PLP1",0,0,0,0,0,0,0,0
"PLP2",561.063,510.059,548.238,579.642,507.555,545.443,567.161,513.523
"PLRG1",5.82356,4.54316,5.05578,4.11572,3.92815,4.24022,5.06346,4.12809
"PLS1",0.844527,0.772715,0.725834,0.452795,0.915889,0.725713,0.896158,1.05606
"PLS3",103.054,93.6698,98.9332,87.8736,87.8878,79.6747,102.048,87.8648
"PLSCR1",57.932,40.4946,52.6452,48.1361,44.8156,35.8767,47.8356,43.4762
"PLSCR2",0,0,0.1354,0,0,0,0,0
"PLSCR4",49.9219,45.2594,55.1606,45.9029,54.2832,40.6475,54.8768,51.563
"PLSCR5",0,0,0,0,0,0,0,0
"PLTP",35.2061,42.9621,37.115,46.806,38.8521,44.5276,34.4385,40.0672
"PLVAP",35.2855,64.9854,43.5571,87.1318,28.8547,61.4999,41.8813,82.9404
"PLXDC1",0.0101687,0,0,0.0093208,0.0316914,0.019983,0,0
"PLXDC2",1.81514,2.67263,3.02408,1.35874,2.59578,1.83739,3.55821,2.26642
"PLXNA1",5.27869,5.69547,5.64627,7.55544,6.12095,6.57072,5.28001,6.10189
"PLXNA2",27.4753,31.7374,30.304,35.0535,34.5113,33.4317,32.2215,32.9929
"PLXNA3",9.85452,9.12442,9.43658,11.8574,13.1397,11.7478,11.2821,10.241
"PLXNA4",18.9192,28.879,21.155,28.9042,20.6428,28.2268,21.4647,30.0878
"PLXNB1",5.10331,4.97462,4.85797,5.47834,5.62952,5.55894,6.04405,5.62364
"PLXNB2",23.3623,22.9397,22.4046,25.6985,25.4804,28.8755,23.046,23.7161
"PLXNB3",9.10588,9.23035,7.18313,12.0178,10.5323,13.5622,9.31148,13.066
"PLXNC1",0.0668351,0.0894882,0.117645,0.122823,0.104344,0.0656413,0,0.0834013
"PLXND1",144.742,180.724,145.084,193.382,158.253,199.683,142.556,181.985
"PM20D1",0,0,0,0,0,0,0,0.0626717
"PM20D2",5.19354,4.04347,4.93046,4.08233,4.80079,3.4425,4.14365,3.72593
"PMAIP1",1.07122,1.1099,1.01216,1.94956,1.79368,1.57609,1.97988,1.07638
"PMCH",0.113741,0.733379,0.118294,0,0.974181,0.554878,0.253935,0
"PMEL",0.146916,0.472417,0.409184,0.407103,0.153798,0.632354,0.244416,0.25842
"PMEPA1",5.20883,6.38877,7.45825,7.56749,6.50109,6.69159,6.58755,6.61876
"PMFBP1",0.0190545,0,0.0191814,0,0.0198461,0,0.0422085,0.0532651
"PML",67.6259,74.7208,69.33,88.1494,76.7128,91.5849,65.1894,78.5291
"PMM1",3.49934,2.98825,2.2817,2.95059,2.2379,3.94573,3.19087,2.2636
"PMM2",11.3187,12.877,11.7587,11.2684,11.2584,10.3354,11.9189,9.8041
"PMP2",0,0,0,0.0336971,0,0,0,0
"PMP22",102.317,122.447,101.056,105.428,95.955,108.316,93.911,103.152
"PMPCA",18.0029,18.1336,16.3928,18.7631,17.652,16.594,16.1385,15.2414
"PMPCB",1.90645,2.35716,2.1176,1.97493,2.29402,1.88483,2.49622,1.75747
"PMS1",2.55768,2.91443,2.72595,2.22449,1.75016,2.50041,2.2651,2.38263
"PMS2",3.23412,2.31323,2.44022,2.16225,2.34968,3.70947,2.48123,2.72541
"PMVK",5.5037,4.56433,4.0498,3.38709,4.42082,5.05724,4.7904,4.41269
"PNCK",0,0,0.0484073,0,0,0,0,0
"PNISR",14.9468,13.2437,14.313,12.0193,14.1095,11.9301,14.5942,13.8414
"PNKD",46.2085,40.8838,40.7632,42.6401,41.2502,46.6606,43.7789,37.5957
"PNKP",10.3744,10.3538,8.88691,11.0117,12.9608,12.0908,12.7579,11.6541
"PNLDC1",0.216258,0.115897,0.255447,0,0,0.0707052,0.119913,0.0362194
"PNLIP",0,0,0,0,0,0,0,0
"PNLIPRP1",0,0,0,0,0,0,0,0
"PNLIPRP2",0,0,0,0,0,0,0,0
"PNLIPRP3",0,0,0,0,0,0,0,0
"PNMA1",30.1655,26.0227,26.2613,28.5295,31.5967,27.6388,25.9287,26.0661
"PNMA2",13.43,10.9903,15.3175,9.36793,14.6534,9.88513,15.2174,9.64492
"PNMA3",0.0347321,0,0,0,0,0,0,0
"PNMA5",0.0211783,0.0453853,0,0,0,0,0,0
"PNMT",0,0,0,0,0,0,0,0
"PNN",21.8421,21.5203,20.0589,19.7747,19.3995,16.9007,21.9232,18.0317
"PNO1",9.49366,7.45205,9.82659,5.97567,6.28617,5.07312,6.54003,7.99163
"PNOC",0,0,0,0,0,0,0,0
"PNP",24.3743,24.448,22.277,22.9438,19.0635,21.2232,20.9967,20.6968
"PNPLA1",0,0,0,0,0,0.0280732,0,0
"PNPLA2",64.7228,49.7881,59.1472,59.7101,76.2642,64.3088,61.108,44.2566
"PNPLA3",0.165869,0.312765,0.0956413,0.285148,0.0741973,0.233202,0.211142,0.346815
"PNPLA4",2.91705,3.45033,2.07025,2.81593,2.06847,2.4742,3.20565,2.75858
"PNPLA5",0,0,0,0,0,0,0,0
"PNPLA6",13.7506,14.8291,14.3166,16.1324,16.3921,18.2889,14.1834,13.4205
"PNPLA7",0.0951595,0.101928,0.134362,0.0374246,0.0565416,0.12019,0.103618,0.106915
"PNPO",11.4116,14.1829,10.1599,13.0129,10.9457,12.3066,10.8976,12.3872
"PNPT1",2.03509,2.27541,1.9653,2.01533,1.80625,1.42966,1.93126,1.75295
"PNRC1",49.7818,47.7289,49.7164,50.176,55.3336,65.8336,47.063,51.4988
"PNRC2",31.0936,35.0548,34.1307,33.5364,30.3084,28.0759,32.2915,30.8196
"POC1A",8.4466,8.01905,9.73253,7.94299,7.89867,8.95072,6.83334,7.1686
"POC5",1.30443,1.20751,2.03627,1.07521,1.46163,1.40269,1.29845,1.34782
"PODN",0.969395,0.676435,0.542585,0.952279,0.652126,0.655659,0.94189,0.58241
"PODNL1",0.130444,0.127663,0.0438101,0.160111,0.0453211,0.0853777,0.0240811,0.167599
"PODXL",177.835,264.182,245.604,256.616,211.157,249.766,251.084,284.287
"PODXL2",3.51813,3.23169,2.95307,3.77281,3.61155,3.76003,2.99466,3.81511
"POF1B",0.016449,0.123335,0.0165437,0,0.017119,0.0646219,0.0182117,0.0164505
"POFUT1",17.5329,19.7657,17.5385,20.5228,17.421,20.065,17.7347,19.4063
"POFUT2",7.87921,6.95483,8.07312,7.89472,9.86623,7.33127,7.92377,6.9778
"POGK",15.8042,14.4186,17.5866,15.0827,14.48,14.8937,16.7282,14.9746
"POGLUT1",1.92743,2.22213,1.79061,2.13611,2.0958,2.0416,2.90672,2.45814
"POGZ",34.1024,29.9566,36.5452,33.2337,36.59,33.2575,37.7424,36.4076
"POLA1",8.72192,11.3928,15.1493,11.3153,8.85499,12.2065,9.46458,9.35067
"POLB",3.74935,2.57289,3.95539,4.15614,2.40786,3.43834,1.97302,3.62341
"POLD1",6.70358,6.78596,6.45609,7.96162,7.66858,7.80681,7.76516,5.01988
"POLD2",77.1449,74.5129,76.8594,88.9986,75.3957,80.1994,79.3969,68.315
"POLD3",4.13497,4.82665,3.98702,4.20375,3.82323,3.66747,4.39752,4.61264
"POLD4",87.5568,86.8926,81.388,94.9374,103.042,77.8993,83.1625,76.7858
"POLDIP2",20.2786,21.3331,21.1436,25.4663,24.6323,25.3937,21.7605,20.8856
"POLDIP3",38.4411,39.3715,39.218,38.6349,43.7805,40.7583,42.5851,40.3796
"POLE",6.04587,4.84708,5.30385,5.30526,6.02081,5.71807,6.22298,4.6366
"POLE2",5.23868,5.31417,5.20445,6.05397,4.73633,5.25224,5.56566,4.61246
"POLE3",39.1877,40.468,41.4622,36.2267,34.2129,41.1865,39.8765,37.4459
"POLE4",10.3028,6.20362,11.4426,7.17166,4.68725,7.62403,8.88459,9.49106
"POLG",6.38462,5.92087,6.13246,6.02878,6.74601,7.78781,6.91817,6.23704
"POLG2",5.73937,6.33605,5.21779,6.48319,7.22714,8.54313,5.05475,7.94883
"POLH",7.75684,9.40022,8.60275,8.26011,6.81796,8.49052,8.20191,9.02942
"POLI",2.24962,2.60786,2.12876,1.82011,2.55174,1.99542,2.46403,2.30211
"POLK",5.52201,6.03506,6.24915,4.34362,6.23788,5.01926,7.08754,6.49684
"POLL",8.93776,9.77374,8.9809,11.3951,10.0983,11.2768,9.95925,8.4122
"POLM",4.1149,3.39173,3.59757,5.3676,4.96982,4.14904,4.28996,4.24648
"POLQ",2.48619,2.15907,2.21392,2.10578,1.8451,2.08321,2.18372,2.40259
"POLR1A",9.92555,12.5155,11.3823,12.3596,11.1122,13.1257,11.5889,12.2783
"POLR1B",4.53296,5.31561,4.94845,4.80852,5.16824,4.62739,5.99168,5.40066
"POLR1C",7.80762,10.0653,9.20238,8.9455,9.0457,8.66431,7.93995,8.81108
"POLR1D",137.192,135.109,138.136,124.854,115.09,117.988,116.558,131.461
"POLR1E",6.12258,6.83633,8.8545,6.1614,6.09211,6.52617,4.28923,6.68201
"POLR2A",78.5234,83.2435,82.0456,92.4973,95.1432,104.781,104.079,86.6263
"POLR2B",35.6828,33.2702,37.5958,31.4695,32.5684,29.0012,34.1789,32.6516
"POLR2C",49.2763,46.9752,50.249,49.7715,47.8043,45.4031,46.5068,45.3491
"POLR2D",16.5122,16.2607,17.4973,14.5565,17.1615,16.7131,14.4412,14.8131
"POLR2E",31.0699,29.5897,31.8407,36.7939,32.6473,39.4303,29.406,30.8449
"POLR2G",71.1877,89.2018,81.9916,75.5184,64.3681,67.9726,65.1794,70.47
"POLR2H",86.8796,84.4788,87.9019,89.0133,83.5144,74.4161,76.0109,70.6943
"POLR2I",49.1286,55.5793,40.1839,39.0243,34.9262,37.3733,37.4034,38.3227
"POLR2J",71.9201,72.8408,86.6612,75.1007,67.7283,77.6913,72.7125,63.2949
"POLR2J3",1.93006,2.29404,2.1709,2.02377,1.9355,2.9619,1.90868,2.57569
"POLR2K",35.5885,31.8216,36.8492,32.0508,30.0553,29.7825,35.5378,32.6893
"POLR2L",333.848,311.463,264.513,269.601,254.065,291.082,241.841,246.932
"POLR3A",6.36247,6.53658,6.12351,5.61685,6.17197,5.83333,6.07561,6.21636
"POLR3B",3.08277,2.84329,2.65719,2.71051,2.46037,2.84165,2.75536,3.38215
"POLR3C",23.8046,24.7904,25.5032,22.6197,22.2875,20.1845,25.2697,23.3186
"POLR3D",8.33227,5.9445,7.25951,7.7073,8.82246,7.23586,7.41677,6.19841
"POLR3E",8.39736,9.4059,9.99663,7.51155,10.3199,7.07684,9.32968,9.78713
"POLR3G",6.35718,5.64319,5.85545,4.30481,6.82165,3.92438,5.0685,4.51912
"POLR3GL",15.3886,15.5291,16.6647,13.8935,11.9123,15.6212,15.3047,13.9604
"POLR3H",5.96456,6.61032,6.50884,6.6059,6.40845,7.3655,7.11734,5.85204
"POLR3K",14.0636,14.7809,12.5715,12.5739,13.1665,12.3501,12.41,9.71227
"POLRMT",4.1429,3.64679,3.94007,5.13895,4.06229,4.36473,3.89511,3.32159
"POM121",30.095,27.1503,32.2076,29.1136,37.2893,36.562,36.7887,33.5409
"POM121C",29.9453,25.9004,30.8471,30.7684,34.9961,34.9917,33.7403,31.2772
"POM121L12",0,0,0,0,0,0,0,0
"POM121L2",0,0,0,0,0,0,0.0920758,0
"POMC",0.298593,0.128111,0.182859,0.167293,0.314665,0.292403,0,0.301805
"POMGNT1",17.5845,15.482,18.1761,23.7067,18.3615,19.7528,19.1723,15.9108
"POMP",6.13961,5.71503,5.87236,6.10859,5.97155,6.97195,4.27332,5.5156
"POMT1",16.7772,15.4447,11.7517,14.9548,16.9792,15.7618,13.5848,13.9859
"POMT2",7.81562,8.58536,10.0184,12.2805,8.35048,8.58754,8.57771,9.04146
"POMZP3",1.40366,0.589223,0.43629,0.45616,1.67279,1.1354,1.28862,1.54266
"PON1",0,0,0,0,0,0,0,0
"PON2",26.0863,28.9588,24.7904,24.4967,24.9625,25.5591,24.4183,30.2822
"PON3",0,0.0676236,0,0.412543,0.0664901,0.123426,0,0.0637643
"POP1",2.96101,3.1242,2.68467,2.62902,2.90331,3.04895,3.6006,2.47879
"POP4",13.7883,15.4379,13.7858,15.0693,12.9922,13.0306,13.6757,15.2447
"POP5",7.09474,8.0773,6.03389,8.91665,6.91501,7.13268,5.84538,7.32217
"POP7",39.077,46.3804,42.9894,46.0886,40.6746,49.1129,38.8305,39.4918
"POPDC2",0.193067,0.335738,0.534267,0.301006,1.01208,0.388429,0.572311,0.452269
"POPDC3",0.438483,0.261216,0.396344,0.319449,0.307071,0.381978,0.378616,0.246569
"POR",7.08247,8.10909,6.59631,9.76364,8.39105,8.09698,7.60362,7.3229
"PORCN",7.62167,7.55388,6.61176,8.32277,6.23664,7.57916,5.10882,7.68802
"POSTN",0.73698,0.976041,0.497828,0.395568,0.363335,0.87291,0.816228,0.696887
"POT1",4.1182,3.66971,4.7671,3.85227,3.85545,3.47833,3.92958,4.23876
"POTEA",0,0,0,0,0,0,0,0
"POTEB",0,0,0,0,0,0,0,0
"POTEC",0,0,0,0,0,0,0,0
"POTED",0,0,0,0,0,0,0,0
"POTEE",0.171378,0.101993,0.0830527,0,0.0396648,0.0560968,0.0843492,0.0952791
"POTEF",0.0297915,0.0478639,0.209631,0.0683885,0.123964,0.0585259,0.115429,0.0297829
"POTEG",0,0,0,0,0,0,0,0
"POTEH",0,0,0,0,0,0,0,0
"POTEM",0,0,0.00954823,0,0,0.00935045,0,0
"POU1F1",0,0,0,0,0,0,0,0
"POU2AF1",0.0436204,0.023366,0,0.0200784,0.045467,0,0,0
"POU2F1",3.29156,2.89518,3.52387,2.95224,3.31063,2.81397,3.54003,3.61845
"POU2F2",8.75634,7.32608,9.19114,7.54044,10.0419,6.6083,9.71392,6.88364
"POU2F3",0.0685434,0.0734361,0,0.0841689,0.0476432,0.0448593,0,0
"POU3F1",0.045278,0,0.0684514,0,0.023603,0,0,0.0226753
"POU3F2",0,0,0,0,0.0330024,0,0,0
"POU3F3",0,0,0,0,0,0,0,0
"POU3F4",0,0,0,0,0,0,0,0
"POU4F1",0.170619,0.127932,0.120146,0.156793,0.426238,0.15081,0.283368,0.307187
"POU4F2",0,0,0,0,0,0,0,0
"POU4F3",0,0.068256,0,0.059498,0,0,0,0.0643686
"POU5F1",0,0,0,0.0750738,0.127295,0.238217,0.0449197,0.0602449
"POU5F1B",0,0,0,0,0,0,0,0
"POU5F2",0,0.0610845,0,0,0,0,0,0
"POU6F1",1.59096,1.88305,1.84599,2.02635,2.45904,1.98893,2.20079,1.98949
"POU6F2",0,0,0,0,0,0,0,0
"PP2D1",0.0762157,0.0343859,0.0973249,0.0819345,0.0335426,0.137699,0.0846511,0.12108
"PPA1",24.6714,27.467,24.6817,27.3362,19.2041,19.8966,22.6515,20.021
"PPA2",16.9239,17.6184,15.5139,13.8086,11.7656,15.6773,13.8931,14.4736
"PPARA",1.60528,1.13529,1.40049,0.956264,1.576,1.30418,1.2021,1.33929
"PPARD",14.1781,12.5675,17.5808,15.7218,14.8622,15.5657,16.6365,14.5683
"PPARG",0.219874,0.0410663,0,0.0709802,0,0.0718578,0,0.0770988
"PPARGC1A",0,0,0,0,0,0,0,0
"PPARGC1B",0.137102,0.18934,0.194934,0.285904,0.307303,0.222663,0.145085,0.152866
"PPAT",3.48683,3.16913,3.98669,3.8686,3.9234,3.25139,3.89986,3.68192
"PPBP",0,0,0,0,0,0,0,0
"PPCDC",5.75315,4.86417,4.24199,7.9393,5.17861,5.35737,4.42618,4.83629
"PPCS",11.9262,11.7379,11.3089,14.4276,11.3189,12.0932,11.578,13.7567
"PPDPF",1035.18,1055.64,1099.98,1452.46,1325.45,1480.17,1090.98,947.171
"PPEF1",0,0,0,0,0,0,0,0
"PPEF2",0,0.020571,0,0,0,0,0,0.0192176
"PPFIA1",7.26516,6.98846,8.46327,6.69311,7.78497,6.99882,8.25395,7.42361
"PPFIA2",0,0,0,0,0,0,0,0
"PPFIA3",0.0409041,0,0.0137002,0.0500557,0.170143,0.013394,0.0905536,0.0272531
"PPFIA4",0,0.0136137,0.0255363,0.0233245,0.0132147,0.0374624,0.0140689,0.0508027
"PPFIBP1",25.804,25.4036,24.7368,24.8414,25.2766,23.1745,27.1254,26.9785
"PPFIBP2",10.353,14.4003,10.2006,16.3935,11.9017,13.7763,10.6338,14.9652
"PPHLN1",14.6663,16.5684,17.9701,14.6121,14.6209,15.5113,16.1955,16.7131
"PPIA",532.646,509.67,501.394,458.701,422.028,456.332,429.641,470.91
"PPIAL4D",0,0,0,0,0,0,0,0
"PPIAL4E",0,0,0,0,0,0,0,0
"PPIAL4G",0,0,0,0.450235,0,0,0,0.12089
"PPIB",522.102,553.774,511.761,557.792,522.868,535.533,488.936,521.742
"PPIC",37.9282,40.7305,39.7409,38.2139,36.7081,35.0977,34.2525,42.752
"PPID",7.47419,9.27994,7.73714,5.78335,6.93439,7.3414,6.6104,7.55667
"PPIE",16.0354,15.537,15.7368,13.5512,17.3231,13.8317,14.0495,14.7591
"PPIF",37.6151,35.1534,38.437,33.709,43.3103,36.868,33.1573,37.0493
"PPIG",3.77385,3.30093,3.40156,2.83233,3.1615,2.45001,3.55398,3.29614
"PPIH",30.7972,36.9771,30.0402,24.2273,28.6483,32.624,29.5061,27.9793
"PPIL1",47.0124,54.1185,50.3052,51.1614,38.01,45.124,50.195,51.0085
"PPIL2",21.5519,20.1749,22.9151,24.4503,22.5324,24.0731,22.4,21.7676
"PPIL3",3.31637,4.65499,2.98971,4.03196,2.59361,3.6108,3.18294,3.65727
"PPIL4",4.98472,4.09843,5.00265,3.91168,4.25102,3.19774,4.73841,4.79946
"PPIL6",0.0627595,0.033608,0.031555,0.0720501,0.032648,0.0924675,0.0868536,0.031373
"PPIP5K1",5.23359,6.089,6.02854,7.10543,4.99407,6.30766,6.12259,5.48219
"PPIP5K2",5.3633,5.11065,5.95829,5.31702,4.72311,4.69888,6.19673,5.93168
"PPL",0.734082,0.643995,0.672969,0.467051,0.868256,0.781149,0.577362,0.585211
"PPM1A",4.01254,3.85573,4.55605,3.74965,4.53192,3.17805,4.21607,3.75789
"PPM1B",4.16501,4.82221,4.81271,4.13711,3.6545,3.48344,4.54171,4.89915
"PPM1D",6.89023,5.95221,5.98342,7.75011,6.50336,5.40925,5.49808,8.91044
"PPM1E",0.0679771,0.0311957,0.0389751,0,0.0706027,0.0763299,0.0214892,0.0387801
"PPM1F",39.9073,50.3103,38.7595,54.4635,49.9024,65.5981,44.6896,41.2053
"PPM1G",44.0925,47.8244,41.6027,44.3135,43.0695,45.3391,38.716,40.1933
"PPM1H",1.39196,1.29616,0.909166,1.11293,1.34271,1.65399,0.965634,1.32744
"PPM1J",0.102058,0.39562,0.934758,0.228127,0.482848,0.683494,0.56662,0.669414
"PPM1K",1.77903,1.58425,1.63298,1.00712,1.82815,2.09863,1.52261,2.37594
"PPM1L",1.3105,1.83025,1.6181,1.77363,1.80325,1.1564,1.70828,1.98417
"PPM1M",3.53776,3.56367,5.28363,3.77995,3.33777,4.46458,2.88652,4.36439
"PPM1N",0.205023,0.0439578,0.20793,0.114062,0.34382,0.120617,0.136476,0.0825107
"PPME1",39.6409,41.5503,40.9995,35.3852,39.9224,40.7031,36.3175,39.9176
"PPP1CA",271.085,284.306,316.01,325.264,283.748,268.393,247.452,264.606
"PPP1CB",9.84443,11.8708,10.8565,9.39332,9.30638,9.36283,11.0541,9.25746
"PPP1CC",39.1295,41.426,38.8327,33.6792,36.6597,34.88,38.5537,37.5922
"PPP1R10",0,0,0,0,0,0,0,0
"PPP1R11",0,0,0,0,0,0,0,0
"PPP1R12A",7.46492,7.06991,7.80288,6.865,7.49632,6.12643,8.07491,8.32109
"PPP1R12B",1.75738,1.77505,2.17864,1.78209,1.97725,1.83977,1.83942,1.90828
"PPP1R12C",12.5281,10.6384,10.5652,13.3355,12.8905,15.3029,12.2922,11.7556
"PPP1R13B",10.8402,12.2666,11.0842,12.6612,12.7491,15.2485,11.1224,11.8127
"PPP1R13L",16.1521,11.5963,17.2079,17.6484,19.7408,15.941,17.1641,14.1611
"PPP1R14A",0.219353,0.589231,0.341702,0.521938,0.117281,0.856314,0.367148,0.448955
"PPP1R14B",14.0438,10.5294,8.49742,11.7776,10.9516,8.28966,8.48562,8.16916
"PPP1R14C",0,0,0,0,0,0,0,0
"PPP1R14D",0,0,0,0,0,0,0,0
"PPP1R15A",19.8769,17.8436,16.3654,21.1612,24.189,22.108,19.0124,19.0647
"PPP1R15B",16.8027,17.1589,16.6519,14.7143,19.6155,16.775,15.2275,16.833
"PPP1R16A",6.20933,5.91978,5.42502,8.28686,7.1543,7.7244,5.51924,6.19232
"PPP1R16B",21.7331,22.1786,22.0939,23.6803,23.1882,23.5491,21.0591,23.2573
"PPP1R17",0,0,0,0,0,0,0,0
"PPP1R18",0,0,0,0,0,0,0,0
"PPP1R1A",0,0,0,0,0,0,0,0
"PPP1R1B",0,0,0,0,0,0,0,0
"PPP1R1C",0,0.24807,0.158213,0,0.163197,0.226067,0.171463,0.0782047
"PPP1R2",11.8273,11.394,13.73,11.6522,12.6667,9.8446,13.9272,12.1618
"PPP1R21",6.4803,6.23059,5.44793,5.36786,7.08304,5.55986,6.23274,5.97709
"PPP1R26",3.18416,2.42531,2.68048,2.97996,3.53139,3.38294,3.12618,2.56009
"PPP1R27",0,0,0,0,0,0,0.235423,0
"PPP1R35",0.806934,0.236179,0.827509,0.481994,1.00897,0.430621,1.14249,0.446383
"PPP1R36",0.0516744,0.110832,0,0,0,0,0,0.0521271
"PPP1R37",5.63295,5.09686,5.00553,5.88952,6.42724,6.63771,5.04607,5.93346
"PPP1R3A",0,0,0,0,0,0,0,0
"PPP1R3B",29.3286,25.0922,31.2759,24.373,30.0515,23.5097,29.7753,26.8725
"PPP1R3C",1.95382,2.20515,0.998881,2.04174,1.8759,2.25011,1.44329,2.21973
"PPP1R3D",2.72012,2.06399,2.1486,1.45916,2.2427,1.55816,2.57294,1.79575
"PPP1R3E",1.43633,1.93315,1.51689,1.52091,1.49604,1.97256,1.99145,1.92573
"PPP1R3F",0.171937,0.306931,0.288428,0.333771,0.218839,0.231283,0.169224,0.114693
"PPP1R3G",0.0404104,0.12996,0,0.112385,0.084695,0,0,0
"PPP1R42",0,0,0,0,0,0,0,0
"PPP1R7",22.5584,22.2312,19.7753,20.5222,19.7437,16.532,15.179,21.8436
"PPP1R9A",0.2347,0.189441,0.30979,0.0658384,0.285016,0.100677,0.405129,0.10537
"PPP1R9B",14.9459,15.8783,13.6541,14.3983,15.4475,17.9583,15.5972,14.357
"PPP2CA",23.5747,23.2698,22.4391,19.0781,22.1858,19.1173,23.1581,19.7636
"PPP2CB",37.7808,31.074,39.0181,28.9278,31.4337,28.5075,34.4397,30.6393
"PPP2R1A",142.282,148.289,143.565,161.05,152.843,151.153,136.56,140.618
"PPP2R1B",16.7597,15.6215,18.4316,13.6387,15.0947,13.0491,18.0204,16.5799
"PPP2R2A",82.5799,68.4546,83.342,86.0661,85.1034,69.0063,64.297,76.8553
"PPP2R2B",0,0,0,0,0,0,0,0
"PPP2R2C",0,0.0508804,0.0159155,0,0.148307,0.0155438,0.0175213,0.0791717
"PPP2R2D",19.5748,17.3825,17.8034,16.9208,19.0169,15.615,20.2287,17.2994
"PPP2R3A",10.0266,7.06406,12.4219,7.46757,8.35228,6.81231,12.6696,8.10019
"PPP2R3B",0,0,0,0,0,0,0,0
"PPP2R3C",4.52084,3.17389,3.09245,3.62264,4.3684,3.29747,3.71085,3.70421
"PPP2R5A",21.1301,28.4677,21.1929,22.7808,22.3564,25.1551,22.4617,26.1638
"PPP2R5B",8.47479,5.19456,6.75783,7.31757,9.4342,6.40507,7.15782,6.63043
"PPP2R5C",32.8633,35.7184,34.1833,32.9888,27.6287,27.3791,35.5289,33.0715
"PPP2R5D",67.545,59.5673,62.0809,70.6144,65.9166,63.0233,64.6855,63.6473
"PPP2R5E",11.0109,10.9238,10.7384,8.22488,9.48532,9.6405,9.73274,8.6584
"PPP3CA",15.2582,17.7572,14.8289,17.2155,14.4899,15.8446,15.9986,19.8217
"PPP3CB",24.6515,23.9296,23.4525,24.7745,23.7334,22.7901,24.3863,25.8253
"PPP3CC",7.4194,7.00386,7.04864,5.84215,7.10794,6.15591,6.86267,6.15145
"PPP3R1",80.0722,62.7361,69.9839,75.3864,87.8035,72.0152,75.5793,79.8155
"PPP3R2",0,0,0,0,0,0,0,0
"PPP4C",82.6317,79.6439,73.2227,91.913,92.0884,94.1473,72.5522,76.208
"PPP4R1",76.8602,70.0997,86.2669,77.0657,83.9925,66.9746,91.4893,78.1908
"PPP4R2",29.1399,30.587,29.1833,30.9201,32.0834,26.4344,31.8841,30.0339
"PPP4R4",0,0,0,0,0,0,0,0
"PPP5C",66.5716,66.5577,58.8922,69.3041,63.7125,68.4495,60.8179,62.8834
"PPP6C",86.1162,76.1517,86.5349,72.4895,82.6537,75.6087,73.1747,86.8228
"PPP6R2",8.8976,7.8894,8.65988,8.52749,10.1682,8.46262,7.62663,8.37965
"PPP6R3",22.0104,23.0831,22.097,18.4268,24.365,18.0019,27.5277,21.2432
"PPRC1",18.3965,15.182,18.3797,19.7969,21.0135,18.6848,19.7285,14.6148
"PPT1",58.5311,57.6984,59.999,52.8818,56.7613,51.5395,58.2637,57.4486
"PPT2",0,0,0,0,0,0,0,0
"PPTC7",3.51271,3.281,3.55622,2.80118,4.23761,2.94061,3.91082,3.4836
"PPWD1",3.69472,4.9801,4.54905,4.6595,3.94916,3.2282,4.38928,4.03915
"PPY",0,0,0,0,0,0,0,0
"PQBP1",55.1588,52.2393,54.2479,55.5927,53.6677,58.8134,52.6955,44.3659
"PRADC1",9.00427,9.96675,8.42692,9.97305,10.4192,8.921,7.41247,8.91071
"PRAF2",312.151,292.473,278.948,311.158,296.422,331.232,300.33,260.2
"PRAM1",0,0,0,0.0569229,0.0644004,0.151165,0.0341554,0.0618473
"PRAME",0,0,0,0,0,0,0,0
"PRAMEF1",0,0,0,0,0,0,0,0
"PRAMEF10",0,0,0,0,0,0,0,0
"PRAMEF11",0,0,0,0,0,0,0,0
"PRAMEF12",0,0,0,0,0,0,0,0
"PRAMEF14",0,0,0,0,0,0,0,0
"PRAMEF17",0,0,0,0,0,0,0,0
"PRAMEF18",0,0,0,0,0,0,0,0
"PRAMEF2",0,0,0,0,0,0,0,0
"PRAMEF4",0,0,0,0,0,0,0,0
"PRAMEF5",0,0,0,0,0,0,0,0
"PRAMEF6",0,0,0,0,0,0,0,0
"PRAMEF8",0,0,0,0,0,0,0,0
"PRAMEF9",0,0,0,0,0,0,0,0
"PRAP1",0,0,0,0,0,0,0,0
"PRB1",0,0,0,0,0,0,0,0.126892
"PRB2",0,0,0,0,0,0,0,0
"PRB3",0,0,0,0,0,0,0,0
"PRB4",0,0,0,0,0,0,0,0
"PRC1",45.8895,43.8019,50.6847,45.7757,40.1954,44.0088,49.0661,43.3643
"PRCC",55.1963,52.1827,51.2786,57.4099,56.5113,58.009,50.6956,51.2113
"PRCD",0.0345322,0,0,0,0,0,0,0
"PRCP",297.046,342.315,294.723,341.343,296.521,294.034,259.199,345.08
"PRDM1",0.618805,0.623092,0.55749,0.737645,0.815733,0.761443,0.875537,0.686694
"PRDM10",5.17985,4.71292,5.21155,5.28864,5.27267,5.03543,5.7765,6.01992
"PRDM11",3.06776,1.76961,1.88029,2.31168,2.27202,2.6689,1.71218,1.61793
"PRDM12",0,0,0,0.0248845,0,0,0,0.0270506
"PRDM13",0,0,0,0,0,0,0,0
"PRDM14",0,0,0,0,0,0,0,0
"PRDM15",1.87523,2.02904,2.68174,2.0198,2.3431,2.24423,2.63549,2.15152
"PRDM16",0,0,0,0,0,0,0,0
"PRDM2",15.6037,13.9321,16.5665,14.093,16.1175,14.7302,17.9886,16.5905
"PRDM4",11.7145,11.9217,12.8201,12.3964,14.2929,12.026,13.1362,13.5008
"PRDM5",0.519494,3.8917,0.442875,1.11288,2.72201,1.94858,1.38579,0.910039
"PRDM6",0,0,0,0,0.0455322,0.0857745,0.0967709,0
"PRDM7",0,0,0,0,0,0,0,0
"PRDM8",0.126456,0.101657,0.127095,0.0969858,0.0665133,0.16552,0.0875574,0.0948974
"PRDM9",0,0,0,0,0,0,0,0
"PRDX1",415.379,423.148,420.276,403.232,359.637,365.029,384.283,394.083
"PRDX2",238.418,251.566,230.97,262.379,237.469,259.893,216.277,227.363
"PRDX3",72.9647,68.335,74.9074,67.3346,60.1508,56.0278,65.2721,66.7634
"PRDX4",84.0863,86.8168,88.0829,88.152,77.9279,70.6794,65.9636,76.606
"PRDX5",70.6476,63.9675,55.9888,62.4029,65.1303,63.9547,54.7518,57.5572
"PRDX6",197.606,189.267,186.937,177.245,172.272,168.695,169.826,175.98
"PREB",9.28225,8.63123,8.09283,9.39042,8.32127,8.79063,7.43925,7.9126
"PRELID1",157.77,167.637,171.462,171.171,150.276,154.265,138.808,153.81
"PRELID2",1.41801,1.68419,1.46107,2.67202,1.25367,2.22178,1.66614,1.64736
"PRELP",0,0.0821971,0.0330218,0,0.0227864,0.0538646,0.0364019,0.0109509
"PREP",23.0797,21.3632,23.3162,23.1169,23.1143,21.3019,22.4697,22.0045
"PREPL",14.7332,13.7798,14.6334,12.8384,13.934,12.1934,14.3456,14.3108
"PREX1",16.3314,18.5084,16.8889,21.713,18.7615,21.546,16.7883,20.1259
"PREX2",6.1861,6.0425,8.05013,4.90924,6.67533,4.63686,8.93111,6.70653
"PRF1",0.0267637,0,0,0,0,0,0,0
"PRG2",0.095956,0.108656,0.0991758,0,0,0.187472,0.112796,0
"PRG3",0,0,0,0,0,0,0,0
"PRG4",0.0139181,0,0.0557472,0,0.043295,0.0136238,0,0.055446
"PRH2",0.0298934,0.048019,0.0300506,0,0,0.0293628,0.022964,0.0298848
"PRICKLE1",69.0514,73.0334,68.7986,71.1205,74.3878,66.269,69.5063,72.7094
"PRICKLE2",3.03864,3.23436,2.69712,2.91772,2.85125,3.16749,2.47927,3.6712
"PRICKLE3",6.26614,5.45444,5.92078,6.24461,6.62798,7.23343,5.75816,6.05117
"PRIM1",5.22661,6.13333,6.71996,6.19147,6.00931,5.94331,4.37934,5.81614
"PRIM2",6.30128,5.82886,6.66643,5.65344,4.62673,5.86241,5.20526,5.09961
"PRIMA1",0,0,0,0,0,0,0,0
"PRKAA2",0.381533,0.328294,0.484935,0.324335,0.374765,0.455323,0.429617,0.380673
"PRKAB1",15.5949,15.9088,17.9917,20.2705,14.8992,17.7427,16.3925,16.6313
"PRKAB2",3.47796,4.05255,4.11531,3.7563,3.96059,3.54651,3.86891,4.32053
"PRKACA",179.127,181.548,175.393,196.105,195.268,221.248,172.883,174.23
"PRKACB",26.322,22.0068,29.0961,22.3565,25.2665,18.515,29.339,22.3029
"PRKACG",0,0,0,0,0,0,0,0
"PRKAG2",23.1271,22.5961,22.4383,18.9534,19.0891,17.3105,22.0144,19.8867
"PRKAG3",0,0,0,0,0,0.0289285,0,0
"PRKAR1A",85.8861,83.6892,92.8519,79.5541,87.0885,73.8673,86.8161,91.4408
"PRKAR1B",0.496676,0.710725,0.766281,0.545808,0.526949,0.72842,0.921492,1.51436
"PRKAR2A",22.8043,22.6672,23.3855,24.6557,23.2137,19.7322,24.1581,23.6259
"PRKAR2B",16.4445,16.5358,15.6573,13.1068,16.2776,13.4134,17.5229,13.3342
"PRKCA",10.1851,14.3411,13.2768,14.9723,15.5056,14.1392,14.2295,15.5772
"PRKCB",0.0157411,0.10558,0,0.0144163,0,0.0309405,0,0.0982864
"PRKCD",7.26382,4.51429,8.05329,5.89482,7.98699,6.08623,7.58662,5.67438
"PRKCE",22.5663,21.8752,25.4423,23.7607,22.9965,21.3662,20.399,20.1333
"PRKCG",0.531009,0.598682,0.562139,0.27296,0.852417,0.691992,0.289371,0.72792
"PRKCH",79.2876,72.1458,72.7389,66.9975,75.4843,66.5927,70.1205,71.4115
"PRKCI",4.73897,4.75547,5.19925,4.57416,4.38905,4.31264,5.30457,4.94812
"PRKCQ",0.878054,1.28267,0.889302,1.32897,0.869979,0.987129,0.712819,0.963184
"PRKCSH",152.56,152.01,137.023,187.992,172.114,194.203,146.31,138.963
"PRKCZ",0.205195,0.259055,0.103766,0.094838,0.243188,0.199908,0.227542,0.274838
"PRKD1",2.91162,2.4731,2.71517,2.52902,2.64339,2.28588,2.5158,2.60976
"PRKD2",26.0978,24.335,25.9371,27.0311,32.4476,32.3496,28.235,25.8637
"PRKD3",22.1891,21.1709,24.7258,19.6353,21.5075,17.3757,24.7775,24.7967
"PRKDC",31.4565,33.0172,35.0631,29.9375,32.1007,31.3677,33.5757,34.7357
"PRKG1",0.748503,0.457467,0.800334,0.555678,0.492046,0.606726,0.629981,0.68136
"PRKG2",0,0,0.0397266,0,0,0,0,0
"PRKRA",25.5213,26.1463,28.4265,28.8486,25.1438,26.2176,30.4801,28.397
"PRKX",13.223,12.7675,14.1487,12.569,14.1963,12.0958,14.1247,13.4097
"PRL",0,0,0,0,0,0,0,0
"PRLH",0,0,0,0,0,0,0,0
"PRLHR",0,0,0,0,0,0,0,0
"PRLR",0,0,0,0,0,0,0,0
"PRM1",0,0,0,0,0,0,0,0
"PRM2",0,0,0,0,0,0,0,0
"PRM3",0,0,0,0,0,0,0,0
"PRMT1",148.477,140.101,141.483,143.281,134.683,136.09,132.203,132.841
"PRMT2",21.7557,17.0808,19.257,18.9602,21.2395,17.8312,20.8774,18.335
"PRMT3",4.90399,2.03864,3.86118,3.30604,2.41597,3.2639,3.39529,2.14443
"PRMT5",28.6997,34.3161,31.033,32.7017,30.3946,30.4418,30.7468,32.0083
"PRMT6",4.08666,4.35167,3.8934,4.58335,3.55354,4.57632,4.12416,4.27279
"PRMT7",6.9507,7.44452,4.82136,11.5168,8.92423,10.618,9.3196,9.05033
"PRMT8",0,0,0,0,0,0,0,0
"PRND",0.0163091,0.0698771,0,0.0449501,0.0678907,0.192219,0.0361132,0.04893
"PRNP",16.1831,16.7198,15.7508,14.496,16.1984,13.9973,17.4323,12.412
"PROC",0,0,0.119418,0,0.0411415,0.0385118,0.0871281,0.0394959
"PROCA1",0.561852,0.775433,1.02948,1.58632,0.554804,0.805767,0.499866,1.06006
"PROCR",238.807,296.61,224.523,301.061,232.711,303.69,207.01,280.54
"PRODH",0,0.074083,0.0349729,0.127874,0,0,0,0
"PRODH2",0,0,0,0,0,0,0,0
"PROK1",0,0,0,0,0,0,0,0.0536366
"PROK2",0,0,0,0,0,0,0,0
"PROKR1",0,0,0,0,0,0.124573,0,0
"PROKR2",0,0,0,0,0,0,0,0
"PROM1",0.0653094,0.0360952,0.0338961,0,0.0877209,0.0330944,0,0.0168409
"PROM2",0,0.014558,0.122917,0.104109,0.0888273,0.0534098,0.0601817,0.0407525
"PROP1",0,0,0,0,0,0,0,0
"PROS1",1.75193,2.81503,2.09704,1.86829,2.03327,2.13272,1.83892,3.49914
"PROSER1",68.7758,65.8062,72.1598,72.3268,76.0747,70.8779,88.5979,69.0566
"PROX1",7.38549,10.4699,10.9548,10.6439,8.36482,11.248,11.2227,15.3673
"PROX2",1.26506,1.70052,1.36496,1.39486,0.979342,2.24119,1.27313,1.44995
"PROZ",0.337816,0.155239,0.147191,0.0448608,0.253436,0.189177,0.160715,0.437773
"PRPF18",2.68142,2.69767,2.63599,1.60668,1.98907,2.46733,2.56302,3.19608
"PRPF19",63.7216,74.7693,68.7935,68.399,63.1244,85.3323,68.7595,70.3042
"PRPF3",25.7359,25.9747,24.6083,23.741,24.4593,22.6347,23.6938,28.8269
"PRPF31",17.57,19.0095,16.1192,17.0582,18.3089,18.6642,16.8689,18.0558
"PRPF38A",16.3696,17.1147,17.0964,15.1955,13.9912,15.28,16.1015,16.1093
"PRPF38B",15.1157,11.9804,15.5222,15.5202,16.6947,15.4325,11.4283,12.5463
"PRPF39",4.11657,3.78086,3.73259,2.94924,3.03156,2.51838,3.88348,2.75848
"PRPF4",7.50193,10.5949,9.9266,7.23914,9.45334,6.88468,8.55893,8.59403
"PRPF40A",13.3849,12.9898,14.7441,13.0752,13.4797,11.5028,14.1199,13.863
"PRPF40B",1.421,1.88048,1.59973,1.94236,1.65841,2.07682,1.87778,1.67872
"PRPF6",24.5463,23.7359,24.612,24.3134,25.3878,25.7041,26.3994,23.7509
"PRPF8",115.771,118.739,116.13,118.374,119.962,120.303,121.885,113.557
"PRPH",0.037984,0,0.0769661,0,0,0.0745031,0,0.114564
"PRPH2",0.0655238,0.0233993,0,0.0402145,0.0910643,0.0428873,0.0483854,0.043744
"PRPS1",12.3082,11.4664,13.4728,10.7051,10.3898,10.5907,8.9484,11.8449
"PRPS1L1",0,0,0,0,0,0,0,0
"PRPS2",15.2191,14.9207,17.1773,14.2053,13.8098,14.2647,13.4234,14.568
"PRPSAP2",7.1082,6.10486,7.01415,8.16534,5.21042,5.60817,6.57515,6.17497
"PRR12",11.6672,10.3166,12.3189,12.7883,15.1751,14.8603,13.0997,11.6482
"PRR14",57.0625,51.7534,58.4625,67.4057,74.1996,67.5848,59.8896,59.9621
"PRR14L",8.50317,8.87551,9.06378,8.21968,9.2274,8.16607,10.2578,8.70729
"PRR15",0.588214,0.675642,0.554135,0.896373,0.572646,0.700293,0.466173,0.253697
"PRR15L",0.263024,0,0.107125,0.146971,0.0553212,0.103078,0.0584184,0.0530776
"PRR16",0.38878,0.0926202,0.746477,0.200435,1.13263,0.254097,0.766955,0.39137
"PRR18",0,0,0,0,0,0,0,0
"PRR19",1.68312,1.40365,1.09272,2.08535,1.12893,2.70363,1.55684,2.11976
"PRR20A",0,0,0,0,0,0,0,0
"PRR20B",0,0,0,0,0,0,0,0
"PRR20C",0,0,0,0,0,0,0,0
"PRR23A",0,0,0,0,0,0,0,0
"PRR23B",0,0,0,0,0,0,0,0
"PRR23C",0,0,0,0,0,0,0,0
"PRR3",0,0,0,0,0,0,0,0
"PRR5L",0.761513,0.807492,0.609412,0.890762,0.85352,1.03699,0.555748,0.882912
"PRR7",9.73479,12.9761,8.14613,13.9065,13.9805,15.5919,8.37612,9.6607
"PRR9",0.0606658,0.130156,0.0619416,0,0.0639481,0.118809,0,0.0613329
"PRRC1",49.2451,49.2045,55.4159,44.9652,59.3567,46.3674,59.9562,50.7533
"PRRC2A",0,0,0,0.01677,0.0190124,0,0,0
"PRRC2C",83.6883,77.6784,91.4053,80.0178,85.9593,76.2375,101.244,89.9845
"PRRG1",17.9566,18.2076,17.9507,15.9977,16.9636,15.925,17.044,18.7353
"PRRG2",0.646721,0.67161,1.02339,1.11065,0.809313,1.44287,0.656542,1.20358
"PRRG3",0,0,0,0,0,0,0,0
"PRRG4",0.0345999,0,0.0231609,0,0.0239723,0,0,0
"PRRT1",0,0,0,0,0,0,0,0
"PRRT3",1.5718,0.34032,1.39599,0.64334,0.71123,2.42677,0,1.01074
"PRRT4",0,0,0,0,0,0,0,0
"PRRX1",0,0.017374,0,0,0,0.015929,0.0359229,0
"PRRX2",0.224877,0.180897,0.401199,0.0524281,0.414292,0.330401,0.124903,0.227101
"PRSS1",0,0.659738,0.318087,0.388595,0.32766,0.299841,0,0.209118
"PRSS12",0.183152,0.120718,0.141584,0.14226,0.146525,0.0830366,0.202739,0.168981
"PRSS16",0,0.0248322,0.0467287,0,0.0483368,0,0,0.0232179
"PRSS21",0.273353,0.219966,0.208539,0,0.144298,0.33235,0.453181,0
"PRSS22",0,0,0,0,0,0,0,0
"PRSS23",234.351,195.285,232.174,191.64,231.731,184.461,225.895,187.012
"PRSS27",0.0986153,0.0528736,0,0.137588,0.0518044,0.144959,0.109484,0
"PRSS3",16.0672,15.3962,16.5469,16.4944,15.5564,15.6629,15.9969,16.5467
"PRSS33",0,0.089108,0,0,0,0,0,0
"PRSS35",0,0.0863766,0.0542395,0,0,0,0,0
"PRSS36",0,0,0,0,0,0.0229878,0,0.0234585
"PRSS37",0,0,0,0,0,0,0,0
"PRSS38",0,0,0,0,0,0,0,0
"PRSS41",0,0,0,0,0,0,0,0
"PRSS48",0,0,0,0.150068,0,0,0,0
"PRSS50",0,0.0582667,0,0,0,0,0,0
"PRSS53",0.761486,0.652723,0.627435,1.23171,0.794538,1.13592,0.939874,0.751214
"PRSS54",0.53946,0.33044,0.195231,0.713913,0.24215,0.151153,0.42741,0.0774897
"PRSS55",0,0,0,0,0,0,0,0
"PRSS56",0,0,0,0,0,0,0,0
"PRSS57",0.0734454,0,0,0,0,0.0718557,0,0
"PRSS58",0,0,0,0,0,0,0,0
"PRSS8",0,0,0,0,0,0.0349431,0,0
"PRTFDC1",3.24145,3.65289,5.21727,5.86734,3.81677,2.29859,3.373,5.49103
"PRTG",4.363,3.70347,3.568,3.06883,3.70055,4.39964,4.11195,5.18745
"PRTN3",0,0,0,0,0,0,0,0.0795274
"PRUNE2",9.54274,10.9441,8.15383,10.2266,9.84563,11.5723,8.48979,10.3831
"PRX",0.462919,0.398692,0.557717,0.364143,0.422337,0.43895,0.453828,0.435103
"PRY2",0,0,0,0,0,0,0,0
"PSAP",350.205,363.536,347.762,391.448,384.236,352.113,333.631,361.294
"PSAPL1",0,0,0,0,0,0,0,0
"PSAT1",16.1933,16.9338,18.2488,18.7047,13.9537,17.842,17.7507,17.6927
"PSCA",0.685623,0.618157,0.312793,0.239525,0.270208,0.188026,0.284655,0.0773114
"PSD",0,0,0.124465,0.0568478,0,0.0151991,0,0
"PSD2",0.0142954,0,0,0,0,0,0,0
"PSD3",1.32142,2.06233,1.50103,1.63504,1.29831,1.87736,1.45039,2.11562
"PSD4",0,0,0,0.0817379,0.0264623,0,0,0.0381496
"PSEN1",10.3934,9.93306,10.6426,9.10134,10.5367,9.57052,11.341,10.7783
"PSEN2",3.27645,4.39981,3.47258,3.61077,2.88963,3.41557,2.77132,3.10943
"PSENEN",67.7348,68.3668,75.3855,77.9613,69.2399,68.7793,63.2124,65.3116
"PSG1",0,0,0,0,0,0,0,0
"PSG11",0,0,0,0,0,0,0,0
"PSG2",0,0,0,0,0,0,0,0
"PSG3",0,0,0,0,0,0,0,0
"PSG4",0,0,0,0,0,0,0,0
"PSG5",0,0,0,0,0,0,0,0
"PSG6",0,0,0,0,0,0,0,0
"PSG7",0,0,0,0,0,0,0,0
"PSG8",0,0,0,0,0,0,0,0
"PSG9",0,0,0,0,0,0,0,0
"PSIP1",61.1035,55.8722,54.6957,60.9654,70.1666,55.2599,57.244,60.5912
"PSKH1",16.2733,13.7548,14.7431,16.8986,16.9937,16.7543,12.5977,15.5122
"PSKH2",0,0,0,0,0,0,0,0
"PSMA1",109.47,117.216,113.339,109.133,88.7344,97.748,105.658,103.008
"PSMA2",14.867,14.0418,14.169,11.7675,11.3267,11.1922,10.8214,12.606
"PSMA3",30.2006,28.7769,28.549,23.3666,28.2512,25.3232,21.2164,26.9245
"PSMA4",13.2854,18.8561,14.292,15.0972,12.0906,12.7871,13.5771,11.5621
"PSMA5",24.8591,27.8048,23.133,21.2317,20.7481,22.3384,19.3852,23.9557
"PSMA6",45.4454,47.6784,42.7202,39.441,36.0431,41.2548,32.5091,44.3056
"PSMA7",220.852,199.198,199.632,184.974,178.254,192.137,163.197,191.035
"PSMA8",0,0,0,0,0,0,0,0
"PSMB1",109.657,110.862,98.8182,88.4246,76.6141,86.9437,86.5691,91.6964
"PSMB10",28.8643,22.3726,18.6213,34.9732,24.3927,27.0876,23.5466,23.3717
"PSMB11",0,0,0,0,0,0,0,0
"PSMB2",71.0474,74.0162,75.0896,70.9925,64.2152,68.5093,72.9632,69.1358
"PSMB3",244.88,258.369,253.18,236.218,193.39,242.711,212.839,225.113
"PSMB4",129.406,123.48,104.905,115.377,96.6379,108.263,102.004,109.788
"PSMB5",45.6309,48.1277,42.128,46.0845,38.8422,44.9846,39.8053,47.3212
"PSMB6",84.0284,76.777,69.153,66.1942,77.2124,73.366,82.4282,78.2457
"PSMB7",51.0764,57.0611,57.0259,47.8394,46.9313,49.009,50.7034,48.5518
"PSMB8",0,0,0,0,0,0,0,0
"PSMB9",0,0,0,0,0,0,0,0
"PSMC1",60.3992,69.469,62.2012,63.0384,60.3644,58.5915,62.5023,62.9935
"PSMC2",32.8302,28.0473,30.0256,22.4947,27.199,33.2566,29.1555,25.7623
"PSMC3",83.7959,88.6389,83.6411,94.0351,82.3234,82.897,86.5333,83.5783
"PSMC3IP",7.17971,6.8401,6.44648,6.77805,5.06331,6.79779,6.31643,5.99373
"PSMC4",98.316,96.1394,91.8016,105.634,85.7038,89.2765,89.0144,99.1482
"PSMC5",42.4325,42.2279,38.0781,37.8938,39.461,40.0883,40.3527,39.1526
"PSMC6",8.92233,10.3314,9.83011,7.95293,7.68234,8.09035,9.27124,6.931
"PSMD1",43.3256,50.5211,47.8645,47.4024,41.2628,48.2168,50.9862,40.7315
"PSMD10",24.6285,25.1017,22.428,21.0898,17.7721,19.7842,20.386,21.0166
"PSMD11",75.6179,70.7978,81.3337,77.0647,75.4193,71.1214,73.554,81.2893
"PSMD12",6.83756,5.16396,5.82703,5.54881,6.22614,5.14328,6.20551,5.70375
"PSMD13",48.7098,58.7504,55.1174,58.1894,50.2459,54.4169,51.4305,53.3235
"PSMD14",20.5801,23.8842,22.4407,19.4783,17.1879,18.1036,21.3911,20.8201
"PSMD2",106.143,103.826,104.53,105.028,95.5166,101.115,101.685,105.193
"PSMD3",100.352,93.099,93.3991,120.662,103.177,106.238,102.798,98.0955
"PSMD4",61.0786,61.3283,56.4404,60.3949,49.2898,61.8709,55.9563,60.5521
"PSMD5",14.0066,16.9858,16.8044,13.2199,15.6213,13.941,16.9216,15.5139
"PSMD6",70.9603,73.4514,70.5288,66.277,63.9503,62.6193,63.2033,68.4439
"PSMD7",55.7746,63.1399,59.624,58.07,62.8639,46.9936,60.4824,50.6289
"PSMD8",150.169,169.406,165.887,156.081,142.171,148.19,134.57,138.565
"PSME1",176.138,178.823,183.629,165.416,175.766,156.522,166.601,169.377
"PSME2",83.7811,82.9515,78.0828,85.6616,75.3403,70.5429,70.783,73.8407
"PSME3",61.7266,63.6916,64.6192,66.4091,58.9775,63.2573,64.4759,61.0728
"PSME4",18.0267,19.1693,20.6244,16.3671,18.8975,16.7467,21.4862,17.7082
"PSMF1",76.92,78.5755,81.2549,85.3502,86.1586,89.6379,73.8496,78.7785
"PSMG1",12.061,12.1978,10.7934,11.4751,9.21358,10.9835,9.0515,9.97246
"PSMG2",48.145,46.8872,48.1188,46.9335,39.3972,39.3878,37.2582,43.3441
"PSMG3",13.3223,9.13562,12.5843,9.57042,13.5197,14.5941,9.59638,10.7676
"PSMG4",3.83441,4.00714,6.28466,5.31773,5.72981,3.44902,4.78753,5.94772
"PSORS1C1",0,0,0,0,0,0,0,0
"PSORS1C2",0,0,0.0671607,0,0,0,0,0.0664686
"PSPC1",12.6082,13.2461,12.5386,12.5889,12.2788,12.8046,13.5931,13.196
"PSPH",16.4299,13.3601,16.4871,14.6529,12.2683,14.9251,12.0765,15.2836
"PSPN",0,0,0,0,0,0.464599,0,0
"PSRC1",8.74271,9.56945,12.0857,14.3256,9.05883,14.0062,9.13654,9.23318
"PSTK",0.494699,0.486138,0.62719,0.955707,0.302478,0.687157,0.182949,0.788107
"PSTPIP1",0.149895,0,0,0,0.0784735,0,0,0
"PSTPIP2",4.77143,4.84361,4.78683,4.52265,3.24173,3.96899,3.99607,4.51048
"PTAFR",0.031821,0.0681915,0.0319997,0.160843,0.149075,0.109437,0,0.0795785
"PTAR1",6.27949,6.01003,7.02786,5.6744,6.65403,5.13714,7.21183,6.66995
"PTBP2",5.20614,3.50873,4.36636,4.31673,5.6701,4.13695,5.45006,5.50362
"PTCD2",3.04996,4.14077,3.80411,3.39444,2.7181,3.68073,3.15921,3.98714
"PTCD3",6.07441,6.60625,6.46623,7.13678,6.00353,6.38743,7.09533,6.7828
"PTCH1",1.8972,1.87356,2.17007,2.64386,2.77091,2.53436,2.25797,2.43773
"PTCH2",1.89143,1.49855,1.3688,1.23241,1.78559,1.48968,2.53108,1.32123
"PTCHD1",0,0,0,0,0,0.0118825,0,0
"PTCHD3",0,0,0,0,0,0,0,0
"PTCHD4",20.4972,17.8994,20.1557,20.3005,19.3805,17.2854,19.9356,22.7827
"PTCRA",0,0,0,0,0.120845,0,0,0
"PTDSS1",32.7515,36.071,33.6909,35.2613,33.2189,34.8316,28.1863,35.0479
"PTDSS2",4.68705,5.45822,4.39533,5.16006,5.54741,4.92293,4.38425,3.65101
"PTEN",12.558,13.6227,14.4956,15.4579,13.6585,13.298,12.7993,14.1397
"PTER",0.120135,0.114598,0.0717583,0.0983336,0.0371211,0.117985,0.078966,0.178379
"PTF1A",0,0,0,0,0,0,0,0
"PTGDR",0,0,0,0,0,0,0,0
"PTGDR2",0,0.0244169,0.0229708,0,0.0712855,0.044748,0.12623,0.0684832
"PTGDS",0.103219,0.110884,0,0,0,0,0,0
"PTGER1",0,0,0.0518872,0,0.107191,0,0.169844,0.154276
"PTGER2",0,0,0,0,0,0,0,0
"PTGER3",0,0,0,0,0,0,0,0
"PTGER4",13.4067,12.0613,11.4053,12.3747,11.772,15.5706,11.6332,12.4008
"PTGES",0,0,0,0,0,0.0383405,0,0
"PTGES2",8.31096,9.58923,7.70272,8.97601,7.85369,10.2992,7.83994,8.00092
"PTGES3",853.694,756.008,844.115,818.885,796.802,786.015,723.523,759.069
"PTGFR",0.0357885,0,0.0239569,0.120383,0.0744059,0.0234372,0.0396098,0.154957
"PTGFRN",15.5469,14.0685,15.6275,16.2524,15.2745,16.2517,13.4211,14.7494
"PTGIR",2.43022,1.40786,2.75677,2.76029,2.95324,1.8687,1.94236,1.47244
"PTGIS",0.496101,0.526082,1.27625,0.234036,0.381788,1.67031,0.956703,1.00483
"PTGR1",24.3619,24.0998,20.1064,23.3073,24.7718,23.66,20.9677,22.3558
"PTGR2",0.584388,0.946659,0.939074,0.299719,0.609959,0.705638,0.445761,0.624986
"PTGS1",15.0412,20.1485,15.7451,23.3581,17.1303,22.1518,16.0428,20.7628
"PTGS2",6.83888,7.06472,6.16887,6.27286,6.10871,6.01362,5.64722,6.98937
"PTH",0,0,0,0,0,0,0,0
"PTH1R",0,0,0,0.0640058,0.289578,0.033936,0.038361,0.034752
"PTH2",0,0,0,0,0,0,0,0
"PTH2R",0,0,0,0,0,0,0,0
"PTHLH",1.1163,1.18225,1.90968,2.20502,0.776135,1.31103,0.622525,1.343
"PTK2",45.4684,50.5157,48.0633,52.5931,47.8184,47.5498,45.261,53.1021
"PTK2B",0.113045,0.301822,0.149172,0.324287,0.191051,0.355971,0.312837,0.180665
"PTK6",0.0561492,0.0300814,0,0,0.0586318,0,0,0.0281553
"PTK7",9.8886,10.6575,10.5602,12.209,10.6413,13.1746,9.90198,9.93715
"PTMS",444.657,375.806,371.956,481.579,517.022,518.331,447.538,372.105
"PTN",0,0,0,0,0,0,0.0513059,0
"PTOV1",2.98209,2.36626,1.98231,3.82502,3.20114,3.77811,3.28182,3.35216
"PTP4A1",53.448,48.1675,60.1704,51.5913,55.0624,46.7619,58.0619,56.1759
"PTP4A2",60.9576,58.0051,55.4921,57.7385,55.8756,58.0995,63.9529,53.0652
"PTP4A3",1.6458,3.33469,1.34011,1.72141,1.44176,2.72841,1.70218,2.3678
"PTPDC1",1.65557,1.28854,1.41928,1.4027,1.34696,1.66448,1.4327,1.89436
"PTPMT1",7.93997,8.22742,8.04966,8.31496,5.9925,7.52909,7.33437,7.43526
"PTPN1",41.8303,37.7637,42.8331,44.1332,49.1647,43.0933,47.0677,39.4338
"PTPN11",18.9938,18.5697,21.007,17.777,20.8512,17.5251,20.6434,19.2243
"PTPN12",29.7258,31.909,29.6913,29.6935,29.1045,30.1007,32.8903,29.0512
"PTPN13",0.904963,1.53815,0.962561,1.5578,0.773394,1.36882,0.925643,1.58119
"PTPN14",17.5774,17.5743,17.5074,15.9572,18.284,16.3409,19.5348,16.9982
"PTPN18",18.1469,13.4555,16.7809,15.4492,19.0422,16.7591,17.7311,12.9992
"PTPN2",10.0642,9.69101,10.3003,7.50809,8.53504,9.74396,9.33318,9.72279
"PTPN21",4.44088,3.19342,4.99588,3.96711,4.92768,3.55609,5.58143,4.50508
"PTPN22",0.220038,0.347931,0.23988,0.0357446,0.121472,0.189361,0.387507,0.178954
"PTPN23",26.2829,26.8752,25.2584,32.1909,35.8189,39.3157,32.9722,27.9281
"PTPN3",0,0.0124729,0,0.010681,0,0,0,0.0232682
"PTPN4",3.46701,4.58148,2.61661,3.23764,3.34981,2.94591,3.43321,3.4743
"PTPN5",0,0,0,0,0,0,0,0
"PTPN6",0.0948109,0.0338653,0.0958489,0,0.0991038,0.124033,0.140143,0
"PTPN7",0,0.420864,0.0465749,0.255389,0.0236187,0.533984,0.0511845,0.385599
"PTPN9",17.6325,16.479,17.4995,15.1081,16.6502,14.9196,19.713,15.5228
"PTPRB",30.4216,32.5764,32.7861,31.6779,33.5611,29.6478,35.4517,33.909
"PTPRC",0,0,0,0,0,0,0,0
"PTPRCAP",0.800978,1.05117,0.642333,0.504217,1.41887,1.73959,0.594813,0.815484
"PTPRD",5.47635,5.32283,6.00037,5.96459,5.19761,4.74603,6.01674,6.37214
"PTPRE",29.359,28.8227,29.3635,31.0268,28.8877,27.2305,29.2263,28.6017
"PTPRF",47.0816,46.9071,48.1876,50.7557,53.4576,52.1855,50.1084,44.3002
"PTPRG",4.02156,5.40768,4.99569,5.33121,5.62665,4.71116,5.60159,6.12321
"PTPRH",0.198452,0.145169,0.266145,0.440672,0.240963,0.246463,0.27465,0.215153
"PTPRJ",1.41517,1.8279,1.26864,1.83818,1.59763,1.60406,1.68623,1.84744
"PTPRK",30.9799,34.6403,38.7632,38.7686,33.0311,30.7293,37.1283,43.251
"PTPRM",25.7746,25.6564,27.7466,28.279,28.1307,27.0453,27.4373,29.719
"PTPRN",0,0,0,0,0,0,0,0
"PTPRN2",0.73837,0.910914,0.383331,1.11254,0.373213,1.01047,0.594837,1.07559
"PTPRO",0,0,0,0,0,0,0,0
"PTPRQ",0.0167372,0.00896156,0,0,0,0,0,0.0167058
"PTPRR",0.0508032,0,0,0,0.0795158,0.0997371,0,0.0254573
"PTPRS",4.17015,3.6096,4.1132,5.17218,4.43416,5.08269,4.45753,4.6784
"PTPRT",0,0,0,0,0,0,0,0.00983591
"PTPRU",0.386753,0.511513,0.275679,0.423478,0.3372,0.594574,0.181972,0.348824
"PTPRZ1",0,0,0,0,0,0,0,0.0114556
"PTRH1",7.33342,7.5077,5.81821,8.90955,6.86324,6.48128,5.41206,6.43152
"PTRH2",15.6974,12.5521,13.8473,12.1947,10.7892,11.8824,10.7266,10.4481
"PTRHD1",58.0541,60.8393,60.5173,68.0398,57.017,59.1145,54.6554,49.7359
"PTS",5.11548,6.65889,5.66053,6.49395,3.30926,4.5087,3.81743,4.67302
"PTTG1",100.022,119.068,105.147,98.9994,100.452,97.099,97.5368,91.0734
"PTTG1IP",167.049,167.852,177.563,158.528,166.543,154.284,165.714,159.689
"PTTG2",0,0,0,0,0.186427,0,0,0
"PTX3",23.3968,14.6031,20.3277,12.8718,20.4911,15.1129,21.0414,13.7615
"PTX4",0,0,0,0,0,0,0,0
"PUF60",36.3402,37.3027,34.6732,44.8309,39.1688,40.2729,31.969,33.3383
"PUM1",42.3592,36.7088,41.6838,37.6359,41.2287,37.2726,42.0234,40.369
"PUM2",18.5494,18.7617,19.9923,17.6782,18.3681,15.7314,20.5559,18.1818
"PURB",17.0669,12.8109,18.2248,17.009,19.4722,13.7714,19.2107,16.0952
"PURG",1.74041,1.55598,2.46503,2.68398,3.00586,1.43214,2.96166,2.75993
"PUS1",4.11933,3.42918,3.16872,3.65609,3.60411,4.68395,3.78483,3.34751
"PUS10",2.44754,2.73836,1.84003,1.83816,1.938,2.08572,2.77947,2.10426
"PUS3",4.03681,3.68003,4.47168,4.30145,3.04188,2.99702,4.0755,3.67896
"PUS7",18.7154,18.1107,17.8589,19.8071,19.6435,15.449,18.3723,20.456
"PUS7L",1.18013,1.10995,1.3402,1.16354,1.77759,1.43774,1.92789,1.66926
"PUSL1",10.3823,9.91397,9.00545,14.1797,7.58985,9.75553,8.86946,8.31088
"PVALB",0,0,0,0,0,0,0,0
"PVR",26.1963,20.5239,29.8068,21.8623,29.099,21.8269,30.2384,19.5389
"PVRIG",0.544848,0.292092,0.23061,0.632564,0.238245,0.222549,0.554335,0.365852
"PWP1",31.0118,35.8584,30.6979,27.7947,27.4599,25.8571,28.7946,29.5894
"PWP2",3.50916,3.69465,3.43247,3.52609,3.78225,4.03991,3.90855,3.67396
"PWWP2A",4.156,4.0335,4.02636,3.88151,4.16839,3.39114,4.21789,4.50924
"PWWP2B",1.07633,1.03763,0.568913,1.11041,1.11696,1.25048,0.795053,0.788138
"PXDC1",6.04217,4.87849,6.18614,5.70515,7.30712,5.10224,6.91419,5.01707
"PXDN",80.3988,88.9175,84.9949,92.8936,103.671,95.5272,90.5814,90.3418
"PXDNL",0,0.02864,0.107466,0,0.0139026,0.0131345,0.0591971,0.0267229
"PXK",27.3893,27.1624,31.7635,32.1673,29.3912,24.4364,32.2357,27.6926
"PXMP4",1.00294,0.880145,0.586508,0.977041,0.593807,0.751587,0.829847,0.883791
"PXN",181.95,226.884,186.578,250.242,217.758,274.379,190.041,227.88
"PXT1",0,0,0,0.12011,0,0,0,0.065225
"PYCARD",7.58292,11.2479,7.18659,7.33625,8.19525,7.7839,5.99822,8.11791
"PYCR1",17.2919,18.4444,14.9793,21.5795,19.6146,19.3067,16.3536,16.0147
"PYCR2",22.3257,17.986,18.1667,17.4989,20.9977,20.6707,14.3207,13.2223
"PYDC1",0,0,0,0,0,0,0,0
"PYDC2",0,0,0,0,0,0,0,0
"PYGB",12.5603,13.2105,12.8841,13.7199,14.5289,13.9039,11.8682,13.1138
"PYGL",11.6493,11.0803,10.5028,11.225,10.2976,10.9234,10.6601,10.4125
"PYGM",0.058728,0.0209692,0.0788385,0.0360119,0,0.0576674,0.0216779,0.0195911
"PYGO1",4.02342,2.54592,4.11954,5.20583,3.59772,3.98101,5.97188,5.04023
"PYGO2",10.5432,11.6563,11.6098,12.0142,12.7341,11.9083,9.13158,10.3439
"PYHIN1",0,0,0,0,0,0,0,0
"PYROXD1",1.29609,0.975853,1.3109,0.676566,0.96724,1.02754,1.55989,1.22511
"PYY",0.2206,0.157831,0,0.207078,0.0778029,0.143883,0.0818035,0.0745787
"PZP",0.553589,0.534354,0.361616,0.3245,0.102914,0.48245,0.205482,0.496289
"QDPR",6.54748,6.9239,6.71557,8.20601,6.87531,8.29703,6.28152,6.8399
"QKI",39.7106,40.3366,40.5362,39.121,40.4422,36.6101,41.0537,41.8045
"QPCT",9.57498,10.4574,8.67829,10.1513,9.80992,9.25308,8.46099,11.5516
"QPCTL",10.499,10.2992,9.44501,12.116,11.4094,10.5231,9.80103,10.2139
"QPRT",0,0,0,0,0,0,0,0.04625
"QRFP",0.822476,0.147426,0.431166,0.131842,1.18212,0.13354,0.459939,0.282465
"QRFPR",0,0,0,0,0,0,0,0
"QRICH1",62.4854,56.2773,61.9059,64.8023,62.1191,59.7923,59.3307,64.1068
"QRSL1",3.75997,3.77602,3.61619,4.35946,3.32324,3.586,3.07159,3.36638
"QSER1",11.1567,12.1196,13.135,9.4175,11.5364,9.7168,13.6409,13.1889
"QSOX2",4.79287,5.53912,4.78925,5.63905,4.7853,4.5514,4.39274,4.66703
"QTRT1",6.65023,8.78302,6.8328,8.35045,9.94817,9.31406,7.02037,6.04806
"R3HCC1",9.48077,9.97342,7.30893,11.4425,10.2918,10.7152,9.34019,8.655
"R3HDM1",123.958,114.11,134.459,141.449,120.583,134.515,150.619,131.803
"R3HDM2",28.3417,19.64,25.6985,24.288,28.0516,24.4144,26.0803,25.996
"R3HDM4",110.75,98.8357,108.475,121.193,119.463,127.586,104.425,94.9566
"R3HDML",0,0,0,0,0,0,0,0
"RAB10",28.315,27.7569,29.6442,27.3973,26.8288,27.4527,30.3643,31.5392
"RAB11A",48.0367,47.8013,49.6741,44.8125,44.922,44.2033,44.3761,47.3171
"RAB11B",90.5331,98.1811,94.28,96.9853,104.13,114.813,102.393,97.1432
"RAB11FIP1",1.11749,1.31687,1.28878,1.66098,1.5575,1.2617,1.00016,1.18825
"RAB11FIP2",1.70034,2.67653,2.6105,1.49775,2.25499,2.49847,2.7195,1.97136
"RAB11FIP3",7.16014,7.3979,6.985,6.08285,9.21018,8.97812,8.86198,7.19771
"RAB12",12.1441,11.887,13.183,9.35477,11.2586,10.5263,12.2205,10.6918
"RAB14",12.0065,13.1229,13.1329,11.0225,12.6893,11.5658,13.3097,12.6107
"RAB15",10.9328,10.8312,11.8635,10.0238,13.178,11.236,10.5267,9.8071
"RAB17",0.112969,0,0,0,0,0,0,0
"RAB18",25.1463,25.0051,26.0741,20.3255,21.7743,24.9499,24.2353,24.0232
"RAB19",0,0,0,0,0,0,0,0
"RAB1A",24.0342,28.2184,23.8447,23.1707,21.9315,23.5137,25.4241,21.6428
"RAB1B",371.444,323.013,203.247,260.138,263.674,377.138,263.349,288.619
"RAB20",0.0950265,0,0.0965885,0,0.0997863,0.0465668,0,0.0957608
"RAB21",7.16661,5.74096,7.89531,5.75956,6.67427,5.33568,5.8284,6.11224
"RAB22A",7.74898,6.55126,9.14675,5.55054,5.90721,6.65178,8.43657,6.74102
"RAB23",3.01751,2.8623,3.81878,2.92575,2.44677,2.41869,4.28221,3.09762
"RAB24",3.737,3.53446,3.02032,2.82546,3.19541,3.97531,3.17259,3.1931
"RAB25",0,0,0,0,0,0,0,0
"RAB26",0.479912,0.654846,0.53144,0.728885,1.00677,0.513247,0.338895,0.395312
"RAB27A",4.00726,3.77238,3.91948,3.11555,3.84228,3.33802,3.60697,3.34445
"RAB27B",0,0.0193684,0.0272177,0.033143,0,0.0355454,0.0500307,0.0180555
"RAB28",11.4945,7.4536,8.8142,9.3428,8.13549,6.94896,7.40515,8.65739
"RAB2A",19.422,20.0136,25.104,22.6846,18.8992,19.6536,22.044,19.6148
"RAB2B",13.9067,16.7535,15.5321,17.8125,15.9386,16.2034,20.0211,12.689
"RAB30",5.96504,5.55932,7.04072,4.76936,5.5061,4.44609,5.34916,6.51123
"RAB31",8.48481,8.64364,9.04519,7.33115,6.52376,7.80691,7.80296,8.68495
"RAB32",15.6911,13.4913,16.1571,13.328,12.6735,12.3149,14.7404,14.5474
"RAB33A",0.0689091,0,0.211674,0,0.0728119,0.472069,0,0.349044
"RAB33B",3.57979,3.205,3.32307,3.12009,3.61545,2.48763,3.59886,3.2891
"RAB34",27.7289,26.7076,30.2116,27.4435,25.2841,27.5713,25.7117,30.9972
"RAB35",25.8417,22.3071,24.8187,22.9873,29.2363,24.6315,24.3154,20.2935
"RAB36",2.11706,3.05818,2.04532,2.57457,2.44113,3.0636,1.43048,2.17592
"RAB37",0.0528139,0.0848888,0,0.0730578,0.0551227,0.103678,0.0292583,0
"RAB38",1.67916,2.7009,1.70785,2.75628,1.29722,2.41985,0.822454,1.69291
"RAB39A",0,0,0,0,0.0821766,0,0.0870164,0
"RAB39B",0,0.0402595,0.0567434,0.0172798,0,0.0369061,0.104045,0.0376075
"RAB3A",0.812759,0.974023,1.40941,1.15555,0.853544,1.26511,0.636861,1.54183
"RAB3B",6.72275,6.28686,7.41424,6.28604,7.00021,5.86736,7.28772,6.52046
"RAB3C",0,0.249641,0.238859,0.583093,0,0.151658,0.0862767,0.236125
"RAB3D",15.7612,16.7458,14.1427,18.0019,16.9367,18.9281,16.2429,16.349
"RAB3GAP1",8.8361,8.69856,9.316,8.39518,9.55856,7.77053,9.72833,9.21016
"RAB3GAP2",4.82386,4.75224,4.4159,3.70271,4.47345,4.53482,4.03068,5.03139
"RAB3IL1",0.237554,0.127283,0.269996,0.219336,0.310216,0.349657,0.131651,0.148966
"RAB3IP",1.15064,0.949023,1.22855,0.696537,1.45678,0.743422,1.39892,0.914018
"RAB40A",0.108752,0.0583185,0.1662,0.152021,0.343281,0.106536,0.120789,0.329333
"RAB40AL",0.226853,0.162315,0,0,0.24017,0.29588,0.420684,0.460392
"RAB40B",1.9167,2.81834,1.97742,3.06275,2.58592,3.09646,2.07589,3.3413
"RAB40C",7.02115,6.23489,6.74929,7.24334,9.02866,7.65474,7.07696,6.63453
"RAB41",0,0.0771543,0,0,0,0,0,0
"RAB42",0.420406,0.0750064,0.130806,0.263116,0.0694611,0.0951858,0.22678,0.0649363
"RAB5A",35.7247,39.1217,41.0049,36.8002,37.2556,29.7862,39.523,34.7219
"RAB5C",452.164,436.672,485.883,496.904,508.229,477.504,441.715,434.211
"RAB6A",46.224,36.4046,52.4088,38.2947,42.5504,31.368,52.4157,36.5646
"RAB6B",0.719262,0.7989,0.613326,0.3983,1.14883,0.652592,0.540795,0.573937
"RAB6C",0,0,0,0,0,0,0,0
"RAB7A",380.805,346.05,376.846,348.912,333.835,304.201,328.845,362.392
"RAB8A",98.5506,96.0159,95.8836,98.1653,93.3483,98.0459,89.3556,90.5257
"RAB8B",156.172,139.534,182.835,125.865,181.226,134.056,144.535,132.233
"RAB9A",21.0611,12.8697,14.9883,18.9303,16.3013,23.3229,16.1912,13.2683
"RAB9B",0.0171333,0.0917632,0.0861798,0.0472363,0.0356693,0.151441,0.0569113,0.137102
"RABAC1",133.61,125.691,105.362,120.325,113.462,110.106,97.4134,120.906
"RABEP1",7.4057,7.68202,7.69773,6.06165,6.98304,7.58428,7.93949,7.38068
"RABEP2",4.18877,4.73368,3.11353,5.7429,4.99294,4.57055,3.62358,3.9016
"RABEPK",4.92626,5.78618,5.34137,6.06944,4.99643,6.78186,4.94996,5.92667
"RABGAP1",19.1256,16.4132,21.0211,17.0917,22.1062,15.1495,19.6009,19.4268
"RABGAP1L",2.24338,2.45287,2.17192,2.79181,2.96571,1.71272,2.5072,3.39829
"RABGEF1",4.3016,4.38983,4.98998,4.46289,4.50171,3.47052,4.82996,4.69622
"RABGGTA",18.5507,17.3141,17.657,19.7472,20.6067,20.4976,17.5487,17.1448
"RABGGTB",4.22288,3.02277,3.89912,4.5672,5.88918,4.04142,6.27136,6.8056
"RABIF",8.94249,9.35007,9.46127,8.46736,8.67985,7.61405,9.13883,8.55756
"RABL2A",2.46164,2.51142,2.39141,1.52351,2.29466,2.29549,2.1298,2.43168
"RABL2B",12.9596,13.744,14.3575,13.44,11.9878,12.8192,12.599,14.669
"RABL3",2.04236,2.3134,2.26864,2.16891,2.09869,1.79214,2.33172,2.52135
"RAC1",626.616,565,666.342,579.17,583.772,513.974,631.73,593.798
"RAC2",175.83,187.388,144.168,196.379,155.462,204.299,144.585,161.451
"RAC3",21.2293,18.9454,17.6079,21.4052,18.5674,24.7635,14.5972,15.9121
"RACGAP1",19.7696,22.7075,27.1191,23.5912,21.2649,20.4019,24.0063,22.9343
"RAD1",11.7755,13.8966,15.513,7.3324,15.3987,10.8316,13.1411,7.48387
"RAD17",17.6912,22.1547,20.8067,18.6924,18.1436,17.1436,21.178,18.9548
"RAD18",3.43406,3.33255,3.74885,2.54759,2.71388,3.12286,4.34152,3.1635
"RAD21L1",0.0385811,0,0.0390959,0.0714823,0.0404091,0.0756711,0.0427946,0.0775881
"RAD23A",99.2816,84.7586,93.2672,94.3587,100.884,99.8457,97.1773,80.567
"RAD23B",45.556,40.0764,45.0004,41.9371,44.8516,39.3458,45.6393,48.0326
"RAD50",2.15263,2.18989,2.12095,2.10055,1.89461,2.29269,2.3021,2.17887
"RAD51",3.68503,3.31708,3.27593,3.14523,3.20738,2.48785,2.85338,2.78607
"RAD51AP1",5.50176,4.60425,6.53229,4.79958,3.78091,4.60237,4.15501,4.52282
"RAD51AP2",0,0,0,0,0,0,0,0
"RAD51B",2.31322,1.88095,3.33599,1.54973,1.69322,1.58434,2.41241,1.60763
"RAD51C",4.14969,4.94319,4.03577,6.82831,3.49491,4.77966,7.17462,4.98229
"RAD52",4.47687,4.63008,3.95479,4.55097,3.55332,4.11733,3.53698,4.71322
"RAD54L",4.06503,3.54696,5.03898,5.20663,4.51997,4.62904,4.50244,4.2377
"RAD54L2",2.16043,2.62276,2.78135,2.01891,2.89854,3.02236,3.55628,2.25712
"RAD9A",3.53889,2.97427,3.42702,5.01479,4.66676,5.00204,3.43498,4.08338
"RAD9B",0.0735991,0.236666,0.149072,0,0,0.0360928,0.0408124,0.073973
"RADIL",0.58513,0.626628,0.349358,0.711003,0.518665,0.616206,0.311557,0.498691
"RAE1",17.5873,17.4551,16.4955,16.2635,16.6882,16.9852,16.7758,18.312
"RAET1E",0.082868,0.111253,0,0,0,0.0339406,0,0.252721
"RAET1G",4.59339,4.91931,4.58851,3.87244,6.22264,4.42013,3.06715,5.29402
"RAET1L",0,0,0,0,0,0,0,0
"RAF1",30.7453,28.5095,29.2073,29.7599,28.3368,27.7136,30.397,29.3946
"RAG1",2.72305,1.86245,3.04053,1.00287,1.4192,2.53315,1.64204,1.64081
"RAG2",0,0,0,0,0,0,0,0
"RAI1",17.9706,17.5233,16.9466,19.206,21.0065,19.2337,18.564,16.9442
"RAI14",85.2257,93.4759,111.688,93.5233,97.3424,79.761,110.758,100.328
"RAI2",17.0781,15.1813,18.7013,18.3171,19.9453,17.0559,17.3385,15.7986
"RALB",134.901,156.049,111.486,126.181,119.6,139.405,112.084,114.717
"RALBP1",15.7643,14.4445,16.1198,15.1532,15.633,13.5957,17.161,13.5113
"RALGAPA1",5.21693,4.92534,5.1095,4.44082,4.77462,3.6986,4.68428,4.95213
"RALGAPA2",26.2892,32.1409,24.4962,32.7318,29.3112,36.4059,24.6451,34.536
"RALGAPB",25.5828,24.766,26.1105,23.4899,24.129,22.2681,29.2016,27.3844
"RALGPS1",1.82156,1.62796,1.98587,1.10883,2.11383,1.95045,1.47319,1.82911
"RALGPS2",10.8527,6.49274,11.0444,5.58687,10.8736,5.1802,11.5627,6.4213
"RALY",78.1138,80.6791,75.2514,76.6268,80.119,84.8762,70.65,78.8523
"RALYL",0,0,0,0,0,0,0,0
"RAMP1",0,0,0,0,0,0,0,0
"RAMP2",92.298,119.916,93.8787,154.464,80.6419,135.581,85.2112,132.204
"RAMP3",0,0,0,0,0,0,0,0
"RAN",412.686,416.633,412.973,372.781,343.068,359.899,378.665,383.104
"RANBP1",173.273,186.397,180.326,176.206,156.697,169.132,167.981,169.048
"RANBP10",14.639,13.9955,15.0883,16.3309,17.3561,16.2964,14.8378,16.0388
"RANBP17",1.69889,1.64139,1.66501,1.13199,1.31344,1.02905,1.36254,1.46836
"RANBP2",14.1824,15.1343,14.8824,12.9283,14.2555,12.4775,16.0974,15.524
"RANBP3",26.1536,29.0288,26.9228,29.9947,26.6121,30.8038,27.1681,26.4788
"RANBP3L",0,0,0,0,0,0,0,0
"RANBP6",6.43864,6.70133,5.90841,6.09864,5.74602,5.38068,6.33184,6.31729
"RANBP9",25.8465,21.9348,29.1641,24.4195,24.4452,21.5529,28.6971,23.5421
"RANGAP1",35.7661,26.8468,37.0186,32.0947,39.0388,32.0956,40.1545,27.7195
"RANGRF",42.3912,45.1091,41.4008,47.0273,42.4757,42.3263,38.8756,39.5406
"RAP1A",8.27368,11.1614,10.2831,10.2459,7.9445,8.63052,8.71676,10.2859
"RAP1B",57.3179,55.768,59.1247,51.6278,50.049,53.5693,58.8262,55.2154
"RAP1GAP",0.0200326,0.0644336,0.0403735,0.202948,0.104452,0.0590561,0.0888267,0.0198968
"RAP1GAP2",0.0670959,0.0821211,0.0577057,0.166918,0.0199005,0.0565088,0.0954622,0.105279
"RAP1GDS1",30.1794,35.2733,37.5087,33.3586,33.6613,30.2762,24.8467,37.6707
"RAP2A",7.36812,7.41363,10.1552,7.10335,7.2458,6.73638,8.21946,7.39316
"RAP2B",14.9506,20.6849,14.0102,15.9055,15.1382,19.5706,16.0585,16.5618
"RAP2C",8.93483,7.87222,9.7838,8.78579,9.31611,7.88322,8.53925,9.10096
"RAPGEF1",37.8306,41.4284,41.2547,42.683,47.7833,42.1655,45.7146,39.0575
"RAPGEF2",10.3284,8.65693,10.2409,8.7229,9.90981,8.61557,10.7754,9.44787
"RAPGEF3",2.13907,2.4098,2.62593,2.5709,3.21263,2.63519,2.41658,2.27037
"RAPGEF4",5.22442,5.65109,6.49706,6.50351,5.03222,5.4766,5.52508,7.50696
"RAPGEF5",4.46291,7.4507,4.27438,6.70665,4.92532,7.17686,4.20345,7.00188
"RAPGEF6",3.64199,3.71471,4.59081,4.20984,3.4519,3.99846,4.44754,4.46651
"RAPGEFL1",3.07305,2.73056,3.18491,3.44236,3.7975,3.938,3.47447,3.76565
"RAPH1",11.1851,9.66718,11.5127,10.7387,11.6301,10.0278,10.8912,10.3054
"RAPSN",0,0.0905201,0.0977386,0.156654,0,0.0942209,0.0533602,0.0484458
"RARA",27.3809,24.6212,26.6692,29.316,31.9435,28.6644,29.0512,25.8414
"RARB",31.556,20.1765,33.3246,23.1058,30.2137,18.4263,35.8866,20.0157
"RARG",4.83458,5.71188,4.0779,5.58778,4.68187,5.85289,4.34187,5.38741
"RARRES1",0,0.397406,0,0.523043,0,0.0901351,0,0.187976
"RARRES2",0,0,0,0,0,0,0,0
"RARS2",3.9142,4.7633,4.41034,3.5228,2.85697,3.90853,3.78058,4.38174
"RASA1",12.0289,11.6643,13.6086,11.6672,11.1963,9.25122,14.6302,11.1588
"RASA2",3.48764,3.39013,5.55018,3.62465,5.28987,3.42592,6.02217,4.28154
"RASA3",14.5605,16.2605,15.6184,17.5616,17.8701,17.0812,16.5052,17.9619
"RASA4",1.19034,2.04181,1.21209,2.35668,1.50773,2.35584,1.35432,1.52121
"RASAL1",0,0,0,0,0,0,0,0
"RASAL2",5.17498,4.91152,5.97206,4.67614,5.13737,4.42895,5.58617,5.05403
"RASAL3",2.03432,1.75051,2.7942,2.39349,3.16233,2.9222,2.55411,2.8595
"RASD1",1.08397,0.387326,1.50603,1.75945,1.05168,0.669348,0.801656,0.565364
"RASD2",0,0.0238669,0,0.0410241,0.0232236,0.0656135,0,0
"RASEF",0.0241444,0.155213,0.121734,0.0889867,0.125917,0.118506,0.106996,0.024192
"RASGEF1A",0.463273,0.189069,0.355675,0.264036,0.225481,0.259899,0.317666,0.463961
"RASGEF1B",0,0.0320537,0.0302212,0,0,0.088052,0.099462,0.0300126
"RASGEF1C",0,0,0.031031,0,0,0,0,0
"RASGRF1",0.0132745,0,0.0133366,0.0121817,0.0276055,0,0,0.0299801
"RASGRF2",2.71683,4.58576,3.60622,4.11862,3.45548,4.18572,3.39323,5.47305
"RASGRP1",0.319146,0.252693,0.249066,0.140979,0.245901,0.213173,0.409699,0.194191
"RASGRP2",0.0302656,0.0324341,0,0.195735,0.0949023,0.0891202,0,0
"RASGRP3",2.54291,2.60009,2.29333,2.83404,2.34746,2.11187,2.2622,3.20627
"RASGRP4",0,0,0,0.0464706,0,0,0,0
"RASIP1",16.7871,21.3015,15.6438,19.912,19.2799,24.9729,16.8992,15.5541
"RASL10A",0,0.103171,0.0978178,0.0447257,0,0.0942962,0,0.242441
"RASL10B",0.103079,0.154599,0.124583,0.360438,0.128887,0.303633,0.0684991,0.103193
"RASL11A",1.94437,1.5884,1.59922,1.76346,1.36069,1.58816,1.59289,1.53906
"RASL11B",0.141105,0.113429,0.0357068,0.0979176,0.0369126,0.0346024,0.117354,0
"RASL12",0,0,0,0,0,0,0,0
"RASSF1",4.38366,5.83714,6.71463,6.03989,5.02638,5.6161,4.77193,3.85284
"RASSF10",0.0746358,0.13328,0.0501868,0.412729,0,0.195365,0.13782,0.249321
"RASSF2",21.3103,16.0484,22.1201,14.8022,22.8183,16.0858,20.1928,16.2534
"RASSF3",14.5804,19.7733,16.7051,17.1097,14.7344,16.5437,15.9166,18.3018
"RASSF4",7.35177,7.86319,7.19586,5.69524,7.39708,8.04732,7.11475,5.56175
"RASSF5",0.204755,0.319039,0.135957,0.390383,0.116303,0.493552,0.103065,0.223507
"RASSF6",0,0,0,0,0,0,0,0
"RASSF7",1.45222,1.08803,2.17776,1.75035,1.96554,1.92278,1.54914,1.02105
"RASSF8",9.27137,7.67902,9.52782,8.08855,9.12247,7.53011,10.3175,9.46506
"RASSF9",2.03368,1.73251,1.70578,2.08894,1.99336,1.80506,1.84156,2.19969
"RAVER2",3.06556,2.42691,3.75139,2.59723,3.1427,2.79299,3.88543,2.90175
"RAX",0,0,0,0,0,0,0,0
"RAX2",0,0,0,0,0,0,0,0
"RB1",18.1423,15.2059,20.0135,14.8566,19.3394,12.2282,21.2308,15.784
"RB1CC1",5.96642,5.13221,6.02763,4.95361,5.86087,4.55237,6.50576,5.41282
"RBBP4",29.5909,27.3839,31.6301,29.8012,28.7564,24.7412,30.5322,29.9945
"RBBP5",5.12798,4.80052,5.10615,5.12259,5.89275,4.52505,5.15501,5.34094
"RBBP6",13.0947,12.0125,13.5948,11.1142,14.358,12.2754,15.869,14.1893
"RBBP7",68.8051,68.0653,75.316,64.0062,65.1354,56.6895,76.2244,62.9441
"RBBP9",7.80319,8.67552,8.57943,7.68794,7.98717,6.15706,8.24282,8.48369
"RBCK1",37.7882,39.0081,34.2125,44.8276,47.3398,53.0193,41.6584,45.093
"RBFA",3.94424,4.95157,4.26742,6.35081,5.52979,4.9407,3.84243,3.4726
"RBFOX1",0,0,0,0,0,0,0,0
"RBFOX2",58.267,58.6805,55.8035,52.6123,50.5333,59.3665,52.7372,60.5807
"RBFOX3",0,0,0,0,0,0,0,0.0499662
"RBL1",4.01614,3.91063,3.7764,4.01787,3.34791,3.2597,4.25925,3.75483
"RBL2",11.0509,10.9049,11.1498,9.51906,10.9726,9.57414,12.5094,10.8973
"RBM10",14.7367,14.7954,13.7108,14.29,14.109,15.7231,14.5681,13.6781
"RBM11",0,0,0,0,0,0,0,0
"RBM12B",3.98604,3.94626,4.49179,3.29992,3.78671,3.39881,4.06363,3.86247
"RBM15",5.05561,4.53457,6.807,5.16404,4.68129,4.14065,5.6264,5.59327
"RBM15B",8.94567,9.35475,10.012,10.8693,10.1454,10.8562,10.2159,9.56127
"RBM17",29.3762,25.1079,29.0702,22.5633,23.8231,26.4808,26.5835,26.143
"RBM18",3.4013,3.11344,3.15741,2.86938,2.84688,2.62082,2.99944,2.66995
"RBM19",6.95077,7.71083,7.6564,8.78125,7.38426,7.91254,7.41943,6.45574
"RBM20",0,0,0,0,0,0,0,0.00873114
"RBM22",55.5109,56.3749,54.9073,52.8982,49.2724,49.1628,51.9412,51.0872
"RBM23",35.281,32.3216,34.8411,40.3285,34.9087,39.3449,32.4942,41.4315
"RBM24",0.65715,0.351226,0.413604,0.377974,0.884009,0.469918,0.605392,0.301291
"RBM25",20.5347,23.3624,22.0974,19.1774,19.7112,18.9834,22.032,20.6822
"RBM26",23.3909,24.4897,23.7129,23.2141,24.4105,22.1978,27.3399,25.9961
"RBM27",5.51319,5.61057,5.77312,4.69421,5.75129,5.00683,5.57938,5.45517
"RBM28",5.98811,5.80787,5.22196,4.90499,6.07752,5.65029,6.85869,5.47565
"RBM3",25.8862,28.3291,26.7204,27.846,25.8798,26.0475,25.15,25.0076
"RBM33",11.1203,10.6595,11.0114,10.9607,11.8946,11.5904,11.9858,13.0467
"RBM34",3.6264,2.83148,3.13029,2.65601,1.76785,2.19691,2.39379,2.21398
"RBM38",29.6385,29.1047,30.4429,33.5891,31.547,37.1891,30.6979,29.2176
"RBM39",67.9827,62.6677,64.5117,59.8431,71.0336,58.9689,68.7541,67.3041
"RBM41",2.95242,2.90563,4.3532,3.83323,3.79097,2.44623,3.72317,3.28435
"RBM42",35.035,37.9712,38.1587,47.6475,42.5435,42.1978,35.0038,35.2473
"RBM43",1.80985,2.57837,1.50529,1.93977,1.65258,2.36703,1.91179,2.22415
"RBM44",0.0150936,0,0,0.0554416,0.0942134,0.0593025,0.0167092,0.01509
"RBM45",2.56812,3.47702,2.58563,3.11046,2.81016,2.6267,3.53345,3.29997
"RBM46",0,0,0,0,0,0,0,0
"RBM47",0,0,0.0289007,0,0.0285212,0,0,0
"RBM48",3.83284,3.8403,4.34539,5.22325,3.44832,2.90116,4.13754,4.80593
"RBM4B",17.3358,15.3373,14.2871,15.0471,15.6245,14.3064,15.8681,16.4773
"RBM6",56.5492,61.2058,57.4235,70.7447,64.253,57.8524,63.6304,60.3215
"RBM7",13.0493,12.1573,15.0282,12.8558,11.4321,11.8564,13.1125,12.6809
"RBM8A",9.32826,9.9267,9.72356,7.58733,7.48296,7.2897,7.8859,7.624
"RBMS1",30.1306,29.1837,35.9898,27.2878,28.4187,24.6632,32.2135,27.9565
"RBMS2",132.323,122.053,157.627,122.184,142.913,107.491,154.31,124.924
"RBMS3",11.3708,8.6965,11.4065,7.97577,11.3651,5.98784,14.6355,8.37709
"RBMX",117.089,115.055,124.693,117.353,109.961,111.22,122.687,118.835
"RBMX2",8.68435,6.45703,6.26564,6.10084,7.78381,6.25737,6.82619,7.18205
"RBMXL2",0.39936,0.362133,0.124187,0.482375,0.545745,0.663134,0.170263,0.369966
"RBMXL3",0.0377444,0,0,0,0,0,0,0
"RBMY1B",0,0,0,0,0,0,0,0
"RBMY1J",0,0,0,0,0,0,0,0
"RBP1",19.6532,19.9911,18.6191,20.8285,16.5853,19.2032,16.2229,20.2104
"RBP2",0,0,0,0,0,0,0,0
"RBP3",0,0,0,0,0,0,0,0
"RBP4",0.0862456,0.0925974,0,0,0.183186,0.252917,0,0.0877476
"RBP5",0.169865,0.455918,0.437236,0,0,0.0830294,0,0.345534
"RBP7",0,0,0.588618,0,0,0,0,0
"RBPJ",11.6799,11.3641,12.5405,10.8217,10.1739,9.83613,12.4807,10.7802
"RBPJL",0,0,0,0,0,0,0,0
"RBPMS",82.3225,85.3367,96.6842,97.5549,94.4651,101.556,88.9156,107.249
"RBPMS2",7.6485,6.70326,7.52111,7.30761,8.45323,10.7379,9.2579,8.63212
"RBX1",18.1049,15.1206,15.7293,13.6343,17.0519,16.477,14.1971,13.1579
"RC3H1",9.97609,8.696,11.655,8.35723,10.2132,8.18037,10.1834,11.1363
"RC3H2",43.8846,40.3535,43.6445,32.6472,47.8993,37.8475,46.1114,43.8426
"RCAN1",7.46965,7.6251,5.98567,6.14374,8.24644,5.34074,6.0129,5.87578
"RCAN2",0.538184,0.661953,0.501779,0.45843,0.560665,0.528455,0.46358,0.618497
"RCAN3",4.73194,5.57881,5.89702,4.46902,5.09419,4.69524,5.79341,6.00682
"RCBTB1",10.6519,10.1692,9.39341,8.33963,8.32577,7.78712,7.96132,9.99954
"RCBTB2",3.93323,4.78818,4.83019,3.83368,3.16158,4.03723,3.94492,4.05878
"RCC2",68.8447,68.3068,72.1138,89.2507,75.6148,84.4714,78.8074,72.3083
"RCCD1",1.69643,2.12903,1.38246,1.32905,1.87505,2.04526,1.67443,1.7985
"RCHY1",3.75293,4.04761,3.52942,2.89488,3.6172,3.23821,3.22292,3.82185
"RCL1",7.79814,9.60393,8.45517,7.14672,6.70471,7.74372,7.73834,7.44873
"RCN1",128.109,136.911,117.006,119.941,115.853,117.214,121.56,134.471
"RCN2",27.8948,24.8984,27.9483,25.3151,28.5751,16.8838,20.8048,22.0391
"RCOR1",18.0727,15.232,17.8612,17.3768,18.6179,14.882,16.6277,18.0601
"RCOR2",0.257126,0.247953,0.233477,0.497814,0.241481,0.252378,0.2849,0.335051
"RCOR3",16.6163,12.2397,21.0919,15.8363,20.7131,14.1691,15.1016,14.7906
"RCSD1",0,0,0,0,0,0,0,0
"RCVRN",0,0,0,0,0,0,0,0
"RD3",0,0,0,0.0139241,0,0,0,0
"RDH10",2.47491,1.75486,2.55395,1.67075,2.19946,2.07703,2.59384,2.01527
"RDH11",16.6511,16.6652,18.655,15.8865,14.3885,14.5577,16.9182,16.057
"RDH12",0,0.0396109,0,0,0,0.0362446,0,0
"RDH13",3.5232,5.47687,3.25866,3.07784,6.08628,3.99869,2.95911,3.00779
"RDH14",2.16491,1.37589,2.55008,1.66156,2.49526,1.09655,3.45449,2.10277
"RDH16",0.0407594,0.0436946,0.041334,0,0,0,0,0
"RDH8",0,0,0,0,0,0,0,0
"RDM1",0.186833,0.110811,0.0844318,0.183054,0.220454,0.103545,0,0.584401
"RDX",63.8603,61.0589,64.6441,55.1702,64.4866,52.6204,68.9584,58.8768
"REC8",0.975712,1.79133,1.29414,1.84494,1.87987,1.67263,0.997544,1.08118
"RECK",10.4669,10.5604,10.0713,11.2607,11.8057,11.1077,11.0113,10.375
"RECQL",8.4828,8.76369,7.29544,5.90731,6.71732,5.81656,7.34897,8.00388
"RECQL4",3.15937,2.52194,2.09676,3.39544,2.71378,3.74133,3.45214,2.8892
"RECQL5",2.95549,2.63798,2.74173,3.28198,3.73642,3.99982,2.57267,2.90051
"REEP1",0.139467,0.126559,0.271656,0.403263,0.333801,0.101499,0.149506,0.168821
"REEP2",4.70598,5.90486,3.89078,5.62502,5.68178,5.28027,4.91469,4.85983
"REEP3",32.1363,25.2468,32.6344,27.7307,29.8853,24.4363,31.5423,31.357
"REEP4",26.4682,26.3269,26.7818,31.3799,28.4418,32.1072,28.9012,25.9807
"REEP5",137.027,139.084,146.801,155.296,130.716,115.311,117.047,140.004
"REEP6",1.59316,2.33509,2.00103,1.48398,2.51352,1.71692,2.41806,1.5541
"REG1A",0,0,0,0,0,0,0,0
"REG1B",0,0,0,0,0,0,0,0
"REG3A",0,0,0,0,0,0,0,0
"REG3G",0,0,0,0,0,0,0,0
"REG4",0,0,0,0,0,0,0,0
"REL",3.89792,5.01706,3.64843,3.98073,3.58543,3.64454,4.58263,5.26544
"RELA",161.841,146.452,179.252,183.656,197.57,176.529,181.138,164.692
"RELB",5.17407,4.20844,17.3813,2.34506,12.944,9.73129,9.64765,4.9488
"RELL1",17.3479,10.1194,13.2178,11.0981,12.6464,11.0767,10.2875,16.7183
"RELL2",0.42603,0.854314,0.608353,0.670177,0.595906,0.972613,0.246123,0.825932
"RELN",0.0270379,0.00578866,0.010837,0.00494666,0.0224344,0,0.00598,0
"RELT",1.40866,1.20338,1.90092,1.42913,1.48695,1.48911,1.61564,1.52399
"REM1",0.0853156,0.137198,0,0.316627,0.134195,0.125466,0.331329,0.0429362
"REM2",0,0,0,0,0,0.036663,0,0
"REN",0,0.158239,0.100053,0,0,0,0,0
"RENBP",0.53849,0.892386,0.448045,1.22924,0.977116,1.72706,0.978249,1.18438
"REP15",0.332955,0.142896,0.613169,0.0623445,0,0.19554,0.222111,0.134843
"REPIN1",55.163,53.6105,53.3258,63.6653,62.2335,64.2179,55.2528,52.8779
"REPS1",8.35314,8.60604,9.10321,7.78151,7.31794,7.71269,7.77907,7.13776
"REPS2",1.25942,1.07725,1.3955,1.44626,1.35755,0.971825,1.58578,1.40781
"RER1",136.288,149.276,166.663,185.921,169.625,130.561,133.697,148.386
"RERE",63.6253,54.5125,77.397,71.1109,91.4893,74.968,84.8672,77.8875
"RERG",0.0299136,0,0.0302247,0,0,0,0,0
"RERGL",0,0.143678,0,0,0,0,0,0
"RESP18",0,0,0,0,0,0,0,0
"REST",7.419,6.85747,8.40543,6.90481,8.0767,5.77277,8.26973,7.79504
"RET",0.0155681,0,0,0,0,0,0,0.0622656
"RETN",0,0,0,0,0,0,0,0
"RETNLB",0,0,0,0,0,0,0,0
"RETSAT",8.0535,8.53006,8.21328,9.45682,8.245,9.15765,8.06174,7.74429
"REV1",0.742492,1.33961,1.23936,0.826752,0.936244,1.11282,1.12521,1.23201
"REV3L",7.84366,9.18849,8.89306,8.4016,6.96749,8.8089,8.74201,10.0894
"REXO2",24.4964,24.1587,23.9507,19.699,24.6317,20.298,17.4456,20.2819
"REXO4",2.63622,2.91564,2.41333,2.14117,2.60245,2.34279,2.09813,2.02733
"RFC1",8.06708,6.65512,6.67818,6.98748,6.34638,6.7466,6.77187,6.66228
"RFC2",39.4141,37.3189,42.9129,36.8215,36.0875,38.1058,37.467,35.8207
"RFC3",8.32762,6.32982,11.4757,7.41063,7.04622,9.96766,7.93705,7.08095
"RFC4",10.5008,9.55243,10.1286,9.03837,9.09839,9.32505,7.94409,8.97921
"RFC5",13.7012,16.9321,13.7079,13.2039,14.3188,12.3598,16.092,15.4642
"RFESD",0.0429862,0,0.0747244,0,0.0450803,0,0.0476983,0.0247461
"RFK",9.71161,9.27462,9.26789,9.72227,9.79669,9.12166,10.5614,9.91633
"RFNG",12.8062,12.909,13.2295,18.2193,15.4588,16.9455,13.97,12.5957
"RFPL1",0,0,0.0487934,0,0,0,0.10656,0.048373
"RFPL2",0,0,0,0,0,0,0,0
"RFPL3",0,0,0,0,0,0,0,0
"RFPL4A",0,0,0,0,0,0,0,0
"RFPL4B",0,0,0.0738631,0,0,0,0,0
"RFT1",17.107,15.8115,14.6363,15.5491,14.9746,15.3301,12.7227,16.3001
"RFTN1",43.3123,35.3588,44.0949,35.2846,48.2976,41.0525,48.5228,37.8267
"RFTN2",0.517839,0.44504,0.965943,1.37679,0.442199,0.202239,0.693042,0.317479
"RFWD3",13.7258,13.1887,14.57,14.8425,12.4211,14.3999,14.6323,14.0335
"RFX1",5.20571,4.46057,5.72771,5.35531,4.03626,6.69298,4.07029,5.71227
"RFX2",4.97353,3.35519,5.99924,4.87284,5.69522,3.9126,5.48857,4.27412
"RFX3",3.75347,4.01649,5.22626,4.57777,4.43248,3.51431,4.62864,5.64612
"RFX4",0,0,0,0,0.0202373,0.0381593,0.0215152,0
"RFX5",7.23936,6.11497,7.74294,8.26946,9.65118,9.30591,9.6754,10.2209
"RFX6",0,0,0,0,0,0,0,0
"RFX7",15.136,17.7267,17.5676,16.5534,15.1829,15.1575,16.4288,19.1917
"RFX8",0.0446116,0.213784,0,0.0828397,0.187223,0.195555,0,0.494167
"RFXANK",56.8339,61.1757,66.0275,75.1324,58.6053,61.8003,55.2711,56.3874
"RFXAP",0.823665,0.352989,0.569415,0.672037,0.589,0.346533,0.599624,0.848742
"RGL1",24.9379,27.4157,30.1795,29.8146,27.6863,28.2915,31.729,30.6026
"RGL2",0,0,0,0,0,0,0,0
"RGL3",0.105513,0.226155,0.159738,0.121629,0.137666,0.388443,0.204636,0.211593
"RGL4",1.81731,1.28159,1.48402,1.48308,1.65504,1.89701,1.50351,1.75127
"RGMA",0.0215699,0.138788,0,0.0993639,0,0.105985,0.0238924,0.151347
"RGMB",22.158,24.4741,25.1992,25.8825,26.5815,22.6753,26.4396,26.5948
"RGN",0.131728,0.0470755,0.0891524,0.140453,0,0.172181,0.0487255,0.0442083
"RGP1",9.55725,10.4102,12.5735,11.4423,11.6481,12.3526,11.3328,9.71568
"RGPD3",0,0.0116199,0.010892,0,0.0112739,0.0106606,0,0.0433452
"RGPD4",0.123529,0.094488,0.221286,0.161675,0.164931,0.112717,0.185493,0.158542
"RGPD8",0.211972,0.25537,0.239226,0.178017,0.137576,0.130184,0.146585,0.202781
"RGR",0,0,0,0,0,0,0,0
"RGS1",0,0,0,0,0,0,0,0
"RGS10",19.1287,19.4839,17.1446,13.1689,12.6371,13.8898,15.0354,14.5622
"RGS11",1.55862,2.18999,1.61594,1.73376,1.45256,2.61596,1.18559,2.31472
"RGS13",0,0,0,0,0,0,0,0
"RGS14",1.26175,2.31349,0.905904,2.11954,1.18953,2.449,0.963275,1.8417
"RGS16",0,0,0.0279758,0,0,0,0,0.0277885
"RGS17",1.26845,1.241,0.882491,0.639983,0.66547,0.722479,0.818457,0.78777
"RGS18",0,0,0,0,0,0,0,0
"RGS19",11.326,11.0767,14.8357,13.303,14.8223,11.6818,10.9577,11.8805
"RGS2",5.14748,5.57876,4.47125,5.80649,3.36348,6.15735,3.91171,5.08639
"RGS20",0.618789,0.309569,0.911031,0.344288,0.302682,0.242687,0.366144,0.581105
"RGS21",0,0,0,0,0,0,0,0
"RGS22",0,0,0,0,0,0,0,0
"RGS3",72.1887,59.3203,83.0079,72.2576,85.5199,64.8084,74.9614,69.7431
"RGS4",17.4834,12.4473,17.1649,11.0766,13.2672,9.71187,16.0055,9.49927
"RGS5",347.037,382.457,382.034,343.364,312.323,319,389.796,354.859
"RGS6",0,0,0,0,0,0,0,0
"RGS7",0.19327,0.0295852,0,0.0254727,0.0576536,0.0270966,0.0305972,0
"RGS7BP",0.511572,0.98636,0.343082,0.675497,0.44375,0.820657,0.118802,0.921048
"RGS8",0,0,0,0,0,0,0,0
"RGS9",0,0.0913382,0,0,0.0893371,0.0417635,0,0
"RGS9BP",0,0,0,0,0.0239048,0,0.0253972,0
"RGSL1",0,0,0,0,0,0,0,0
"RHAG",0,0,0,0,0.0375449,0,0,0
"RHBDD1",5.28922,5.5744,4.69903,5.10884,4.49638,5.17923,4.9977,5.34365
"RHBDD2",53.548,59.2444,56.1214,60.9094,60.2314,67.1445,58.3281,56.2844
"RHBDD3",4.64109,3.1582,2.9872,4.60162,3.46788,4.31342,2.91015,3.73499
"RHBDF1",18.1512,15.3836,16.6817,17.1114,20.3568,18.1685,17.2001,17.0873
"RHBDF2",4.61889,4.85227,4.92605,5.45677,5.59446,5.94061,5.68981,4.83957
"RHBDL1",0.320196,0.343312,0,0.212447,0.480089,0.179346,0.253842,0.230379
"RHBDL2",0.384067,0,0,0.188504,0.420569,0.186438,0.215756,0.200463
"RHBDL3",0.0138096,0.0147907,0.0138767,0,0.0430835,0.0406968,0,0.013802
"RHBG",0,0,0,0,0,0,0.0401095,0.0363431
"RHCE",0,0,0,0,0,0.047483,0,0
"RHCG",0,0,0,0,0,0,0,0
"RHD",0.211755,0.056482,0.0265885,0.0729215,0.137565,0.0258595,0.175266,0
"RHEB",94.1427,89.6164,96.3244,79.9161,85.4265,75.3352,85.538,88.2316
"RHEBL1",0.959305,0.686124,0.392234,0.777602,0.337391,0.626097,0.426535,0.388256
"RHO",0,0,0,0,0,0,0,0
"RHOA",820.542,875.901,880.853,887.332,852.414,792.786,842.023,834.435
"RHOB",220.947,116.744,233.905,161.622,259.963,145.543,230.685,124.421
"RHOBTB1",8.2896,8.64239,8.63874,10.4684,9.14577,7.30813,8.2852,8.62303
"RHOBTB2",4.56343,4.54768,4.6461,4.59739,5.12815,5.21427,4.54238,4.65626
"RHOBTB3",9.56436,9.19685,10.0297,7.21691,9.45493,7.90058,10.5167,9.44748
"RHOC",738.223,811.605,766.946,876.72,822.774,871.528,675.647,757.553
"RHOD",10.5903,7.66095,8.84769,8.4103,9.48515,11.3497,7.75061,8.14451
"RHOF",5.08353,5.39333,3.04923,5.51856,4.89849,5.64251,5.90768,5.40408
"RHOG",305.881,300.501,323.025,357.31,355.883,334.564,297.743,275.929
"RHOH",0,0.0369174,0,0,0,0.0337886,0,0
"RHOJ",310.542,313.69,348.708,310.039,334.719,291.168,373.258,360.011
"RHOQ",4.75352,4.36181,4.107,4.16829,3.9699,4.51609,4.36661,4.24074
"RHOT1",7.61071,7.58666,8.04284,7.39134,7.40611,5.14049,6.49047,7.43598
"RHOT2",14.4753,12.6705,12.7202,17.6403,15.5749,18.5398,15.3128,14.3766
"RHOV",0.16501,0.132672,0.167365,0.191272,0,0.242689,0,0.124523
"RHOXF1",0,0,0,0,0,0,0,0
"RHOXF2B",0,0,0,0,0,0,0,0
"RHPN1",2.04832,1.68108,2.03192,2.53986,2.867,3.11319,2.35657,2.10412
"RHPN2",1.66672,1.11093,1.50974,1.54952,1.83991,1.3094,1.51753,1.64918
"RIBC1",0.177196,0.227908,0.179368,0.228651,0.105224,0.251256,0.480059,0.416667
"RIBC2",0,0.0558874,0.15916,0.630807,0.16439,0.357415,0.289351,0.315453
"RIC3",0,0.0260392,0.0122114,0,0,0,0,0
"RIC8A",13.9539,14.734,14.7026,16.0491,15.8405,16.6912,11.974,13.0497
"RIC8B",5.69618,6.4661,6.72718,6.44421,5.99815,4.82103,6.71047,5.67031
"RICTOR",8.17336,8.46624,9.69065,7.49266,9.15577,6.93911,9.87715,10.3925
"RIF1",3.76808,2.91788,3.22874,2.8749,3.49024,2.68595,3.87227,3.38725
"RIIAD1",0,0,0,0,0,0,0,0
"RILP",1.14554,1.75286,0.971022,1.40318,1.72977,1.33851,0.562361,1.646
"RILPL1",13.274,12.1332,14.1665,13.2836,13.101,15.5758,15.0413,14.3314
"RILPL2",6.00185,5.63536,6.24759,6.91723,6.25986,6.81124,7.00359,6.76087
"RIMBP2",0,0,0,0,0,0,0,0
"RIMBP3",0.0110058,0,0,0,0.0114362,0,0.0121797,0
"RIMBP3C",0,0,0,0,0,0,0,0
"RIMKLA",0.00592792,0.00634741,0.0118818,0,0.00615079,0.0174789,0,0
"RIMKLB",8.43873,8.59454,8.14526,6.7978,7.8422,6.50067,8.66587,7.73766
"RIMS1",0.361593,0.47139,0.605869,0.406194,0.503439,0.295302,0.600062,0.501693
"RIMS2",0,0,0,0,0.0205521,0,0,0
"RIMS3",0.00875175,0,0.0526757,0.040089,0.072705,0.0172002,0.0581003,0.0698891
"RIMS4",0,0.0131676,0,0,0,0.0362362,0,0.0122834
"RIN1",2.14973,2.89552,1.62338,3.46189,2.05512,3.1534,1.43067,2.40404
"RIN2",12.3437,17.4449,14.6574,12.8874,15.8758,14.5596,16.6026,12.607
"RIN3",9.71877,11.11,10.0382,13.3539,11.6575,15.5245,11.797,11.4779
"RING1",0,0,0,0,0,0,0,0
"RINL",1.00005,1.31292,1.20585,1.33679,0.811417,1.16704,0.88472,0.673152
"RINT1",13.2147,11.7075,12.5177,12.6116,11.6921,10.9897,13.2263,13.6642
"RIOK1",4.27979,2.74368,3.8271,4.17136,3.27911,5.07645,4.50029,5.03123
"RIOK2",1.62844,1.77383,1.9923,1.4591,1.77321,1.94699,2.0213,1.69435
"RIOK3",11.9556,8.65918,11.4466,8.86599,10.6723,9.08765,10.7557,9.29376
"RIPK1",10.2506,9.42592,8.99958,10.3174,10.0195,9.79559,8.3944,9.91449
"RIPK2",16.4951,13.3366,13.2807,11.0265,13.4848,11.8091,10.7921,9.44449
"RIPK3",1.36469,1.44313,0.965997,0.46938,0.904344,0.90567,1.21731,1.10427
"RIPK4",0,0,0,0,0,0,0,0
"RIPPLY1",0,0,0,0,0,0,0,0
"RIPPLY2",0,0,0,0,0,0,0,0
"RIT1",6.10278,6.57857,5.51479,4.29288,6.46133,5.14724,5.23289,5.36053
"RIT2",0,0.300844,0,0,0,0,0.23385,0.0710256
"RLBP1",0,0,0,0,0,0,0,0
"RLF",2.77697,2.60353,2.36847,2.3403,2.78977,2.44873,3.06169,2.53935
"RLIM",8.25399,7.79967,8.45745,6.72005,7.73528,6.90737,8.69576,8.02666
"RLN1",0,0,0,0,0,0,0,0
"RLN2",0,0.0981302,0,0,0,0,0,0
"RLN3",0,0,0,0,0,0,0,0
"RMI1",2.81487,2.75034,2.76203,2.45445,2.71988,2.37399,2.9549,3.08335
"RMI2",2.37479,2.54752,3.08458,2.78528,2.96035,2.55576,3.17163,2.39486
"RMND1",5.0689,3.55421,3.97134,3.70294,2.93669,3.45029,2.98799,3.09429
"RMND5A",5.37366,5.40258,5.10048,4.95024,5.28216,4.29191,5.81077,5.55622
"RMND5B",6.9446,8.43671,6.88088,8.61362,8.28387,11.3885,8.25937,8.03037
"RNASE1",772.685,852.532,736.57,821.659,698.265,811.169,704.001,845.813
"RNASE10",0,0,0,0,0,0.55119,0,0
"RNASE13",0,0,0,0,0,0,0,0
"RNASE2",0,0,0,0,0,0,0,0
"RNASE3",0,0,0,0,0,0,0,0
"RNASE6",0.145498,0.156143,0.0745881,0.273076,0.30782,0,0.161851,0.221306
"RNASE7",0,0,0,0,0,0,0,0
"RNASE8",0,0,0,0,0,0,0,0
"RNASE9",0,0,0,0,0,0,0,0
"RNASEH1",17.6328,13.1706,15.3624,19.1439,20.2699,21.5704,14.8942,18.3391
"RNASEH2A",23.4199,22.4558,21.8005,21.644,17.1188,22.7622,18.375,19.8684
"RNASEH2B",2.92201,2.27677,3.42651,2.15869,2.36356,1.99282,1.4477,2.05966
"RNASEL",0.244018,0.17969,0.33732,0.434183,0.317337,0.494347,0.151954,0.259217
"RND1",3.00987,1.49978,1.76358,3.14627,1.3335,1.70407,2.49298,2.21866
"RND2",0.0779806,0.116936,0.0313628,0.0716228,0.0649095,0.0306374,0.0863311,0.10916
"RND3",24.487,21.989,24.6507,20.2283,21.1102,18.0927,24.447,18.4823
"RNF10",76.9826,70.6576,73.9927,77.2624,85.261,84.8369,81.5798,71.9904
"RNF11",45.4534,36.4012,45.3231,41.1007,45.6274,40.8938,43.3558,41.6858
"RNF111",46.4659,44.2814,51.1047,45.412,46.089,44.2046,54.9001,50.5919
"RNF112",0.020383,0.021836,0,0,0,0,0.0225747,0
"RNF113A",6.87816,7.92619,8.23083,7.05211,5.98534,7.29364,6.69379,6.3731
"RNF113B",0.105753,0.0567075,0,0.0492486,0.111223,0.103609,0.117444,0
"RNF114",21.3661,19.7226,19.4126,21.4873,19.4381,18.2207,18.6816,19.691
"RNF115",9.43079,7.8536,6.96251,6.91262,6.40051,7.01733,6.68004,8.17755
"RNF121",6.59612,6.73697,6.95099,6.84153,6.69725,6.6237,6.14519,6.86543
"RNF122",17.1257,16.1769,20.0886,16.4276,18.0732,17.2872,15.535,18.9229
"RNF123",12.6288,10.3491,9.909,12.0009,11.1242,12.6945,11.4218,10.0496
"RNF125",2.52854,3.38988,2.58572,3.06687,2.88985,2.92758,1.82638,3.6556
"RNF126",23.9052,22.7074,25.5361,27.4995,27.2474,29.3349,25.2998,21.4286
"RNF128",0,0,0,0,0,0,0,0
"RNF13",6.7461,8.96623,9.02105,6.26699,6.12103,5.48488,7.45334,8.95546
"RNF130",62.5388,52.2924,63.346,59.6039,52.5408,48.32,56.1043,57.5601
"RNF133",0.100144,0,0,0.0931744,0,0,0,0
"RNF135",7.98958,7.50782,5.65819,9.54197,10.6493,8.68186,6.53466,7.30543
"RNF138",19.9322,19.6139,17.8488,17.1795,22.1136,16.7806,19.4608,18.3245
"RNF139",5.92909,5.99048,5.77038,4.92527,5.68079,5.21833,4.67767,6.03375
"RNF14",7.12002,6.62754,6.55109,6.31339,6.92433,5.7389,6.44979,6.52356
"RNF141",7.58606,6.88466,8.04317,6.00613,7.613,6.79629,7.59036,7.10959
"RNF144A",24.5676,22.9648,19.2108,24.5707,27.9675,19.9646,20.6172,21.947
"RNF144B",17.1793,19.1903,17.3333,16.8369,17.0921,17.8279,16.7592,18.056
"RNF145",23.3214,24.1918,23.8851,22.6043,24.0569,19.6454,22.2649,23.0079
"RNF146",16.9213,15.1831,15.8435,14.0081,15.7777,15.4627,15.4046,16.5477
"RNF150",0.0414288,0.133117,0.0416301,0.164778,0.201057,0.176353,0.0305722,0.220831
"RNF151",0,0,0,0,0.453235,0,0.118327,0
"RNF152",4.63495,3.82608,4.80362,5.19905,4.8854,3.65153,5.87125,4.52467
"RNF157",0.1313,0.126563,0.145098,0.192775,0.136518,0.0515944,0.203462,0.157446
"RNF166",11.1877,11.8811,9.16847,13.9743,11.7721,14.5403,9.55672,9.74475
"RNF167",78.4477,78.7347,77.8773,78.3647,70.8572,75.052,64.841,71.977
"RNF168",3.15422,3.26117,3.13357,3.04821,2.59604,3.7608,3.96462,3.51806
"RNF169",11.4411,8.06487,9.74736,7.89319,10.6942,6.99572,11.7184,10.9872
"RNF17",0.0251309,0,0,0,0,0,0.0278149,0
"RNF175",0,0,0,0.0421697,0,0,0,0
"RNF180",3.33512,3.56386,6.32865,4.36485,4.20021,2.85065,5.65377,5.94501
"RNF181",104.131,107.174,95.9333,95.4985,84.966,93.2549,81.1257,97.0607
"RNF182",3.64303,4.65483,4.08939,4.21366,4.31434,3.73101,3.27743,4.76289
"RNF183",0,0,0,0,0,0,0,0
"RNF185",14.7713,13.7645,16.7681,15.0172,15.7744,13.317,14.3331,14.7763
"RNF186",0,0,0,0,0,0,0,0
"RNF187",14.3773,15.4952,14.1584,18.6185,20.0357,18.1439,15.9776,13.1817
"RNF19A",6.13388,6.14097,6.70631,5.57787,5.60322,4.56281,6.68693,5.96952
"RNF19B",16.3542,14.9626,17.0171,17.0363,14.5996,16.2233,16.2189,15.3159
"RNF2",12.0756,10.9583,13.1376,11.5368,12.9365,10.1957,13.2072,11.8382
"RNF20",6.14315,7.23273,5.62043,5.78169,5.78289,5.73132,5.86201,5.39092
"RNF207",0.310616,0.542847,0.394602,0.510664,0.442353,0.65832,0.343899,0.817464
"RNF208",23.971,22.5021,21.49,28.2614,26.9168,29.0866,18.6189,24.7148
"RNF212",0.699105,0.639782,0.842553,0.821436,0.409779,0.539806,0.41187,0.551815
"RNF213",9.49681,9.47755,9.37381,9.42945,10.42,10.505,9.81127,10.2702
"RNF214",20.5433,20.2887,19.289,20.462,19.6263,19.1641,21.3278,19.6026
"RNF215",3.01772,1.95681,2.03691,2.41354,3.16011,2.89697,1.96828,1.95388
"RNF216",26.4978,26.5695,25.2132,23.4785,24.9354,22.3565,26.7535,26.2211
"RNF217",11.7971,9.92505,15.0996,11.7465,10.9494,9.03919,12.1922,12.3534
"RNF220",11.4876,11.2655,11.5618,15.4511,11.1643,14.9073,10.1206,12.258
"RNF222",0,0.0230787,0,0,0.0673573,0.0634514,0,0.0647129
"RNF223",0,0,0,0,0,0,0,0
"RNF224",0.09547,0,0.0970467,0,0,0.14035,0.0529889,0
"RNF24",4.7092,4.9106,5.38697,5.63168,5.2489,4.8368,6.54756,4.81789
"RNF25",36.8515,44.4085,48.0685,52.0047,43.1807,43.6392,40.1592,38.8807
"RNF26",43.8846,39.7748,38.4785,44.4935,44.7214,44.5893,42.852,37.9635
"RNF32",0.200452,0.0859487,0.121934,0.111475,0.0840062,0.0392975,0.177896,0.120974
"RNF34",53.4563,46.0802,46.7528,38.9593,42.0321,44.1949,45.9405,40.1489
"RNF38",38.639,37.3136,42.2059,39.8595,39.3921,35.443,44.6301,43.78
"RNF39",0,0,0,0,0,0,0,0
"RNF4",70.2444,66.2301,72.2158,76.1041,76.1984,74.3597,70.0648,68.7385
"RNF40",12.7965,13.1192,12.3038,13.9585,13.6759,15.5072,12.4488,11.4028
"RNF41",26.4787,16.9148,25.1492,15.7712,24.9625,16.0774,22.6332,17.7851
"RNF43",0,0.0151479,0,0,0,0,0,0
"RNF44",19.9862,21.5938,21.1216,24.1518,24.8403,27.6897,25.4194,24.7195
"RNF5",0,0,0,0,0,0,0,0
"RNF6",6.58072,5.89056,6.45126,4.88283,6.17542,4.8611,6.82964,6.01562
"RNF7",27.2847,25.4189,24.2677,19.8008,22.2523,20.0637,18.5474,21.0633
"RNF8",9.40698,8.03917,8.96368,6.1317,7.69084,7.51427,9.22586,9.07835
"RNFT1",4.32831,4.21888,4.32675,3.47844,4.44064,4.55516,4.33621,4.62469
"RNFT2",1.43496,1.92556,0.967729,2.07373,1.63198,1.91761,1.13318,1.31734
"RNGTT",2.58317,2.47013,2.60034,1.91056,2.57077,1.68444,2.31998,2.36055
"RNH1",56.0907,53.2865,58.2468,68.2152,58.4121,59.2818,56.3327,58.1898
"RNLS",0.446648,0.358902,0.281814,0.360552,0.0326786,0.164357,0.494916,0.335906
"RNMT",6.34982,6.83974,7.71008,6.24719,7.29356,6.55302,7.92582,6.02558
"RNPEP",70.8178,72.6778,70.5994,76.6707,74.5952,76.9914,70.1274,69.3378
"RNPEPL1",29.4945,29.4369,32.6943,33.7383,39.6715,38.9256,34.8284,29.9285
"RNPS1",172.982,168.791,204.479,206.376,206.42,193.42,179.336,169.64
"ROBO1",9.74161,9.39643,10.1347,9.75819,10.2543,9.8001,11.406,11.259
"ROBO2",0,0,0,0,0,0,0,0
"ROBO3",57.3723,47.5289,54.1833,61.4186,58.3142,65.7299,56.0404,46.887
"ROBO4",180.416,169.616,206.936,222.381,239.351,228.562,212.556,181.02
"ROCK1",4.70688,3.83137,4.03689,4.3003,4.41503,3.78877,5.06386,3.85526
"ROCK2",9.07686,9.68001,9.30977,8.21811,8.73432,7.53259,11.1811,8.31197
"ROGDI",8.88266,8.67046,7.92418,12.5337,10.0107,11.0062,10.5296,10.5649
"ROM1",0.776048,0.792217,0.898265,0.821126,0.618999,1.05109,0.327897,0.891452
"ROMO1",61.0831,54.9794,56.5879,41.7955,49.09,53.2143,41.7948,41.9816
"ROPN1",0,0,0,0,0,0,0,0
"ROPN1B",0,0,0,0,0,0,0,0
"ROPN1L",0.249611,0.59964,0.950018,1.35423,0.377017,0.558226,0.237951,0.867426
"ROR1",5.0606,9.62074,7.63588,10.3872,6.32919,8.07591,7.68341,12.452
"ROR2",0.0158172,0.0338843,0,0,0,0.0621426,0,0.0632649
"RORA",4.10174,2.91552,3.12675,2.30529,5.78433,3.3961,2.89855,5.1887
"RORB",0,0,0,0,0,0,0,0
"RORC",0,0,0,0.0801483,0.0226694,0.0213498,0,0
"ROS1",0,0,0,0,0,0,0,0
"RP1",0,0,0,0.00816857,0,0,0.01973,0.00890023
"RP1L1",0.197699,0.270981,0.217692,0.260731,0.185117,0.22537,0.113737,0.247592
"RP2",5.56679,3.41486,5.39134,4.03528,4.62723,3.54596,5.43685,4.5939
"RP9",2.16403,3.38028,5.05678,4.13643,4.45754,3.40817,3.47479,4.12843
"RPA1",25.5523,24.9582,25.5424,23.3849,21.4037,24.3361,24.6555,25.3534
"RPA2",24.7495,26.0065,22.3241,21.6976,21.0595,24.8282,24.3313,20.4156
"RPA3",3.03139,3.10673,2.62546,1.86259,2.61927,2.5346,2.1768,2.28947
"RPA4",0.0462596,0.0496,0,0.128935,0.339914,0.136026,0.0513447,0.0466027
"RPAIN",5.1696,4.74862,5.83852,3.24735,4.69988,4.33767,5.91108,4.89167
"RPAP1",8.09227,8.38418,7.44757,9.92538,8.90101,11.0938,8.26589,8.07849
"RPAP2",1.88766,2.44673,2.14159,1.9808,1.72831,2.17339,2.45248,2.50115
"RPAP3",0.274559,0.491385,0.188889,0.259503,0.097344,0.268298,0.407866,1.0256
"RPE",20.8633,20.0954,22.3514,20.1493,21.1721,19.9727,19.5933,24.0184
"RPE65",0,0,0,0,0,0,0,0
"RPF1",6.38945,7.9709,5.65389,7.29992,5.15083,7.19227,6.34948,5.47189
"RPF2",3.26768,4.54413,6.19283,4.1857,2.40136,3.54335,4.21351,3.40702
"RPGR",1.33515,1.32072,1.65905,1.09673,0.861301,0.640322,1.31273,1.0562
"RPGRIP1",0,0,0,0,0,0,0,0
"RPGRIP1L",1.9822,2.49362,2.24698,2.39686,2.09963,1.73871,2.39839,2.25806
"RPH3A",0,0,0,0,0,0,0,0
"RPH3AL",5.0347,5.20595,4.60913,6.563,5.17836,5.95348,3.58167,5.65088
"RPIA",6.68106,6.92847,6.4611,4.21897,7.51314,5.77043,4.58935,5.72464
"RPL10",738.315,753.556,725.323,745.387,728.803,745.046,641.901,737.581
"RPL10A",353.953,357.321,319.884,296.253,276.491,302.854,296.244,309.143
"RPL10L",0,0,0,0,0,0,0,0
"RPL11",256.217,248.042,197.56,187.182,182.77,214.11,177.52,202.892
"RPL12",1405.78,1486.24,1388.22,1404.27,1271.28,1320.3,1313.39,1290.36
"RPL13A",3668.11,3814.25,3001.46,3346.43,3099.25,3320.72,3121.63,3648.12
"RPL14",719.395,742.732,668.008,592.329,554.397,593.757,571.174,600.279
"RPL15",2530.82,2654.62,2754.26,2464.73,2310.02,2198.45,2304.38,2620.55
"RPL18",1025.01,1093.17,1018.04,1047.27,924.816,1032.03,899.818,988.547
"RPL18A",4143.02,3978.99,3758.59,3911.99,3585.36,3860.11,3635.32,4189.05
"RPL19",2500.23,2365.97,2185.79,2112.26,1884.11,2057.37,2029.38,2177.41
"RPL21",524.794,550.271,418.555,437.358,420.835,484.957,368.796,396.284
"RPL22",48.6206,49.661,44.061,45.1198,43.2574,39.9405,41.3942,43.7494
"RPL22L1",2.74367,2.78989,3.45352,2.01775,2.72362,2.17372,1.71625,2.12039
"RPL23",154.478,152.002,129.218,103.397,108.054,137.032,117.631,127.309
"RPL23A",947.658,895.868,742.575,660.553,663.475,793.465,755.737,773.176
"RPL24",177.382,194.679,154.006,176.341,148.099,148.181,143.41,123.527
"RPL26",308.796,309.457,245.983,235.521,214.08,226.077,217.689,229.292
"RPL26L1",23.2249,19.1179,17.949,17.3116,19.1262,19.6032,21.2648,18.1033
"RPL27",2266.85,2396.53,2193.44,2288.68,2075.43,2331.06,2000.96,1963.15
"RPL27A",193.818,200.261,167.599,152.147,143.178,167.274,144.742,164.683
"RPL28",2899.64,3036.06,2768.45,2589.86,2484.18,2712.57,2617.41,2618.59
"RPL29",1813.57,1836.17,1729.9,1713.41,1539.66,1654.29,1598.7,1693.51
"RPL3",1103.16,1120.56,1087.17,1131.73,1049.89,1041.51,967.277,1096.48
"RPL30",410.038,425.878,360.594,340.259,319.09,343.638,258.732,338.508
"RPL31",244.904,243.79,232.083,243.686,211.091,217.734,177.357,181.913
"RPL34",53.3768,49.8947,42.3984,42.4653,36.5922,43.9059,36.1876,36.4381
"RPL35",305.94,337.687,275.843,246.096,243.75,277.326,272.472,249.223
"RPL35A",374.167,378.496,339.15,319.496,291.387,306.053,305.086,293.442
"RPL36",1823.39,1913.84,1692.7,1475.78,1414.19,1746.69,1455.06,1767.18
"RPL36AL",80.883,83.0734,61.7118,60.8701,55.0777,57.8427,49.6447,62.7696
"RPL37",248.039,259.375,204.191,200.071,189.168,216.005,177.195,187.86
"RPL37A",617.513,694.405,602.412,535.837,520.313,584.976,453.258,551.62
"RPL38",1142.58,1127.78,807.746,805.071,759.738,1068.78,857.568,812.517
"RPL39",972.602,1006.15,946.622,817.552,763.297,813.174,703.279,884.909
"RPL39L",7.96171,7.47264,8.9766,8.1106,4.61731,6.40643,6.49593,6.2335
"RPL3L",0,0,0,0,0,0,0,0
"RPL4",1647,1659.99,1638.48,1586.42,1518.64,1470,1592.37,1550.79
"RPL41",831.281,774.371,622.476,660.038,627.209,762.531,665.156,672.118
"RPL5",779.354,824.776,740.059,651.83,701.976,709.669,640.895,684.77
"RPL6",1238.04,1278.18,1190.6,1042.59,1001.04,1036.87,1066.91,1187.33
"RPL7",284.186,299.82,243.819,241.024,206.537,233.148,237.868,224.544
"RPL7A",2132.17,2182.3,1956.73,1974.93,1891.05,2105,1842.18,1991.12
"RPL7L1",28.1251,25.1432,29.5918,22.7372,25.0547,25.8217,25.9637,23.3849
"RPL8",616.398,671.994,557.189,709.88,647.254,674.628,544.622,584.589
"RPL9",428.687,444.159,368.617,334.089,338.048,394.784,324.319,375.281
"RPLP0",1350.11,1430.36,1255.92,1209.56,1111.82,1257.46,1139.84,1281.64
"RPLP1",5795.33,5440.21,4445.04,4087.94,4166.18,5096.47,4413.97,4478.68
"RPLP2",4915.71,4311.91,4447.61,4203.7,3968.88,4134.98,3539.76,4450.63
"RPN1",181.712,183.347,177.996,190.659,171.315,176.441,166.133,174.351
"RPN2",194.657,201.655,200.64,195.213,174.173,175.092,193.975,197.179
"RPP14",6.1757,6.5499,7.20852,5.41102,5.15224,5.80203,6.55956,6.16871
"RPP25",10.7009,11.0681,10.1948,12.0976,11.0764,11.9124,7.85051,11.5412
"RPP30",17.6485,17.0475,16.422,13.5,18.0376,14.4828,13.8521,16.1181
"RPP38",12.2064,11.8008,8.82829,7.65165,11.6698,9.82412,9.77965,10.1624
"RPP40",139.524,55.7121,91.5954,30.7673,40.0271,34.8222,92.2672,61.9022
"RPRD1A",8.04044,7.04721,9.28478,6.91936,8.14481,7.05589,8.30546,7.68245
"RPRD1B",11.1753,10.3676,11.4943,9.64447,10.1779,10.4133,9.95051,10.7508
"RPRD2",22.8502,22.2881,24.9205,23.9324,25.0789,23.3303,25.4262,25.1619
"RPRM",0,0,0,0,0,0,0,0
"RPRML",0,0,0,0,0,0,0,0.0710256
"RPS11",3511.25,3770.23,3429.89,3230.27,2931.87,3193.72,2998.83,3272.01
"RPS12",1355.03,1411.27,1133.22,1045.95,957.527,1065.6,910.909,1025.97
"RPS13",1039.18,1112.81,1060.03,949.688,903.541,840.379,822.859,1002.68
"RPS14",376.322,362.608,284.03,274.938,270.94,364.3,307.129,308.11
"RPS15",422.729,431.733,353.74,376.334,349.691,416.783,360.155,337.874
"RPS15A",1284.62,1380.09,1226.12,1124.08,1025.45,1073.73,931.301,1144.06
"RPS16",2358.56,2483.04,2369.54,2252.3,2028.74,2187.58,2055.97,2202.36
"RPS17",0,0,0,0,0,0,0,0
"RPS18",0,0,0,0,0,0,0,0
"RPS19",1101,1164.39,977.766,911.531,899.556,973.831,839.649,962.276
"RPS19BP1",47.5112,47.5087,49.7462,56.1003,48.3029,56.1879,42.4377,38.7979
"RPS2",3126.97,3027.01,2834.05,3355.49,3172.25,3272.07,2691.39,2946.5
"RPS20",368.918,356.249,328.163,351.336,297.843,314.594,287.274,302.05
"RPS21",736.158,763.727,689.518,700.384,618.343,634.166,575.395,593.967
"RPS23",649.798,679.824,614.587,586.243,545.272,585.642,489.922,585.625
"RPS24",546.078,616.823,570.183,446.097,459.037,514.556,451.645,528.736
"RPS25",546.818,548.432,419.109,421.58,396.32,465.619,400.758,437.941
"RPS26",873.162,947.571,957.706,944.96,827.119,802.632,818.164,830.696
"RPS27",1435.58,1428.96,1250.99,1222.93,1127.34,1307.33,988.741,1216.16
"RPS27L",34.7007,32.3735,29.024,29.8837,27.6271,31.8768,24.8896,29.0694
"RPS28",4568.25,4709.88,4215.6,4011.24,3786.87,4284.41,3600.27,4340.29
"RPS29",405.43,430.332,364.441,346.634,302.067,362.999,312.838,385.213
"RPS3",243.759,252.592,221.594,238.986,212.156,229.376,199.352,225.626
"RPS3A",255.071,251.676,208.948,209.343,196.127,203.054,180.262,179.386
"RPS4X",1031.65,1030.02,962.562,921.005,820.993,839.135,845.558,903.641
"RPS4Y1",0,0,0,0,0,0,0,0
"RPS4Y2",0,0,0,0,0,0,0,0
"RPS5",1034.85,1075.71,953.386,865.637,824.891,938.444,877.765,959.497
"RPS6",1242.57,1310.14,1198.48,1014.1,1010.73,1002.15,928.714,1100.11
"RPS6KA1",3.66261,3.88111,4.18189,3.14721,3.61576,4.04131,3.76552,3.40573
"RPS6KA2",57.5327,61.9087,64.8782,67.0257,64.6437,64.5451,66.0056,64.0119
"RPS6KA3",29.5208,28.863,32.7074,26.3959,29.8618,24.2841,0,29.437
"RPS6KA4",5.90569,6.69997,5.84752,6.85494,5.58733,7.68569,6.09927,5.26398
"RPS6KA5",3.46407,2.77491,2.26343,3.11782,2.20216,2.47265,3.54176,2.85355
"RPS6KA6",0.314924,0.234538,0.337312,0.379684,0.292349,0.284427,0.322924,0.265423
"RPS6KB1",5.4952,5.432,6.47648,4.9261,5.10201,4.63182,5.998,4.762
"RPS6KB2",12.4937,15.1408,12.1173,16.2305,17.682,19.2116,14.7385,13.6531
"RPS6KC1",4.77746,5.49067,4.7191,4.64965,4.95847,4.7121,5.04625,5.02913
"RPS6KL1",0.675732,0.584155,0.717997,0.853356,0.918937,0.829466,0.682108,0.544974
"RPS7",296.765,315.495,285.522,255.225,259.405,256.252,244.452,256.765
"RPS9",1509.76,1593.43,1519.08,1689.27,1509.09,1555.97,1431.69,1442.25
"RPSA",1030.09,1110.01,918.568,893.645,834.729,1063.72,899.315,925.719
"RPTN",0,0,0,0,0,0,0,0
"RPTOR",6.83922,7.99882,5.79385,8.90852,8.77331,8.34585,7.42605,8.68831
"RPUSD1",6.99858,6.79207,5.15474,7.07469,7.56456,8.46167,5.34633,5.89453
"RPUSD2",2.83826,3.61027,2.79873,3.82025,4.27984,3.67429,2.68633,2.66318
"RPUSD3",26.4476,30.2215,19.1797,21.7564,19.095,29.4533,18.804,19.8992
"RPUSD4",14.7859,14.6438,13.5375,15.1461,14.6205,14.8948,14.3009,12.4527
"RRAD",0,0,0.0498204,0,0.103116,0,0,0
"RRAGA",66.8249,73.4333,71.0318,66.0989,68.9543,61.399,58.3214,66.531
"RRAGB",6.99747,6.30653,5.98518,6.27677,6.60398,5.23474,6.62534,6.80704
"RRAGC",10.9053,8.49831,10.8801,6.67979,10.2834,6.41926,8.55407,9.40239
"RRAGD",0.0912266,0.111664,0.1702,0.310919,0.176149,0.256056,0.158673,0.117204
"RRAS",128.174,109.292,136.076,141.422,131.089,123.637,128.285,106.256
"RRAS2",16.5988,14.4711,17.9858,11.7846,15.8448,11.8421,15.3695,12.0567
"RRBP1",37.0503,45.3548,41.0728,45.6158,41.1427,48.8975,42.0687,37.8955
"RREB1",8.42451,8.93371,8.61196,8.1181,9.55919,8.57433,8.55915,8.65697
"RRH",0.0916897,0.0491546,0,0.212931,0.0962359,0,0,0.0923603
"RRM1",45.1749,43.7073,47.9664,46.183,39.7181,38.1322,45.4753,42.1469
"RRM2",103.977,81.7135,100.428,85.3792,77.1934,74.6034,95.148,74.7347
"RRM2B",9.50075,10.4864,9.6164,8.94783,8.09236,8.72526,8.53896,8.82515
"RRN3",5.27851,5.64218,5.40179,4.52972,5.56254,4.81645,6.61512,5.38861
"RRP1",7.45084,7.11779,7.81678,8.26148,6.94065,6.01963,7.69108,6.21099
"RRP12",6.30731,6.82196,6.00531,9.79162,7.03857,6.75425,7.91551,6.52358
"RRP15",1.33456,1.01229,1.24412,0.712007,1.04811,0.885333,1.37359,0.775276
"RRP1B",15.0565,17.3624,17.735,18.5534,15.5131,18.1512,16.2087,16.8968
"RRP36",19.0329,23.3454,18.8551,18.7389,16.792,19.5099,19.7912,18.6834
"RRP8",8.44448,7.5845,6.49783,6.97315,7.37392,6.80298,8.84107,6.25115
"RRP9",1.99062,2.28329,1.83436,3.61193,3.05489,4.43874,2.15807,2.8287
"RS1",0,0,0,0.0402289,0,0,0,0.0218798
"RSAD1",4.53127,4.98566,4.22138,4.5579,4.5516,4.53475,4.7399,3.9916
"RSAD2",0.0186259,0.159619,0.0374939,0.0685065,0,0.0548724,0,0.0559124
"RSBN1",1.89609,2.02021,1.92193,1.79938,1.72952,1.72126,2.17263,1.93154
"RSBN1L",6.29902,6.51559,10.578,8.51784,6.54283,7.4337,7.59091,7.63679
"RSF1",3.63038,3.69931,3.32312,3.12934,3.81903,3.06646,4.32116,3.63494
"RSL1D1",12.993,16.7704,13.4642,13.0883,12.2921,14.2554,14.0338,13.1072
"RSL24D1",28.3967,29.7686,28.0817,30.0448,26.2882,25.1941,26.6418,23.9451
"RSPH1",0.106858,0,0.0544175,0,0,0,0.0593381,0
"RSPH10B",0.0424878,0.0455178,0.0214009,0.0782118,0,0,0,0
"RSPH10B2",0,0,0.0214009,0,0,0,0,0
"RSPH3",2.07567,2.22134,1.33829,1.76483,2.14838,1.72301,2.40803,2.38637
"RSPH4A",0.0246738,0.158644,0.248894,0.386631,0.205951,0.242241,0.218731,0.247299
"RSPH6A",0,0,0,0.0249732,0.0282628,0,0,0
"RSPH9",0.247268,0.353926,0.0847757,0.388164,0.244806,0.314217,0.0917611,0.586449
"RSPO1",0,0,0,0,0,0,0,0
"RSPO2",0.0209323,0,0,0,0,0,0,0
"RSPO3",1.99,2.00374,2.65231,0.734481,1.87214,1.80428,2.43881,1.94853
"RSPO4",0,0,0,0,0,0,0,0
"RSPRY1",82.5706,82.6463,100.044,71.6646,78.9395,74.624,86.8646,84.6709
"RSRC1",1.17879,1.26944,1.16307,1.03867,1.06621,1.6455,0.958133,0.866603
"RSRC2",5.23477,5.49736,5.94009,4.82894,5.04617,4.72712,4.74715,5.12203
"RSU1",175.556,182.238,194.85,204.688,163.363,143.294,176.474,178.152
"RTBDN",0,0,0,0,0,0,0,0
"RTF1",18.9629,16.7978,20.4911,19.7688,18.1732,19.0385,19.6992,18.3955
"RTKN",7.5706,7.9432,7.91533,11.9784,8.83721,8.80663,7.6326,8.24949
"RTKN2",1.09858,1.56409,1.33597,1.46039,1.00666,1.09878,1.97776,1.4707
"RTL1",0.0926117,0,0.0310377,0.113408,0.0481779,0.0606436,0.0512637,0.0462986
"RTN1",0.0396979,0.0882142,0.0799448,0.115032,0.0863327,0.0974512,0.087929,0.178805
"RTN2",14.394,13.6282,13.4731,15.6818,13.7402,13.9806,13.357,12.4123
"RTN3",112.695,96.1171,105.423,98.0942,116.135,91.6183,99.2533,98.0074
"RTN4",184.522,159.054,193.438,168.138,203.731,169.163,185.046,161.016
"RTN4IP1",0.761171,1.03305,0.614297,0.818608,0.847154,1.19541,0.61847,1.16978
"RTN4R",1.58682,1.23697,1.42405,0.967962,1.35884,1.69792,1.11984,1.7758
"RTN4RL1",0.0833029,0.200795,0,0.134156,0.0868049,0.081792,0,0.0625496
"RTN4RL2",2.90604,3.03438,3.13995,3.77482,4.79769,5.0193,2.6454,5.65175
"RTP1",0,0,0,0,0,0,0,0
"RTP2",0,0,0,0,0,0,0,0
"RTP3",0,0,0,0,0,0.0999469,0,0
"RTP4",0.0773329,0,0,0.145395,0.163828,0,0.0860578,0
"RTTN",2.23073,2.431,2.61501,2.66792,1.89456,2.45304,2.60529,2.63405
"RUFY1",9.89066,11.8192,11.1153,10.2632,12.8976,9.9576,9.43908,10.0775
"RUFY2",4.87148,4.24645,5.27314,3.65552,4.53156,3.9459,5.14669,4.69096
"RUFY3",4.44976,4.34841,4.65137,4.75764,3.87414,4.24323,4.5464,4.45181
"RUFY4",0,0,0,0,0,0,0,0
"RUNDC1",2.66335,2.36573,2.48995,3.91895,2.65783,2.32587,3.19704,2.37996
"RUNDC3A",0.0337704,0.121354,0.142314,0,0,0.0994776,0.112446,0.0758559
"RUNDC3B",0.0665872,0.0356568,0.033481,0,0,0.0157147,0.018421,0.033291
"RUNX1",5.45314,3.58567,6.16142,3.8942,5.342,3.63176,6.07592,3.37491
"RUNX1T1",39.5332,38.4954,37.5012,46.6229,41.3415,38.0435,39.1417,49.2206
"RUNX2",0.0116354,0.0124675,0,0.0106702,0,0.0114312,0,0
"RUNX3",0,0.0324277,0,0,0,0.0148633,0.0502794,0
"RUSC1",20.7505,16.6899,17.0371,20.2711,17.6179,22.219,16.7864,18.0901
"RUSC2",14.6233,13.0533,15.3983,14.9786,17.21,14.9692,14.6652,13.325
"RUVBL1",24.6784,22.9466,24.1414,25.9685,21.4511,22.9529,19.9555,24.4186
"RUVBL2",22.6037,26.6199,26.3697,31.2104,26.1756,29.631,25.0927,21.5171
"RWDD1",21.0864,24.664,21.9634,20.5052,21.6779,20.6274,19.2658,19.6557
"RWDD2A",2.761,3.64007,2.77129,2.85467,3.3208,2.39818,2.95262,2.83003
"RWDD2B",10.0183,13.0881,7.60644,8.74176,7.25274,9.78558,8.96927,8.7122
"RWDD4",8.10314,9.67227,12.7348,11.6443,13.5154,10.1446,7.74542,9.79574
"RXFP1",0,0,0,0.0350239,0,0,0,0.0380184
"RXFP2",0,0,0,0,0,0,0,0
"RXFP3",0,0,0,0,0,0,0,0
"RXFP4",0.0660889,0.212725,0.0676046,0.123725,0,0.129381,0.0734758,0.13381
"RXRA",7.24162,7.18567,6.57455,7.54302,6.59321,8.96556,6.63176,7.23366
"RXRB",0,0,0,0,0,0,0,0
"RXRG",0,0,0,0,0,0,0.0937487,0
"RYBP",4.93499,4.20145,4.82242,3.82615,5.75228,4.50018,6.47959,4.22389
"RYK",12.0609,11.101,12.0134,11.4869,13.8472,11.9702,12.7691,12.0253
"RYR1",0,0,0,0,0,0.00795449,0.00895007,0
"RYR2",0,0,0,0,0,0,0,0.0037888
"RYR3",0.0120053,0.0171393,0.0160317,0.0036598,0.0124499,0.00393386,0.004426,0.00399007
"S100A1",0.162776,1.22658,0.172315,0.790382,0,0.158313,0,0.337504
"S100A10",528.35,532.81,526.703,470.33,485.807,507.314,469.897,522.896
"S100A11",2418.84,2354.93,2485.41,2574.11,2162.64,2228.88,2145.13,2350.38
"S100A12",0,0,0,0,0,0,0,0
"S100A13",246.001,242.583,223.236,200.563,179.324,207.951,185.265,225.549
"S100A14",0,0.234492,0,0,0,0.0712616,0,0.0738577
"S100A16",927.069,932.478,988.774,1085.01,998.792,972.436,826.574,922.661
"S100A2",1.40119,0.53089,0.339158,1.63029,0.786916,1.69238,0.275283,0.670229
"S100A3",0.11789,0.126706,0.245561,0.562794,0.252737,0.804943,0.131638,0.362671
"S100A4",0.622127,1.03653,1.55863,0,0.91222,1.00576,0.396605,1.28732
"S100A5",0,0,0,0,0,0,0,0
"S100A6",1448.26,1491.41,1390.92,1340.97,1192.14,1299.71,1150.09,1398.12
"S100A7",0,0,0,0,0,0,0,0
"S100A7A",0,0,0,0,0,0,0,0
"S100A8",0,0,0,0,0,0,0,0
"S100A9",0,0,0,0,0,0,0,0
"S100B",0,0,0,0,0,0.0654628,0,0
"S100G",0,0,0,0,0,0,0,0
"S100P",0,0,0,0,0,0.202485,0,0
"S100PBP",8.91054,9.00106,8.85782,8.40958,10.3523,7.62637,9.38163,8.7688
"S100Z",0,0,0,0,0,0,0,0
"S1PR1",164.1,166.06,149.274,148.273,151.507,151.742,149.134,170.272
"S1PR2",0.637965,0.624821,0.917212,0.553009,0.911022,0.76978,0.605515,0.346505
"S1PR4",0.356375,0.238804,0.226166,0.454964,0.373905,0.218342,0.247183,0.224292
"S1PR5",0,0,0,0,0,0,0,0
"SAA1",0,0,0,0,0,0,0,0
"SAAL1",6.54046,9.13917,8.01241,5.88836,6.15201,6.45527,6.01518,7.26
"SAC3D1",7.71997,6.27352,6.26173,6.67495,5.76239,7.87713,6.05595,6.38434
"SACM1L",6.37477,5.63143,7.05972,5.33795,4.91304,5.25684,6.16419,6.68043
"SACS",7.09251,5.42557,7.65197,6.66905,7.24274,5.05013,8.89771,6.31072
"SAE1",83.645,76.5443,88.1674,87.943,85.7854,80.372,83.1,79.4289
"SAFB",18.4437,17.5027,18.9659,19.1289,19.744,19.9228,19.6639,16.5284
"SAFB2",6.66375,7.03945,6.02929,6.48896,6.7035,6.67415,6.70395,5.95498
"SAG",0,0,0,0,0,0,0,0
"SAGE1",0,0,0,0,0,0,0,0
"SALL1",0,0,0,0,0,0,0,0
"SALL2",3.54976,2.89058,2.60467,3.03794,2.82009,3.69613,3.25219,3.34806
"SALL3",0,0,0,0,0.0239182,0,0,0
"SALL4",0.187856,0.0804943,0.170178,0.276391,0.234766,0.166027,0.166422,0.112788
"SAMD1",14.9466,17.8892,16.0005,16.7022,13.524,21.3791,16.6016,16.9732
"SAMD10",5.40672,3.69789,4.56916,4.28236,5.47197,6.66447,5.08842,3.07075
"SAMD11",0,0,0,0,0,0.0257769,0,0
"SAMD12",0.836944,0.698737,0.830135,0.714332,1.10982,0.711003,1.0593,0.763898
"SAMD13",1.00423,0.487541,0.420785,1.95444,0.56071,1.06666,0.671092,0.74192
"SAMD14",1.65819,2.22027,1.45338,2.31703,1.74721,2.71003,1.74123,2.32357
"SAMD15",0.543187,0.7641,0.618264,0.690704,0.497144,0.899199,0.564634,0.375076
"SAMD3",0.130736,0.140117,0.227377,0.0302108,0.0778001,0.292771,0.10871,0.143083
"SAMD4A",12.4649,7.24534,14.4473,6.47464,12.9146,7.39908,14.2194,7.12841
"SAMD4B",60.8516,55.8937,71.7639,66.9143,73.1488,65.4585,68.1192,57.0717
"SAMD5",1.14556,1.48507,1.09924,0.847365,1.00213,1.30334,1.31212,1.475
"SAMD7",0,0,0,0,0,0,0,0
"SAMD8",4.00281,3.37432,4.07773,3.1535,3.4024,2.80857,3.75222,3.47287
"SAMD9",1.66162,2.09078,2.17585,1.75544,1.81326,1.77113,1.82793,1.90236
"SAMD9L",4.13834,3.97425,4.45214,3.80391,4.45985,3.65944,5.04071,3.50921
"SAMHD1",15.7736,15.0101,15.8966,14.5204,15.2795,15.054,15.2637,15.2687
"SAMM50",23.7316,23.3021,26.5256,25.9141,22.9013,24.1314,23.1849,24.793
"SAMSN1",1.30908,1.4811,0.920519,1.04342,0.608991,0.99865,0.483925,1.13287
"SAP130",66.0648,61.8736,71.95,65.4553,68.9104,61.0987,72.161,62.2437
"SAP18",53.4508,60.9372,53.8498,52.547,44.6667,54.2692,53.0374,57.7895
"SAP25",6.43391,3.72012,4.83308,10.3492,6.33824,6.87768,6.97289,5.15578
"SAP30",3.57926,3.76676,3.94671,3.35386,2.5455,3.16606,3.36789,3.69564
"SAP30BP",29.1373,29.0036,29.7902,27.3078,26.6004,28.6144,28.7122,25.6433
"SAP30L",3.82261,3.86507,3.64368,4.19771,4.17859,4.07173,3.99056,3.73232
"SAPCD2",3.03399,3.67237,2.40729,3.74329,3.53322,3.45043,3.5988,2.78405
"SAR1B",7.04075,5.18648,6.64333,5.3834,5.55489,6.01804,6.61875,6.43452
"SARDH",0.040898,0.10954,0.144176,0.0752663,0,0.0803182,0.0905963,0.0409418
"SARM1",0.419098,0.226846,0.234591,0.27209,0.468525,0.368854,0.281842,0.272124
"SARNP",38.3713,33.4026,38.3521,33.309,33.6633,32.8301,34.6141,34.7475
"SARS2",18.9588,19.1592,12.5601,20.3662,17.4873,22.7881,18.759,14.3883
"SART1",6.9098,6.3333,6.73454,7.32539,7.66077,8.01462,6.04476,6.47778
"SART3",10.2652,11.604,10.7009,10.0251,11.5172,12.3587,10.3927,9.46408
"SASH1",30.1176,31.4178,32.4775,33.5192,31.9938,29.6765,31.1651,34.8831
"SASH3",0,0,0,0,0.0258596,0,0,0
"SASS6",5.68673,2.23538,4.78801,2.78141,2.41386,9.72003,4.59799,13.1578
"SAT1",85.848,64.9628,79.9887,52.7115,76.3754,53.556,75.6777,57.3557
"SAT2",35.6898,29.146,34.7988,42.2725,38.6917,34.9036,28.6973,33.3784
"SATB1",7.0106,5.57125,5.9842,6.46753,6.30446,5.86845,6.78448,6.8543
"SATB2",0.876773,0.744764,1.05761,0.892638,0.907873,0.970109,0.999187,0.788318
"SATL1",0,0.0339949,0.0320687,0,0.0663172,0.0311241,0.070329,0.0318421
"SAV1",10.2098,9.60349,8.85067,9.19111,6.85288,7.65682,9.84036,10.357
"SAYSD1",5.8495,7.30848,8.265,7.04503,7.53546,5.56244,8.00238,8.79929
"SBDS",21.0786,19.1374,23.2302,18.5164,20.9117,15.1963,20.439,19.0443
"SBF1",5.95932,5.56611,6.3445,6.34826,7.27233,7.35932,6.36882,5.82575
"SBF2",9.1883,9.4345,11.1697,8.86576,9.74165,8.93805,11.325,9.06307
"SBK1",1.33663,1.30767,1.21359,0.778294,1.04223,0.84594,1.23759,1.19432
"SBK2",0,0,0,0,0,0,0,0
"SBNO1",4.00568,3.43544,3.87409,3.70418,3.66511,3.41325,4.01961,3.96499
"SBNO2",5.98341,5.74243,6.10162,7.44154,7.43432,6.55447,7.15904,5.33489
"SBSN",0,0,0,0,0,0,0,0
"SCAF1",47.9453,44.7102,54.7092,54.5244,60.5764,59.7642,45.5633,41.8834
"SCAF11",12.745,12.625,12.0355,12.2175,11.5098,10.512,13.8004,13.2061
"SCAF4",22.6679,20.7425,23.074,21.9224,26.4137,24.3595,23.9724,23.5763
"SCAF8",22.1479,21.0765,23.5292,21.8781,24.214,21.6071,23.404,22.8907
"SCAI",3.15099,2.57168,2.90166,2.16075,1.86298,2.11687,2.47873,3.84347
"SCAMP1",3.73686,3.59841,3.77086,2.8933,3.5859,2.91138,4.58584,3.68065
"SCAMP2",158.476,145.4,172.212,176.327,165.824,149.274,146.067,155.085
"SCAMP3",125.716,127.949,137.916,139.911,126.255,124.651,113.413,128.324
"SCAMP5",3.21721,4.09589,2.07924,3.77187,2.83285,4.70261,2.00417,4.25622
"SCAND1",58.5219,53.007,55.6266,63.729,59.7382,64.9726,55.1209,53.2858
"SCAND3",0,0,0,0,0,0,0,0
"SCAP",11.0938,14.5079,13.8585,17.2141,14.0886,16.6029,13.1527,14.0178
"SCAPER",0.780108,1.00329,0.791697,0.330929,0.944343,0.574614,0.621511,0.707384
"SCARA3",125.351,114.002,130.936,114.128,126.742,114.439,116.292,114.257
"SCARA5",0,0,0,0,0,0,0,0
"SCARB1",1.11295,0.326049,0.628573,0.575975,0.108151,0.197602,0.112818,0.206644
"SCARB2",80.5874,94.3519,86.6442,91.5438,83.4952,87.1784,77.7373,90.914
"SCARF1",14.3226,14.0232,11.7062,15.9946,17.4044,18.4322,12.5705,17.0166
"SCARF2",6.4705,5.33048,5.81918,5.38297,7.77512,6.80818,5.74161,5.09211
"SCCPDH",12.5587,14.3063,13.1472,13.2588,12.4186,10.8996,10.6406,11.2699
"SCD",77.3584,88.1855,83.0481,88.0368,78.7216,82.0654,78.4748,87.2596
"SCD5",43.9183,40.6308,39.2834,44.1877,46.1714,38.8508,39.3685,42.6861
"SCEL",0,0,0,0,0,0,0.0707268,0
"SCFD1",5.35397,5.64381,3.99527,4.67871,5.61399,4.48412,4.83992,4.99383
"SCFD2",4.16716,4.76338,4.28219,7.04933,5.08265,4.83584,4.32962,5.04099
"SCG2",0,0,0.0262976,0.0480615,0,0,0,0.0261257
"SCG3",0.0605549,0.106283,0.0406495,0.0928592,0,0.0198105,0.044706,0.0201973
"SCG5",0.478796,0.19294,0.244438,0.111814,0.31546,0.352264,0.466351,0.545025
"SCGB1A1",0,0,0,0,0.57658,0,0,0
"SCGB1C1",0,0,0,0,0,0,0,0
"SCGB1D1",0,0,0,0,0,0,0,0
"SCGB1D2",0,0,0,0,0,0,0,0
"SCGB1D4",0,0,0,0,0,0,0,0
"SCGB2A1",0,0,0,0,0,0,0,0
"SCGB2A2",0,0,0,0,0,0,0,0
"SCGB2B2",0,0,0,0,0,0,0,0
"SCGB3A1",0,0,0,0,0.543365,0,0,0.516631
"SCGB3A2",0,0,0,0,0,0,0,0
"SCGN",0,0,0,0,0,0,0,0
"SCIMP",0,0.294194,0,0,0,0,0,0
"SCIN",0.0405237,0.0279362,0.0204048,0,0.0272094,0.103092,0.202232,0.0202825
"SCLT1",0.999556,1.51571,1.35564,1.44854,1.37592,1.4378,1.4622,1.27856
"SCMH1",32.3365,25.5655,27.0639,26.829,31.9255,30.0912,33.5704,31.8813
"SCML1",5.05711,4.6827,5.63126,5.30202,5.14372,5.04284,5.15832,4.85425
"SCML2",1.29961,1.05015,0.866738,0.967913,0.770144,0.866407,1.37152,0.755365
"SCML4",0,0,0,0,0,0,0,0
"SCN10A",0.0650893,0.116178,0.0871203,0.0397847,0.146535,0.106587,0.0840358,0.0325032
"SCN11A",0.0293018,0.0104598,0.0196027,0.0179031,0.0811651,0.0383894,0.0216158,0.039009
"SCN1A",0,0,0,0,0,0,0,0
"SCN1B",9.92386,9.12655,5.96049,9.0469,8.38437,11.1272,7.78858,10.2959
"SCN2A",0,0,0,0,0.00736955,0.00697788,0,0
"SCN2B",0,0,0,0.0359059,0,0,0,0
"SCN3A",0,0,0.007018,0,0,0,0,0
"SCN3B",1.12603,1.60388,0.986423,1.21842,1.05313,1.20589,1.18372,1.47336
"SCN4A",0.00808737,0,0.0405549,0,0,0.0158952,0,0
"SCN4B",0.0422078,0.0904139,0.0879534,0.0645742,0.0455064,0.112172,0,0.126561
"SCN5A",4.80663,4.06099,4.41886,3.68153,6.07959,4.82828,5.03982,3.95502
"SCN7A",0.00879846,0.00942255,0.00882654,0,0,0,0,0
"SCN8A",3.96822,3.68285,4.11571,3.61614,4.19042,3.87142,4.17634,3.55549
"SCN9A",0.252191,0.407076,0.289664,0.271251,0.334874,0.529853,0.391271,0.35803
"SCNN1A",0.0205697,0.0211267,0.0621603,0,0.0428712,0.0606,0.068356,0.0411889
"SCNN1B",0,0,0,0,0,0,0,0
"SCNN1D",0.156645,0.404766,0.406478,0.185713,0.528168,0.175773,0.223231,0.429095
"SCNN1G",0,0,0,0,0.0389478,0,0,0
"SCO1",7.51329,8.19673,7.08818,7.89313,10.148,7.45669,8.69295,8.0939
"SCOC",10.8757,9.60554,10.7431,9.48365,9.22872,8.23336,11.5779,8.12701
"SCP2",12.463,12.9118,14.7866,12.6288,13.1465,10.4482,12.0607,14.4388
"SCPEP1",13.2553,13.5211,12.605,13.1192,13.1302,13.1007,11.4627,13.5435
"SCRG1",0,0,0,0,0,0.174968,0,0
"SCRN1",13.1715,11.4789,12.9703,10.7056,13.4493,10.8113,11.6575,11.7385
"SCRN2",2.62104,1.64237,1.40004,2.98179,2.77769,3.06831,1.69576,1.69041
"SCRN3",2.95081,3.10745,2.62313,2.65937,2.42865,2.48566,2.89035,2.59493
"SCRT1",0,0.0197129,0,0,0,0,0,0
"SCRT2",0,0,0,0,0,0,0,0
"SCT",0,0,0,0,0,0,0,0
"SCTR",0,0,0,0,0,0,0,0
"SCUBE1",0.537903,1.11634,0.676332,1.08121,0.542372,1.26214,0.372221,1.31137
"SCUBE2",0.166701,0.195979,0.176411,0.300058,0.13248,0.153533,0.125833,0.136602
"SCUBE3",0.652454,1.14337,0.871104,1.24188,0.885874,1.41671,0.917236,1.28911
"SCYL1",27.3284,25.1704,25.6729,32.1824,30.2096,27.6385,25.5133,23.3716
"SCYL2",15.5702,13.994,15.2644,12.7076,14.5316,11.274,16.7214,14.876
"SCYL3",2.24039,2.58911,2.94121,2.04107,2.76824,2.40188,2.63275,2.36251
"SDAD1",11.3248,12.0625,12.1897,12.1359,12.0293,9.59037,12.1836,11.6899
"SDC1",0.884394,0.99151,0.621435,1.28693,0.771491,1.07032,0.797271,0.679463
"SDC2",0.845091,1.2085,1.361,1.36426,1.19304,1.54912,1.08141,1.18391
"SDC3",19.949,23.18,24.6811,22.7584,21.3265,25.3077,23.4898,21.7862
"SDC4",8.98651,6.48754,8.66125,8.72721,8.28967,7.50847,8.92714,6.87391
"SDCBP",75.8579,76.2057,73.1551,72.1811,65.9624,63.6199,70.2366,75.7352
"SDCCAG8",2.88978,3.53473,3.04442,3.08843,3.4957,3.26317,2.97521,2.81959
"SDF2",8.33344,6.80088,5.57452,5.71882,5.31783,5.85909,6.21558,5.68736
"SDF2L1",6.44951,7.42808,3.86097,5.12788,5.27228,6.484,7.29106,5.81146
"SDF4",38.9616,39.0572,40.3923,53.3442,49.2641,57.711,43.8097,42.5506
"SDHA",32.874,32.7252,34.1084,34.972,32.9615,34.9037,33.0481,29.3257
"SDHAF1",2.82131,2.73886,2.26843,2.32746,1.77357,2.16969,1.86723,2.51681
"SDHAF2",102.478,103.779,109.627,102.25,107.345,96.9248,109.674,97.0628
"SDHB",99.7231,95.4442,97.4795,96.8071,85.9442,80.3107,84.2719,80.6084
"SDHC",53.731,49.38,52.7381,52.8107,51.6089,44.4535,44.6602,51.8507
"SDHD",22.4598,23.0551,19.7166,19.5784,17.2692,19.1745,20.7271,20.8317
"SDK1",0.126602,0.0839214,0.0966734,0.0717277,0.0813217,0.148133,0.106703,0.0902089
"SDK2",0,0,0,0,0,0,0,0
"SDR16C5",0,0,0,0,0,0,0,0
"SDR39U1",19.6775,18.9002,16.3196,18.4371,19.9117,20.8099,18.4353,17.5673
"SDR42E1",0.0959735,0.128534,0.0241933,0,0.0500496,0.0235531,0,0.0240398
"SDR9C7",0,0,0,0,0,0,0,0
"SDS",0,0,0,0,0,0,0,0
"SDSL",1.34926,1.62807,0.859711,2.25441,0.946951,1.8172,1.31148,0.39742
"SEBOX",0,0,0,0,0,0,0,0
"SEC11A",74.3959,82.4209,78.9474,74.8927,66.3132,66.3224,58.7163,75.8292
"SEC11C",13.2544,14.9903,11.5868,12.5949,12.7471,10.7669,7.09925,12.8846
"SEC13",108.885,114.429,99.0806,114.673,102.842,104.6,94.9027,101.248
"SEC14L2",5.57169,10.1703,6.7426,10.8722,8.2181,9.74874,6.71637,9.76502
"SEC14L3",0,0,0,0,0,0,0,0
"SEC14L4",0,0,0,0,0,0,0,0
"SEC14L5",0,0.0105336,0,0,0,0,0,0.00982121
"SEC14L6",0,0,0,0,0,0,0,0
"SEC16A",46.1209,41.9812,45.8043,46.7071,52.9403,49.3958,49.2421,45.5581
"SEC16B",0.225684,0.48348,0.196758,0.251779,0.234854,0.399266,0.124929,0.550853
"SEC22A",2.27839,2.59281,1.96337,2.0726,1.61378,1.89346,1.75886,1.62785
"SEC22B",54.8205,60.1895,65.849,65.5561,55.1734,52.1664,69.8381,59.2554
"SEC22C",15.403,12.8538,14.5803,10.4655,15.7056,11.8271,11.4922,13.33
"SEC23A",58.3498,64.6639,69.4516,67.0834,78.2587,61.1036,74.5777,57.3081
"SEC23B",11.8418,13.0201,12.3124,12.1395,11.5663,10.9482,11.1066,11.6264
"SEC23IP",16.2665,15.588,15.4889,14.7604,15.4477,13.2423,15.9402,14.4058
"SEC24A",74.7606,66.8813,81.7466,73.2655,77.1909,57.3572,85.6138,71.3009
"SEC24B",40.6367,33.485,42.4713,36.1466,36.9072,32.8025,42.4595,41.4011
"SEC24C",34.731,36.0041,38.1855,38.5184,39.3182,36.2801,36.6929,35.8775
"SEC24D",46.7735,45.157,48.2002,48.3957,47.3072,44.8714,48.2115,45.4371
"SEC31A",83.458,83.5694,82.8857,80.2524,75.2175,78.4991,93.4835,77.1762
"SEC31B",3.87496,3.28427,3.49695,4.47629,4.77702,5.00964,4.59524,4.2454
"SEC61A1",187.184,197.098,197.512,215.059,183.508,202.367,211.011,201.308
"SEC61A2",4.32853,4.92538,4.20194,3.0683,4.41751,4.95002,5.81307,4.34335
"SEC61B",287.17,294.277,292.13,253.639,271.744,234.891,228.873,296.678
"SEC61G",131.896,138.689,111.074,126.409,115.897,100.055,104.488,122.514
"SEC62",12.2284,11.5703,14.7274,12.836,11.4482,10.1953,11.8737,12.018
"SEC63",7.52898,7.99177,7.32795,6.83002,7.23389,6.91022,8.95785,7.50773
"SECISBP2",7.37532,7.90523,7.82636,7.09898,7.17262,8.30285,7.89249,7.38178
"SECISBP2L",8.41007,7.54949,9.82272,7.6306,8.74235,6.70046,9.24998,7.90917
"SECTM1",0.284303,0.304683,0.223541,0.713591,0.957572,0.557892,0.77042,0.285382
"SEH1L",13.1157,12.6185,11.8176,10.4063,12.1039,12.1057,11.2979,12.7663
"SEL1L",14.3907,14.6988,14.9197,13.7887,14.0067,14.1896,15.1767,14.4335
"SEL1L2",0,0,0,0,0,0,0,0
"SEL1L3",15.7146,18.2686,13.0383,16.7287,14.9307,17.7488,13.212,17.9407
"SELE",0.452987,0.0898554,0.691907,0.0924973,0.38417,0.0659102,0.612998,0.184582
"SELENBP1",6.13479,5.7851,6.10886,5.64292,5.52388,6.19773,6.4296,5.79635
"SELL",9.75426,9.93787,10.6597,12.2786,8.88017,8.92528,8.95286,9.92063
"SELP",25.6368,28.3584,28.9103,26.1937,24.4272,27.009,24.967,28.878
"SELPLG",2.83686,4.02736,3.23466,3.83174,4.51029,4.26827,3.23921,4.42325
"SEMA3A",0.867152,0.728508,0.656675,0.75515,0.46317,0.71432,0.868916,0.784678
"SEMA3B",0.0226683,0,0.0913876,0,0.141803,0.0890175,0.0502211,0.0680764
"SEMA3C",0.0742818,0.053037,0.0373034,0.0113573,0.0128695,0.0608137,0.041107,0.0247383
"SEMA3D",0.765638,2.2232,4.50421,1.83348,3.58925,2.0244,3.79177,1.50408
"SEMA3E",0.0424978,0.0113774,0.0213288,0,0.0397638,0.0313168,0.0352717,0.0106097
"SEMA3F",24.3994,34.5879,24.426,38.8608,29.4941,40.6209,23.9652,34.2378
"SEMA3G",1.42501,0.83734,1.12794,1.2055,1.03921,1.1296,1.07586,1.02295
"SEMA4A",0.509234,0.189761,0.178487,0.326161,0.255607,0.301099,0.318823,0.243906
"SEMA4B",2.99708,4.07756,3.43102,3.68836,4.24946,3.63703,3.18497,3.11852
"SEMA4C",6.46946,7.03329,6.78618,6.83533,6.17561,7.44866,5.92961,7.53138
"SEMA4D",4.34544,3.49028,4.03025,4.34014,4.84944,4.05773,3.95688,4.03453
"SEMA4F",2.41805,2.4478,2.51295,2.50024,2.71052,2.34958,2.77849,2.56184
"SEMA4G",3.33752,3.85321,3.09094,3.76212,4.86172,3.93788,2.67447,2.90412
"SEMA5A",0.347029,0.334463,0.409364,0.283323,0.203216,0.228964,0.316231,0.316822
"SEMA5B",0,0,0,0,0,0,0,0
"SEMA6A",0.929007,1.4428,0.767931,1.37632,0.793619,1.55575,0.762105,1.27053
"SEMA6B",74.2094,86.3444,73.7198,90.5032,90.5889,94.5704,85.8821,83.9777
"SEMA6C",15.1828,12.4061,16.8877,16.0371,18.0194,17.1542,15.4302,17.4614
"SEMA6D",4.40961,2.3635,4.60448,2.24163,4.62988,2.13421,5.11158,2.20518
"SEMA7A",0.0814993,0.261939,0.328327,0.37496,0.127375,0.300103,0.11283,0.315315
"SEMG1",0,0,0,0,0,0,0,0
"SEMG2",0,0,0,0,0,0,0,0
"SENP1",5.4395,6.35117,7.06133,5.86835,6.21973,5.08746,6.12457,6.03604
"SENP2",7.89426,7.50855,8.41275,7.63394,7.68564,7.1298,9.20011,7.60836
"SENP5",3.08351,2.73512,2.71005,2.67923,2.77929,2.55151,3.36753,2.92807
"SENP6",5.5181,4.97169,5.22434,4.65766,5.00509,4.53754,6.02631,4.52379
"SENP7",15.9475,24.4387,10.1741,16.4357,2.48852,22.0634,24.1331,11.1644
"SENP8",1.37554,2.67746,1.98303,2.61452,1.66772,1.94195,1.7133,3.06398
"SEPHS1",18.1351,18.2319,17.988,17.2911,16.6927,16.7284,17.1612,17.8146
"SEPHS2",14.7773,15.9637,15.1412,14.5821,12.7251,13.8266,12.3092,13.629
"SEPSECS",1.18431,1.24934,1.39933,1.28149,1.30132,1.11756,1.3204,1.58718
"SERAC1",3.84056,3.08692,3.94542,2.67495,3.31943,2.87761,4.28198,3.49875
"SERBP1",21.1262,22.4331,22.2758,21.7047,19.321,20.9712,22.9026,20.5754
"SERF1A",0,0,0,0,0,0.0714406,0.0403377,0
"SERGEF",2.97584,4.18179,2.82014,2.01436,2.78124,4.11804,3.09999,3.21204
"SERHL2",0.10612,0.170726,0.32421,0.247112,0.167454,0.103966,0.53034,0.107085
"SERINC1",13.2614,12.5583,14.4708,11.1907,13.6662,11.0336,15.7158,13.7842
"SERINC2",34.4102,33.1887,32.5022,43.5442,38.7462,42.6238,35.3476,38.5911
"SERINC3",107.779,91.4176,109.69,94.8965,98.1464,87.7317,114.867,105.149
"SERINC4",0.482227,0.103541,0.0492332,0,0.202594,0.378139,0.0535326,0.0975842
"SERINC5",2.25401,2.38219,1.86852,1.11392,1.82972,2.21447,1.93181,2.05599
"SERP1",34.3733,33.7535,30.1241,28.7074,30.9482,33.2605,29.2142,33.1858
"SERP2",0.324964,0,0,0,0,0,0,0
"SERPINA1",0,0,0,0,0,0,0,0
"SERPINA10",0,0,0,0,0,0,0,0
"SERPINA11",0,0,0,0,0,0,0,0
"SERPINA12",0,0,0,0,0,0,0,0
"SERPINA3",0,0,0,0,0,0,0,0
"SERPINA4",0,0,0,0,0,0,0,0
"SERPINA5",0,0.031395,0,0,0,0,0,0
"SERPINA6",0,0,0,0,0,0,0,0
"SERPINA7",0,0,0,0,0,0,0,0
"SERPINA9",0,0,0,0,0,0,0,0
"SERPINB1",10.5971,10.6418,9.79755,8.59621,9.70659,10.8753,8.33988,9.42986
"SERPINB10",0,0,0,0,0,0,0,0
"SERPINB11",0,0,0,0,0,0,0,0
"SERPINB12",0,0,0,0,0,0,0,0
"SERPINB13",0,0,0,0,0,0,0,0
"SERPINB2",1.74234,1.0894,1.24966,0.839951,1.2158,1.1749,1.12715,0.693094
"SERPINB3",0,0,0,0,0,0,0,0
"SERPINB4",0,0,0,0,0,0,0,0
"SERPINB5",0,0,0,0,0,0,0,0
"SERPINB6",70.6366,78.1118,69.5499,76.9174,75.4832,76.349,70.1908,72.2035
"SERPINB7",0,0,0,0,0,0,0,0
"SERPINB8",16.1638,13.9778,15.5183,13.0893,15.2274,13.9541,15.7091,14.4576
"SERPINB9",99.1566,90.2185,102.351,91.5981,94.584,90.2755,94.4225,99.7685
"SERPINC1",0.177672,0.142867,0.180401,0.164954,0.046601,0.0870845,0,0.134181
"SERPIND1",0.643191,1.21443,0.742866,0.565781,0.416074,0.601048,0.848767,0.676217
"SERPINE1",1036.43,593.444,1289.77,763.102,1057.54,610.524,1177.4,612.906
"SERPINE2",8.06666,8.19218,8.68776,10.201,6.94853,7.45595,7.62692,9.7847
"SERPINE3",0,0,0,0,0.105413,0,0,0
"SERPINF1",0.0466464,0.150046,0.0947982,0.21672,0.0489706,0.0914398,0.155327,0.187987
"SERPINF2",0,0,0,0,0,0,0,0.032866
"SERPING1",0.0768676,0.0823977,0.0389433,0,0.120763,0,0.213162,0
"SERPINH1",234.654,284.978,219.981,304.807,248.865,309.749,203.103,245.111
"SERPINI1",0.042042,0.450735,0.298586,0.116997,0,0.28855,0.0932958,0.296182
"SERPINI2",0,0,0,0,0,0,0,0
"SERTAD1",3.17239,4.20403,2.74211,4.47677,5.11667,3.89781,2.83447,3.28426
"SERTAD2",12.717,11.7671,12.43,12.0536,11.973,12.0413,13.0064,13.2595
"SERTAD3",18.6394,17.5414,18.0327,20.7946,18.1689,17.8877,16.2538,18.0627
"SERTAD4",11.7024,10.2329,11.7319,10.4855,11.8144,8.63653,13.0192,11.7157
"SERTM1",0.164264,0.0659905,0.0620395,0,0,0.020161,0.204671,0.0411108
"SESN1",6.13545,7.66372,5.90529,7.97108,6.4091,7.76599,6.07223,9.61179
"SESN2",6.85827,9.1933,6.21237,9.56127,7.68235,8.6644,6.46562,7.45589
"SESN3",8.22413,11.2474,9.151,9.97827,10.0123,9.92529,9.06586,13.3784
"SESTD1",5.49006,4.63492,6.26831,4.67172,5.13002,3.91485,7.67817,5.07806
"SET",97.148,100.569,103.416,103.749,95.545,88.6161,101.941,98.4911
"SETBP1",2.21822,1.49317,2.0047,1.58574,2.07267,1.15349,2.3489,1.5948
"SETD1A",10.9395,10.1614,10.2835,11.3696,12.0346,11.4857,12.4791,10.98
"SETD1B",18.8869,19.517,22.2688,24.9165,26.2803,27.8612,23.276,23.0685
"SETD2",10.652,10.4838,11.0066,10.4845,11.2855,10.2339,11.6166,10.4408
"SETD3",24.1499,17.7916,20.3817,17.4592,22.718,19.5027,23.0228,17.7536
"SETD4",3.65091,3.95624,3.90122,4.05527,3.2598,4.44266,4.05557,3.26833
"SETD5",32.7976,29.8757,33.0088,32.0629,31.3033,30.5107,33.9231,33.18
"SETD6",0.867,1.36887,1.03485,1.28173,1.26079,1.70242,1.21318,1.34848
"SETD7",14.2879,13.0415,16.8763,13.1339,16.1212,12.3303,16.8039,13.1749
"SETD9",6.06545,7.26624,4.63142,4.82364,4.81007,5.50415,4.68933,4.38193
"SETDB1",8.00973,8.77912,8.42573,9.04717,8.91491,7.95614,8.11304,8.56537
"SETDB2",0.517638,0.68072,0.452116,0.589317,0.458181,0.785389,0.448991,0.786761
"SETMAR",8.2111,9.56327,7.55321,6.67983,7.80487,9.566,10.2436,8.59642
"SETX",11.0042,12.3454,8.34627,10.504,10.0186,10.9908,11.5442,10.2558
"SEZ6",0,0.0329749,0,0,0.016015,0.0302387,0,0
"SEZ6L",0,0.021441,0,0,0,0.0098345,0.0110759,0
"SEZ6L2",1.88536,1.29922,1.02752,1.93377,1.58516,2.27233,1.34278,1.4041
"SF1",121.583,119.244,126.437,131.469,148.882,149.024,129.65,126.265
"SF3A1",99.4085,96.6948,102.231,113.381,110.215,104.809,107.083,96.4799
"SF3A2",152.159,122.568,139.335,166.988,175.5,188.99,142.246,124.803
"SF3A3",28.5436,28.0382,27.3306,25.9676,24.6519,23.6251,27.5349,25.8401
"SF3B1",52.0373,50.0272,53.8822,51.4531,46.2405,43.2995,55.7872,46.285
"SF3B2",95.0438,96.5445,99.4368,107.259,95.4134,101.861,96.837,91.0737
"SF3B3",46.3579,41.7551,47.3871,39.3383,44.8071,42.8905,44.5653,42.0628
"SF3B5",430.061,471.875,435.39,433.095,347.319,392.179,390.934,403.119
"SFI1",1.72245,1.40102,1.46791,2.21196,2.08869,2.03176,1.9095,1.76394
"SFMBT1",0.714226,0.575387,0.426222,0.417018,0.382282,0.319401,0.485122,0.508961
"SFMBT2",0.36528,0.459182,0.23961,0.393875,0.29765,0.375666,0.273138,0.564339
"SFN",0,0,0,0.104271,0,0,0,0
"SFPQ",76.699,69.311,71.2108,72.3095,77.2751,79.4763,81.0717,72.8328
"SFR1",7.77161,10.3393,6.59917,7.1096,4.67853,7.67248,5.03394,8.03378
"SFRP1",6.33918,7.51662,7.09701,8.0073,6.64826,6.52478,5.99429,6.36564
"SFRP2",0,0,0,0,0,0,0,0
"SFRP4",0,0,0,0,0,0.0218632,0,0
"SFRP5",0,0,0,0,0,0,0,0
"SFSWAP",13.9226,14.386,14.223,15.2944,14.2398,16.6309,18.1986,15.4884
"SFT2D1",8.81901,7.3614,8.31125,7.69537,5.25063,4.4845,6.30176,6.82079
"SFT2D2",12.7219,14.566,15.6305,12.5274,15.1207,10.0678,14.7521,12.2678
"SFT2D3",3.26513,2.83917,2.81486,3.74903,3.05971,3.20529,3.56478,2.8208
"SFTA2",0,0,0,0,0,0,0,0
"SFTPA1",0,0,0,0,0,0,0,0
"SFTPA2",0,0,0,0,0,0,0,0
"SFTPB",0,0,0,0,0,0,0.0259204,0
"SFTPC",0,0,0,0,0,0,0,0
"SFTPD",0,0.0617734,0.411182,0.214941,0.060653,0,0,0.174541
"SFXN1",17.5846,16.0015,15.9028,14.2565,16.9897,14.2507,16.3345,14.6581
"SFXN2",7.58042,8.18873,7.08458,9.02415,7.3926,7.29583,6.51723,7.73814
"SFXN3",35.4186,31.857,33.3575,35.9042,35.0431,35.0266,31.9662,34.9937
"SFXN4",9.83365,11.7081,8.29165,10.1976,8.62765,10.4976,8.58698,9.24061
"SGCA",0,0,0,0,0,0,0,0
"SGCB",9.09059,7.94852,8.64888,7.60753,7.68641,6.34237,8.31752,8.1975
"SGCD",0.0870422,0.142439,0.0898394,0.047159,0.0943189,0.179324,0.0356167,0.274094
"SGCE",13.485,12.4892,13.2209,10.3538,12.5932,11.1253,11.6953,10.9759
"SGCG",0,0,0,0,0.0447632,0,0,0
"SGCZ",0,0,0,0,0,0,0,0
"SGIP1",12.0333,10.2719,13.9114,11.1741,13.6148,9.55981,14.8226,12.899
"SGK1",32.2988,21.9057,31.3767,22.6602,31.2756,19.0168,33.039,20.9791
"SGK2",0,0.138269,0.0733355,0.059618,0.0337206,0,0.0803236,0.0727838
"SGMS1",9.69447,8.75984,9.66808,8.88853,9.60547,7.87025,7.85798,8.11617
"SGMS2",6.87277,6.76747,6.61322,6.5024,6.01077,5.61346,6.82911,6.31513
"SGPL1",4.23729,3.85099,5.40815,4.12104,4.61832,3.88775,4.23968,4.46285
"SGPP1",4.11006,4.40297,3.92732,3.63171,4.39217,4.13326,4.33511,4.01728
"SGPP2",0,0,0.127618,0,0,0,0,0
"SGSH",16.8174,14.6158,15.9758,20.4829,22.0187,22.3788,16.382,17.0903
"SGSM1",0.120305,0.12884,0.0548946,0.140389,0.125008,0.161187,0.048411,0.211547
"SGSM2",10.2594,9.65444,11.002,12.5561,12.7377,13.3886,12.0087,10.2976
"SGSM3",11.3641,11.2672,11.8406,13.1379,12.3791,14.0087,11.0788,10.8139
"SGTA",42.7588,49.0004,49.919,57.7624,52.5121,59.6063,52.0381,48.9721
"SGTB",10.8153,10.9883,11.6275,7.92409,10.1032,6.79373,8.9036,7.70984
"SH2B1",11.3057,11.0262,9.45944,10.9456,12.7133,12.7545,11.442,10.0939
"SH2B2",0.3457,0.494092,0.622758,0.462562,0.442523,0.753396,0.213025,0.115867
"SH2B3",49.9016,61.4127,55.1769,60.5905,54.6814,61.0563,54.1518,61.1609
"SH2D1A",0,0,0,0,0,0,0,0
"SH2D1B",0,0,0,0,0,0,0,0.0265455
"SH2D2A",0.0505594,0.108447,0.154354,0.141162,0.0531412,0.396391,0.208689,0.236798
"SH2D3A",0.0286945,0.0922453,0.0289797,0,0,0.0844768,0.0636039,0.115132
"SH2D3C",30.7437,40.1409,34.6872,43.3831,38.0168,47.0311,34.1525,39.3769
"SH2D4A",0,0.070522,0.0221078,0.16161,0.205852,0.0596223,0,0.0659203
"SH2D4B",0.0187673,0.0201038,0.0188912,0,0,0,0.0207825,0
"SH2D5",0.140756,0.0376902,0.053105,0.0808582,0.123629,0.0345546,0.0389601,0.0175968
"SH2D6",0,0,0,0,0,0,0,0
"SH2D7",0,0,0,0.135694,0,0,0,0
"SH3BGR",0.157239,0.168776,0.161545,0.221831,0,0.076889,0.174998,0
"SH3BGRL",80.0109,94.0932,85.4744,83.0769,83.8304,68.67,79.8608,89.7634
"SH3BGRL2",7.01133,6.67839,6.89235,6.89339,6.34041,6.72409,6.7947,7.35375
"SH3BGRL3",2788.68,2774.45,2945.73,3348.98,2953.38,3003.87,2851.97,2831.15
"SH3BP1",1.10376,1.33459,0.815477,2.07734,0.77447,1.96642,0.557929,1.01724
"SH3BP2",30.8885,39.6809,33.525,41.1497,41.6742,51.9576,33.8664,42.4102
"SH3BP4",57.782,50.7722,68.4601,56.6088,65.1703,52.413,66.548,54.0179
"SH3BP5",13.2089,14.4526,13.2129,11.7435,14.4871,13.4917,12.3317,14.6805
"SH3BP5L",6.57645,6.24759,5.62908,6.3934,6.3497,7.69094,5.56261,6.11547
"SH3D19",97.9568,86.1003,90.7085,83.5566,95.657,83.3676,99.0574,91.0922
"SH3D21",1.61367,2.01841,1.57496,1.49433,1.8856,1.9755,1.61354,1.57168
"SH3GL1",184.316,220.501,182.766,276.876,200.352,279.722,195.638,202.651
"SH3GL2",0.415524,0.209508,0.320449,0.247763,0.254966,0.527853,0.1354,0.146955
"SH3GL3",0,0,0,0,0.0437023,0,0,0
"SH3GLB1",30.6275,26.3752,30.5617,25.3535,25.9444,23.2187,28.8363,24.754
"SH3GLB2",19.6559,18.2462,19.6164,21.5662,20.0278,17.1864,15.8943,19.17
"SH3KBP1",8.44359,8.22723,9.20378,7.6205,7.6453,8.18999,8.85908,8.32878
"SH3PXD2A",0.776148,1.8402,0.751084,1.61826,1.10432,1.99009,0.748162,2.00174
"SH3PXD2B",27.2766,28.2714,31.5851,31.7874,28.8523,31.6185,32.0783,30.704
"SH3RF1",6.80998,6.73829,6.8861,5.68734,7.10184,6.15023,6.45842,6.42496
"SH3RF2",3.09424,3.78137,2.91035,4.20133,2.93914,4.74491,2.99298,3.68898
"SH3RF3",2.40262,4.87303,2.44185,4.66779,2.96834,5.56069,3.30143,4.65925
"SH3TC1",23.0826,16.9891,21.5773,22.5532,24.3212,26.1037,23.1811,17.3548
"SH3TC2",0.0979768,0.129862,0.0957264,0.134025,0.0797827,0.133015,0.0644816,0.120899
"SH3YL1",5.05032,5.87734,5.65193,5.14935,5.81904,4.96823,6.55395,7.01319
"SHANK1",0.628465,0.991312,0.621834,1.13093,0.847521,1.42053,0.524713,1.24335
"SHANK2",0,0,0,0,0,0,0,0
"SHANK3",55.0813,66.8632,55.5782,72.4285,68.2422,85.9527,64.2116,75.073
"SHARPIN",37.336,34.1709,39.0512,49.9135,43.7047,46.2116,42.0737,40.6082
"SHB",3.63445,3.47377,3.01775,3.62136,3.37493,3.88798,2.87337,2.9564
"SHBG",0,0.0880075,0.103876,0.0952432,0.0869811,0,0.0712349,0
"SHC1",197.426,220.055,185.563,216.561,204.949,221.504,187.345,200.043
"SHC2",2.95222,3.2686,3.0396,4.95775,4.11941,4.23518,3.66311,3.38754
"SHC3",0.308343,0.667453,0.312444,0.473748,0.3733,0.645352,0.756513,0.506264
"SHC4",0.0141438,0.121191,0.0426425,0.0259673,0.0441305,0,0.0156565,0.0282743
"SHCBP1",6.0696,4.60128,6.60006,5.33792,4.82217,5.06659,6.13216,5.14893
"SHCBP1L",0,0,0,0,0,0,0,0
"SHD",0,0,0,0,0,0,0,0
"SHE",20.3465,24.0103,19.1181,22.6661,20.0161,25.6409,16.2636,26.6618
"SHF",5.01321,4.23828,7.42343,6.90224,4.81331,5.58239,4.36932,5.36212
"SHH",0.0451699,0,0,0,0,0,0,0
"SHISA2",0.390482,0.418353,0.439904,0.57118,0.502947,0.428443,0.178114,0.322115
"SHISA3",5.10923,3.33817,4.67522,4.79153,5.93161,4.42816,5.78193,3.26959
"SHISA4",23.6813,22.6654,25.5591,31.8598,31.5234,31.1454,25.6883,21.6621
"SHISA5",119.417,123.455,104.322,122.897,121.485,134.566,98.7285,111.209
"SHISA6",0,0,0,0,0,0,0,0
"SHISA7",0,0,0,0.0193397,0,0,0,0
"SHISA8",0,0,0,0,0,0,0,0
"SHISA9",0.631587,0.938829,0.841804,0.811998,0.822434,0.870711,0.907474,0.853098
"SHKBP1",32.3712,34.0256,33.2561,39.1903,38.8689,41.5985,30.5453,33.5009
"SHMT1",5.18674,4.40519,3.70293,4.22496,4.09248,4.39336,4.61967,3.71534
"SHMT2",32.9769,36.6485,34.7052,41.5302,33.2588,35.9778,36.6513,33.4523
"SHOC2",7.87463,8.76165,9.44082,8.61871,8.50193,7.13319,10.5295,8.59127
"SHOX",0,0,0.0174417,0,0,0,0,0
"SHOX2",0.0423385,0,0,0,0,0.0415678,0,0.0209347
"SHPRH",2.38341,2.14611,2.64203,2.24283,2.36639,2.06024,3.37237,2.1768
"SHQ1",8.06836,9.11148,9.10692,9.48575,9.54324,7.56757,9.7727,10.5091
"SHROOM1",2.15114,2.65892,2.20016,2.85242,3.07667,2.93938,2.23161,2.77398
"SHROOM2",5.94789,7.2974,6.27001,8.99849,6.96086,8.60408,6.75935,9.26045
"SHROOM3",0.33109,0.267239,0.293571,0.287021,0.231256,0.289315,0.302869,0.306446
"SHROOM4",30.3673,29.257,29.8341,0,30.9931,26.8704,29.9659,33.1367
"SI",0,0,0,0,0,0,0,0
"SIAE",14.0299,14.1366,15.0151,14.7788,15.3421,14.992,15.092,15.5311
"SIAH1",6.39132,6.4485,7.07384,4.90852,6.75545,5.27459,7.02885,5.79393
"SIAH2",13.8059,12.6147,13.0045,10.4222,13.5019,9.8575,12.8722,11.2509
"SIAH3",0.0324973,0,0.0980465,0,0.0169095,0,0,0
"SIDT1",0.0128254,0.0137361,0.0128834,0.0235351,0,0.0125996,0.0567818,0.0384456
"SIDT2",14.0788,13.1205,13.7971,15.4114,14.3359,14.6558,13.6526,13.682
"SIGIRR",25.4556,26.0663,25.8379,30.3375,28.4291,31.0216,20.6981,25.6007
"SIGLEC1",0,0,0,0,0,0.00927285,0,0
"SIGLEC10",0,0,0,0,0,0,0,0
"SIGLEC11",0,0,0,0,0,0,0,0
"SIGLEC12",0,0,0,0,0,0,0,0
"SIGLEC14",0.0323731,0.0693893,0,0,0,0,0,0
"SIGLEC15",0.0953217,0,0,0.13291,0.100101,0,0,0
"SIGLEC16",0.0881973,0.0472796,0.0895426,0.0818747,0.0925237,0.0864606,0,0.0888043
"SIGLEC5",0,0.0288321,0,0.0496367,0.14044,0.0792263,0.0298173,0.161874
"SIGLEC6",0,0,0,0,0,0,0,0
"SIGLEC7",0,0,0,0,0,0,0,0
"SIGLEC8",0,0,0,0,0,0,0,0
"SIGLEC9",0,0.0876808,0.0414736,0,0,0.120296,0,0.0411443
"SIGMAR1",91.7417,94.9174,95.7544,108.968,94.7968,105.452,95.4993,93.4089
"SIK1",0.177844,0.146522,0.357401,0.351567,0.398333,0.335968,0.227142,0.287118
"SIK2",7.88918,7.43155,9.13808,9.48886,9.60065,7.55154,9.3845,8.46748
"SIK3",9.95139,9.77205,10.4863,11.2017,11.6627,11.211,12.1107,11.4112
"SIKE1",7.29073,6.42789,7.66185,6.66859,6.13908,5.43583,6.70742,6.89472
"SIL1",5.11852,5.37255,4.79065,6.80567,5.82397,6.17714,5.89058,6.18033
"SIM1",0.568822,0.439857,0.717953,0.477498,0.519165,0.543801,0.637575,0.702854
"SIM2",0.247963,0.182596,0.233728,0.154974,0.257991,0.17014,0.18873,0.33309
"SIN3A",14.4256,12.8012,15.4979,13.2143,14.3859,14.6815,15.3319,13.9125
"SIN3B",25.4421,29.6111,27.147,31.1344,27.02,31.9275,26.4099,29.812
"SIPA1",11.5934,13.3387,11.9873,17.7465,14.8148,16.6542,12.2833,14.8645
"SIPA1L1",7.22939,6.26612,6.63447,6.43402,7.11507,5.76071,7.33472,6.44266
"SIPA1L2",1.55849,2.39935,2.18856,2.44449,2.41065,2.33527,2.08957,2.55951
"SIPA1L3",8.44997,10.1178,9.8694,11.575,10.1504,13.113,11.1267,11.21
"SIRPA",34.9007,35.2759,36.2097,39.6495,40.4535,40.1007,32.1973,32.9266
"SIRPB1",0.0397295,0.0425892,0,0.294572,0.243483,0,0.216821,0.0560621
"SIRPD",0,0,0,0,0,0,0,0
"SIRPG",0,0,0,0,0,0,0,0
"SIRT1",2.46834,2.90869,3.28555,3.44612,2.78771,2.88221,3.18165,2.97421
"SIRT2",41.0188,41.5737,44.4047,42.9282,47.4836,46.5892,37.6225,38.122
"SIRT3",2.33156,2.22734,2.37317,2.83705,1.83993,2.4446,2.08819,2.37336
"SIRT4",0.680099,0.331632,0.315763,0.288901,0.325972,0.36322,0.618419,0.562725
"SIRT5",8.22176,10.1761,7.37146,7.72383,8.59561,6.50437,6.85318,8.30236
"SIRT6",7.95126,6.4811,7.56407,8.93518,6.24108,8.28824,7.62677,6.12844
"SIRT7",3.89437,2.27204,4.18741,2.59157,4.74688,3.61947,3.84675,3.56821
"SIT1",0,0,0,0,0,0,0,0
"SIVA1",62.1117,69.0503,68.2267,71.4787,74.2273,86.2025,55.5482,66.2705
"SIX1",0.993935,0.747969,1.13095,0.435125,1.35225,0.585384,0.770854,0.600652
"SIX2",1.71113,1.22253,2.30654,1.52253,2.64985,1.98975,1.72128,1.52682
"SIX3",0,0,0,0.0245466,0,0,0,0.0266845
"SIX4",3.35782,2.85893,3.61709,2.9945,3.11067,2.57516,4.03821,3.17091
"SIX5",3.96354,4.70094,3.8456,4.39048,4.66757,6.22864,3.59476,4.68395
"SIX6",0,0,0,0,0,0,0,0
"SKA1",10.9222,9.57324,10.9196,11.4156,8.35727,9.29183,12.2427,9.11083
"SKA2",11.4967,11.4746,12.6781,11.1645,10.2061,10.8305,12.2956,10.7648
"SKA3",22.1508,24.8813,24.6076,25.6375,20.6435,23.5064,25.9771,21.0759
"SKAP1",0.0904401,0,0.0918547,0.0419961,0,0,0,0.0909856
"SKAP2",52.3904,44.5195,54.5289,45.0771,50.6284,36.989,55.8193,45.7232
"SKI",31.5318,31.0717,31.5836,33.457,35.3327,36.2941,31.8929,32.0763
"SKIL",7.74345,5.16145,6.58874,5.1447,5.66142,4.53576,6.42884,6.5633
"SKOR1",0,0,0,0,0,0.0236362,0,0.0241252
"SKP1",151.093,152.561,139.745,135.093,127.848,130.319,134.981,131.967
"SKP2",13.1566,13.7219,13.3907,13.0351,11.4261,13.4275,12.6956,13.7092
"SLA",0.0235331,0,0,0,0,0,0,0
"SLA2",0.0525257,0,0,0,0,0.0263296,0,0
"SLAIN1",3.15235,2.2493,3.48473,3.12821,2.73894,2.53453,3.00013,2.71641
"SLAIN2",6.52491,6.22947,6.87544,5.31589,5.89376,5.21697,6.54734,5.93294
"SLAMF1",0,0,0,0,0,0,0,0
"SLAMF6",0,0,0,0,0,0,0,0
"SLAMF7",0,0,0,0,0,0,0,0
"SLAMF8",0,0.0426512,0,0,0,0,0,0.0199255
"SLAMF9",0,0,0,0,0,0,0,0
"SLBP",36.8768,35.5554,38.153,30.6143,39.8448,30.8128,36.6852,31.9081
"SLC10A1",0,0,0,0,0.0455328,0,0,0.0437037
"SLC10A2",0,0,0,0,0,0,0,0
"SLC10A4",0,0,0,0.0895222,0,0,0,0
"SLC10A5",0,0,0,0.468347,0.058747,0,0,0.0563565
"SLC10A6",0.0955443,0,0,0.0444088,0.150506,0,0,0
"SLC10A7",5.64458,6.84958,6.56229,5.84419,5.66899,6.89637,5.85487,7.37469
"SLC11A1",0.151951,0.0180849,0,0,0.0878666,0.0497451,0,0.0506604
"SLC11A2",10.6595,8.29091,10.4707,7.15609,8.28736,7.92406,9.59872,10.1971
"SLC12A1",0,0,0,0,0,0,0,0
"SLC12A2",8.568,7.98344,8.21402,7.13028,9.37475,7.4833,9.36922,8.38049
"SLC12A3",0,0,0,0,0,0,0.0127308,0
"SLC12A5",14.9187,15.8492,12.225,10.3282,10.4318,11.863,13.1883,12.113
"SLC12A6",9.18703,8.23389,9.05069,7.87388,8.89994,7.9102,8.94875,8.94011
"SLC12A7",6.50821,5.919,7.35641,6.57683,7.12543,6.91709,6.63582,5.78211
"SLC12A8",0.018979,0,0.0382194,0.122229,0.039544,0.130518,0.0420466,0.0569976
"SLC12A9",8.96535,13.0406,8.94391,13.885,11.9433,12.8524,10.5854,12.6483
"SLC13A1",0,0.0183629,0,0,0,0,0,0
"SLC13A2",0,0,0,0,0,0,0,0
"SLC13A4",0.483496,0.346004,0.745595,0.530925,0.59806,0.315201,0.358795,0.327484
"SLC13A5",0,0,0,0,0,0,0,0
"SLC14A1",0,0,0,0,0,0,0,0
"SLC14A2",0.0532729,0,0,0.0652921,0.0369752,0.034878,0,0
"SLC15A1",0,0.045189,0.0212454,0,0.0879154,0,0,0.0211164
"SLC15A2",0.03531,0.0126008,0,0.140356,0.0366996,0.0568165,0.0651369,0.0235132
"SLC15A3",0.728371,0.407674,0.686353,0.687069,0.724883,0.653995,0.573381,0.960686
"SLC15A4",5.26357,5.39428,6.88171,5.54231,4.64731,4.50729,4.51119,5.43045
"SLC15A5",0,0,0,0,0,0,0,0
"SLC16A1",70.8009,72.8894,69.734,72.0114,66.9432,69.7663,66.8118,74.166
"SLC16A10",0,0.0245906,0.0925415,0.0211389,0,0,0.0254258,0.0919635
"SLC16A11",0.0774055,0,0,0.107567,0.445918,0.0759091,0.12879,0.0778351
"SLC16A12",0,0,0.0280003,0,0,0,0,0
"SLC16A13",6.06924,7.01464,6.18746,7.56261,8.58576,8.70577,6.31122,5.70618
"SLC16A14",0.0440351,0.0786085,0.0295081,0.107816,0.0305369,0.0288364,0.0974936,0.146734
"SLC16A2",9.8993,15.5351,10.8176,15.2336,10.5015,15.0336,11.6617,11.7577
"SLC16A3",17.9075,19.1649,16.3979,20.4376,19.8987,22.7595,16.4711,14.5624
"SLC16A4",1.0185,1.72182,1.83596,3.50969,1.57227,1.13334,1.62847,0.901298
"SLC16A5",3.75019,3.74991,4.1623,4.93096,4.76302,6.0707,4.31436,5.19053
"SLC16A6",0.407915,0.273073,0.273549,0.109327,0.222132,0.0667514,0.282268,0.15291
"SLC16A7",1.29297,1.40259,0.735634,0.812597,1.19213,0.885682,1.37774,1.06505
"SLC16A8",0,0.0391856,0,0,0.0765364,0,0,0
"SLC16A9",0.27674,0.802094,0.425661,0.687948,0.271056,0.703494,0.288368,0.472109
"SLC17A1",0,0,0,0,0,0,0,0
"SLC17A2",0,0,0,0,0,0,0,0
"SLC17A3",0,0,0,0,0,0,0,0
"SLC17A4",0,0,0,0,0,0,0,0
"SLC17A5",23.1098,14.907,15.8141,15.8204,15.6177,18.088,13.4191,21.4974
"SLC17A6",0,0,0,0,0,0,0,0
"SLC17A7",0.0667352,0.0238323,0.0672513,0.0204821,0.0231897,0.043679,0,0.0668358
"SLC17A8",0,0,0.0170688,0,0,0,0,0
"SLC17A9",2.46868,3.18237,2.92293,3.67357,3.49149,3.9667,3.43631,3.07996
"SLC18A1",0,0,0,0,0,0,0,0
"SLC18A2",0.587697,0.629522,0.726264,0.740589,0.786466,0.362804,0.594923,0.604592
"SLC18A3",0,0,0.0281297,0,0,0.0273422,0,0
"SLC19A1",5.16483,7.21951,5.89041,9.55907,7.84308,9.51117,7.59654,8.21599
"SLC19A2",2.01043,2.23048,2.40235,2.02965,1.7755,1.85096,2.08702,2.01135
"SLC19A3",0.0345756,0,0.0173922,0.0953298,0.0359925,0,0,0.0172929
"SLC1A1",21.6426,28.1512,19.1234,28.792,18.1205,19.1133,13.0711,16.6556
"SLC1A2",0,0,0,0,0,0,0.00593043,0
"SLC1A3",0,0,0,0,0.0371806,0,0,0
"SLC1A4",2.34499,2.79673,2.56123,3.26944,2.59497,2.51193,2.69902,2.1682
"SLC1A5",20.8179,20.1889,20.9289,24.1221,22.8219,21.9151,20.1439,16.1158
"SLC1A6",0,0,0,0,0,0,0,0
"SLC1A7",0,0,0,0,0,0,0,0
"SLC20A1",60.1521,65.555,66.8069,65.4371,75.1272,63.2826,76.663,54.501
"SLC22A1",0.0389425,0,0,0,0,0,0,0
"SLC22A10",0,0,0,0,0,0,0,0
"SLC22A11",0,0,0,0.0493309,0,0,0,0
"SLC22A12",0,0,0,0,0,0,0,0
"SLC22A13",0.0785867,0.0280683,0,0.0483101,0.027339,0.0514221,0.116105,0.0262604
"SLC22A14",0,0.0373795,0,0,0.0364887,0.13684,0,0
"SLC22A15",0.0681432,0.0437905,0,0,0,0.040164,0,0.0136205
"SLC22A16",0,0,0,0,0,0,0,0
"SLC22A17",1.31178,1.51165,1.15771,1.37195,1.64892,1.72577,1.51679,1.48701
"SLC22A18",0.0927644,0.248658,0.0471264,0.0862871,0.926154,0.273069,0.257407,0.280686
"SLC22A2",0,0,0,0,0,0,0,0
"SLC22A23",2.55204,1.69974,2.5182,1.88216,3.33179,1.80537,2.34269,1.99471
"SLC22A24",0,0,0,0,0,0,0,0
"SLC22A25",0,0,0,0,0,0,0,0
"SLC22A3",0,0,0,0,0,0,0,0
"SLC22A31",0.112079,0.280318,0.189212,0,0,0.329767,0.165742,0.112664
"SLC22A4",2.11329,1.79847,1.5392,1.63643,1.4616,1.55514,1.75696,2.15224
"SLC22A5",3.81983,2.22979,2.81044,3.23437,3.0744,3.16738,3.00341,2.94577
"SLC22A6",0,0,0,0,0,0,0,0
"SLC22A7",0,0,0,0,0,0,0,0
"SLC22A8",0,0,0,0,0,0,0,0
"SLC22A9",0,0,0,0,0,0,0,0
"SLC23A1",0.230251,0.154191,0.174398,0.21252,0.0299944,0.112943,0.223287,0.173209
"SLC23A2",15.6014,13.4587,14.2961,14.7029,15.5334,14.2289,14.6246,14.5704
"SLC24A1",4.66154,6.35688,3.8527,5.88105,7.58204,8.65689,6.54993,6.22826
"SLC24A2",0.00579072,0,0,0,0,0.00569152,0.00640556,0
"SLC24A3",0,0,0,0,0,0,0,0
"SLC24A4",0.00653833,0.00700177,0.019678,0,0.0203726,0.00642628,0,0
"SLC24A5",0.175386,0,0.0890231,0,0,0.128952,0.243283,0.132437
"SLC25A1",47.435,45.8257,46.9984,54.9363,53.2431,56.1982,48.3869,44.8757
"SLC25A10",8.53321,8.59362,10.2866,8.53552,9.13007,10.2143,7.26477,8.29065
"SLC25A11",29.3745,27.0048,27.9605,30.3383,28.6799,32.9855,25.7829,27.3117
"SLC25A12",2.18705,1.78915,2.02345,1.50541,2.10665,2.33989,2.13924,1.87344
"SLC25A13",25.4609,30.9649,29.0764,24.2829,28.6489,26.8883,24.3066,23.2063
"SLC25A14",5.36224,4.37374,4.51141,4.34611,4.12267,3.94101,4.06079,4.7534
"SLC25A17",5.18945,5.70845,4.80091,3.33578,4.31684,3.44518,4.15917,4.32302
"SLC25A18",0.229763,0.211066,0.165981,0.18205,0.0343214,0.38642,0.109171,0.0659158
"SLC25A19",6.6476,7.02753,6.59582,6.71162,6.74125,6.90909,9.04443,6.61314
"SLC25A2",0,0,0,0,0,0.050126,0,0
"SLC25A20",5.48688,5.51632,4.93566,4.98484,5.14032,4.94163,4.14139,5.96658
"SLC25A21",0.695591,0.628838,0.876482,2.46842,1.70121,0.69545,0.52037,0.813092
"SLC25A22",13.7609,16.895,12.4031,13.6003,17.8072,21.3953,13.6022,13.9678
"SLC25A23",68.7374,64.6121,73.4781,72.6832,70.9964,70.2228,73.8073,65.0434
"SLC25A24",26.0204,23.0367,30.4259,23.7152,22.4644,21.5415,25.3714,21.2806
"SLC25A25",1.86353,1.83509,1.90728,2.4781,2.43514,2.55093,1.77478,1.84961
"SLC25A26",2.11349,2.44565,1.38724,2.91523,1.93093,1.46095,1.80807,2.49987
"SLC25A27",0.840388,0.795336,0.50048,0.907408,0.698999,0.632522,0.65911,0.560991
"SLC25A28",7.88748,7.75625,6.80242,8.66971,7.84011,7.50144,7.84229,7.61996
"SLC25A29",33.2589,22.4802,33.1639,28.047,41.5338,26.6897,31.143,27.1029
"SLC25A3",342.569,341.27,324.917,311.314,296.895,312.234,302.17,307.069
"SLC25A30",0.571043,0.663331,0.725556,0.353868,0.399773,0.419749,0.950829,0.575466
"SLC25A31",0,0,0,0,0,0,0,0
"SLC25A32",9.8307,7.50895,9.19975,6.72071,8.27557,6.68838,7.70663,6.97567
"SLC25A33",3.86271,3.24529,4.25467,2.66705,4.06655,4.10923,3.47316,3.10203
"SLC25A34",1.46007,1.23981,0.819834,1.01479,1.21222,1.25645,0.981043,1.32008
"SLC25A35",7.61291,7.6891,7.26928,7.42353,7.79782,9.43184,6.93385,8.11503
"SLC25A36",7.52919,8.98466,8.44797,8.23114,8.45608,7.40631,8.60683,8.97372
"SLC25A37",19.4458,18.5971,23.0838,20.3623,19.014,18.6651,19.9754,18.1123
"SLC25A38",15.1735,14.5898,16.9019,18.3239,15.8677,14.0445,16.4226,14.8196
"SLC25A39",67.5305,65.3024,69.4545,69.2211,68.4275,70.5336,62.4025,63.4722
"SLC25A4",1.21585,0.98109,0.966085,0.923843,0.827918,1.13571,0.881023,1.02082
"SLC25A40",12.7549,12.5323,13.6182,10.1199,11.0243,13.523,16.009,11.8084
"SLC25A41",0,0,0,0.0854975,0.0483008,0,0.0510741,0
"SLC25A42",1.82264,2.0977,1.48461,1.93773,2.63291,1.8762,1.79561,1.69111
"SLC25A43",7.81643,7.8761,7.01983,8.12346,9.83623,8.05469,9.0306,7.86298
"SLC25A44",17.1271,19.1069,18.298,18.7489,18.5576,17.8921,17.6254,16.8138
"SLC25A45",1.98977,1.32391,1.4128,1.89705,1.01662,1.94487,1.78364,1.68262
"SLC25A46",8.72195,9.16568,8.72379,9.8573,8.00491,7.30004,7.49576,8.73866
"SLC25A47",0,0,0.0410574,0,0,0,0,0
"SLC25A48",0,0,0,0,0,0,0,0
"SLC25A5",333.587,333.907,348.113,337.23,305.29,292.164,294.141,329.173
"SLC25A6",0,0,0,0,0,0,0,0
"SLC26A1",0.780282,0.598897,0.695007,2.65417,1.07338,1.63165,1.36842,0.342373
"SLC26A11",3.70555,2.44171,3.33605,3.50001,4.49562,3.87449,3.88175,3.66316
"SLC26A2",3.56112,3.58757,4.33084,3.13974,3.64024,2.84729,3.79301,4.3567
"SLC26A3",0,0.049126,0,0,0,0,0,0
"SLC26A4",0.11311,0.320114,0.0523471,0.120255,0.271628,0.183565,0.0865126,0.149612
"SLC26A5",0,0,0,0,0,0,0,0
"SLC26A6",8.02718,6.41586,7.40156,7.97845,9.10756,8.00491,6.1709,8.01545
"SLC26A8",0.0576356,0.0205564,0.021288,0,0.0220267,0,0.0468467,0.0423481
"SLC26A9",0.0278666,0.104473,0,0.0767426,0.0434728,0.0547515,0.0462719,0.0557075
"SLC27A1",3.81305,3.99684,2.94989,4.34069,4.79298,4.86668,3.21708,4.38881
"SLC27A2",0,0,0,0,0,0.0277063,0,0
"SLC27A3",1.05698,2.81206,0.587896,2.37542,1.09154,2.4702,1.00297,1.75673
"SLC27A4",8.34381,10.2007,7.90566,9.63363,11.0589,11.0343,8.40143,8.76368
"SLC27A5",2.61616,2.07325,2.45473,0.927235,1.03917,2.95146,1.10474,3.26337
"SLC27A6",0.0255818,0,0,0,0.0266935,0,0.0283445,0
"SLC28A1",0,0,0,0,0,0.023804,0,0
"SLC28A2",0.0546543,0,0.027586,0,0.0285292,0.0268196,0.0302831,0
"SLC28A3",0,0,0,0,0,0,0,0
"SLC29A1",361.553,399.738,355.401,419.654,353.573,411.002,355.842,422.383
"SLC29A2",0.671251,0.480871,1.279,1.27886,0.718266,0.218342,0.374586,0.343655
"SLC29A3",9.54996,10.2666,9.88208,9.66597,9.66482,10.0758,7.26511,9.02907
"SLC29A4",5.71595,5.04989,4.13024,6.58545,5.86517,6.67395,5.85563,4.75259
"SLC2A1",18.7688,15.6689,19.9226,18.0858,23.0565,16.0758,20.0542,17.7097
"SLC2A10",2.85624,3.22271,3.0245,3.02984,3.0828,3.30058,2.38232,3.42279
"SLC2A11",1.39318,1.4561,1.05372,1.28398,1.47612,1.56407,0.995662,1.30817
"SLC2A12",2.8672,2.58107,2.6938,2.58182,3.17585,1.77648,2.36696,3.22916
"SLC2A13",1.05838,0.836997,1.08754,1.88297,0.86056,0.531851,0.400852,1.51567
"SLC2A14",0.124123,0.332545,0.062728,0.229322,0.356733,0.09134,0.171989,0.0622885
"SLC2A2",0,0,0,0,0,0,0,0
"SLC2A3",7.52093,10.478,7.09977,10.825,8.33582,10.2377,6.59213,9.30314
"SLC2A4",0,0.112124,0.126509,0.0577917,0.0654388,0.143867,0.0463683,0.0419142
"SLC2A4RG",34.1742,35.1678,32.2914,44.9483,38.2374,46.9938,35.4389,34.4132
"SLC2A5",0,0,0,0,0,0,0,0
"SLC2A6",7.04114,5.2625,8.75145,7.69292,9.28456,11.936,5.11078,6.57252
"SLC2A7",0,0,0,0,0,0,0,0
"SLC2A8",3.07475,2.80663,2.93019,2.89465,3.07545,4.09087,2.64247,3.00654
"SLC2A9",0.941377,0.851112,0.970821,1.00536,0.914266,1.17811,0.787115,0.773375
"SLC30A1",11.7376,9.2078,12.3473,9.46798,13.7786,10.4083,13.4573,11.8451
"SLC30A10",0,0,0,0,0,0,0,0
"SLC30A2",0.0290982,0,0,0,0,0,0,0
"SLC30A3",11.3449,9.2756,7.82872,11.8333,9.32632,11.1235,8.87281,9.25532
"SLC30A4",0.815054,0.856832,0.667635,0.817764,1.20907,0.400292,0.668366,0.754498
"SLC30A5",6.02151,6.5752,7.11283,6.58821,5.99025,6.30782,6.62429,6.55102
"SLC30A6",8.4448,8.99128,9.6017,8.87578,7.33138,7.1738,8.91159,9.23627
"SLC30A7",6.8419,5.36012,6.558,6.14881,6.05428,5.35275,6.48496,6.32043
"SLC30A8",0,0,0,0,0,0,0,0
"SLC30A9",8.21638,8.33734,6.91599,6.81639,8.10378,8.02799,7.90008,6.80613
"SLC31A1",8.36834,8.58121,7.59525,8.26646,7.27661,7.13261,7.03891,8.59826
"SLC31A2",1.37984,1.944,1.71834,1.71404,1.85858,1.50773,1.81494,1.78423
"SLC32A1",0,0,0,0,0,0,0,0
"SLC33A1",9.48754,10.5473,9.07762,8.6472,9.58789,8.5884,8.51307,9.70942
"SLC34A1",0,0.0387464,0,0,0,0,0,0
"SLC34A2",0,0,0,0,0,0,0,0
"SLC34A3",0,0,0,0,0,0,0,0
"SLC35A1",4.82346,3.17813,3.48369,3.19375,4.00485,3.58268,3.9555,3.61351
"SLC35A2",32.9826,30.593,30.3366,34.1439,36.5694,31.3602,30.3958,31.2348
"SLC35A3",3.36872,2.12558,3.18927,2.82135,2.19985,2.41592,2.74869,2.24601
"SLC35A4",53.0749,52.043,48.6917,56.851,53.3541,56.2201,48.0754,47.9994
"SLC35A5",15.1607,14.8279,17.9888,13.5763,13.5553,12.43,15.6519,15.5408
"SLC35B1",68.1536,66.6687,67.7293,70.5031,61.5084,63.0498,66.8495,63.8468
"SLC35B3",6.60524,5.33432,5.74778,6.60516,6.00778,5.70009,5.30672,6.2647
"SLC35B4",3.82719,4.29618,3.95844,3.83313,4.01707,3.44591,3.93237,4.1503
"SLC35C1",13.9218,13.0546,14.2207,15.4416,16.816,15.3105,16.1148,15.0384
"SLC35C2",9.72537,9.01007,9.60714,9.77329,8.77662,8.84866,7.74945,7.78072
"SLC35D1",1.72438,1.83243,1.75698,1.47749,1.53186,1.58492,1.65846,1.78631
"SLC35D2",22.3363,18.6381,20.376,22.6392,21.8072,15.7761,22.3354,19.1592
"SLC35D3",0,0,0,0,0,0,0,0
"SLC35E2B",5.29614,3.82924,5.16875,5.41226,7.0629,5.66896,5.56513,5.61737
"SLC35E3",8.5363,6.38971,7.87106,2.7927,7.58124,7.9323,7.07822,7.04322
"SLC35E4",4.64479,4.18283,3.78252,4.50162,3.98954,5.05123,3.21516,5.60014
"SLC35F1",0.0529619,0,0.0133023,0.0486013,0.0688354,0.13007,0.0146554,0.0396939
"SLC35F2",15.699,16.2157,16.7077,16.6041,14.8975,15.8826,14.168,16.1745
"SLC35F3",0,0,0,0,0,0,0,0
"SLC35F4",0,0,0,0,0,0,0,0
"SLC35F5",7.94257,5.70112,7.79532,5.82669,8.43599,5.0571,6.41696,7.46355
"SLC35G1",0.85316,0.421212,0.573135,0.731012,0.881778,0.55109,0.724527,0.654902
"SLC35G3",0.0370439,0,0.112556,0.102892,0,0.0726637,0.123253,0.0372343
"SLC35G5",0.124786,0,0,0,0,0.244353,0,0.189318
"SLC35G6",0.125552,0.202039,0.513141,0,0.463491,0.245847,0.418639,0.190498
"SLC36A1",5.69982,7.56359,7.79172,7.16114,8.18551,7.63231,6.44747,8.73012
"SLC36A2",0,0,0.0192829,0,0,0,0,0
"SLC36A3",0,0,0,0,0,0,0,0
"SLC36A4",2.35261,2.62742,2.44667,2.09048,2.33729,1.83335,2.31913,2.39531
"SLC37A1",4.7003,3.9728,4.48706,3.37781,4.4402,4.76284,4.46066,4.63569
"SLC37A2",0.566456,0.552182,0.368779,1.04526,0.447994,0.79036,0.54113,0.801538
"SLC37A3",11.6857,9.3315,10.8196,7.85736,9.88466,8.50579,9.82893,9.33276
"SLC37A4",10.7896,9.54799,10.6671,10.7015,11.2157,11.8741,9.82526,10.321
"SLC38A1",6.416,5.7866,6.5023,5.37404,6.52401,5.48365,7.4497,5.80969
"SLC38A10",12.2534,11.2038,11.368,12.9119,12.8182,12.5368,14.039,12.3272
"SLC38A11",0,0,0,0,0,0,0,0
"SLC38A2",281.574,233.068,274.224,215.153,272.731,195.921,242.369,237.609
"SLC38A3",0.494089,0.647086,0.49879,0.405169,0.487183,0.727363,0.456283,0.357835
"SLC38A4",0.13737,0.14715,0.15547,0.142025,0.142995,0.118048,0.152101,0.206112
"SLC38A5",1.79828,2.54472,1.66045,2.00748,1.89113,2.43453,2.17506,2.27424
"SLC38A6",1.49711,2.00361,2.55219,1.83736,2.10831,1.52887,2.0305,2.9663
"SLC38A7",16.3653,19.0614,19.9313,16.0122,16.1194,20.5147,20.0902,18.8004
"SLC38A8",0,0,0,0,0,0,0,0
"SLC38A9",5.49369,5.09479,4.96561,5.38326,4.90539,4.38068,6.26341,5.76119
"SLC39A10",9.49452,9.76464,10.496,11.0128,9.76338,9.84308,9.37329,11.4451
"SLC39A11",1.89882,2.37771,1.01027,1.8925,1.63075,2.35547,2.07658,2.38496
"SLC39A12",0,0,0,0,0,0,0,0
"SLC39A13",20.6935,19.4839,23.1234,22.997,26.4251,23.3662,23.3295,19.5673
"SLC39A14",7.44312,7.83658,8.02022,6.16763,7.17344,7.18686,7.15279,6.48477
"SLC39A2",0,0,0,0,0,0.0501894,0,0.0516654
"SLC39A3",5.86523,6.21587,5.01426,7.08636,7.89466,7.75115,5.21801,5.3489
"SLC39A4",2.04896,1.35926,1.36148,2.02674,1.91985,2.32288,2.12708,0.995254
"SLC39A5",0.0348747,0.0377262,0,0,0,0,0.0389907,0
"SLC39A6",6.03777,4.28706,6.13242,4.14318,4.95515,4.05478,5.42725,5.21121
"SLC39A7",0,0,0,0,0,0,0,0
"SLC39A8",0.757378,0.607015,0.221079,0.291159,0.26407,0.302546,0.772476,0.479474
"SLC39A9",18.9141,16.6297,18.0796,20.262,18.3502,17.5664,15.9776,18.8488
"SLC3A1",0,0,0,0,0,0,0,0
"SLC3A2",32.992,35.7319,34.0775,36.0337,32.3675,37.0844,30.9149,31.5547
"SLC40A1",101.471,54.7618,85.0606,68.754,75.591,54.7827,75.2974,64.977
"SLC41A1",16.1768,14.5899,15.7766,15.8257,14.9679,14.2457,14.9116,13.4808
"SLC41A2",1.04965,0.952223,1.28273,0.683498,1.18415,0.895335,1.08726,1.28781
"SLC41A3",24.0128,25.5004,26.8496,28.4105,31.3847,29.6725,23.539,25.9185
"SLC43A1",6.76752,8.07739,5.89305,10.3271,7.24279,7.74692,5.81254,6.72319
"SLC43A2",12.8717,16.249,12.7159,17.2872,14.9692,18.2023,13.3991,16.6567
"SLC43A3",59.9685,64.805,61.4822,69.3627,70.3704,70.1603,67.9902,61.1424
"SLC44A1",22.2483,24.6736,26.011,20.5306,26.0766,20.2737,21.2796,26.9149
"SLC44A2",49.0353,47.7953,47.2064,47.3511,46.7377,49.7657,44.2993,47.2163
"SLC44A3",0.197446,0.435566,0.498531,0.589606,0.706912,0.470584,0.35396,0.678964
"SLC44A4",0,0,0,0,0,0,0,0
"SLC44A5",4.73047,3.7061,3.25696,5.38375,4.81743,2.86937,4.10163,6.07307
"SLC45A1",0.855059,0.652049,0.857358,0.714675,0.808924,1.20438,1.47883,0.943214
"SLC45A2",0,0,0,0,0,0,0,0.0411716
"SLC45A4",0.438245,0.63844,0.934769,0.950617,0.63873,0.946863,0.815222,0.859263
"SLC46A1",1.47742,1.93287,1.39193,1.56313,1.98752,1.98982,1.58048,1.63681
"SLC46A2",0.0537213,0.0287816,0.0813323,0.0247745,0.308423,0,0.11906,0.0538629
"SLC46A3",1.08957,1.68831,0.68369,0.971799,0.670674,1.33448,0.868675,1.43484
"SLC47A1",2.54347,1.92926,1.80148,2.59403,2.06368,2.43237,2.01884,2.32339
"SLC47A2",0,0.032389,0,0,0,0,0,0
"SLC48A1",11.5471,10.877,10.7565,11.2118,10.6507,12.0856,9.89432,10.516
"SLC4A1",0.0518323,0.0277566,0.0130173,0.0237798,0.0269447,0.0127299,0.0143425,0.0258964
"SLC4A10",0,0,0,0.0210011,0,0,0,0.0114344
"SLC4A11",6.36468,6.98898,5.84035,7.71991,7.67124,8.82866,7.35281,7.41603
"SLC4A1AP",6.50975,6.25769,5.66152,6.42498,6.60032,6.2378,6.0008,5.64886
"SLC4A2",19.6309,17.1608,19.3987,22.3394,20.792,20.7583,18.9293,17.1464
"SLC4A3",0.108941,0.150032,0.281679,0.24301,0.194321,0.168154,0.0516838,0.18674
"SLC4A4",0.00836732,0,0.0756059,0,0.0260818,0.0411475,0.0185253,0.0250721
"SLC4A5",0.210185,0.309156,0.279393,0.274074,0.182084,0.206525,0.148321,0.195611
"SLC4A7",9.51153,10.2714,11.4503,10.3997,10.043,8.85583,11.5228,10.4667
"SLC4A8",0.657592,1.16867,1.17619,1.04798,0.892644,1.27013,0.77432,1.11399
"SLC4A9",0,0,0,0,0.0418727,0,0,0
"SLC50A1",20.7391,18.321,15.0528,19.1815,20.9619,20.6723,16.7924,17.415
"SLC5A1",0,0,0,0,0,0,0,0
"SLC5A10",0,0.0701903,0.0331408,0,0,0,0.0362751,0
"SLC5A11",0.0575504,0.0925051,0,0,0.0300535,0.056476,0,0.0865938
"SLC5A12",0,0,0,0,0,0,0,0
"SLC5A2",0.0597215,0,0,0,0,0,0,0
"SLC5A4",1.23827,2.64238,1.81811,2.63972,1.90579,2.50181,2.73741,3.23832
"SLC5A5",0,0.058716,0,0,0,0,0,0.0182807
"SLC5A6",7.46961,8.03411,6.91455,7.86448,6.43788,7.91221,5.97811,8.20077
"SLC5A7",0,0,0,0,0,0,0,0
"SLC5A8",0,0,0,0,0,0,0,0
"SLC5A9",0,0.0220412,0,0,0.0214357,0,0,0
"SLC6A1",0.0143489,0.0153686,0,0,0.0149243,0,0.0158837,0.0286856
"SLC6A11",0,0,0,0,0,0,0,0
"SLC6A12",0,0,0,0,0,0,0,0
"SLC6A13",0,0.140602,0,0,0,0,0,0
"SLC6A14",0,0,0,0,0,0,0,0
"SLC6A15",0.017209,0.097551,0.0457798,0.097607,0.0157909,0.0298187,0,0.0320401
"SLC6A17",0.0198441,0.0212512,0.0199144,0.0272817,0.0103069,0.00974933,0.0109793,0.0198143
"SLC6A18",0,0,0,0,0,0,0,0
"SLC6A19",0,0,0,0,0,0,0,0
"SLC6A2",0,0,0,0,0,0,0,0
"SLC6A20",0,0,0,0,0,0,0,0
"SLC6A3",0,0,0,0,0,0,0,0
"SLC6A4",0,0,0,0.0130532,0.0591555,0,0,0.0142128
"SLC6A5",0,0,0,0,0,0,0,0
"SLC6A6",19.7514,29.3257,22.7816,36.7309,25.7945,31.0828,22.1873,38.0446
"SLC6A7",0,0,0,0,0,0,0,0
"SLC6A8",13.8068,16.4194,15.996,18.0301,18.3392,20.1374,16.0003,15.4378
"SLC6A9",0.143701,0.109984,0.144622,0.377873,0.213824,0.261988,0.0909343,0.308225
"SLC7A1",14.2384,9.57644,12.5391,10.3512,14.6094,11.3931,13.9315,12.0792
"SLC7A10",0.0710017,0.0380507,0,0.0328497,0.185749,0,0,0
"SLC7A11",12.1114,9.29676,12.0679,7.2982,8.68009,7.3072,10.0322,10.1361
"SLC7A13",0,0,0,0,0,0,0,0
"SLC7A14",0.228977,0.238557,0.217094,0.198247,0.366039,0.231131,0.280682,0.166689
"SLC7A2",2.8476,1.68132,3.48522,1.6794,2.76861,2.17949,3.76658,2.38463
"SLC7A3",0,0,0,0,0,0,0,0
"SLC7A4",0,0,0,0,0,0,0,0
"SLC7A5",3.07843,4.19131,4.17733,3.73756,4.28853,5.21727,4.30278,2.97775
"SLC7A6",13.5586,13.3096,13.9511,13.7011,13.7577,13.3146,14.0942,15.0237
"SLC7A6OS",15.781,15.008,13.7678,16.5426,14.4546,14.8742,12.8805,15.1869
"SLC7A7",31.0411,21.7136,25.6439,22.1357,30.1568,20.9361,24.7537,22.0486
"SLC7A8",5.47361,6.49834,5.31632,7.33456,5.97274,7.14145,5.54573,6.45103
"SLC7A9",0,0,0,0,0.0874861,0,0.231488,0.0419923
"SLC8A1",0.105822,0.203436,0.0637138,0.126126,0.131577,0.145581,0.105395,0.158538
"SLC8A2",0.0125397,0,0,0,0,0.0123192,0.0138789,0
"SLC8A3",0.0121698,0,0,0,0,0,0,0
"SLC9A1",94.1319,101.27,84.1882,118.926,105.381,130.091,97.4115,103.82
"SLC9A2",0,0,0.0353822,0,0,0,0,0.0117328
"SLC9A3",1.54131,0.668794,0.664067,1.04865,0.663623,1.19643,0.324877,0.583877
"SLC9A4",0.375644,0.268238,0.283278,0.201264,0.130285,0.261347,0.207935,0.203452
"SLC9A5",0.262621,0.281305,0.326229,0.63613,0.385322,0.612595,0.224231,0.536624
"SLC9A6",2.94661,3.09521,3.29537,3.24782,2.94026,2.88555,3.7278,3.63939
"SLC9A7",5.4573,5.9783,4.19157,6.36054,5.55809,5.61394,4.33531,6.75186
"SLC9A8",4.92709,5.54406,5.14297,6.55112,5.88915,7.27937,5.191,7.25642
"SLC9A9",1.98527,1.16309,1.12287,1.21441,1.34921,0.760009,1.22813,0.756255
"SLC9B1",0.0797849,0.0427468,0,0.221917,0.125449,0.0782672,0.0442689,0.0401389
"SLCO1A2",0,0,0,0,0,0,0,0
"SLCO1B1",0,0,0,0,0,0,0,0
"SLCO1B3",0,0,0,0,0,0,0,0
"SLCO1B7",0,0,0,0,0,0,0,0
"SLCO1C1",0.129703,0.230637,0.0653367,0.0198939,0.061115,0.0212188,0.0923677,0.0432892
"SLCO2A1",0.714318,3.50509,1.0672,4.51044,1.10938,4.22984,1.02782,5.41659
"SLCO2B1",0,0,0,0,0,0,0,0
"SLCO3A1",1.60521,2.29433,1.94749,2.98253,2.30423,2.86966,2.40796,1.92532
"SLCO4A1",1.44634,2.01232,1.68689,1.84004,1.58915,2.70754,1.45591,2.51355
"SLCO4C1",0.0119978,0.025699,0.0120488,0,0,0.0117873,0.0132786,0.0239718
"SLCO5A1",0,0.061691,0.0193219,0,0.05998,0.0188469,0.12755,0.0384191
"SLCO6A1",0,0,0,0,0,0,0,0
"SLFN11",13.0007,15.4686,13.3925,12.9116,12.2667,12.7244,13.0415,13.3549
"SLFN12",9.19923,9.71662,8.06633,8.74355,8.77425,8.33698,11.7173,8.63537
"SLFN12L",0,0,0,0,0,0,0,0
"SLFN13",0.185914,0.119448,0.13422,0.177049,0.0849145,0.160784,0.082273,0.155839
"SLFN14",0.0460597,0.0493474,0.0696424,0,0.0240132,0.0226088,0.0255118,0.023069
"SLFN5",6.28992,5.80955,5.29704,5.4265,6.84078,6.00459,6.59437,5.81748
"SLFNL1",1.25528,0.725992,1.09804,0.0914432,0.308609,0.754576,0.968675,0.984986
"SLIRP",30.2147,41.7248,42.609,42.7016,28.67,31.6955,23.7694,32.4936
"SLIT2",3.09949,4.27278,3.45747,3.96157,3.40922,3.21386,3.29583,3.98447
"SLIT3",2.74573,2.21501,3.11537,3.30335,2.94031,4.09891,2.67047,3.20602
"SLITRK1",0,0,0,0,0,0,0,0
"SLITRK2",0,0,0.0500414,0.0152192,0,0,0,0.0165672
"SLITRK3",0,0,0,0,0,0,0,0
"SLITRK4",0.014714,0.0236363,0,0.00673434,0.00763479,0.0144604,0.0162789,0.0367129
"SLITRK5",0,0,0,0,0,0,0,0
"SLITRK6",0,0,0,0,0,0,0,0
"SLK",5.50299,5.81967,5.16292,5.07551,5.02875,4.6467,5.35535,4.74374
"SLMAP",8.59803,7.25387,7.30492,7.08362,8.12196,7.16397,7.12001,6.85935
"SLN",0,0,0.124775,0.114394,0,0,0,0
"SLPI",0,0,0,0,0,0,0,0
"SLTM",10.8231,10.2932,10.0823,10.4607,10.3445,8.69592,10.9997,10.0749
"SLU7",6.57694,5.3028,6.31276,5.71086,6.37309,5.53244,6.61705,5.87329
"SLURP1",0,0,0,0,0,0,0,0
"SLX4",2.58605,2.83318,2.87613,2.87895,2.69966,3.75047,3.1003,2.93059
"SMAD1",200.117,195.61,218.705,226.617,206.163,198.739,218.983,247.934
"SMAD2",26.6261,20.8622,23.3771,20.2192,24.0014,20.2303,26.3604,24.1022
"SMAD3",119.859,105.297,139.364,137.787,142.611,119.549,129.968,108.291
"SMAD4",22.428,22.5347,22.2321,20.3396,20.4449,17.2341,23.7195,20.9943
"SMAD5",35.6508,33.4488,37.2098,30.7579,34.5236,28.1514,37.9196,37.6537
"SMAD6",5.30891,4.21372,3.85624,4.69436,3.72015,5.97915,5.45776,4.19042
"SMAD7",1.30143,1.33062,0.897407,0.818554,1.5843,1.39296,1.26985,1.06892
"SMAD9",6.21142,7.69795,5.68969,6.41567,5.88918,6.59093,7.80407,6.95085
"SMAGP",50.5306,60.1342,48.371,60.8129,51.7024,59.8807,48.4464,57.2985
"SMAP1",42.3149,39.2554,40.2156,37.9724,37.6961,40.7581,43.2595,44.6389
"SMAP2",9.63833,9.67726,7.72359,9.81896,9.00702,11.2005,7.05334,10.7967
"SMARCA1",9.09119,8.27963,9.90633,7.77269,9.01652,7.50912,8.71359,8.11523
"SMARCA2",28.1279,30.7627,35.605,37.3475,40.4316,33.8981,30.1221,34.4934
"SMARCA4",30.4984,35.9913,33.738,36.1681,35.4753,39.6652,36.0143,31.7376
"SMARCA5",8.05478,7.35828,8.3025,8.54692,8.49461,7.89719,9.19415,7.74335
"SMARCAD1",21.4553,19.2129,21.5648,20.7698,12.9696,21.8356,20.3422,17.9417
"SMARCAL1",15.4706,16.8283,19.3045,17.7781,17.4923,16.2497,17.0381,18.2142
"SMARCB1",109.528,112.948,124.146,130.599,119.793,118.143,120.341,120.216
"SMARCC1",26.8426,26.8899,28.146,29.7794,27.8778,31.025,29.0137,26.3203
"SMARCC2",32.6643,29.4488,32.6748,31.802,33.9358,31.0314,34.3199,30.86
"SMARCD1",96.8115,94.5834,104.409,104.384,97.6085,97.9453,95.1159,100.782
"SMARCD2",26.4685,31.4753,26.5439,33.0034,28.0329,29.4046,25.5681,28.2542
"SMARCD3",5.13697,6.8277,6.01082,5.86786,6.40266,6.54787,5.69721,7.46931
"SMARCE1",107.219,115.744,111.012,104.534,99.2001,98.0475,112.292,107.213
"SMC1A",15.5757,14.8627,17.1764,14.8568,15.0101,15.6562,16.694,14.9172
"SMC1B",0,0.0162909,0,0,0,0,0,0.0304127
"SMC2",3.9525,3.31206,4.00023,3.51043,3.24285,2.81474,4.12236,3.30667
"SMC3",2.9937,3.34266,3.48574,3.05765,3.36769,3.45889,3.47222,3.02592
"SMC5",5.23993,4.78903,5.82387,4.68948,4.16925,4.56898,4.44473,4.89083
"SMC6",3.97515,3.39105,3.82376,2.97685,3.72334,2.76969,4.11555,3.56654
"SMCHD1",5.03088,4.48316,5.03407,4.55648,4.82686,4.40441,4.89029,4.58705
"SMCP",0,0,0,0,0,0,0,0
"SMCR8",6.14956,6.75562,6.8812,6.52019,7.87937,7.86918,7.6592,6.7422
"SMG1",17.1447,17.5646,20.3304,18.5383,17.2384,16.7642,21.1259,17.9778
"SMG5",29.4856,35.5781,32.2168,37.5954,34.6047,30.0146,33.2666,33.0427
"SMG6",9.16089,8.45264,9.70371,11.1938,10.3033,11.5445,9.10217,9.28039
"SMG7",34.7835,41.1058,37.4251,35.5586,34.4097,36.7038,39.2396,40.0757
"SMG9",15.8528,16.0366,15.9463,17.5939,16.4602,17.761,14.6459,17.0944
"SMN2",1.35231,1.23038,1.99274,1.53858,1.69303,1.37434,1.50065,0.846093
"SMNDC1",20.3518,15.722,16.5802,13.3472,14.698,15.5141,17.7415,15.9865
"SMO",6.73367,7.56885,6.48017,6.1248,7.451,7.8233,6.2582,6.02211
"SMOC1",0.738864,0.604743,0.763443,0.48648,0.876513,0.970448,0.565159,0.454502
"SMOC2",0,0.0226725,0,0,0,0,0,0
"SMOX",5.92132,6.77726,5.06924,7.26341,6.17138,7.36771,5.8837,6.25423
"SMPD1",35.7666,38.0036,38.7951,47.5297,39.071,40.872,35.8034,36.6554
"SMPD2",5.60621,5.92325,5.40522,6.35456,5.54546,5.29591,4.9305,5.10915
"SMPD3",0.0242949,0,0.0243993,0.0222856,0.0252533,0.0119342,0.0537775,0
"SMPD4",29.0367,28.7217,29.7123,31.7259,31.8826,32.6155,32.306,26.2614
"SMPDL3A",2.69183,2.31197,2.35138,2.47149,3.10287,2.8295,2.15305,3.22145
"SMPDL3B",0.333936,0.556229,0.375417,0.446138,0.329019,0.436245,0.247363,0.484341
"SMPX",0,0,0,0,0,0,0,0
"SMR3A",0,0,0,0,0,0,0,0
"SMR3B",0,0,0,0,0,0,0,0
"SMS",102.582,89.4836,112.277,98.7614,99.2459,82.9999,99.3408,84.4223
"SMTN",21.3634,21.848,19.4061,24.8852,22.8621,31.5506,26.459,21.9481
"SMTNL1",0,0,0,0.119325,0,0,0,0.129445
"SMTNL2",0,0.0318054,0,0.0660463,0,0.10501,0,0
"SMU1",6.30761,5.26872,5.89037,5.66284,5.7337,5.50437,5.49055,5.58115
"SMUG1",6.80681,6.70042,7.02721,4.92321,7.09456,7.2852,3.93244,4.35155
"SMURF1",8.8497,7.02265,9.19477,9.12783,9.4835,8.44156,8.80157,8.11518
"SMURF2",6.92525,6.54757,9.84144,7.71605,7.42798,5.94379,6.95195,6.86232
"SMYD1",0,0,0,0,0,0,0,0
"SMYD2",8.24293,11.6073,9.12999,10.9119,8.39181,10.1793,8.98763,10.5329
"SMYD3",19.5524,20.9149,14.4499,15.5747,20.1707,15.3961,19.5234,11.8278
"SMYD4",1.8128,2.1978,2.01795,2.20373,1.8836,2.02078,1.8672,2.07587
"SMYD5",8.3576,7.98443,7.69539,8.14942,8.14981,8.77251,7.2106,7.33085
"SNAI1",13.3895,7.82299,9.41398,9.68417,12.2715,8.98659,10.25,6.96871
"SNAI2",3.50369,3.65065,3.90389,4.22781,3.90063,3.94666,3.88434,3.12687
"SNAI3",0.123096,0.483859,0.540987,0.342419,0.387059,0.402323,0.318657,0.536682
"SNAP23",100.865,91.271,107.907,89.198,93.4033,77.2587,99.355,88.6778
"SNAP25",1.82522,1.02796,0.989695,1.11564,1.20967,0.32779,1.0144,0.674119
"SNAP29",9.61775,8.10732,9.72033,7.34764,8.41393,7.74845,7.63019,8.15795
"SNAP47",5.75598,5.10305,5.57636,5.98211,4.48039,5.54873,5.48517,5.82035
"SNAP91",0.408323,0.414999,0.298939,0.210526,0.376519,0.200457,0.288852,0.369932
"SNAPC1",3.50347,3.50429,3.85555,2.23148,4.07098,3.36498,3.9865,2.84738
"SNAPC2",20.5345,20.3019,17.3693,23.5426,22.5239,23.1333,19.0619,17.7179
"SNAPC3",9.25467,10.5957,11.9841,9.59043,9.78769,8.62728,10.4665,9.32245
"SNAPC4",3.02569,2.90147,3.1783,3.00363,2.91563,3.82,3.56767,2.75329
"SNAPC5",6.18308,7.31481,5.2495,4.82786,7.9293,4.88941,7.25026,6.34149
"SNAPIN",63.6052,67.5986,55.7532,61.4075,52.6948,56.2765,55.538,58.8766
"SNCA",24.832,19.8629,24.6011,20.4055,22.4619,16.8352,21.5614,19.1328
"SNCAIP",16.8515,13.8778,17.8193,16.4682,17.7889,12.0482,20.1384,16.521
"SNCB",0.79878,1.46875,0.349098,1.2774,1.02135,1.50884,0.887388,1.55606
"SNCG",24.4784,27.6624,19.8627,27.1593,22.2826,30.7547,18.956,22.5612
"SND1",97.9771,101.612,96.9542,109.965,100.016,101.106,98.2427,101.327
"SNED1",3.22864,3.59412,3.10125,4.13727,3.37759,4.08022,3.64154,4.06566
"SNF8",33.4804,34.4249,43.9413,36.2724,41.9224,37.5562,32.093,31.3448
"SNIP1",4.90142,4.63928,5.11261,4.37015,5.77074,4.35613,4.73754,4.77827
"SNN",26.6504,25.0836,26.2318,27.7593,29.043,27.0203,26.249,24.3564
"SNPH",2.14311,2.00846,2.04176,3.23816,2.66346,3.11193,1.80585,2.09531
"SNRK",34.8141,35.1236,35.5472,33.0138,33.7672,34.609,35.281,34.7908
"SNRNP200",31.4344,31.4272,31.419,35.1803,31.9921,34.9466,33.5304,33.1258
"SNRNP25",26.7075,25.2476,24.1055,21.3991,22.1095,22.8848,25.3034,25.7073
"SNRNP27",11.78,8.613,10.4384,8.98215,9.35241,8.20775,10.1458,8.52918
"SNRNP35",12.6119,10.6017,14.3812,16.7435,13.2829,10.4398,12.817,12.7443
"SNRNP40",43.413,46.0059,43.8827,41.8681,44.279,45.7196,41.9858,43.1737
"SNRNP48",5.22018,5.20823,4.71346,4.86468,4.91058,4.49698,5.22099,5.03581
"SNRNP70",34.2105,34.7315,35.8892,39.5461,37.3222,38.176,35.1798,33.5943
"SNRPA",252.071,224.592,260.196,278.727,261.119,250.152,247.666,221.521
"SNRPA1",12.8382,12.408,10.6254,12.6759,8.45199,11.1984,10.3923,11.377
"SNRPB",123.913,118.923,113.946,109.69,100.874,117.659,104.131,103.741
"SNRPB2",11.3165,10.3774,8.38082,12.1567,8.04193,9.76057,9.04676,10.0886
"SNRPC",231.113,260.696,229.794,213.69,192.752,218.827,210.19,231.52
"SNRPD1",16.8222,17.9406,19.6042,15.1234,13.8304,16.1425,17.24,18.0565
"SNRPD2",335.19,299.654,266.312,243.842,231.064,267.552,265.202,265.292
"SNRPD3",40.8581,41.3589,41.7087,34.7549,33.1014,36.5585,39.9127,36.311
"SNRPE",7.56945,9.0068,8.44058,7.03225,5.42618,7.87176,5.07161,6.55598
"SNRPF",20.6857,20.6205,17.9197,21.0843,12.3031,15.4046,15.9393,14.6108
"SNRPG",77.108,80.4671,76.8979,75.5631,59.3748,67.8783,55.6835,68.4529
"SNTA1",2.86217,2.92507,2.10242,2.32594,3.08557,2.45423,2.74831,2.40713
"SNTB1",0.760991,0.572169,0.567516,0.448104,0.630262,0.494533,0.558231,0.426946
"SNTB2",17.3033,20.0243,19.2195,18.1718,16.0732,16.8266,16.6921,20.6645
"SNTG1",0.571822,0.0767039,0.146506,0,0.226747,0.20982,0.238509,0.0724569
"SNTG2",0,0,0,0,0,0,0,0
"SNTN",0,0,0,0,0,0,0,0
"SNUPN",23.3869,22.7477,21.7724,27.4725,22.7322,18.798,17.9338,17.8809
"SNW1",28.7986,29.5131,28.7614,26.3388,25.0927,26.5223,29.1696,27.7311
"SNX1",14.7968,13.7636,15.4283,14.6027,14.3678,13.1036,14.9502,14.704
"SNX10",0.152922,0.417811,0.314757,0.686974,0.189905,0.502738,0.144016,0.333786
"SNX11",5.89844,4.8483,5.85274,6.36017,5.60951,5.43705,5.28677,5.89796
"SNX12",19.7932,20.5135,22.06,22.1165,21.7843,23.0438,19.8108,19.4444
"SNX13",6.61882,6.19659,7.31033,5.18662,5.25619,4.42321,6.77613,7.47226
"SNX14",4.70218,2.92216,1.3475,0.884044,2.56669,2.45974,4.06002,3.76594
"SNX16",1.35601,1.46784,1.68107,1.05956,1.91509,1.19751,1.40394,1.35681
"SNX17",36.5219,38.9432,36.6898,39.7319,41.5169,39.2436,36.1229,35.7183
"SNX18",5.07728,4.49283,5.35331,4.45007,5.25362,4.19173,3.83605,4.28057
"SNX19",31.1156,32.0132,31.783,30.6661,33.5634,30.719,34.2572,34.1909
"SNX2",15.0822,14.6142,14.8564,15.4312,12.4168,11.4806,11.4792,13.0073
"SNX20",0,0,0,0,0,0,0,0
"SNX21",2.76228,3.1968,3.64188,4.15405,3.05317,3.81165,2.67811,4.04462
"SNX22",0.289065,0.483822,0.545415,0.597918,0.601956,0.496781,0.360095,0.289205
"SNX24",5.17887,4.79645,4.46044,3.8109,2.94089,4.79879,3.47312,4.04368
"SNX25",7.00549,6.63129,7.75366,5.60634,7.64107,6.58129,7.75055,6.17627
"SNX27",9.75431,9.40147,11.7753,10.0927,10.2754,10.4944,10.8846,9.31549
"SNX29",2.48648,3.22489,2.74898,3.08326,3.04625,2.70171,3.1363,3.39847
"SNX3",124.023,127.855,126.661,118.179,112.443,107.783,123.362,125.862
"SNX30",1.86036,1.8143,2.12417,1.97794,1.98336,2.11383,2.09508,1.93974
"SNX31",0,0,0,0,0,0,0,0
"SNX32",0,0.132672,0.0418412,0.0382544,0,0.161792,0.0915363,0.0415075
"SNX33",6.34011,6.68036,6.1525,5.57122,6.56779,6.41731,5.32568,5.59252
"SNX4",7.52905,7.15521,6.33656,5.34881,6.30355,5.64011,5.68972,5.52129
"SNX5",51.7494,53.4408,52.0174,49.1313,48.5997,47.4867,52.1057,54.9251
"SNX6",31.1169,28.1176,28.2037,23.1161,27.5459,21.469,27.947,25.3303
"SNX7",10.7861,13.1535,12.0502,10.4833,10.9995,8.77251,11.4238,10.7053
"SNX8",3.31745,4.41702,3.73955,4.00241,3.72145,3.63471,2.97239,3.34802
"SNX9",19.687,14.6934,17.8047,14.2315,16.1589,14.6947,16.9418,15.2885
"SOAT1",5.87713,5.86776,6.11314,5.94733,5.87149,5.16603,6.24702,6.00305
"SOAT2",0,0,0,0,0,0,0,0
"SOBP",6.11004,5.61774,6.99608,6.45676,7.08366,6.08039,5.95706,5.76023
"SOCS1",2.08949,1.45039,2.07125,1.78017,2.20305,3.18925,1.16107,2.05074
"SOCS2",0.803224,0.491143,0.406262,0.418061,0.525027,0.542237,0.482388,0.571372
"SOCS3",2.29212,1.69819,2.26234,2.47167,2.77246,2.29788,1.9451,1.5149
"SOCS4",7.14703,6.98951,7.37635,5.79754,6.5559,6.00437,7.71287,6.84823
"SOCS5",3.21162,3.21429,3.68794,3.46481,3.54173,2.85781,3.89131,3.41607
"SOCS6",3.75086,3.39762,3.10821,2.66445,3.70434,3.23142,3.52621,3.40649
"SOCS7",1.12243,1.26436,1.49243,1.24753,1.30118,1.26429,1.49593,1.13278
"SOD1",68.3005,66.7834,56.9442,51.5667,49.198,52.8966,52.3666,61.5754
"SOD2",16.6793,10.753,17.2643,14.2441,14.788,12.4754,15.8858,10.7302
"SOD3",0,0,0,0,0,0,0,0
"SOHLH1",0,0,0,0,0,0,0,0
"SON",65.6642,63.8401,67.5713,60.3217,69.036,60.0461,69.1609,68.4875
"SORBS1",3.06524,2.84308,2.72359,2.3847,3.71653,2.75396,2.96459,2.95208
"SORBS2",21.1713,23.8569,22.8084,20.6907,22.5051,21.0012,26.3776,22.3202
"SORBS3",137.155,134.229,141.245,145.897,163.751,167.502,138.194,123.818
"SORCS1",0,0,0,0,0,0,0,0
"SORCS2",0,0,0,0,0,0,0.0116365,0
"SORCS3",0,0,0,0,0,0,0,0
"SORD",10.3314,11.6771,9.70194,12.3059,9.24583,12.5793,10.9479,10.1139
"SORL1",0.0570525,0.134397,0.0971945,0.109639,0.0887907,0.0841133,0.0757317,0.0853628
"SORT1",5.20136,4.71224,5.23033,4.97125,5.44017,5.33999,5.08487,4.95057
"SOS1",11.8948,11.3958,15.0089,11.8533,11.979,11.6139,15.0947,11.9763
"SOS2",10.3088,9.33756,11.6161,10.1735,9.63204,8.68404,15.1287,8.82538
"SOST",0,0.0315761,0.0595336,0,0,0,0,0.0591253
"SOSTDC1",0,0,0,0.103208,0,0,0,0
"SOWAHA",0,0,0,0,0,0,0,0
"SOWAHB",0,0,0.0228767,0,0,0,0,0
"SOWAHC",0.608581,0.533307,0.681037,0.457033,0.546589,0.611415,0.489928,0.608248
"SOWAHD",0,0,0.0908011,0,0,0,0,0
"SOX1",0,0,0,0,0,0,0,0
"SOX10",0,0,0,0,0,0,0,0
"SOX11",0.0288716,0.030916,0.0144737,0.0462617,0.00749202,0.00709355,0.0159704,0.0288093
"SOX12",9.09699,8.5366,8.834,9.38425,9.48954,10.9175,9.79256,8.21633
"SOX13",12.8121,13.4212,14.1192,13.7976,15.7147,15.9838,13.4597,12.2668
"SOX14",0,0,0,0,0,0,0,0
"SOX15",0.730206,0.839024,0.796489,0.582788,0.658127,0.970947,0.115839,0.157862
"SOX17",15.5674,12.3957,14.4438,13.9702,16.0185,14.0343,13.4583,11.1417
"SOX18",263.558,204.213,279.206,256.347,311.416,280.706,247.474,253.192
"SOX2",0,0.171937,0.053983,0.221989,0.0837459,0.131241,0.296349,0.268133
"SOX21",0.0535104,0.0286685,0.108014,0,0.0279275,0.078778,0.0592958,0
"SOX3",0,0,0,0,0,0,0.073292,0
"SOX30",0,0,0,0.0370503,0,0.0235794,0.0892006,0.0403109
"SOX4",46.4519,49.5382,50.107,53.8574,41.8698,41.3188,51.2365,43.4695
"SOX5",0.155946,0.0641429,0.0752509,0.0824863,0.171325,0.0441163,0.0475209,0.134709
"SOX6",0.0643196,0.136822,0.0716542,0.0814204,0.14736,0.0418507,0.0302733,0.0427823
"SOX7",133.808,111.567,130.607,116.911,139.278,125.754,134.915,119.784
"SOX8",0.195044,0.301826,0.109175,0.299246,0.180705,0.4681,0.192035,0.173609
"SOX9",0,0,0,0,0,0.0162163,0,0
"SP1",19.8923,20.1218,21.6797,20.4036,19.0165,19.4748,21.4241,20.8373
"SP100",36.5351,34.5343,37.4266,36.6219,33.0022,30.3997,40.7905,34.5998
"SP110",10.2804,9.89866,11.3725,12.0385,9.05672,9.49176,9.90345,10.5249
"SP140",0,0,0,0,0.0210822,0,0,0
"SP140L",5.99772,3.9728,4.18501,4.28001,5.54548,3.97076,3.69935,4.20527
"SP2",28.7143,27.0273,30.4731,32.2261,31.7413,33.0353,30.711,29.2707
"SP3",7.65029,8.89206,9.12934,7.8053,8.94367,6.43219,8.11752,8.77586
"SP4",4.34939,3.88354,4.93377,3.23395,4.85931,3.28429,4.36884,5.01541
"SP5",0,0,0,0,0,0,0,0
"SP6",0.223045,0.349188,0.155342,0.299584,0.250036,0.303305,0.18997,0.240265
"SP7",0,0.0237941,0,0,0.0463842,0,0.0739559,0
"SP8",0.0359251,0,0,0.0165095,0.0561112,0,0,0.0539162
"SP9",0,0,0,0,0,0,0,0
"SPA17",1.53516,2.56382,1.84428,2.25171,1.44879,3.1682,1.99442,2.42905
"SPACA1",0,0,0,0,0,0,0,0
"SPACA3",0,0,0,0,0,0,0,0
"SPACA4",0,0,0,0,0,0,0,0
"SPACA7",0,0,0,0,0,0,0,0
"SPAG1",0.677389,0.279183,0.471992,0.510984,0.567328,0.731818,0.675184,0.608004
"SPAG11B",0,0,0,0,0,0,0,0
"SPAG16",1.3075,1.21128,0.849184,0.554913,0.814125,1.33862,0.396227,0.780873
"SPAG17",0.0266506,0.0761049,0.0356474,0.0488335,0.119937,0.0611065,0.0294878,0.0177359
"SPAG4",0.797301,1.72292,1.17754,1.40869,1.2108,1.66579,1.20477,1.00017
"SPAG5",20.2692,19.5881,23.5365,21.9252,19.4798,19.8898,22.8966,21.4024
"SPAG6",0,0,0,0,0.053323,0,0,0
"SPAG8",0.124084,0.266059,0,0,0.0433517,0.243238,0.0458837,0.13762
"SPAG9",6.94302,6.23865,6.81615,5.33239,6.36701,5.45154,6.70215,5.91543
"SPAM1",0,0,0,0,0,0,0,0
"SPANXA2",0,0,0,0,0,0,0,0
"SPANXC",0,0,0,0,0,0,0,0
"SPANXN1",0,0,0,0,0,0,0,0
"SPANXN2",0,0,0,0,0,0,0,0
"SPANXN3",0,0,0,0,0,0,0,0
"SPANXN4",0,0,0,0,0,0,0,0
"SPANXN5",0,0,0,0,0,0,0,0
"SPARC",852.868,951.048,977.991,1078.73,996.771,938.592,890.174,990.382
"SPARCL1",0.0228353,0,0.0230166,0,0,0,0,0
"SPAST",4.89895,4.84795,5.30895,3.52111,3.99709,4.25057,6.021,4.6807
"SPATA12",0.726687,0.598988,0.564404,0.541575,0.758789,0.658302,0.681437,1.0932
"SPATA13",2.91831,3.72759,3.95682,4.16024,3.41107,3.79803,3.69709,3.8313
"SPATA16",0,0,0,0,0,0,0,0
"SPATA17",0.361849,0.0646934,0.246275,0.0563281,0,0.118111,0.201049,0.121932
"SPATA18",4.40334,5.09778,4.88793,4.25886,5.16898,4.78272,4.87109,5.25783
"SPATA19",0,0,0,0,0,0,0,0
"SPATA2",5.16354,6.0445,6.06054,6.76976,6.47105,6.61029,6.81397,6.66609
"SPATA20",20.7059,23.6156,19.8851,22.9955,24.5476,24.521,22.4824,22.1433
"SPATA21",0,0,0,0,0,0,0,0
"SPATA22",0,0.062296,0.0592453,0,0,0.170648,0,0.156523
"SPATA24",2.04159,2.13544,1.16621,2.34808,3.11735,2.26787,2.45785,3.60305
"SPATA25",0.489403,0.263041,0,1.17018,0.787934,0.238616,0,0.37681
"SPATA2L",1.07314,0.638893,0.542082,1.01842,1.33905,1.19927,1.15704,0.927204
"SPATA3",0,0,0,0,0,0,0,0
"SPATA4",0,0,0,0,0,0,0,0.0610877
"SPATA6",2.86001,8.03479,7.06863,5.28074,5.63215,7.26352,2.54719,2.8205
"SPATA7",3.82561,3.47048,3.14095,3.47057,3.11357,2.76437,2.37636,3.53763
"SPATA9",0,0,0,0,0.0640125,0,0,0
"SPATC1",0,0,0,0,0,0,0,0
"SPATS1",0,0,0,0,0,0,0,0
"SPATS2",23.3066,19.7644,22.6074,19.652,19.5999,18.7239,24.7952,20.9815
"SPATS2L",32.4064,36.6287,38.5155,37.9989,33.1596,32.596,35.1507,38.7404
"SPC24",9.47107,11.3605,9.8582,8.56268,8.15738,10.9594,10.5919,8.60719
"SPC25",9.62457,7.81467,11.1354,7.85444,7.55218,7.93694,7.42852,7.79422
"SPCS1",168.83,156.928,152.811,152.473,129.675,141.644,134.451,154.032
"SPCS2",4.76432,6.5064,4.87498,4.34605,5.14056,5.01435,4.48764,4.72215
"SPCS3",30.2114,32.526,32.4064,29.6726,28.3238,29.0099,32.1199,33.279
"SPDEF",0,0,0,0,0,0,0,0
"SPDYA",0.061952,0,0.189844,0.463191,0,0.0606659,0,0.062653
"SPDYC",0,0,0,0,0,0,0,0
"SPDYE1",0.454074,0.324347,0.458048,0.465059,0.631682,0.965694,0.614903,0.303393
"SPDYE2",0,0,0,0,0,0,0,0
"SPDYE3",0.351533,0.199376,0.312419,0.418633,0.775682,0.385776,0.229038,0.434735
"SPDYE4",0,0,0,0,0,0,0,0
"SPDYE5",1.20247,0.778397,0.758145,1.33923,0.810219,1.57375,1.33228,0.979146
"SPDYE6",1.25765,0.718576,1.43574,1.52394,1.66006,1.23483,1.85727,0.734506
"SPECC1",5.19028,6.67356,6.53836,6.33375,5.27227,6.47068,5.62054,6.97937
"SPECC1L",17.7399,18.5445,17.5505,18.3144,18.9524,18.2503,19.7952,18.3316
"SPEF1",0,0.0480403,0,0,0,0,0,0.0451233
"SPEF2",0.260752,0.338192,0.24631,0.122624,0.303942,0.239982,0.122761,0.246906
"SPEG",1.49406,1.86644,1.79244,1.69377,1.87392,2.27653,1.39405,2.0838
"SPEM1",0,0,0.412549,0,0,0.0784928,0.268033,0.0815433
"SPEN",19.562,19.026,20.2197,21.1273,22.7824,24.7955,22.9134,19.4415
"SPG11",6.60526,7.0737,8.18497,7.14061,8.31516,7.05074,6.98427,8.42726
"SPG21",55.3734,55.6102,55.3867,57.2532,56.3718,55.1379,52.6737,60.8023
"SPG7",17.7602,19.9279,20.6188,22.2362,21.7039,20.2636,19.7825,20.6799
"SPHK1",26.9458,24.0078,31.1645,31.1765,34.7641,32.2293,34.2824,20.4411
"SPHK2",8.37565,7.89996,7.4001,10.1987,7.38207,8.50355,7.51043,9.44757
"SPHKAP",0,0,0,0,0,0,0,0
"SPI1",0,0,0,0,0,0,0,0
"SPIB",0,0,0,0,0,0,0,0
"SPIC",0,0,0,0,0,0,0,0
"SPICE1",2.2953,1.97534,2.43753,1.73232,1.57348,1.6365,2.09927,1.52192
"SPIN1",18.1757,17.3607,21.239,18.0947,17.8761,17.3932,18.9007,18.9949
"SPIN2A",0,0,0,0,0.0586386,0,0.247527,0
"SPIN2B",2.19689,1.87683,1.05552,1.77257,1.41535,1.66459,1.27805,1.38076
"SPIN3",4.39427,3.12616,3.18341,2.05173,4.00966,3.90094,2.18838,3.67005
"SPIN4",5.40442,6.14318,5.76697,5.89034,5.11636,5.00241,6.03555,7.22826
"SPINK1",0,0,0,0,0,0,0,0
"SPINK13",0,0,0,0,0,0,0,0
"SPINK14",0,0,0,0,0,0,0,0
"SPINK2",0,0,0,0,0,0,0,0
"SPINK4",0,0,0,0,0,0,0,0
"SPINK5",0.0873743,0.13104,0.068783,0.0837959,0,0.0352188,0.125163,0.053821
"SPINK6",0,0,0,0,0,0,0,0
"SPINK7",0,0,0,0,0,0,0,0
"SPINK8",0,0,0,0,0,0,0,0
"SPINK9",0,0,0,0,0,0,0,0
"SPINT1",0.406276,0.75762,0.824602,0.883995,0.788092,1.05368,0.514614,0.942137
"SPINT2",1.82039,2.2066,1.29302,2.05703,2.03699,1.65904,2.26015,1.99364
"SPINT3",0,0,0,0,0,0,0,0
"SPINT4",0,0,0,0,0,0,0,0
"SPIRE1",13.3449,10.1233,13.5602,9.76378,13.2222,10.3814,14.4353,10.3789
"SPIRE2",0.182477,0.238925,0.142929,0.167892,0.211242,0.278715,0.269462,0.10148
"SPN",0,0,0,0.00842944,0,0,0,0
"SPNS2",13.8457,14.0996,14.6457,17.1581,18.0862,17.1334,14.0905,13.926
"SPNS3",0.0366238,0,0,0.0339031,0.0766749,0.179604,0.040617,0.0368083
"SPO11",0,0,0,0,0,0,0,0
"SPOCD1",36.8628,33.787,31.7077,31.9421,36.365,40.9433,37.6998,30.4694
"SPOCK1",365.449,388.911,416.302,415.936,359.408,371.375,437.408,410.194
"SPOCK2",0.0720239,0.0257085,0.060274,0.161051,0.0249504,0.141525,0.0398538,0.0599593
"SPOCK3",0.472286,0.323976,0.145069,0.446922,1.00975,0.281012,0.47899,0.387597
"SPON1",0.174628,0.0935132,0.0501135,0.0228863,0.2334,0.171558,0.165666,0.0747747
"SPOP",13.8022,11.8022,13.0073,11.929,11.9204,10.9297,11.7078,13.2949
"SPOPL",1.70946,1.28313,1.64186,1.17779,1.50117,1.32241,1.98608,1.47951
"SPP1",0,0,0,0,0,0,0,0
"SPP2",0,0,0,0,0,0,0,0
"SPPL2A",13.1932,13.0933,14.4453,12.2672,13.6963,10.6382,12.6317,13.7739
"SPPL2B",7.78661,9.67156,9.34924,10.4689,11.2646,13.4296,10.5458,9.64063
"SPPL2C",0,0,0,0,0,0,0,0
"SPPL3",19.9836,17.1919,18.2151,17.944,19.9454,16.9258,17.2781,18.4819
"SPR",13.4639,13.9014,12.3278,13.7467,12.8273,14.0167,11.0847,13.7537
"SPRED1",0.758589,0.840359,0.734727,0.846737,0.624759,0.702603,0.67533,0.913898
"SPRED2",9.75349,8.81772,12.2161,10.7572,13.8607,10.2798,10.1682,8.52561
"SPRED3",14.8101,14.924,13.5082,15.4317,15.7404,15.9817,15.5334,17.0349
"SPRN",0.436009,0.200183,0.35551,0.496763,0.346156,0.428102,0.344933,0.270219
"SPRR1A",0,0,0,0,0,0,0,0
"SPRR1B",0,0,0,0,0,0,0,0
"SPRR2A",0,0,0,0,0.143768,0,0,0
"SPRR2B",0,0,0,0,0,0,0,0
"SPRR2D",0,0,0,0,0,0,0,0
"SPRR2E",0,0,0,0,0,0,0,0
"SPRR2F",0,0,0,0,0,0,0,0
"SPRR2G",0,0,0,0,0,0,0,0
"SPRR3",0,0,0,0,0,0,0,0
"SPRR4",0,0,0,0,0,0,0,0
"SPRY1",1.11579,1.23143,2.38659,0.299573,3.45068,0.638562,0.908322,0.413307
"SPRY2",18.8537,12.8178,18.7634,16.0276,19.2121,14.736,17.9258,18.5884
"SPRY3",0,0,0,0,0,0,0.0538738,0
"SPRY4",7.03088,6.56435,7.99115,6.095,8.10028,6.94584,8.29222,6.69825
"SPRYD3",6.84952,7.3141,7.13117,8.53493,8.88514,8.4999,7.3871,5.75099
"SPRYD4",6.76214,7.80457,6.24645,8.29346,6.01642,8.16518,7.4608,7.50746
"SPRYD7",1.68818,2.00642,1.54486,1.68381,1.80806,1.59485,2.07223,1.38677
"SPSB1",16.9532,18.3427,23.4233,22.4949,19.6833,21.0784,22.6198,19.4357
"SPSB2",1.6785,0.934717,1.39706,1.93158,1.24646,0.925958,1.31353,0.5662
"SPSB3",1.27856,1.18119,1.18929,1.64428,1.43024,1.7424,1.1678,1.2146
"SPSB4",0.056001,0,0,0,0.0584757,0.0274792,0,0.0561643
"SPTA1",0,0.0421242,0.0157799,0.0288215,0.00816787,0.00773167,0.0174088,0.0157036
"SPTAN1",85.2355,96.6961,81.9746,94.8938,90.1046,98.2118,85.8031,90.4101
"SPTB",0.132153,0.283668,0.208225,0.296748,0.0840686,0.295567,0.159369,0.27678
"SPTBN1",72.6462,70.535,69.3059,74.5025,76.7291,76.0124,71.0116,80.9357
"SPTBN2",1.53215,1.87251,1.23779,1.28585,1.39299,1.79717,1.8013,1.3871
"SPTBN4",0,0.0298677,0,0.0199015,0.00752039,0,0,0
"SPTBN5",0.726778,0.862786,0.877314,1.13701,1.45999,1.09191,0.973547,1.11137
"SPTLC1",42.8647,43.975,48.7957,49.5628,53.2397,41.6756,55.7898,50.398
"SPTLC2",19.6216,21.6729,22.6036,20.2251,21.2596,19.89,22.8533,23.4425
"SPTLC3",0.764442,1.03566,0.763904,0.874207,1.11828,1.3035,0.766319,1.60029
"SPTSSA",8.12543,6.87741,7.21788,8.79439,6.80144,7.17575,7.22081,6.20266
"SPTSSB",0,0,0,0,0,0,0,0
"SPTY2D1",4.77346,4.45706,4.96578,4.19205,4.18753,3.56758,5.24409,4.63742
"SPZ1",0,0,0,0,0,0,0,0
"SQLE",24.0375,22.4488,25.2157,21.9017,23.5292,19.1709,23.453,21.4531
"SQSTM1",110.613,100.002,111.178,110.635,124.19,111.299,105.697,91.0776
"SRBD1",2.00793,1.99822,2.95742,2.3525,2.19436,1.68943,2.39686,2.13193
"SRC",10.5719,9.41631,9.2642,12.1094,12.7323,11.4081,11.4027,9.62164
"SRCAP",32.2036,31.8454,32.8297,35.1541,36.8112,40.626,38.7518,37.7205
"SRCIN1",0,0,0.00900998,0.0246857,0.0186537,0.0176505,0,0
"SRD5A1",8.91895,9.53241,7.4576,8.93895,7.02046,10.3688,5.57842,9.17154
"SRD5A2",0,0,0,0,0,0,0,0.0828758
"SRD5A3",19.0245,24.7176,19.9718,23.441,17.6191,22.1229,15.6036,17.9422
"SREBF1",3.86994,3.61269,3.49369,4.6308,4.27855,4.49529,4.23989,3.97155
"SREBF2",37.7117,41.9222,44.2862,41.0869,45.001,43.3745,42.0872,40.6492
"SREK1",8.49164,7.74966,8.818,8.18061,8.09263,6.78916,8.33952,7.18449
"SREK1IP1",4.65553,4.19895,5.27296,4.83057,4.55252,4.36636,4.5414,4.96509
"SRF",26.2564,19.4905,26.4272,22.1458,27.1183,19.7613,26.2406,17.9649
"SRFBP1",1.45293,1.48134,1.41751,0.885057,1.00195,1.12726,0.934591,1.1973
"SRGAP1",2.64471,3.18122,2.81785,2.34086,2.43695,2.70564,3.30796,3.02273
"SRGAP2",81.6302,85.1934,84.9833,79.7493,87.2857,81.6712,89.7184,85.8739
"SRGAP3",0.0142418,0.0076205,0,0.0326123,0.00738578,0,0,0.0211533
"SRGN",66.2477,71.7246,67.57,67.6355,52.3985,59.1851,55.3669,61.6269
"SRI",24.187,31.3398,28.4274,23.5889,23.8373,20.2456,23.6339,25.3489
"SRL",0.138136,0.180769,0.0462931,0.436803,0.239528,0.226135,0.0849582,0.0460371
"SRM",468.943,444.113,452.048,472.847,445.588,575.413,504.58,484.964
"SRMS",0,0,0,0,0,0,0,0
"SRP14",66.6883,68.8428,56.6888,48.5061,47.8794,50.2496,53.5321,46.4249
"SRP19",10.3147,11.0086,11.2156,7.75881,8.75317,7.44236,7.66321,9.20437
"SRP54",26.7269,27.259,25.3635,23.4293,24.3595,21.548,26.3592,24.5601
"SRP68",23.7947,25.6948,26.1363,25.6916,24.1059,23.1496,21.0065,23.3373
"SRP72",31.5755,32.5344,30.8561,28.5293,27.9005,26.9301,29.7049,30.1888
"SRPK1",26.1792,25.8333,28.3029,24.2664,23.255,22.1954,24.3026,27.8733
"SRPK2",93.4218,75.4757,129.91,107.851,113.25,107.63,102.595,61.6816
"SRPK3",0.0728789,0.117179,0.0737988,0,0.0381392,0,0,0
"SRPRB",4.02111,5.26558,3.67463,4.91724,3.38414,5.17093,4.3765,5.20632
"SRPX",135.356,133.404,139.426,154.313,153.969,140.678,128.642,130.071
"SRPX2",51.384,49.5168,59.547,58.0373,54.4368,52.3476,56.7054,52.5871
"SRR",6.89809,6.54761,5.64718,6.76387,5.47182,4.93094,7.10243,5.20125
"SRRD",5.99085,5.99739,6.98201,5.69506,6.72892,4.2471,5.83142,5.2445
"SRRM1",90.3645,78.8392,88.579,88.5104,83.1476,81.8846,100.111,83.0861
"SRRM2",242.487,229.645,265.151,257.232,276.843,272.385,301.775,268.544
"SRRM3",0.650204,0.425638,0.599779,0.531325,0.752222,0.35474,0.279991,0.813148
"SRRM4",0,0,0.0148988,0.00680298,0,0,0.0164386,0
"SRRT",24.8329,27.6537,24.4554,27.607,25.8921,31.2045,24.3749,24.4906
"SRSF1",35.8445,36.7892,38.0448,33.5015,33.9009,34.2482,33.5912,37.1673
"SRSF10",0.413618,0.234619,0.280205,0.244671,0.167465,0.290821,0.0479156,0.173271
"SRSF11",31.2742,31.2988,32.5384,30.0081,28.8031,27.1042,33.6353,31.462
"SRSF12",0.127027,0.0388776,0.0913082,0.033366,0.207845,0.160387,0.261224,0.145247
"SRSF3",129.539,125.077,129.381,126.95,111.532,114.829,122.609,124.941
"SRSF4",57.3493,49.7083,55.5306,53.3057,53.7245,55.5402,57.8604,48.572
"SRSF5",58.3827,50.6503,54.5821,44.184,47.3659,48.6504,50.9454,48.6429
"SRSF6",45.9336,51.2461,46.2979,46.0585,44.3511,45.8735,48.3357,48.6062
"SRSF7",72.9282,82.7399,78.2824,59.841,56.9162,60.6641,62.8662,63.4735
"SRSF8",12.6313,13.4594,10.4889,11.4327,12.8767,12.7666,10.8128,12.813
"SRSF9",70.8715,61.6927,69.8791,67.3418,58.7698,61.5632,55.8422,76.5205
"SRXN1",12.4673,13.9161,12.5198,14.9037,14.4468,14.7021,12.0004,13.3791
"SRY",0,0,0,0,0,0,0,0
"SS18",49.7645,45.9986,53.4449,46.983,48.9741,43.3329,49.3443,54.0059
"SS18L1",3.19739,2.21126,2.99358,3.31731,2.8957,3.16556,3.39011,3.56126
"SS18L2",2.93012,2.78506,3.22561,3.78851,1.4112,2.26681,2.56688,3.29299
"SSB",18.2626,19.0478,19.0666,17.8144,18.3215,15.077,15.0476,18.7072
"SSBP1",25.7327,26.2013,21.4114,22.3819,19.4166,19.0341,18.4918,15.4626
"SSBP2",2.18229,2.58318,1.86027,2.6599,2.09963,2.58557,1.92876,2.1398
"SSBP3",54.1176,57.5915,50.6311,63.0011,54.453,66.5246,50.4412,54.6602
"SSBP4",45.1937,50.172,44.9372,58.7129,50.0943,68.2445,40.1728,52.2512
"SSC5D",0.810762,1.23249,0.656856,1.65592,1.14209,1.56726,1.25924,1.31979
"SSH1",21.8959,21.0854,22.3373,21.1271,25.4028,22.2269,23.3932,23.03
"SSH2",117.962,93.1264,113.626,105.183,115.039,99.1963,103.928,107.156
"SSH3",6.28297,7.04252,5.82099,6.99601,8.03309,7.66047,6.90341,6.29619
"SSNA1",26.1231,24.6765,22.3547,27.1861,23.7695,24.7917,23.9886,24.7571
"SSPN",0.0297091,0.0318209,0.0448006,0.0272791,0.0463622,0.0291817,0.0328885,0.0853165
"SSR1",146.527,170.372,167.246,163.441,151.297,141.044,149.087,160.696
"SSR2",336.128,366.601,366.694,388.67,348.141,337.596,337.529,344.254
"SSR3",44.7475,47.3654,45.4248,39.9906,39.5526,39.4246,41.8332,43.0674
"SSR4",241.243,269.92,245.447,225.879,205.954,234.117,207.844,230.916
"SSRP1",58.4589,60.9691,56.4895,63.9975,56.1043,55.6656,54.3133,54.5733
"SST",0,0,0,0,0,0,0,0
"SSTR1",0.933964,0.548586,0.620887,0.608653,1.04997,0.695437,0.983901,0.466867
"SSTR2",0,0,0.0225158,0,0.069875,0.0658043,0,0
"SSTR3",0,0,0,0,0,0,0,0
"SSTR4",0,0,0,0,0,0,0,0
"SSTR5",0.100576,0.161669,0.0253158,0.394115,0.236158,0.0246251,0.111443,0.0251541
"SSU72",162.432,172.13,166.107,155.221,150.729,150.972,150.325,150.288
"SSX1",0,0,0,0,0,0,0,0
"SSX2",0,0,0,0,0,0,0,0
"SSX2IP",0.617352,0.416489,0.593766,0.767346,0.499922,0.494298,0.421981,0.584051
"SSX3",0,0,0,0,0,0,0,0
"SSX4B",0,0,0,0,0,0,0,0
"SSX5",0,0,0.0600005,0,0.185855,0,0,0
"SSX7",0,0,0,0,0,0,0,0
"ST13",112.995,114.602,115.55,110.825,111.316,101.596,118.503,110.561
"ST14",0,0,0.0400899,0,0,0,0,0.0199255
"ST18",0,0,0,0,0,0,0,0
"ST3GAL1",18.6485,19.845,20.7711,19.7994,19.7143,18.4104,20.1508,17.3183
"ST3GAL2",10.2537,9.80752,9.68912,11.4085,9.99343,12.2785,11.0474,9.6124
"ST3GAL3",15.6183,13.2651,14.1192,11.5199,13.4945,14.6875,16.0994,12.8179
"ST3GAL4",6.44084,6.25273,5.95222,4.90389,7.507,7.39205,6.78623,6.0384
"ST3GAL5",2.68711,4.36729,2.4522,4.54692,3.09459,4.43452,2.3724,4.11146
"ST3GAL6",14.6449,8.06976,9.80701,5.9253,12.8674,14.0615,12.6601,7.18977
"ST6GAL1",68.1483,60.3591,75.5139,70.1379,70.2342,62.2366,71.6122,70.624
"ST6GAL2",0,0,0,0.00854859,0,0,0.0103253,0
"ST6GALNAC1",1.8364,1.99258,1.61831,1.97805,1.49597,1.92879,1.6772,1.83186
"ST6GALNAC2",0.390123,0.38326,0.230133,0.390634,0.271929,0.478429,0.28834,0.391693
"ST6GALNAC3",19.4675,18.0072,23.6106,17.0687,20.7072,16.219,19.21,17.6361
"ST6GALNAC4",47.2393,65.0841,51.1885,72.6322,53.04,72.7328,42.374,54.4155
"ST6GALNAC5",0,0,0,0,0,0,0,0
"ST7L",2.93068,4.20209,3.81315,3.8209,3.15356,3.20743,3.67936,3.57459
"ST8SIA1",0,0,0,0.0177441,0,0.00635065,0,0
"ST8SIA2",1.06,0.672493,0.680984,1.5414,0.575921,1.07092,1.17835,1.06275
"ST8SIA3",0,0,0,0,0,0,0,0
"ST8SIA4",9.19464,10.797,9.768,11.4227,9.31304,8.1013,9.77425,10.6428
"ST8SIA5",0,0.0273326,0,0,0.0266177,0,0.0282645,0
"ST8SIA6",2.48797,5.8517,9.40851,7.01533,4.80474,10.0952,2.74255,8.13143
"STAB1",29.209,35.589,31.5804,45.5289,33.0751,43.7405,35.1514,39.8034
"STAB2",0.107218,0.0738074,0.0844761,0.0280532,0.0636021,0.0677362,0.0169457,0.0917123
"STAC",0.111752,0.119726,0.135144,0.0411597,0.0699006,0.087771,0,0.0223847
"STAC2",0.0401131,0,0,0,0,0,0,0
"STAC3",0.129141,0.0461503,0.262126,0,0.225723,0.126607,0.143298,0.0433319
"STAG1",10.2284,6.13897,7.7462,8.49517,8.82252,6.64479,8.73381,8.83039
"STAG2",9.81563,9.25709,10.0922,8.58568,9.61337,7.86317,10.2547,8.18961
"STAG3",0.107722,0.115383,0.201143,0.127204,0.22415,0.226736,0.204447,0.138478
"STAM",26.6074,23.8199,28.8391,26.4695,26.5507,22.5115,27.4461,24.7399
"STAM2",5.52798,5.22979,6.28467,4.98263,5.21204,3.85916,5.56312,5.29578
"STAMBP",10.8211,11.8631,12.1684,10.5275,11.1412,9.73357,12.3325,11.6886
"STAMBPL1",0.130803,0.245324,0.0661419,0.151135,0.170961,0.0962454,0.326289,0.032834
"STAP1",0,0,0,0.0440943,0.049815,0.046495,0,0
"STAP2",0.525095,0.406387,0.0884001,0.619379,0.639898,0.400772,0.743645,0.32192
"STAR",0.148609,0.371526,0.149886,0.06848,0.206709,0.291749,0.219531,0.372311
"STARD10",7.59274,6.05359,6.0104,7.1941,6.71551,6.28782,6.13508,5.56042
"STARD13",4.63724,4.19035,4.12997,4.62488,3.64058,4.22146,3.8423,4.60296
"STARD3NL",29.6508,26.2382,33.3723,28.3144,25.636,22.1397,28.1536,26.4851
"STARD4",13.463,13.7847,15.057,12.1827,11.7478,11.7689,15.1885,15.3441
"STARD5",1.11722,1.13837,1.25272,1.71887,1.64644,2.29813,1.98565,1.80507
"STARD6",0,0,0,0,0,0,0,0
"STARD7",67.7415,61.951,63.5057,63.9752,57.8931,61.0104,62.4531,61.8887
"STARD8",5.12409,6.22737,4.86797,5.63897,4.69093,5.82964,4.31639,5.27977
"STARD9",2.89955,2.59698,2.93308,2.58704,3.42647,2.93986,3.26912,3.12428
"STAT1",101.714,86.5835,89.6367,81.3673,103.169,76.5558,89.6703,90.1912
"STAT2",8.25767,6.54093,6.59707,7.12511,7.71958,7.05198,7.56507,6.82035
"STAT3",32.6844,35.3953,37.1259,35.7749,35.4709,33.8168,35.3435,35.7743
"STAT4",3.4567,2.28977,2.52796,3.31837,1.20118,1.92552,2.93817,1.84326
"STAT5A",2.97969,3.6217,2.73983,4.57012,3.63389,4.31152,3.42354,3.90131
"STAT5B",14.7976,13.5144,13.7311,13.0861,13.8048,14.184,13.4549,14.0714
"STAT6",22.8169,25.2864,26.2627,32.9312,29.652,35.6099,28.0114,28.3074
"STATH",0,0,0,0,0,0,0,0
"STAU1",101.763,102.113,105.543,94.6804,103.141,91.7902,104.285,106.155
"STAU2",19.4421,17.4216,19.0393,17.3009,20.201,16.232,21.9774,16.1607
"STC1",0.519812,1.25729,0.725259,0.67794,0.349054,0.889302,0.668359,0.821777
"STC2",2.46978,2.15018,2.58419,2.32522,2.28186,2.31513,2.35916,2.41175
"STEAP1",31.5359,30.2796,31.4054,24.1315,30.4849,24.8546,25.0134,28.226
"STEAP1B",14.1617,21.7639,15.0548,15.9295,15.7591,20.7451,15.4703,16.5392
"STEAP2",1.17879,0.889318,0.911255,0.986155,0.8201,0.972401,1.12752,0.88781
"STEAP3",3.54347,5.31326,3.46525,5.49524,4.03288,5.61925,3.66532,4.0345
"STEAP4",0.0329181,0,0,0,0,0,0,0
"STH",0,0,0,0,0,0,0,0
"STIL",10.6138,11.0814,11.9471,9.98747,8.43449,9.27409,12.7975,10.9639
"STIM2",4.24193,5.19573,3.68917,4.6541,4.39716,5.05231,4.38005,4.99579
"STIP1",99.6368,104.657,108.467,104.368,99.4947,104.533,102.966,97.2362
"STK10",6.2798,5.786,5.88176,4.88916,6.16041,5.95647,5.74706,5.61215
"STK11",6.71611,7.38653,7.88906,6.54834,9.30251,10.1359,6.94632,8.26641
"STK11IP",1.82159,1.79343,1.51118,2.49876,1.86844,2.31832,1.58376,2.0275
"STK16",6.48037,6.83763,6.09447,7.29846,6.84695,5.94264,6.07585,7.12227
"STK17A",6.63921,5.16559,6.4117,4.89173,6.93287,5.01216,6.3999,5.00627
"STK17B",3.6737,2.54843,3.93889,3.80441,3.47972,3.43676,4.03009,3.7251
"STK19",0,0,0,0,0,0,0,0
"STK24",27.7095,25.424,27.8752,27.5056,28.8101,25.8686,25.747,28.5874
"STK25",80.9655,81.8553,86.6055,83.4828,81.2896,81.3925,78.301,74.9568
"STK3",2.35062,2.21623,3.9102,1.99212,2.2062,1.6153,2.6301,2.37467
"STK31",0,0.0215715,0,0.037054,0,0,0,0
"STK32A",0,0,0,0,0,0,0,0
"STK32B",2.34299,3.22734,2.81747,3.3804,2.18514,2.87267,2.91913,2.97686
"STK32C",0.355515,0.379372,0.554736,0.715847,0.371204,0.537575,0.305501,0.630963
"STK33",1.95986,1.74546,1.08194,1.50318,1.05629,1.50386,1.74797,1.65463
"STK35",7.40101,6.90723,8.26245,8.57551,8.46574,8.74549,7.67437,8.18156
"STK36",7.0892,5.87809,6.32349,7.9389,6.78787,7.009,6.12848,7.64263
"STK38",26.0824,27.1674,29.8255,27.6125,28.3405,25.4915,24.6615,29.8852
"STK38L",8.61886,8.34881,8.41432,7.40997,8.14672,6.30211,7.5873,7.91821
"STK39",5.89683,7.84855,8.21504,10.1086,6.57239,6.64584,7.93002,7.84659
"STK4",5.60173,5.89145,6.44792,5.09759,6.31974,5.45484,6.65415,5.68371
"STK40",9.57275,8.13473,9.32339,10.0539,11.0529,11.0168,10.4268,8.96973
"STMN2",0,0,0,0,0,0,0,0
"STMN3",0.150584,0.355016,0.395603,0.556233,0.377603,0.472831,0.367206,0.785729
"STMN4",0,0,0,0,0,0,0,0
"STOM",128.944,139.695,125.272,129.193,121.922,125.019,116.296,141.78
"STOML1",1.04884,1.06291,0.582567,0.792529,2.11984,1.06101,0.498752,1.32992
"STOML2",72.8021,73.0577,70.0683,83.1231,69.9085,70.0536,69.4302,72.324
"STOML3",0,0,0.0732387,0,0,0,0,0
"STON2",0,0,0,0,0.00499463,0.00473254,0,0
"STOX1",0.0847966,0,0.085422,0,0.0883708,0.0832564,0.340209,0.0424496
"STOX2",0.0276628,0,0,0.0634768,0.0143839,0.067935,0.0153102,0.069119
"STRA6",0,0,0,0,0,0,0,0
"STRA8",0,0,0,0,0,0,0,0
"STRADA",35.2738,35.0121,31.3699,34.324,33.3015,36.9806,30.6591,35.641
"STRADB",14.9925,15.4863,16.5456,15.1014,15.0556,13.268,15.4682,17.3174
"STRAP",103.758,109.365,103.678,99.3216,97.7252,105.659,99.0717,101.463
"STRBP",2.22237,2.23934,2.37559,1.8416,2.38214,1.77098,2.43687,2.24939
"STRC",0,0,0.0116798,0,0.0481535,0.0227755,0.025639,0.0116603
"STRN",5.8169,5.72721,5.92875,4.78753,5.56053,5.25699,6.45051,5.11374
"STRN4",59.7403,52.564,60.202,71.8986,56.5745,72.7145,53.5148,56.6103
"STT3A",131.373,154.736,128.498,138.476,124.868,122.393,149.952,139.092
"STT3B",17.8305,16.7245,17.9792,16.9555,17.5714,15.3785,16.8448,16.6531
"STUB1",16.5764,16.204,13.5903,17.4468,16.5071,18.8131,16.3789,15.0847
"STX10",22.4447,24.4073,26.4171,27.3548,29.8473,29.6681,21.6125,27.1163
"STX11",1.76143,1.30397,1.60843,1.27515,1.89397,1.40003,1.91477,1.61169
"STX17",13.4187,16.0406,15.8577,12.5741,17.6642,10.7823,16.3124,14.4516
"STX18",9.84762,8.57416,11.0836,9.52078,11.3084,10.8806,11.1654,10.5852
"STX19",0,0,0,0,0,0,0,0
"STX1A",3.38745,2.93376,3.16654,3.8639,4.12775,4.54738,3.49267,4.24377
"STX1B",0.14183,0.136718,0.0285076,0.0260397,0.191765,0.0975247,0.0941998,0.056706
"STX2",25.0083,19.4479,27.3492,23.7449,26.0128,19.2694,27.2479,22.1068
"STX3",8.42556,8.55317,9.11152,8.92495,9.54675,7.84941,7.91758,9.53799
"STX4",12.2359,13.5995,11.6878,15.3739,13.8955,12.4989,12.9655,12.3276
"STX5",33.2782,29.4398,32.3814,33.2657,31.0015,29.8177,25.6054,28.1604
"STX6",11.1853,10.4732,11.0841,10.5682,9.9219,10.7425,10.6423,10.0722
"STX7",36.7534,25.6199,41.7566,32.502,34.5538,27.3813,38.7469,31.435
"STX8",13.7362,14.3946,14.9104,15.4602,12.7195,12.0784,13.9382,15.937
"STXBP1",26.6551,23.9951,23.5483,23.2992,27.8848,24.2595,25.3354,25.3625
"STXBP2",11.2612,11.5192,13.55,11.6839,11.9128,13.7053,10.5922,10.6568
"STXBP3",6.8545,6.32015,6.15709,6.33698,6.6185,5.75698,7.54678,5.1288
"STXBP4",2.62926,3.87485,5.03047,5.31266,2.83389,2.91719,3.59674,5.08194
"STXBP5",6.36065,5.76317,6.92908,6.66462,5.96988,5.35795,7.53369,7.91988
"STXBP5L",0.0134163,0,0.0268985,0.0184228,0.00696192,0.0131857,0.014842,0.0267714
"STXBP6",0.105829,0,0,0,0.0369126,0,0.0391182,0.0708846
"STYK1",2.49155,2.88125,2.78107,2.44487,3.11152,3.26725,2.31846,4.21574
"STYX",15.1244,11.8444,15.4931,12.6086,15.2227,11.4406,16.7902,13.8733
"SUB1",31.0515,30.5694,33.41,31.2462,26.8229,28.2806,31.0339,31.9646
"SUCLA2",6.00618,6.50328,5.55885,5.24328,4.88049,4.23463,5.19438,6.28767
"SUCLG1",7.67351,9.07791,8.71135,7.8287,6.71011,6.59788,5.49636,7.43712
"SUCLG2",55.8588,73.5192,82.5809,92.674,90.668,47.5077,42.0973,53.7338
"SUCNR1",0,0,0.130413,0,0,0,0,0
"SUDS3",8.49612,7.32835,8.88763,7.09505,8.28669,7.5856,8.00374,8.11643
"SUFU",16.7362,18.9287,15.3967,18.8233,18.7878,21.0576,15.9675,19.7241
"SUGP1",12.5659,12.7144,11.5055,12.1962,12.8563,13.4314,9.84601,11.4213
"SUGP2",17.2076,19.16,16.6996,17.9604,22.0222,21.4851,17.4116,20.8189
"SUGT1",16.5746,14.591,15.4124,15.171,15.11,16.7539,13.132,15.2262
"SULF1",158.545,129.6,168.802,140.127,172.018,120.245,167.98,157.218
"SULF2",41.6013,49.8987,41.1604,50.2113,54.3148,52.0919,41.7686,44.0073
"SULT1A1",1.02022,0.694607,0.183761,1.74301,0.856425,0.703169,0.858932,0.606633
"SULT1A2",0,0,0,0,0,0,0,0.0746669
"SULT1B1",25.5708,21.4961,31.9452,23.4299,24.1652,17.6265,32.2728,27.1492
"SULT1C2",0,0,0.0239831,0,0,0,0,0
"SULT1C3",0,0,0,0,0,0,0,0
"SULT1C4",26.5776,15.9955,25.9679,16.7952,25.2292,17.436,25.824,18.1101
"SULT1E1",0.15709,0,0.0796118,0.109173,0.0411415,0.154047,0.0871281,0
"SULT2A1",0,0,0,0,0,0,0,0
"SULT2B1",0.0624435,0.267998,0,0,0.0658605,0.058033,0.0694027,0.12633
"SULT4A1",0.0273028,0,0.0275612,0.100746,0.171022,0,0.121024,0.0547556
"SULT6B1",0,0,0,0,0,0,0,0
"SUMF1",9.36567,10.7916,10.8077,11.9142,11.716,9.45605,9.03576,10.1835
"SUMF2",22.8107,24.058,21.4921,28.7289,20.8323,25.0217,22.2109,21.0405
"SUMO1",35.4963,33.0201,30.8977,29.0813,29.802,30.6382,26.8517,31.7673
"SUMO4",0,0,0,0.125105,0.140288,0.254172,0,0.268256
"SUN1",22.3409,16.7275,20.9469,20.7424,21.4252,17.8714,20.2306,20.585
"SUN2",14.6953,14.4149,17.5396,18.7816,17.741,16.4197,17.8466,14.6836
"SUN3",0,0,0,0,0,0,0,0
"SUN5",0,0,0,0,0,0,0,0
"SUOX",9.08129,11.6162,8.75037,13.0145,9.79528,12.5011,10.798,11.7896
"SUPT16H",27.151,26.2757,28.2795,26.5564,22.2132,25.7245,26.5575,26.543
"SUPT3H",2.71247,2.69777,2.93436,1.83159,3.09884,2.66457,2.62609,4.02584
"SUPT4H1",39.5259,38.6048,36.2792,30.7556,33.759,31.585,35.3594,36.8839
"SUPT5H",17.5267,19.0709,17.9838,21.5916,23.4205,25.7798,20.462,18.953
"SUPT6H",40.2526,41.767,41.6389,42.9491,43.7882,44.8179,42.2891,37.4854
"SUPT7L",43.749,40.6503,49.7429,49.5706,49.0732,46.8251,46.7742,44.8824
"SUPV3L1",10.9978,10.7078,12.1951,10.3949,11.3983,10.4149,12.0548,14.2056
"SURF1",6.48062,8.3578,6.45366,5.55572,7.37279,6.75899,6.77605,6.80459
"SURF2",8.77975,9.6494,6.39052,9.04896,8.33289,9.62234,7.01432,6.18535
"SURF4",91.2313,93.3207,91.5915,95.695,89.3365,99.066,85.6409,95.0275
"SURF6",3.67524,2.68439,1.73754,3.33415,4.05585,3.20476,2.48841,2.65912
"SUSD1",13.3562,13.2706,14.0678,13.7538,14.5155,12.9992,15.155,14.2165
"SUSD2",0.310385,0.310346,0.208414,0.456992,0.409666,0.345392,0.275014,0.372881
"SUSD3",0,0,0,0,0.133119,0.123553,0,0
"SUSD4",0.0698504,0.149907,0,0.100536,0.0455322,0.0643309,0,0.273127
"SUSD5",2.15339,1.7841,2.3215,1.98792,2.46539,1.78804,2.27574,2.21568
"SUV39H1",4.8527,4.60009,5.49767,5.26041,4.23054,4.75425,5.16271,3.92384
"SUV39H2",3.7017,3.28513,4.60293,4.68731,3.3607,3.65485,4.18075,3.66838
"SUZ12",5.04702,4.53531,5.62158,4.56239,4.51999,4.1369,5.48733,4.64191
"SV2A",0.646279,0.672013,0.529113,0.604142,0.441092,0.78468,0.388572,0.394694
"SV2B",0,0,0,0,0,0.0114297,0,0
"SV2C",0,0,0,0,0,0,0,0
"SVEP1",0,0.00541861,0.040562,0,0,0.024871,0,0.0151412
"SVIL",1.41309,0.909823,1.88211,0.59626,1.71798,0.345692,1.25731,1.36055
"SVIP",42.5078,56.7339,40.8228,46.1338,40.0702,43.9843,48.0212,46.6593
"SVOP",0,0,0,0,0,0,0,0
"SVOPL",0,0,0,0,0,0,0,0
"SWAP70",45.9294,37.9106,48.6435,37.3021,43.2857,37.3655,47.4988,38.9377
"SWI5",31.2891,30.538,27.5877,27.8929,29.98,30.1164,26.1757,26.3886
"SWSAP1",3.39845,3.59785,3.14665,4.1776,3.83075,3.83168,2.45104,3.71977
"SWT1",1.29343,1.34049,1.30137,0.967701,1.28584,1.27212,1.23443,1.68458
"SYAP1",14.9435,13.7891,12.5029,12.3518,12.1171,12.2546,14.4675,12.7831
"SYBU",0.0996545,0.0800756,0.125653,0.0918512,0.103968,0.171199,0.0828037,0.199761
"SYCE2",0.686113,0.460391,0.794954,0.32353,0.0910679,0.083837,0.477536,0.523479
"SYCE3",0,0,0,0,0,0,0,0
"SYCN",0,0,0,0,0,0,0,0
"SYCP1",0,0,0,0,0,0,0,0
"SYCP2",0,0.012488,0.0117086,0.0427763,0,0.0229122,0.0129048,0
"SYCP2L",0,0.045158,0.0424613,0,0,0,0,0
"SYCP3",0,0.146821,0,0,0,0,0.0760601,0
"SYDE1",8.66375,7.56982,9.34313,10.901,10.6441,9.15838,9.53695,8.57943
"SYDE2",0.140526,0.16557,0.453319,0.374094,0.337873,0.234678,0.383313,0.294965
"SYF2",1.04049,2.01895,1.41109,0.50698,1.4056,0.873951,0.550081,1.099
"SYK",0,0,0,0,0,0,0,0.0130295
"SYMPK",19.05,20.8415,21.0231,25.1361,23.7868,23.751,23.561,20.3113
"SYN1",0.0613835,0.265902,0.187456,0.17093,0.17314,0.203995,0.0908735,0.227611
"SYN2",0.158781,0.139616,0.177642,0.0922688,0.176487,0.223556,0.219254,0.170871
"SYN3",0,0,0,0,0,0,0,0
"SYNC",11.8935,12.2628,11.6489,10.3625,12.2488,11.0783,12.8031,13.0131
"SYNDIG1",0,0,0,0,0,0,0,0
"SYNDIG1L",0,0,0,0,0,0,0,0
"SYNE1",3.042,3.09747,3.21147,3.9319,3.54277,3.45072,3.245,3.57201
"SYNE2",10.1806,9.91223,10.2483,10.1943,8.98509,9.26633,10.0448,8.60435
"SYNGAP1",0.0953416,0.0340348,0.0319003,0.038847,0.0110065,0.0728604,0.070338,0.0105794
"SYNGR1",3.81488,3.87563,4.92799,3.98737,4.81983,4.14637,4.1717,4.15306
"SYNGR2",97.482,93.3358,90.5904,102.35,102.935,104.413,81.9369,95.7263
"SYNGR3",0.468549,0.645645,0.744818,0.587952,0.525028,1.1163,0.74214,0.638597
"SYNGR4",0.076945,0,0,0,0,0,0,0
"SYNJ1",6.62588,6.63524,7.0869,7.55848,7.05091,7.28073,6.79527,7.18722
"SYNJ2",24.144,26.4176,25.0618,28.4767,24.8739,27.3317,23.7797,25.8564
"SYNM",1.00825,1.33396,1.05227,1.18154,0.849645,1.19994,1.30105,1.39042
"SYNPO",52.0524,73.0101,55.6375,70.7051,61.7968,76.0263,64.2187,66.4956
"SYNPO2",0.0657277,0.042578,0.0409888,0.0158861,0.054963,0.0310314,0.0626082,0.0396569
"SYNPO2L",0,0,0,0,0,0.0154593,0,0
"SYNPR",0,0,0,0,0,0,0,0
"SYNRG",13.9555,16.2884,15.889,14.8875,14.7876,13.3122,15.9399,15.363
"SYP",0,0,0.0838891,0.153324,0.0578372,0.0815463,0,0
"SYPL1",49.7583,50.4689,48.7206,45.5684,49.7029,45.3222,45.6604,52.6593
"SYPL2",0.0516886,0,0.0173333,0,0,0,0,0
"SYT1",0.896847,0.71483,0.94564,0.564051,0.962611,0.521546,0.665532,0.614224
"SYT10",0,0,0,0,0,0,0,0
"SYT11",26.5694,27.6117,29.617,26.6509,28.8016,25.0193,27.1657,26.7496
"SYT12",0,0,0,0,0,0,0,0
"SYT13",0.0248429,0.039912,0,0,0.025825,0,0.0137468,0.0248208
"SYT14",0.0783133,0.226496,0.221951,0.202975,0.172041,0.0887664,0.143848,0.194799
"SYT15",1.63327,1.38397,1.82014,1.2495,1.98367,1.40987,1.68487,1.51856
"SYT16",0.0210183,0.0900683,0.0635162,0.0580311,0.0438062,0.0412737,0.0465592,0.0420874
"SYT17",0.922274,0.85347,1.10007,0.233185,0.266438,0.943198,1.25569,1.01198
"SYT2",0,0.0355649,0.0416391,0.0532376,0.0603469,0.024478,0.0643053,0.0331489
"SYT3",0.245188,0.290617,0.0917118,0.365838,0.213458,0.287786,0.201593,0.199172
"SYT4",0,0.0338931,0.015909,0.0145326,0,0,0,0
"SYT5",0,0,0,0.176789,0.0399771,0,0,0.0767599
"SYT6",0,0,0,0,0,0.0145557,0,0
"SYT7",0.0205973,0.0882423,0.0516867,0.0377641,0.096304,0.0910823,0.0227932,0.0719965
"SYT8",0,0,0,0,0,0,0,0
"SYT9",0.0820251,0,0.0494977,0.0452161,0.0512189,0.096674,0.0908148,0.131251
"SYTL1",0,0,0,0.0663038,0,0.0351299,0,0.0719919
"SYTL2",0.0909837,0.113335,0.0911093,0.137234,0.125356,0.125576,0.0501833,0.105744
"SYTL3",0.621425,1.09205,0.137437,0.495096,0.894253,0.66729,0.695297,1.08497
"SYTL4",5.19698,4.6103,5.04275,4.70586,5.06753,4.44173,5.47998,4.89988
"SYTL5",0,0.0437252,0,0,0,0.0134118,0,0.0136472
"SYVN1",32.1352,32.3693,35.9144,43.3025,38.804,38.1745,36.7812,35.7256
"SZT2",3.57041,4.18341,4.08134,4.86658,4.63327,5.13557,4.5866,4.38231
"TAAR1",0,0,0,0,0,0,0,0
"TAAR2",0,0,0,0,0,0,0,0
"TAAR5",0,0,0,0,0,0,0,0
"TAAR6",0,0,0,0,0,0,0,0
"TAAR8",0,0,0,0,0,0,0,0
"TAAR9",0,0,0,0,0,0,0,0
"TAB2",34.0978,29.541,37.1922,34.256,36.0109,30.8716,41.6003,32.8751
"TAB3",14.4199,11.3624,16.365,13.5147,13.9558,11.3589,17.1838,13.3055
"TAC1",0,0,0,0,0,0,0,0
"TAC3",0,0,0,0,0,0,0,0.110797
"TAC4",0.274045,0.489714,0.417563,0.296976,0.335561,0.62678,0.152078,0.50607
"TACC1",72.0444,76.8177,79.6542,74.5714,77.7297,72.0182,77.0492,80.3504
"TACC2",18.4274,21.0672,17.4703,25.333,21.4003,27.0157,19.8704,22.5766
"TACC3",46.7323,46.8769,45.2413,51.4254,46.5275,48.0414,46.6466,40.5821
"TACR1",0.0134553,0,0.0413267,0,0,0,0.0148935,0.0403401
"TACR2",0.139557,0.0897255,0,0.103015,0.029144,0.109568,0,0.139961
"TACR3",0,0.0856796,0,0,0,0.0391871,0,0
"TACSTD2",48.9194,42.0134,47.63,52.8757,66.6806,49.7217,44.0934,37.6226
"TADA1",5.89594,5.08704,5.83712,4.97021,4.61244,4.59857,4.2228,4.24765
"TADA2A",6.04376,8.54296,7.43227,9.03255,6.49395,7.9197,7.03192,8.73137
"TADA2B",5.1473,5.22116,4.83015,4.93222,5.33992,4.80522,5.35452,5.05868
"TADA3",27.3157,27.5384,27.3367,28.1181,27.1227,25.8556,24.9749,23.5078
"TAF1",11.6265,12.9777,12.3625,10.4681,11.4584,10.6612,13.9845,12.1656
"TAF10",41.1481,44.2024,39.2308,49.2545,40.7391,49.9734,44.8597,41.8237
"TAF11",12.5907,16.0565,13.2571,13.4593,15.7132,11.2389,14.9618,14.5678
"TAF12",18.3778,25.652,18.1284,16.4634,19.8316,18.1706,19.6068,19.2001
"TAF13",16.4447,14.6544,15.4306,12.3831,13.5832,12.6096,13.646,13.7557
"TAF15",48.2124,44.3302,44.1279,44.3575,41.8492,42.7349,43.5889,45.2214
"TAF1A",1.28976,1.01129,0.549832,0.983289,0.828931,1.00327,0.910206,0.809443
"TAF1B",9.42328,6.90792,8.97935,5.77693,5.00929,5.07516,3.82581,8.14026
"TAF1C",12.4067,12.9728,13.949,15.4743,15.5634,17.5587,14.4599,14.6575
"TAF1L",0,0,0,0,0,0,0,0
"TAF2",10.0783,9.27296,10.4116,8.59199,8.97593,8.06202,9.9173,9.21469
"TAF3",6.81533,5.91198,6.16677,7.89272,4.8886,5.16377,6.78754,6.0093
"TAF4",6.87309,6.57156,6.85071,7.479,8.79977,6.90186,7.36561,8.20438
"TAF4B",0.500701,0.550764,0.367118,0.637637,0.422851,0.566478,0.464348,0.487224
"TAF5",1.24718,1.50846,1.86361,1.351,1.36221,1.6394,1.47036,1.36922
"TAF5L",10.4969,9.41699,10.6265,9.68863,10.3957,8.91448,11.7233,9.46808
"TAF6",36.7776,33.4222,40.9482,38.1453,40.7099,46.0161,35.9781,35.9911
"TAF6L",3.33091,3.95102,3.4663,4.27405,3.41484,3.87076,3.29839,3.63639
"TAF7",13.4689,13.6104,12.6816,12.4352,11.2007,11.3907,11.9821,12.0908
"TAF7L",0.436194,0.434066,0.0944744,0.431747,0.455884,0.213987,0.414452,0.250174
"TAF8",8.68132,8.418,8.60262,9.04389,8.75162,9.94409,9.56661,10.1235
"TAF9",38.5256,38.3384,36.7142,35.9579,32.3474,33.6761,35.3672,34.3679
"TAF9B",63.9973,67.1127,71.1539,72.3513,63.7712,53.4812,70.3303,64.7952
"TAGAP",0,0,0,0,0,0,0,0
"TAGLN",5.01611,4.65774,4.99704,5.24711,6.52902,6.70914,4.31142,4.5536
"TAGLN2",589.816,557.056,596.326,622.668,556.884,556.39,552.616,524.504
"TAGLN3",0.0624549,0,0,0,0.263478,0.122295,0,0
"TAL1",19.0167,18.5969,18.0759,18.3695,18.0248,18.6614,18.4903,20.6474
"TAL2",0,0.153254,0,0,0.307638,0,0,0
"TALDO1",247.637,253.334,263.063,261.79,240.951,249.703,234.609,234.441
"TAMM41",43.881,43.2012,43.5624,48.5682,47.5572,40.9345,37.3893,40.5028
"TANC1",40.0116,30.8469,37.5186,30.5476,41.6846,29.4451,37.3996,33.8784
"TANC2",5.69542,7.97181,6.05986,8.16433,5.58319,7.64711,7.0995,8.69926
"TANK",40.0305,34.0811,37.2405,33.2006,37.0334,29.8855,37.6538,32.6052
"TAOK1",13.4175,12.3979,14.3937,10.122,13.0358,9.99718,14.8556,12.3878
"TAOK3",3.80038,2.99693,3.33372,2.79592,3.11874,3.28522,3.65501,3.9575
"TAP1",0,0,0,0,0,0,0,0
"TAP2",0,0,0,0,0,0,0,0
"TAPBPL",2.15579,2.56316,2.05302,2.04014,2.377,2.49198,3.02146,2.55659
"TAPT1",3.13151,2.69952,6.4144,4.12264,4.83018,3.66301,2.03133,3.49562
"TARBP1",3.71529,4.38512,3.15283,4.44345,3.14379,4.61272,3.53592,4.83181
"TARBP2",12.4997,13.7714,11.3986,16.7031,13.0341,13.9972,14.2922,13.8446
"TARDBP",24.1622,26.5766,24.3433,23.9408,21.564,21.6111,24.9058,24.353
"TARM1",0,0,0,0,0,0,0,0
"TAS1R1",0.033799,0.0255072,0,0.093766,0,0,0,0
"TAS1R2",0,0,0,0,0,0,0,0
"TAS1R3",0.0991816,0.0637491,0.0599196,0,0.144649,0.0973894,0.0871156,0.0595629
"TAS2R1",0,0,0,0,0,0,0,0
"TAS2R10",0,0,0,0,0.276773,0,0.0967327,0.353528
"TAS2R13",0,0,0.0438773,0,0,0,0.0479688,0.087034
"TAS2R14",0.0833197,0.536679,0,0.0785154,0.0884121,0.162921,0.18553,0.33883
"TAS2R16",0,0,0,0,0,0,0,0
"TAS2R19",0,0.193094,0,0,0,0,0.5008,0
"TAS2R20",0.217024,0.0775412,0.549347,0.468693,0.681444,0,0.441239,0.290789
"TAS2R3",0.27782,0.0745284,0.142261,0.130193,0.146801,0,0.695161,0.140743
"TAS2R30",0.0826464,0.0887266,0.170053,0,0,0,0,0
"TAS2R31",0.152742,0.0819733,0,0,0,0.0747036,0.0849802,0.155021
"TAS2R38",0,0,0,0,0,0,0,0
"TAS2R39",0,0,0,0,0,0,0,0
"TAS2R4",0,0.0965438,0.278197,0.424639,0.0955873,0.527196,0.20032,0.183119
"TAS2R40",0,0,0,0,0,0,0,0
"TAS2R41",0,0,0,0,0,0,0,0
"TAS2R42",0,0,0,0,0,0,0,0
"TAS2R43",0,0,0,0,0,0,0.0843463,0
"TAS2R46",0,0,0,0,0.0914653,0,0,0
"TAS2R5",0.725439,1.75379,0.642569,0.451187,1.47074,0.97123,0.469897,0.636719
"TAS2R50",0,0.168352,0,0.147512,0,0.230091,0.174551,0
"TAS2R60",0,0,0,0,0,0,0,0
"TAS2R7",0,0,0,0,0,0,0,0
"TAS2R8",0,0,0,0,0,0,0,0
"TAS2R9",0,0,0,0,0,0,0,0
"TASP1",0.772206,0.940014,1.12283,1.29581,0.978535,0.649389,1.47047,1.38515
"TAT",0,0,0,0,0,0,0,0
"TATDN1",1.12455,1.60923,1.46157,0.633699,0.793544,0.513383,0.834126,0.988819
"TATDN2",5.10857,6.36525,6.31259,7.07761,6.13943,6.41846,5.91043,5.99797
"TATDN3",2.04363,2.35751,2.3537,2.23091,2.42636,2.11922,2.07124,1.86369
"TAX1BP1",14.3068,14.39,13.3739,10.5942,11.1427,11.6356,11.1909,10.4531
"TBC1D1",17.5493,18.1456,18.552,18.9745,16.032,18.2502,18.4518,18.1888
"TBC1D10A",5.63204,4.67722,6.05745,8.07892,5.74521,5.32402,6.35463,5.69484
"TBC1D10B",12.0108,10.1701,11.3141,12.504,13.1059,13.9436,11.6774,10.055
"TBC1D10C",0,0,0.0954894,0,0,0.0920972,0,0.0406826
"TBC1D12",2.05227,1.74114,1.49675,1.51391,1.63172,1.6894,2.05041,1.95004
"TBC1D13",16.2326,17.5761,16.4701,19.9527,17.522,20.3069,18.47,18.07
"TBC1D14",4.60292,4.81189,4.70892,5.10342,4.7075,5.26261,5.10088,5.5302
"TBC1D15",1.62079,1.17145,1.24579,0.683877,1.4766,1.04316,1.56056,0.997912
"TBC1D16",5.76892,6.60859,7.4929,8.29042,7.25697,8.13225,7.29014,6.89355
"TBC1D19",1.73333,1.95706,1.70765,1.74455,1.14328,1.88294,1.68124,1.92604
"TBC1D2",1.68467,1.76522,1.89535,1.45696,1.67324,1.30801,1.32835,1.42852
"TBC1D20",12.8244,13.0397,14.1514,13.0112,12.5686,12.6771,13.3962,12.8839
"TBC1D21",0,0,0,0,0,0,0,0
"TBC1D22A",9.23968,10.7263,11.7494,13.3829,10.6229,10.1206,9.96636,11.243
"TBC1D22B",13.285,13.6337,15.2949,15.0197,14.7693,12.442,13.3137,14.6455
"TBC1D23",3.18485,2.65855,2.74596,2.61686,2.75368,2.93787,3.23999,3.10117
"TBC1D24",4.92456,3.92029,5.34616,4.54445,5.29249,4.9973,4.64781,4.60518
"TBC1D26",0,0,0,0,0,0,0,0
"TBC1D28",0,0,0,0,0,0,0,0
"TBC1D2B",11.352,12.141,11.4771,13.6066,12.1459,13.8846,11.1327,13.1922
"TBC1D3",0.289977,0.172649,0.195473,0.238215,0.437899,0.0948299,0.285756,0.226429
"TBC1D30",0.60849,0.686822,0.395866,0.549818,0.55388,0.622208,0.64594,0.525254
"TBC1D3B",0,0,0,0,0,0,0,0
"TBC1D3C",0,0,0,0,0,0,0,0
"TBC1D3G",0,0,0,0,0,0,0,0
"TBC1D3H",0,0,0,0,0,0,0,0
"TBC1D4",18.1797,15.1836,20.4302,14.6873,19.402,12.2659,22.2129,15.9517
"TBC1D5",18.656,17.4858,20.4814,16.7742,18.1768,15.9269,17.8154,18.6209
"TBC1D8",1.35225,2.54761,0.358298,1.64506,0.367735,2.30031,2.8428,2.4566
"TBC1D8B",0.474652,0.610207,0.47109,0.355652,0.441164,0.417115,0.297047,0.647209
"TBC1D9",10.0524,9.54265,10.7784,8.23182,9.39467,7.99648,11.5841,8.51645
"TBC1D9B",31.166,30.155,33.2447,35.0653,38.6886,29.4131,32.7708,30.4086
"TBCA",35.0866,33.4496,33.8194,23.3605,26.0484,27.5913,21.7938,24.3543
"TBCB",43.7302,49.4906,37.3507,43.4759,39.7529,46.4514,36.5525,38.036
"TBCC",9.24623,7.66403,8.03647,10.0488,7.58635,7.17642,8.02724,8.35898
"TBCCD1",14.3265,11.4055,12.7437,14.7327,12.1486,11.7222,15.0134,13.9695
"TBCD",17.6224,17.7099,16.9408,21.5606,19.7048,21.4218,19.7352,19.3656
"TBCE",7.72251,7.34462,5.67766,5.80551,5.38864,5.68972,7.43839,7.3599
"TBCEL",5.99853,5.66191,6.33523,4.61282,5.37966,4.5334,5.57552,5.57381
"TBCK",9.78279,12.2085,13.7347,13.0029,8.52299,10.3475,11.3892,11.433
"TBK1",3.90198,4.37089,3.68558,4.06594,4.43238,4.95934,4.28323,6.44911
"TBKBP1",6.65398,7.04397,5.37445,8.0101,6.45905,9.44931,6.80153,5.79804
"TBL1X",4.51874,5.57525,4.32439,4.71857,4.3184,5.77055,4.94932,5.33735
"TBL1XR1",9.72947,9.75666,9.08561,9.02429,8.45694,8.57807,8.78218,8.82881
"TBL1Y",0,0,0,0,0,0,0,0
"TBL2",5.22152,4.67662,4.96277,3.91935,5.79722,6.13645,4.50695,5.5506
"TBL3",6.42937,8.24833,5.33656,7.47459,7.25311,7.99207,6.47308,6.63304
"TBP",19.0145,18.1931,20.1932,20.1042,18.3434,19.3109,22.8435,18.7304
"TBPL1",18.0395,16.4289,17.0092,14.7283,15.493,14.6193,17.2263,19.4699
"TBPL2",0,0,0,0,0,0,0,0
"TBR1",0.0413428,0,0,0,0,0,0.0228947,0.0206946
"TBRG1",8.17081,7.69176,8.23838,7.98568,8.02387,7.83207,7.45236,8.16414
"TBRG4",7.04719,7.26944,8.49814,8.63614,7.47194,9.41172,8.949,6.5759
"TBX1",120.379,92.2778,109.521,116.747,160.7,155.163,129.279,101.991
"TBX10",0,0,0,0,0,0,0,0
"TBX15",0,0.040112,0,0.0172161,0,0.0551567,0,0
"TBX18",28.4644,23.9658,29.6641,23.5693,27.6102,22.4105,29.9692,25.7233
"TBX19",0.942416,0.605821,1.14015,0.803041,0.614254,0.832635,0.861323,0.61369
"TBX2",0,0,0,0,0,0,0,0
"TBX20",0,0,0,0,0,0,0,0
"TBX21",0,0,0,0,0,0.0255802,0,0
"TBX22",0,0,0,0,0,0,0,0
"TBX3",0.298381,0.423026,0.314742,0.287488,0.419279,0.333429,0.357054,0.486488
"TBX4",0,0,0,0,0,0,0,0
"TBX5",0.0178945,0,0,0,0.0779938,0,0,0
"TBX6",0.232363,0.0830265,0.431705,0.717569,0.405639,0.151914,0.214786,0.311539
"TBXA2R",2.31453,3.44948,2.62769,3.34671,2.33727,3.08416,1.47451,2.98204
"TBXAS1",0.802029,1.50338,1.05635,1.35137,0.937173,0.729668,3.07656,1.65811
"TC2N",0.0132678,0.0142105,0.0133308,0,0,0.0130339,0,0
"TCEA1",19.8518,21.6586,19.3311,18.0192,18.2333,21.1514,21.165,15.809
"TCEA2",19.2176,14.1043,17.7642,19.1216,17.5642,16.6616,14.7031,15.4212
"TCEA3",1.71762,1.12538,0.883993,0.464891,1.22463,1.83953,1.15151,0.555105
"TCEAL1",5.74672,5.08045,5.62749,6.13269,4.8925,4.10396,5.44792,5.0788
"TCEAL2",0,0,0,0,0.0734004,0.0679702,0,0
"TCEAL3",12.6609,9.45251,9.87648,8.66723,11.209,10.0892,10.26,9.07239
"TCEAL4",19.6986,22.5706,19.7936,18.4022,17.58,19.1616,16.6082,19.0221
"TCEAL5",0,0,0,0,0,0,0,0
"TCEAL6",0,0,0,0,0,0,0,0
"TCEAL7",4.38084,3.40572,3.82842,4.98724,3.0811,6.02935,4.51658,4.68903
"TCEAL8",20.0885,22.723,21.0345,18.584,16.262,17.2992,19.0485,18.007
"TCEANC",0.320643,0.715776,0.593292,0.813243,0.334694,0.555166,0.74023,0.682797
"TCEANC2",2.75488,4.12892,4.5388,4.44465,4.07708,4.91258,3.0913,5.39375
"TCERG1",34.1362,33.3145,36.8116,31.2758,32.5278,30.7716,35.0125,34.0184
"TCERG1L",0,0,0,0,0,0,0,0
"TCF12",46.9116,42.0629,51.6337,43.1131,48.5015,35.0458,50.6043,51.0469
"TCF15",1.10688,0.963398,0.636483,0.96534,0.768927,0.878658,0.768024,0.839622
"TCF19",1.22057,2.35695,1.41001,1.62098,1.50751,2.06724,1.73029,1.18963
"TCF20",8.0368,6.96642,7.85061,7.76774,8.1256,7.15063,7.77663,6.81756
"TCF21",0,0,0,0,0,0,0,0
"TCF23",0,0,0,0,0,0,0,0
"TCF24",0,0,0,0,0,0,0,0
"TCF25",52.3409,52.4374,55.9572,59.5608,57.8939,59.6239,51.3275,52.0187
"TCF3",36.3129,38.1614,41.501,45.0548,44.0315,48.7399,42.8624,42.6898
"TCF4",104.543,81.7585,115.148,86.0019,112.506,66.446,128.052,103.742
"TCF7",3.47196,3.52732,3.45278,4.12569,3.10954,3.6468,2.44312,3.9354
"TCF7L1",32.4518,26.9468,30.4587,30.5971,41.075,36.1527,37.6122,29.6449
"TCF7L2",32.3339,32.5538,30.004,34.5262,33.8276,36.1971,38.0433,36.326
"TCFL5",4.6027,5.57936,3.44393,2.9017,4.33138,4.87632,3.42655,4.1493
"TCHH",0,0.0295005,0.0184257,0.0168278,0,0.0180465,0.020321,0.045836
"TCHHL1",0,0,0,0,0,0,0,0
"TCHP",2.74315,2.91559,3.00669,3.89927,3.49861,3.85101,3.13979,3.72095
"TCIRG1",36.2117,37.1452,37.0673,40.5719,37.802,37.1867,41.4547,34.5553
"TCL1A",0,0,0,0,0,0,0,0
"TCL1B",0,0,0,0,0,0,0,0
"TCN1",0,0,0.138559,0.0422332,0,0,0,0
"TCN2",17.7643,19.8229,17.8123,23.3093,21.0176,21.2195,16.8947,20.4356
"TCOF1",17.2292,16.4,16.1316,17.2905,15.5381,20.4918,17.4075,14.9126
"TCP1",54.3208,52.5802,54.98,51.2075,53.0761,49.2284,53.1187,48.0099
"TCP10L",0,0,0.0249607,0,0,0,0.0548385,0
"TCP11",0.0358467,0,0.0362934,0,0,0.0703273,0,0.108082
"TCP11L1",11.7703,10.3442,11.9019,9.4913,11.3907,8.63413,10.8896,10.2665
"TCP11L2",9.47746,3.8986,6.62143,6.87714,8.29195,4.97305,5.75142,6.82727
"TCTA",11.4489,10.7701,10.2567,11.4315,10.7047,10.9521,10.1184,9.19442
"TCTE1",0,0,0,0,0.0877951,0,0,0
"TCTN1",15.2556,17.6417,15.8077,18.976,15.7404,13.5576,14.3483,17.3947
"TCTN2",5.92569,4.98869,7.11302,7.54744,7.72266,6.21976,6.72396,6.52556
"TCTN3",48.9355,54.1896,51.4109,57.7474,51.479,50.925,50.8556,63.0087
"TDG",7.57834,6.24787,7.0795,5.96017,6.93779,5.49501,7.73943,6.25406
"TDO2",0,0,0,0,0,0,0,0
"TDP1",7.71705,9.07088,9.33417,9.09484,7.4405,8.04573,10.4349,9.87191
"TDP2",6.46874,5.93196,6.2217,6.65183,5.52889,4.19467,6.21714,4.58627
"TDRD1",0,0,0,0,0,0,0,0
"TDRD10",1.14346,1.32665,0.895305,1.41524,1.81488,1.33042,0.972894,1.2273
"TDRD12",0,0,0,0,0,0,0,0
"TDRD3",3.15355,2.80025,3.98564,2.82094,3.67292,3.15834,3.03494,4.24003
"TDRD5",0,0,0,0,0,0,0,0
"TDRD6",0.0424611,0.015151,0.0212817,0.0647973,0.0367259,0.0417299,0.00782259,0.0353054
"TDRD7",3.86062,3.56051,3.39108,2.84808,3.33174,2.73298,3.64206,3.50935
"TDRD9",0.0404902,0.0722775,0.0813654,0.0495467,0.0561383,0.0662928,0.0448182,0.107906
"TDRKH",5.6987,5.88653,5.12804,4.23025,5.35733,4.25878,4.93848,5.62919
"TEAD1",10.644,10.0483,11.2541,9.80248,9.57768,9.08596,12.1791,11.8726
"TEAD2",80.2218,72.7599,95.4102,104.114,87.7144,89.1226,85.3727,76.6553
"TEAD3",0.819954,0.521472,0.980979,1.18148,0.784158,0.870293,1.02931,0.59919
"TEAD4",30.0246,34.8126,26.5976,34.3724,30.5811,38.6169,30.2139,32.0822
"TEC",0.0901734,0,0.072593,0.0331587,0.0938888,0.0531328,0.23964,0.0721731
"TECPR1",3.09431,3.99634,3.713,4.29648,3.87263,4.63119,3.64364,3.56637
"TECPR2",3.64264,3.80761,3.51908,4.0255,3.61582,4.40722,3.86421,3.87527
"TECRL",0,0,0,0,0,0,0,0
"TECTA",0.144668,0.196238,0.236435,0.179945,0.15296,0.161105,0.215483,0.264657
"TECTB",0,0,0,0,0,0,0,0
"TEDDM1",0,0.0288068,0,0,0,0,0,0
"TEF",0.852173,0.834733,1.1677,0.620242,1.20679,0.937631,0.877863,0.705558
"TEFM",1.73426,2.78634,2.05687,1.44147,1.75322,1.40164,1.94772,1.80205
"TEK",27.4213,33.4955,27.7807,34.2808,27.0533,31.5306,26.6537,35.5711
"TEKT1",0,0,0,0,0,0,0,0
"TEKT2",0,0,0,0,0,0,0,0.0957608
"TEKT3",0,0,0,0,0,0,0,0
"TEKT4",0,0,0,0,0,0,0.110106,0
"TEKT5",0,0,0,0,0,0,0,0
"TELO2",2.22224,1.96596,2.57497,3.72783,2.52891,3.11535,2.38122,2.39955
"TEP1",4.00788,3.34379,4.19195,4.00119,4.60206,4.44721,4.16832,4.36335
"TERF1",4.71231,4.82807,4.21945,3.74998,4.17392,3.52579,4.2825,3.9058
"TERF2",13.2398,11.6077,12.8076,12.4047,13.295,12.9406,11.0902,12.2917
"TERF2IP",6.44775,5.73588,6.1063,5.95686,5.43052,5.98848,6.03727,6.78594
"TERT",0,0,0,0.0156322,0,0,0,0
"TES",22.2531,20.947,24.1033,20.1717,18.2926,18.2436,21.6837,20.3545
"TESC",0.320657,0.90389,0,0.647557,0.271252,1.42287,0.1702,0.543809
"TESK2",1.96559,2.61661,2.70108,2.96493,3.08766,2.38535,2.05715,2.48211
"TET1",0.160029,0.383827,0.218145,0.252354,0.278986,0.289388,0.307426,0.376769
"TET2",6.4786,6.92028,7.69824,6.97118,7.28648,6.25717,6.96326,7.60414
"TET3",3.91052,4.26658,4.93562,3.777,4.92139,4.08427,4.86146,4.53727
"TEX10",9.08771,9.20343,9.35877,7.13843,9.65929,7.43513,9.95877,9.19564
"TEX101",0,0,0,0,0,0.0881018,0,0
"TEX11",0,0,0,0.0193237,0,0,0,0
"TEX12",0,0.142123,0,0,0,0,0,0
"TEX13A",0,0,0,0,0,0,0,0
"TEX13B",0.0595473,0,0,0,0.0627486,0,0.1985,0.0601855
"TEX14",0.0268708,0.0998267,0.0810392,0.111039,0.111833,0.17172,0.223233,0.160268
"TEX15",0.458927,0.498048,0.354305,0.346251,0.225238,0.335242,0.356742,0.42689
"TEX19",0,0,0,0,0,0,0,0
"TEX2",12.2733,12.7414,12.8694,13.4668,12.6728,11.2017,11.9187,13.7364
"TEX22",0,0.027937,0.0526178,0,0,0.0255911,0.0288904,0.0261368
"TEX26",0,0,0,0,0,0,0,0
"TEX261",82.3297,81.9349,90.6175,86.8993,84.552,91.0655,86.4178,84.5367
"TEX264",13.9221,11.8601,13.333,15.31,11.7071,14.1127,12.6688,11.8277
"TEX28",0,0,0,0,0,0,0,0
"TEX29",0,0,0,0,0,0,0,0.512934
"TEX30",3.51438,3.03595,3.43271,2.27885,2.30911,2.96307,3.51163,3.66374
"TEX9",0.307714,0.219993,0.26098,0.143215,0.107827,0.100503,0.398631,0.20692
"TF",0.0238442,0.0255469,0.0721249,0,0,0.0234069,0.0264157,0.0716684
"TFAM",3.98236,4.27968,4.10353,4.48762,4.28113,3.44495,3.76515,3.32073
"TFAP2A",0.597815,0.288524,0.733101,0.481428,0.43104,0.486796,0.625037,0.526331
"TFAP2B",0,0,0,0,0,0,0,0
"TFAP2C",0,0,0,0,0.0241684,0,0.0256759,0
"TFAP2D",0,0,0,0,0,0,0,0
"TFAP2E",0.0623134,0.367287,0.251942,0.115132,0,0.213991,0.17269,0.0938152
"TFAP4",2.34062,2.77079,3.16343,3.99289,2.76943,3.75377,2.19384,2.94788
"TFB1M",2.47506,2.28118,3.01814,2.04011,2.29332,2.48722,2.31082,2.77526
"TFB2M",5.33671,5.41331,8.32956,5.65824,5.06161,3.99438,4.14564,5.77954
"TFCP2",8.30824,8.47188,8.09072,8.62076,7.06087,8.22589,8.74965,8.90053
"TFCP2L1",0,0.00724564,0,0,0,0,0,0
"TFDP1",89.3964,83.9391,88.474,89.5969,86.0055,78.4961,84.1162,82.8224
"TFDP2",3.77862,4.82238,4.08503,4.78673,4.53388,4.90429,4.80697,4.77405
"TFDP3",0,0,0,0,0,0,0,0
"TFE3",24.6182,23.5744,26.1241,27.4396,27.4288,25.1384,24.0587,23.63
"TFEB",2.27813,2.3475,2.10699,2.73521,2.23549,3.25697,2.02223,1.89388
"TFEC",0.885866,0.784654,0.744489,0.53784,0.846442,0.823723,0.78825,0.833103
"TFF1",0,0,0,0,0,0,0,0
"TFF2",0,0,0,0,0,0,0,0
"TFF3",2.78759,3.14905,2.9339,1.37713,2.48361,3.08612,3.01945,3.12468
"TFG",215.471,194.146,203.446,197.937,189.66,179.581,198.632,188.923
"TFIP11",1.41219,1.8972,1.73946,1.38291,1.96297,2.02462,2.48302,1.39193
"TFPI",112.418,122.013,116.622,114.026,109.711,110.698,129.687,116.219
"TFPI2",6274.02,5994.23,5723.61,5384.59,5661.17,5494.48,5549.66,5084.79
"TFPT",2.06174,0.932731,0.337937,0.929105,1.04397,1.27094,1.08965,1.11016
"TFR2",0.0817993,0.0292156,0.0550471,0.176067,0.0569294,0.18732,0,0.109363
"TFRC",15.0166,15.4078,15.0141,14.9378,14.4274,13.1959,14.0487,15.4617
"TG",0.090489,0.016143,0.0831688,0.0207093,0.0782724,0.037047,0.0583921,0.0300939
"TGDS",1.27271,1.15545,1.38128,1.67264,2.0529,1.2476,1.24469,1.44592
"TGFA",0.029999,0.176789,0.0150785,0.234064,0.234059,0.191603,0.0996293,0.299801
"TGFB1",181,201.582,182.79,225.612,191.457,254.614,193.205,207.719
"TGFB1I1",127.029,106.977,121.151,109.669,135.809,121.096,109.248,108.811
"TGFB2",3.8723,2.71713,4.63179,3.287,3.75796,2.02422,4.51936,2.74848
"TGFB3",1.4922,1.50433,1.42578,2.40637,1.76584,2.09265,1.07712,2.35442
"TGFBI",4.63976,3.81942,5.50473,8.15087,4.57292,5.91517,6.32051,5.41213
"TGFBR1",3.23211,1.98826,3.03818,2.49906,2.65423,2.46245,3.31445,2.5615
"TGFBR2",156.812,165.351,164.232,164.722,162.073,157.574,155.504,163.957
"TGFBR3",3.027,3.20974,3.03481,2.6882,3.14762,2.71555,3.30678,3.06801
"TGFBRAP1",27.2638,25.9207,28.6918,27.1898,31.9804,25.6972,27.9626,30.2232
"TGIF1",26.6132,32.0561,29.6238,30.0738,25.8546,29.1141,27.5111,28.7434
"TGIF2LX",0,0,0,0,0,0,0,0
"TGIF2LY",0,0,0,0,0,0,0,0
"TGM1",0.215772,0.205494,0.0966968,0.220888,0.10002,0.258882,0.185923,0.216188
"TGM2",668.021,816.753,663.118,902.589,750.091,931.588,677.151,798.767
"TGM3",0,0,0,0,0,0,0,0
"TGM4",0,0.0709052,0.066691,0,0.0229967,0.0216592,0.0244367,0.0220934
"TGM5",0,0,0,0,0,0,0,0
"TGM6",0,0,0,0,0,0,0,0
"TGM7",0,0,0,0,0,0,0,0
"TGOLN2",55.8413,54.5327,60.4611,56.4178,54.7653,53.5101,57.5458,57.1741
"TGS1",4.2174,3.47604,3.74428,3.58761,2.86343,3.64233,3.79404,3.38741
"TH",0,0,0,0,0,0,0,0
"THADA",7.92429,8.7562,6.8995,9.49787,7.45357,11.762,8.65491,9.13535
"THAP1",8.59316,6.5936,7.44187,6.77265,7.38134,5.75212,7.32758,7.1341
"THAP10",5.1626,3.99019,5.42239,5.56927,3.68558,4.64583,4.62335,4.89643
"THAP11",13.9227,12.2597,13.258,15.5596,13.8985,14.6809,11.3337,11.6821
"THAP2",0.743391,1.22273,0.720195,1.07202,0.662541,0.821569,0.852223,1.06126
"THAP3",7.00584,6.49408,6.96314,7.94261,7.75607,8.01652,6.93159,5.1485
"THAP4",29.7785,31.5362,29.8327,30.6183,28.2451,34.5027,28.6687,29.7547
"THAP6",1.62077,1.75358,1.25301,1.80724,2.58881,2.39634,1.61268,2.13188
"THAP7",10.3028,11.7327,7.88698,14.2952,10.8464,8.58338,10.4282,9.44125
"THAP8",3.08007,2.5452,2.3933,3.53373,2.9212,3.8876,1.73379,3.2543
"THAP9",0.794753,0.598519,0.340847,0.621899,0.546972,0.450974,0.507123,0.48539
"THBD",10.4725,6.01362,10.03,7.07861,9.45823,6.08304,10.7039,7.17471
"THBS1",2026.76,1570.02,2030.65,1644.64,2172.83,1623.2,2096.86,1774.68
"THBS2",1.43793,1.15731,0.58954,0,0.912414,1.05521,0.799714,1.312
"THBS3",8.34096,8.57204,8.06307,9.30526,8.19076,9.95579,9.27505,9.83167
"THBS4",0,0.0437884,0,0,0,0,0,0.0409181
"THEM4",14.4829,14.0947,14.9134,13.823,13.8,15.5505,16.0522,17.7782
"THEM5",0.190078,0.0679735,0.323758,0.473971,0.467878,0.434213,0.2817,0.512789
"THEMIS",0,0,0,0,0,0,0,0
"THG1L",5.13594,6.11215,4.25474,4.99356,4.38791,4.48081,3.63322,4.4597
"THNSL1",0.639108,0.684583,0.521323,0.492107,0.665295,0.695522,0.550818,0.777518
"THNSL2",0.104385,0,0.035212,0.0321856,0.0723961,0,0.0506914,0.0699079
"THOC1",6.76031,6.85839,6.54483,5.43384,6.46924,6.75032,5.92209,5.60099
"THOC2",5.88079,5.87039,5.96631,5.04311,5.5812,4.79423,6.422,5.57268
"THOC3",2.05751,1.96043,1.8916,2.61153,2.11479,1.83098,2.57795,2.37508
"THOC5",26.8439,26.3286,26.2847,26.9359,28.0509,26.3993,28.0269,26.6646
"THOC6",6.12358,5.96486,6.1798,6.2219,7.11571,7.00019,5.77952,5.55861
"THOC7",11.6188,10.9896,9.19327,9.03928,10.2053,8.10648,7.77479,9.28548
"THOP1",12.6367,10.5386,14.3622,11.2512,12.0576,13.1716,11.973,13.2456
"THPO",0,0.0835014,0,0,0,0,0,0.0392058
"THRA",11.5674,9.70014,9.562,10.5616,12.0539,11.3363,9.34754,9.57614
"THRAP3",33.2725,24.4119,35.399,29.7704,31.0702,30.111,28.0116,31.1124
"THRB",0.245505,0.165423,0.129124,0.196532,0.17823,0.175961,0.128126,0.102789
"THRSP",0,0.0684533,0,0.238553,0,0.062416,0.0709491,0.0645608
"THSD1",15.1705,17.2341,15.6333,20.0561,18.1259,20.0598,14.6181,20.47
"THSD4",4.0647,4.08816,3.73338,4.29396,4.39167,4.32654,4.2286,4.66326
"THSD7A",1.53077,1.33564,1.48293,1.54069,1.44592,1.34564,1.45877,1.4698
"THSD7B",0.0109041,0,0.0656782,0.00999764,0.0113302,0,0.0241341,0
"THTPA",7.99305,10.5514,8.91723,8.6713,10.634,10.5979,10.5161,8.08201
"THUMPD1",2.91053,1.63591,5.46437,2.72772,4.54034,1.9667,6.47343,2.45734
"THUMPD2",1.22428,0.892661,1.00984,1.10111,0.850456,0.805194,1.11413,0.760698
"THUMPD3",2.28462,1.96379,1.43106,1.46738,1.66114,2.27901,1.88966,1.77466
"THY1",0.084464,0.512881,0.113717,0.545592,0,0.469714,0.0624046,0.367092
"THYN1",26.6331,37.8123,28.8499,28.3786,25.1736,26.9728,27.754,31.0221
"TIA1",26.157,28.4743,25.3219,23.5146,23.5232,22.4648,27.2326,28.1832
"TIAL1",31.3238,36.4747,32.0871,31.8991,32.6333,32.9745,33.3977,29.6444
"TIAM1",0.821847,1.11732,0.646436,1.08249,0.974873,0.979831,0.870917,1.12699
"TIAM2",1.20536,1.34354,1.44172,1.49222,1.60132,1.01398,2.16438,1.28821
"TICAM1",27.7876,22.0231,32.6226,26.6503,34.4235,26.9828,29.7906,20.2885
"TIE1",138.401,138.299,141.72,165.277,156.832,150.409,136.429,143.136
"TIFA",5.59225,4.89996,5.17631,4.12151,5.082,3.7501,5.65819,4.3643
"TIFAB",0,0,0,0,0,0,0,0
"TIGD1",1.62316,2.15197,1.94414,1.2944,1.43613,1.16098,1.6768,1.29663
"TIGD2",2.5492,2.34055,2.3204,2.62977,2.18435,2.06076,1.78572,2.06428
"TIGD3",0.175474,0,0.248646,0.32469,0.220324,0.240973,0.116749,0.21155
"TIGD4",0,0.0874947,0.0274748,0,0.0568289,0.0534255,0,0
"TIGD5",2.00456,1.43295,2.14514,2.62355,1.62694,2.40354,2.04026,2.51802
"TIGD6",0.97647,0.958223,0.9492,0.598055,0.829455,0.894562,1.02685,0.878764
"TIGD7",0.458432,0.532015,0.653771,0.509441,0.437678,0.318878,0.444214,0.458772
"TIGIT",0,0,0,0,0,0,0,0
"TIMD4",0,0,0,0,0,0,0,0
"TIMELESS",9.37958,7.9147,8.53282,10.7361,8.11953,8.63432,8.01505,8.86755
"TIMM10",21.8398,31.5264,24.3067,23.6286,20.4258,22.9916,18.102,18.3089
"TIMM13",8.20726,7.49065,7.86008,8.19721,6.90666,7.51304,7.29148,8.99413
"TIMM17A",8.3608,7.28296,6.37208,5.44396,7.36253,7.04412,6.7433,7.87134
"TIMM17B",19.7503,18.3454,18.1104,23.3816,23.0459,21.4521,15.9272,19.8149
"TIMM21",8.52981,7.54658,7.95691,6.49657,7.14421,7.03553,7.39828,8.68773
"TIMM22",17.2011,17.6723,16.5537,17.0905,14.4543,17.898,16.4658,15.6141
"TIMM23",54.0931,53.3293,55.1439,47.6272,42.0559,47.9709,46.7854,53.8283
"TIMM44",8.47063,9.59024,7.01171,7.77483,6.83207,8.67105,8.35772,6.07779
"TIMM50",30.0793,32.9769,32.4482,34.252,27.791,30.3132,31.5201,29.9009
"TIMM8A",3.43102,2.0965,3.51097,4.47363,2.93545,3.59883,3.38129,3.19314
"TIMM8B",16.0753,15.0555,13.8753,11.9886,12.5291,13.776,10.2842,10.9282
"TIMM9",30.9493,33.7476,29.9621,30.5659,26.9189,28.0509,23.3192,29.7093
"TIMMDC1",20.8025,21.4949,17.6517,19.983,18.5732,16.7838,17.8594,20.8881
"TIMP1",823.645,923.046,742.801,913.215,729.106,917.537,749.811,819.933
"TIMP2",219.784,219.69,230.678,231.247,256.945,230.118,234.836,212.065
"TIMP3",5.2551,5.36566,5.05649,5.2124,6.5162,5.69043,4.93647,5.73798
"TIMP4",0,0,0.044001,0,0.0454676,0.0424995,0.0962094,0.0436413
"TINAG",0,0,0,0,0,0,0,0
"TINAGL1",203.989,170.431,191.131,214.637,214.044,178.731,158.433,193.005
"TINF2",19.4322,18.6905,19.5755,19.2919,21.7539,18.2666,19.5041,18.555
"TIPARP",8.2517,7.51084,8.89271,8.53937,6.25684,6.46054,8.43997,8.68266
"TIPIN",2.16283,2.1787,1.62534,2.01064,1.79631,1.54562,1.97885,2.58277
"TIPRL",31.8398,30.1661,35.7579,29.8215,25.2453,26.9016,28.679,29.889
"TJAP1",24.4114,22.6477,21.3845,26.4595,26.2482,25.6942,20.95,24.6797
"TJP1",115.572,92.6293,109.083,105.367,103.568,92.638,111.078,116.108
"TJP2",34.9774,32.1459,31.826,31.4952,37.69,33.4613,33.6142,32.7975
"TJP3",0,0,0.0234242,0,0,0,0,0
"TK1",111.013,91.7009,107.092,105.125,97.8134,108.85,92.0194,86.8907
"TK2",2.76692,3.73357,2.8298,2.86974,3.19759,2.75685,2.60368,2.78075
"TKT",203.093,202.779,189.476,222.475,199.092,227.811,194.495,189.935
"TKTL1",0,0,0,0,0,0,0,0.0520864
"TKTL2",0,0,0,0,0,0,0,0
"TLCD1",1.46372,1.95059,0.94458,0.933112,1.29402,1.86756,1.27479,1.59442
"TLCD2",0.464257,0.185002,0.17341,0.425646,0.38142,0.297027,0.262857,0.19409
"TLE1",14.5306,15.2969,16.3695,17.7157,16.7906,17.1463,15.8894,16.6223
"TLE2",14.8978,15.5645,17.7783,18.8136,17.0021,18.469,16.0641,18.6976
"TLE3",11.4464,11.0184,10.67,12.654,13.2007,13.2415,11.1571,11.035
"TLE4",19.3406,25.7098,30.5238,24.2772,26.001,22.8045,25.8237,27.9898
"TLE6",0,0,0.0362685,0.331599,0,0.210872,0,0
"TLK1",28.0883,25.4075,24.6459,22.8712,26.2609,31.3715,27.1805,25.2846
"TLK2",9.48497,11.6676,10.3522,10.0703,12.7463,8.79387,14.6524,9.77313
"TLL1",0.0580297,0.130444,0.00872809,0.187971,0.0612067,0.141702,0.0684851,0.090038
"TLL2",0.00936338,0,0,0.0772207,0.0291749,0.0736059,0.0103606,0.0186961
"TLN1",86.3751,88.1897,85.739,89.892,90.6037,96.5917,85.0381,81.2299
"TLN2",0.0751502,0.166681,0.150601,0.117877,0.122514,0.247975,0.195941,0.155263
"TLR1",2.50324,2.96389,2.315,2.96909,3.09952,2.68787,2.68166,2.8709
"TLR10",0,0,0,0,0,0,0.0207995,0.0187947
"TLR2",0,0,0,0,0,0,0,0
"TLR3",1.95597,2.35161,2.4087,2.26076,1.44976,2.13375,1.82951,2.02396
"TLR4",13.8731,15.016,16.0599,14.8212,13.5105,12.9278,15.0076,16.4407
"TLR5",0.140396,0.217217,0.0609352,0.300893,0.0973841,0.229834,0.103618,0.202772
"TLR6",0.297999,0.500524,0.326539,0.367765,0.227102,0.43034,0.43966,0.507875
"TLR7",0,0,0,0,0,0,0,0
"TLR8",0,0,0,0,0,0,0,0
"TLR9",0.0840014,0.0359914,0.067596,0.108062,0.104918,0.0660003,0.0558035,0.117623
"TLX1",0.0324451,0,0,0,0,0.0636952,0,0.0325758
"TLX2",0,0,0,0,0,0,0,0
"TLX3",0,0,0,0,0,0,0,0
"TM2D1",12.8385,10.94,13.5912,11.1019,12.969,10.0252,10.3993,10.022
"TM2D2",20.3029,19.8159,21.0456,19.1283,19.2241,16.0869,17.4428,18.5499
"TM2D3",11.0403,9.13487,10.1321,9.11066,8.90369,6.33289,7.24235,9.03088
"TM4SF1",262.917,241.358,305.093,233.732,254.696,183.305,243.759,220.06
"TM4SF18",26.5954,19.334,24.5163,18.0437,25.102,16.9706,25.605,19.2649
"TM4SF20",0,0,0,0,0.0617418,0,0,0
"TM4SF4",0,0,0,0,0,0,0,0
"TM4SF5",0,0,0,0,0,0,0,0
"TM6SF1",11.0299,8.19001,9.81611,9.4627,11.1631,8.83457,8.98972,9.98144
"TM6SF2",0,0,0,0.135263,0,0.0950407,0,0
"TM7SF2",11.3229,12.7219,10.4775,14.3538,14.5115,14.6149,10.5679,10.3903
"TM7SF3",32.8644,30.9056,35.9534,31.606,29.2698,27.3094,24.6902,35.7128
"TM9SF2",72.7115,72.3934,78.4339,66.2677,71.0427,68.2775,77.9657,74.0867
"TM9SF3",20.391,18.2626,22.4312,16.5006,22.3012,17.0648,20.7911,19.8071
"TM9SF4",29.8933,31.7449,29.5942,33.0015,28.5211,32.4871,30.2462,33.3084
"TMBIM1",124.015,106.703,132.862,127.459,139.219,118.391,127.039,110.276
"TMBIM6",169.489,172.627,181.143,173.028,177.112,166.362,169.114,174.948
"TMC1",0,0.110169,0.331436,0.0567768,0.107152,0,0.0683381,0.06177
"TMC2",0,0,0.0209409,0,0,0,0,0
"TMC3",0,0,0,0,0.020718,0,0,0
"TMC4",0.888832,0.733631,1.18873,0.704604,0.505628,1.53904,0.608226,0.83019
"TMC5",0.018623,0.0399014,0.0374903,0.0342494,0,0,0.0412479,0.0884926
"TMC6",2.37017,3.40635,1.52652,1.98147,2.62492,3.61015,2.51492,2.76282
"TMC7",3.11301,3.93846,4.09136,4.24763,3.0133,3.88071,4.04551,4.62592
"TMC8",0.0146065,0.0156431,0,0,0.121535,0.0430413,0.0485029,0.0292
"TMCC1",5.01676,5.64959,5.68163,5.85276,5.48312,5.17303,5.5854,6.0942
"TMCC2",1.00476,1.00949,0.863782,1.92053,1.31544,1.25743,1.61679,0.907549
"TMCC3",11.9112,12.4104,10.897,11.5207,11.9793,11.4097,10.8007,12.7066
"TMCO1",7.94132,8.90804,9.22458,9.21544,7.10705,7.82349,8.17202,7.95409
"TMCO2",0,0,0,0.111885,0,0,0,0.240356
"TMCO3",18.8947,14.4099,15.7802,15.5103,17.874,16.719,16.0063,14.8254
"TMCO4",1.93766,2.21301,1.73245,3.13237,2.31589,2.83601,2.33928,1.71004
"TMCO5A",0,0,0,0,0,0,0,0
"TMCO6",3.76891,3.86559,3.72113,4.23086,4.12187,3.78134,3.74135,3.59934
"TMED1",8.99315,10.107,10.2031,12.5437,10.5374,10.815,8.07419,11.0336
"TMED10",276.758,284.08,284.27,286.348,274.844,266.921,255.682,281.459
"TMED2",130.228,126.749,130.974,116.33,118.873,115.013,118.359,125.464
"TMED3",81.8924,93.6598,100.411,126.811,93.9021,95.4188,79.2552,90.0225
"TMED4",23.9398,20.7761,22.6606,20.5765,22.3307,19.1117,23.2125,19.6552
"TMED5",32.3354,27.8528,21.8397,21.6095,28.1188,35.069,25.3742,26.1739
"TMED6",0.33973,0.0911836,0,0.800734,0.180327,0,0.756601,0.172767
"TMED8",9.94373,7.20197,10.9715,11.6766,8.53074,6.20613,9.78361,10.2476
"TMED9",57.6309,55.1429,54.899,65.1345,57.3614,58.8177,44.4623,61.2506
"TMEFF2",4.79964,2.35583,4.18376,3.29244,4.44272,2.23318,2.92126,2.00644
"TMEM100",0,0.0427829,0,0,0.0418182,0.156544,0.0442737,0
"TMEM101",4.87565,6.73486,5.07807,6.66804,4.33847,6.28765,4.03242,5.70911
"TMEM104",5.77867,6.24928,6.37518,7.09547,6.56416,7.7216,5.59132,4.71734
"TMEM106A",3.38539,2.91478,3.3591,4.15795,3.37876,3.74244,4.06957,3.40634
"TMEM106B",9.36181,7.91129,8.08513,8.42994,8.38055,6.55129,7.5301,9.03371
"TMEM106C",65.489,68.2216,72.1881,63.7956,53.4502,58.509,60.7528,59.7033
"TMEM107",5.85104,5.16472,4.75974,4.18883,4.57774,3.653,3.94748,4.24705
"TMEM108",0.807973,1.34365,0.795335,1.19935,0.697679,0.910679,0.875578,0.928561
"TMEM109",111.15,105.033,97.0269,116.731,115.623,112.808,94.5505,103.481
"TMEM11",69.7241,69.449,68.6073,63.7568,64.582,68.8515,66.6634,58.5867
"TMEM114",0,0,0,0,0.155315,0,0,0
"TMEM115",28.0044,24.0206,24.9185,25.3071,27.9476,29.0406,27.1133,23.2507
"TMEM116",0.83769,1.3823,1.00712,0.950725,0.779924,0.990233,0.653495,1.10352
"TMEM117",0.742445,0.768969,0.648979,0.638626,0.722894,0.753077,0.603223,0.843221
"TMEM119",0,0.0264734,0,0.022771,0,0,0,0
"TMEM120B",1.71,2.75508,1.83171,2.25812,2.08266,2.94712,1.90567,2.07884
"TMEM121",1.273,1.36497,1.00626,0.832551,1.53464,1.61735,1.30837,0.665115
"TMEM123",161.84,145.746,167.119,149.959,186.567,136.018,148.669,168.064
"TMEM125",0,0,0,0,0,0,0,0
"TMEM126A",10.9077,9.33067,6.50599,6.01281,5.88777,7.28405,7.52103,6.35191
"TMEM126B",7.93734,6.73918,5.33109,5.02536,5.07631,5.77224,4.53543,4.70767
"TMEM127",23.8829,23.0441,24.3864,26.6452,26.567,25.9328,24.2621,22.7896
"TMEM128",8.23968,6.55856,6.43544,6.43088,7.35229,6.35763,6.69708,7.87382
"TMEM129",4.9235,4.57555,4.38854,5.07908,5.11199,5.51925,4.10771,3.69531
"TMEM130",0,0,0,0,0,0.0240212,0,0.0245214
"TMEM131",25.8166,22.4413,23.4714,25.2107,25.407,25.6407,25.6547,25.5192
"TMEM132A",13.7122,12.1364,13.0989,17.8814,14.89,17.1316,14.3937,13.7717
"TMEM132B",0,0,0,0,0,0,0.00922392,0
"TMEM132C",0,0,0,0,0,0,0,0
"TMEM132D",0,0,0,0,0,0,0,0
"TMEM132E",0,0,0,0,0,0,0,0
"TMEM134",21.9617,20.8545,24.0527,28.429,27.9624,24.2312,18.3252,21.4723
"TMEM135",2.13413,2.10052,2.09818,1.75062,1.95952,2.05796,1.88728,2.22239
"TMEM138",16.4481,17.2559,16.1736,17.5262,13.2111,16.997,13.6862,16.9367
"TMEM139",0.0965658,0.103489,0.0433734,0.118983,0.302849,0.041903,0,0.0860478
"TMEM140",6.54541,5.15393,4.99956,4.32274,7.82318,4.35725,5.07256,5.19817
"TMEM141",19.1698,20.5085,18.913,22.7086,22.3582,22.2284,14.0657,15.8581
"TMEM143",5.04728,5.65482,4.5451,5.56084,5.04446,5.84676,5.73213,5.26303
"TMEM144",2.24525,2.49654,2.86741,2.02414,2.29426,1.81474,2.68094,2.32303
"TMEM145",0,0.126377,0.0398317,0,0.0411681,0.154145,0.305144,0.118564
"TMEM147",143.012,144.17,135.849,143.609,130.694,128.758,126.344,133.536
"TMEM14A",5.46996,4.60366,5.93299,5.28635,3.83512,4.82276,5.2925,4.95425
"TMEM14B",18.6311,15.1519,13.6875,16.1629,12.4594,14.0385,13.2983,12.0676
"TMEM14C",39.796,37.046,33.8568,36.5046,29.0572,31.1066,30.8986,30.1896
"TMEM150A",22.1541,27.2969,24.2507,29.6541,25.2935,31.4182,22.2958,22.7314
"TMEM150B",0,0,0,0,0,0,0,0
"TMEM150C",3.46784,3.55242,3.13663,3.16656,3.81,2.84702,2.86128,4.11338
"TMEM151A",0.0530708,0,0,0,0,0,0,0
"TMEM151B",0,0.0447958,0,0,0.0434963,0.0136949,0.0925928,0.0696705
"TMEM154",1.9062,1.79455,1.83107,1.89553,1.87184,1.85373,1.62445,1.74619
"TMEM156",0,0.440769,0.151463,0,0.0391401,0.256641,0.248765,0.112733
"TMEM158",1.45791,1.76308,1.28744,2.2846,1.3699,1.35653,1.32675,1.46553
"TMEM160",3.96765,2.14628,2.61937,0.816625,3.69953,3.64128,2.36367,1.35124
"TMEM161A",12.3194,12.3315,11.9744,15.0353,13.1015,15.7306,10.5625,11.0397
"TMEM161B",2.15952,3.50221,3.03269,2.83846,3.42005,2.61433,3.25409,3.91165
"TMEM163",5.26387,3.91846,3.99068,4.88204,5.59727,3.59209,4.13962,4.19615
"TMEM164",5.44031,5.98291,5.57642,6.77399,5.925,6.5274,4.98955,6.26222
"TMEM165",38.7886,36.3584,38.7986,40.4535,37.9547,33.4803,35.1863,38.0803
"TMEM167A",12.3723,11.5668,11.9536,12.0402,10.7203,10.0291,10.6019,12.3942
"TMEM167B",12.0993,11.9021,10.9165,9.12029,10.5313,9.5455,9.8694,10.1825
"TMEM168",4.21454,3.80767,4.04878,4.90754,4.63048,4.02057,4.29456,5.18186
"TMEM169",0.0583636,0.125055,0.0980151,0.0536815,0.141701,0.0764165,0.0646355,0.0973738
"TMEM17",0.718749,1.04002,1.16429,1.16407,0.789842,1.37472,1.1956,0.938922
"TMEM170A",4.75973,5.95084,5.31844,5.33146,5.35014,3.51559,4.85206,5.17861
"TMEM170B",1.42574,0.834602,1.45931,0.910731,1.56423,0.947762,1.51573,0.966757
"TMEM171",3.40966,5.01818,4.7245,4.63717,3.95975,3.52423,3.47496,3.22086
"TMEM174",0,0,0,0,0,0,0,0
"TMEM175",9.93804,9.92902,10.1181,11.6357,9.73928,11.679,9.11518,9.48134
"TMEM176A",0,0,0,0,0,0,0,0
"TMEM176B",0,0.0678802,0,0,0,0,0,0
"TMEM177",6.85747,7.49788,5.49654,7.95574,8.55786,7.67112,5.81182,4.25892
"TMEM179",0,0,0,0,0,0,0,0
"TMEM179B",114.55,124.214,98.8281,122.848,116.352,118.318,115.285,111.979
"TMEM18",6.2619,6.04296,7.37314,6.58036,5.62455,5.54304,7.17927,6.05059
"TMEM181",12.9673,14.2773,12.9492,12.3097,15.3816,13.0346,16.0354,14.827
"TMEM182",0.137475,0.231426,0.336152,0.198718,0.204579,0.231415,0.391494,0.137594
"TMEM183A",35.1993,37.3448,42.3059,38.4332,39.2148,30.2218,33.1729,34.9425
"TMEM184A",1.38759,0.835193,1.30112,0.900524,1.44149,1.21414,1.23286,0.758529
"TMEM184B",128.803,120.863,136.353,121.84,141.728,132.929,129.484,145.167
"TMEM184C",6.79227,6.51716,5.81741,5.84893,6.34151,5.64134,6.78455,5.65374
"TMEM185A",10.4606,11.1406,12.6038,10.0599,12.7509,10.4857,10.0623,10.8966
"TMEM185B",9.15,9.3051,9.02338,9.71645,10.1646,9.84393,8.49941,8.93452
"TMEM186",1.27128,1.4961,1.77585,1.25062,1.7295,2.13928,1.84457,1.05645
"TMEM187",0.93135,1.2254,1.37453,2.00293,1.33164,1.24516,1.3622,1.2356
"TMEM19",4.66203,5.35549,6.20306,5.96383,5.38848,4.52372,7.38941,5.8273
"TMEM190",0,0,0,0,0,0,0,0
"TMEM191B",0,0,0,0,0,0,0,0
"TMEM191C",0,0,0,0,0,0,0,0
"TMEM192",3.42416,3.44291,3.50984,3.02675,3.40037,2.81795,2.85018,2.86492
"TMEM196",0,0,0,0,0,0,0,0
"TMEM198",0.0613478,0,0,0,0,0,0,0
"TMEM200A",6.50443,7.09382,5.63413,7.01973,6.85541,6.93392,6.41847,7.08436
"TMEM200B",1.08583,0.52359,0.767235,1.00163,0.623474,0.879198,0.932532,0.626044
"TMEM200C",1.56301,1.78037,1.83276,2.14763,2.1641,2.03988,1.70908,1.84167
"TMEM201",6.16498,7.52375,7.05527,9.29367,8.50955,10.0508,7.89494,7.01137
"TMEM202",0,0,0,0,0,0,0,0
"TMEM203",14.1202,14.2057,12.621,16.3106,13.2324,14.0203,11.703,12.9767
"TMEM204",9.06291,8.08884,8.97909,6.47442,6.41268,8.41605,7.01983,6.67911
"TMEM205",87.7871,85.1253,86.8756,96.2175,78.3084,88.5553,79.8724,86.536
"TMEM207",0,0,0,0,0,0,0,0
"TMEM208",9.47088,9.39031,9.07824,8.60061,7.2755,15.3307,7.79303,10.5815
"TMEM209",9.50803,10.8281,12.8461,8.3963,10.8689,9.80343,12.8514,11.8019
"TMEM212",0.295044,0.434872,0.560325,0.136539,0.386107,0.502893,0.286315,0.259471
"TMEM213",0,0,0,0,0,0,0,0
"TMEM214",55.6875,52.1308,53.4729,57.7002,54.5558,57.4487,52.0143,44.8556
"TMEM215",0,0,0,0,0,0,0,0
"TMEM216",11.5692,10.3562,12.1058,10.7804,9.53835,9.13499,11.4679,10.0861
"TMEM217",3.0001,2.21604,3.8836,2.50515,2.92767,2.00279,2.63681,2.45688
"TMEM218",9.95848,10.3279,8.50971,8.65927,8.60519,9.60502,10.6006,9.77988
"TMEM220",0.320211,0.388787,0.408612,0.334032,0.311474,0.398229,0.307381,0.299248
"TMEM221",0,0.11522,0,0.0994821,0,0,0.11921,0.108018
"TMEM222",21.1236,22.9925,20.3465,22.4858,23.4069,23.038,21.9188,19.5069
"TMEM223",5.97007,6.31798,5.70847,5.54885,3.62196,4.91904,5.88828,8.15462
"TMEM225",0,0,0,0,0,0,0,0
"TMEM229A",0,0,0,0,0,0,0,0
"TMEM229B",0,0.0512095,0,0,0,0,0,0.0318716
"TMEM231",5.75553,6.26361,4.55987,7.30324,5.6295,4.88244,4.64154,4.53953
"TMEM232",0.0206297,0.0442009,0.0207779,0.0189833,0,0,0.0685452,0
"TMEM233",0.0452699,0,0.0919575,0,0,0,0,0
"TMEM235",0,0,0,0,0,0,0,0
"TMEM236",0.0350946,0.0125285,0,0,0.0121581,0.0114932,0,0
"TMEM237",9.40772,8.39515,9.7167,8.09422,9.22792,7.80608,9.91412,8.37305
"TMEM238",0,0,0,0.663874,0.148799,0.13443,0,0
"TMEM239",0,0,0,0,0,0,0,0
"TMEM240",0.136439,0.292798,0,0,0.216207,0,0,0.138197
"TMEM241",2.79774,3.41488,2.6744,2.59395,2.67788,3.42614,2.52249,3.45425
"TMEM242",1.14878,2.55797,1.44973,1.81303,1.43657,1.52692,1.05874,1.43814
"TMEM244",0,0,0,0,0,0,0,0
"TMEM25",8.6478,9.29412,9.748,11.7305,11.0348,11.5496,9.72982,9.30722
"TMEM26",0.0124279,0,0.0374475,0.0342037,0.0645961,0.0122095,0.0275102,0.0620844
"TMEM30A",39.7738,35.7001,40.049,30.4925,36.7498,29.8034,38.3108,37.1455
"TMEM30B",0.0145255,0.0155579,0.0291992,0.0533436,0.0453299,0.0142682,0.112556,0.0726
"TMEM31",0,0,0,0,0,0,0,0
"TMEM33",63.8789,63.4619,71.8339,59.2181,57.9157,56.5238,66.452,67.723
"TMEM37",2.38024,3.40227,1.32411,2.40133,1.85389,1.31016,1.76058,2.01702
"TMEM38A",1.39023,1.87579,1.35662,1.90047,1.10684,1.92602,0.941357,1.52809
"TMEM38B",4.04301,3.5048,5.5245,4.06915,3.68822,3.70586,4.65914,5.16644
"TMEM39A",14.2578,15.2591,16.7804,17.8671,15.3711,16.0817,15.519,16.536
"TMEM39B",62.8438,61.1523,62.2115,71.7233,62.2488,62.5281,53.2849,62.3821
"TMEM40",0,0,0,0,0,0,0,0
"TMEM41A",5.22039,5.4468,4.2199,4.46234,3.954,4.66308,4.45466,5.42163
"TMEM41B",6.15999,5.44308,6.16236,5.78892,6.40666,5.11933,4.99292,5.65848
"TMEM43",29.3804,27.7711,31.0645,28.8322,29.7663,29.2163,29.9928,26.8899
"TMEM44",22.5427,16.6447,22.5339,20.5313,24.8194,21.4381,22.7421,19.7442
"TMEM45A",6.34956,5.90135,5.05189,5.7001,5.53952,3.70437,5.90083,6.43006
"TMEM45B",0.0308435,0.165268,0.0623457,0.0284904,0.0966986,0.0605268,0,0.06191
"TMEM47",6.58974,5.79069,6.64275,6.45723,5.84289,5.13704,5.7905,6.66958
"TMEM50A",34.7393,29.5422,37.1937,31.9388,31.8906,27.1247,32.748,28.6556
"TMEM50B",5.34915,5.57598,5.62581,4.85091,5.1351,5.49463,5.66925,5.76156
"TMEM51",11.5438,13.226,13.0168,17.7073,12.6692,15.2852,14.1503,14.0303
"TMEM52",1.84485,1.77924,2.66861,2.2642,1.95943,2.74769,2.12202,2.10607
"TMEM53",3.14866,3.38261,2.63031,4.63413,3.5124,3.85961,2.56582,3.79404
"TMEM54",25.7525,27.4591,21.2956,24.3729,27.4391,26.0595,20.007,23.295
"TMEM59",45.9861,41.7796,42.9836,39.7611,40.2439,31.0492,37.8052,39.5911
"TMEM59L",2.31566,4.88786,2.17793,3.79308,3.09462,4.63727,3.93736,2.83195
"TMEM60",1.96589,2.71439,3.57702,2.56799,1.59413,2.74387,2.08636,3.53049
"TMEM61",0,0,0,0,0,0,0,0
"TMEM62",3.11488,3.32716,3.1298,3.72147,3.18823,3.56684,3.68225,3.82421
"TMEM63A",5.66461,6.22251,5.76629,7.0294,6.8863,7.20852,5.62614,6.7297
"TMEM63B",24.3519,20.3215,25.4922,24.0159,25.3313,23.673,24.5409,24.5803
"TMEM63C",0,0,0,0,0,0,0,0
"TMEM64",3.70725,3.91345,4.01943,3.52643,3.33297,2.60695,3.94513,3.98462
"TMEM65",7.59064,5.73444,8.31219,6.88689,7.45812,5.92288,7.62658,6.35107
"TMEM67",1.15143,0.940207,1.14876,1.50762,1.01635,1.03458,1.21089,1.27096
"TMEM68",6.2305,5.24716,5.29549,6.08438,5.60969,4.52854,4.63612,5.58562
"TMEM69",38.7223,40.0524,48.588,39.8364,40.0617,36.1243,45.5429,38.5912
"TMEM70",10.7683,9.54978,9.54561,9.39656,9.316,9.35836,7.9197,7.82411
"TMEM71",1.69557,1.89469,2.14135,2.18218,1.8284,1.74482,2.74186,1.8057
"TMEM72",0,0,0,0,0,0,0,0
"TMEM74",0,0,0.0331961,0,0.0343214,0,0,0.0659158
"TMEM74B",0.0816815,0.131346,0.124253,0,0.0428038,0.240272,0.0906194,0.164356
"TMEM79",1.3097,2.11089,1.69794,1.94026,2.13199,2.01716,1.982,2.04098
"TMEM80",8.49031,6.83456,7.73706,5.87565,6.77745,9.03099,5.42627,6.81276
"TMEM81",0.275296,0.118105,0.336654,0.56456,0.231775,0.539347,0.305783,0.333526
"TMEM82",0.0942239,0.101031,0.0957596,0.0875685,0.0494661,0.0923495,0.0522951,0
"TMEM86A",1.55026,1.73879,1.10127,1.71032,1.31038,1.86271,1.23195,1.7883
"TMEM87A",2.97152,3.19944,3.49128,2.71385,2.58436,2.99118,2.24174,3.24895
"TMEM87B",5.88505,6.8555,7.12239,5.71416,7.11297,5.98687,6.95259,7.55498
"TMEM88",197.543,226.13,140.044,211.036,184.614,256.19,147.888,187.957
"TMEM88B",0,0,0,0,0,0,0,0
"TMEM89",0,0,0,0,0.256808,0,0,0.244327
"TMEM8B",3.71365,3.58975,2.96042,3.77482,4.22892,5.22271,3.47915,4.62252
"TMEM9",12.346,12.1644,11.4616,13.4918,10.6852,11.5231,9.6413,11.588
"TMEM91",7.80216,9.37835,8.18739,12.8155,8.36775,8.72053,10.8781,8.79931
"TMEM92",0.219616,0.183009,0.0492024,0.247346,0.0763486,0.0478959,0.0540551,0.146703
"TMEM95",0,0,0,0,0,0,0,0
"TMEM97",24.1659,28.1072,24.3654,25.1259,22.392,24.0013,25.2769,22.9969
"TMEM98",62.4755,59.1241,63.6688,65.4263,58.6035,59.1938,58.2513,63.2059
"TMEM9B",15.1869,17.4362,15.3271,12.0643,15.79,13.1217,12.3,14.0629
"TMF1",4.82587,4.25158,5.15378,4.01224,4.793,3.61161,4.48472,4.40496
"TMIE",0,0.0800422,0,0,0,0,0,0.0375315
"TMIGD1",0,0,0,0,0,0,0,0
"TMIGD2",0,0,0,0,0,0,0,0
"TMLHE",6.66272,4.59656,4.99347,3.89398,5.97989,4.16113,3.94355,5.74409
"TMOD1",2.28113,1.68526,2.07893,1.86313,1.92553,1.69924,1.54621,2.12562
"TMOD2",2.3938,2.25944,2.55219,2.15645,2.01685,2.16128,2.40075,2.71337
"TMOD3",28.7805,28.1136,32.0058,27.4686,28.8848,23.4606,26.5131,25.6259
"TMOD4",0.500019,0.178787,0,0.155394,0.17543,0,0,0
"TMPO",19.1669,20.3787,22.9274,20.784,19.2241,17.9535,20.772,20.6704
"TMPRSS11A",0,0,0,0,0,0,0,0
"TMPRSS11B",0.0252783,0,0,0,0,0,0,0
"TMPRSS11D",0,0.0256266,0,0,0,0,0,0
"TMPRSS11E",0,0,0,0,0,0,0,0
"TMPRSS11F",0,0,0,0,0,0,0,0
"TMPRSS12",0,0,0,0,0,0,0,0
"TMPRSS13",0.245976,0.17004,0.0976969,0.0561662,0.20773,0.296979,0.106147,0.238811
"TMPRSS15",0,0,0,0,0,0,0,0
"TMPRSS2",0,0,0,0,0,0,0,0
"TMPRSS3",0,0,0,0,0,0,0,0
"TMPRSS4",0,0,0,0,0,0,0,0
"TMPRSS5",0,0.198023,0.217878,0,0.0321839,0.0604359,0,0.0927241
"TMPRSS6",0.399841,0.589062,0.403308,0.437629,0.417149,0.564186,0.443005,0.50089
"TMPRSS7",0,0,0,0,0,0,0,0
"TMPRSS9",0.0621402,0.0221905,0,0,0,0.0203397,0,0.0207367
"TMSB10",1025.07,1006.45,836.816,762.078,729.916,931.561,848.523,824.847
"TMSB15A",5.88131,3.38323,2.72436,3.02527,3.39074,3.19791,2.4475,1.40908
"TMSB15B",3.55614,4.8542,4.73179,3.1568,3.24332,3.33116,2.75343,3.80452
"TMSB4X",6297.67,6658.61,5635.51,5561.09,5108.19,5616.83,4918.37,5535.42
"TMSB4Y",0,0,0,0,0,0,0,0
"TMTC1",1.62375,0.60355,1.59247,0.929864,1.98032,0.666481,1.62308,0.883017
"TMTC2",1.68518,1.46847,2.07143,1.43685,2.20981,1.1471,1.86022,1.64855
"TMTC3",4.13537,3.95827,3.65256,3.6448,3.32695,3.21794,4.94053,4.02536
"TMTC4",7.90338,5.74014,6.18946,7.25504,7.52232,7.29806,6.93254,8.29267
"TMUB1",34.2085,32.0467,26.9513,41.7937,44.0998,44.9045,34.4362,34.3579
"TMUB2",19.7845,19.3066,20.3295,22.7915,19.4196,21.7731,20.5406,16.8232
"TMX1",5.08521,4.58419,4.71646,5.01896,4.73256,4.51378,4.66821,4.18473
"TMX3",9.94249,11.2034,8.92145,8.38823,9.76155,10.3565,9.98349,10.4517
"TMX4",12.5157,13.8573,14.4218,9.36801,11.5182,10.6585,12.2848,12.3523
"TNC",0.302669,0.324106,0.273152,0.443464,0.353471,0.260528,0.351601,0.350629
"TNF",0,0,0,0,0,0,0,0
"TNFAIP1",43.188,39.7415,45.7562,39.4414,44.2145,38.914,40.5087,38.9796
"TNFAIP2",1.90922,2.54356,2.02666,2.46359,1.50199,2.59241,1.47232,1.99982
"TNFAIP3",1.58663,2.42864,2.88773,1.91252,2.73797,2.03097,1.83733,2.14539
"TNFAIP6",0,0,0,0,0,0,0,0
"TNFAIP8",3.71367,4.12906,2.16302,4.27847,3.5924,2.95287,4.42883,4.36448
"TNFAIP8L1",13.7404,12.487,12.4528,14.5751,16.2513,15.4329,12.2607,13.8575
"TNFAIP8L3",13.3231,14.7158,13.2007,14.4998,14.3203,14.0513,12.9266,14.6444
"TNFRSF10A",3.30359,3.1994,2.10141,3.20113,2.7674,2.95466,3.38866,3.13992
"TNFRSF10B",44.2541,42.7905,44.4927,46.6277,46.8287,45.2092,44.5845,50.1399
"TNFRSF10D",22.2781,24.3387,25.1487,26.5679,24.7974,24.3844,22.7339,29.3834
"TNFRSF11A",12.9546,15.7871,12.7166,15.7934,14.4551,17.085,11.5281,17.1495
"TNFRSF11B",0.0576586,0,0.116469,0.0798294,0.0301105,0.028291,0,0
"TNFRSF12A",72.8529,44.5528,76.1337,64.7542,89.1769,55.0198,71.5027,44.4814
"TNFRSF13B",0,0,0,0,0,0,0,0
"TNFRSF13C",0.342575,0,0.441007,0.161532,0.0909376,0.251162,0,0.261367
"TNFRSF14",11.5191,11.8997,10.7838,13.2949,13.2667,16.8087,10.0054,12.2886
"TNFRSF17",0,0,0,0,0,0,0,0.0802584
"TNFRSF18",0,0,0,0,0,0,0,0
"TNFRSF19",0.64991,1.19337,0.513413,1.7266,0.459037,1.00324,0.58245,1.11398
"TNFRSF1A",65.1976,67.8737,59.8646,75.2229,73.0041,75.4998,62.9563,67.7738
"TNFRSF21",29.5634,33.6499,36.8879,37.0175,35.2129,34.395,33.6306,37.0162
"TNFRSF4",0,0.445653,0.212652,0,0,0.0677412,0.230932,0.0701292
"TNFRSF8",0.0572547,0.061353,0.115646,0.0792644,0.0298976,0.0561864,0,0.0574305
"TNFRSF9",0.0212494,0.034135,0.0426594,0.0194809,0.022078,0.0626355,0.0587877,0.106106
"TNFSF10",9.59268,8.92059,8.93965,7.98842,7.77467,7.36023,8.15989,9.84675
"TNFSF11",0,0,0,0,0,0,0,0
"TNFSF13B",0.0511986,0.0274235,0.10332,0.0471989,0.0534249,0.0502533,0.0567296,0.0769836
"TNFSF14",0,0,0,0,0,0,0,0
"TNFSF15",9.04255,7.85443,10.3573,10.3699,9.90373,6.96186,13.2771,5.52731
"TNFSF18",5.49659,2.5212,5.6202,2.28182,7.47573,2.46361,5.64915,3.0309
"TNFSF4",69.1273,42.8293,63.9445,41.7342,68.8833,37.1437,58.5241,44.3531
"TNFSF8",0,0,0,0,0,0,0,0
"TNFSF9",0.847852,0.954406,0.774255,1.10119,0.977903,0.831252,0.940748,1.19466
"TNIK",9.06237,17.8975,8.57297,14.701,11.1093,16.313,10.2345,15.4911
"TNIP1",23.2398,25.0834,23.07,24.5838,26.7978,24.5574,24.1989,22.8915
"TNIP2",9.00355,7.47118,9.1875,8.56501,9.04509,9.7354,9.55638,8.95343
"TNIP3",0,0.0599924,0.0563792,0.0257952,0,0,0,0.028039
"TNK1",0.114035,0.0488317,0.0229549,0.147038,0.118925,0.134348,0.151636,0.11422
"TNK2",5.51568,4.84581,4.45639,5.96925,6.67269,8.36414,4.8183,5.86359
"TNKS",10.7457,10.0933,12.2157,10.4963,10.4085,9.76523,11.7174,11.1306
"TNKS1BP1",9.89162,10.4734,8.49082,10.7767,11.0997,13.9365,8.58425,10.3413
"TNKS2",12.3072,12.4802,13.236,11.3805,13.0391,10.3788,14.557,11.8478
"TNMD",0,0,0,0,0,0,0,0
"TNN",0,0,0.0128672,0,0,0,0,0
"TNNC1",0,0,0,0,0,0,0,0.13182
"TNNC2",0.132361,0,0,0,0,0,0.147978,0
"TNNI1",0,0,0,0.00949292,0,0,0,0
"TNNI2",0,0,0,0,0,0,0,0
"TNNI3",0,0.21142,0,0,0,0,0,0
"TNNT1",1.69888,1.59955,0.842061,0.650876,1.08018,1.02136,0.785467,0.58244
"TNNT2",0,0,0,0,0,0,0,0
"TNNT3",0,0,0,0,0,0,0,0.0645353
"TNP1",0,0,0,0,0,0,0,0
"TNP2",0,0,0,0,0,0,0,0
"TNPO1",53.1775,55.6366,55.1467,45.3381,50.2492,45.4381,56.1042,52.82
"TNPO3",21.5351,22.1234,23.0541,21.3619,21.5817,19.7773,22.6436,22.6652
"TNR",0.0246809,0.092516,0.0247886,0.0679237,0.012828,0.0969891,0.0819492,0.0863045
"TNRC18",6.14281,6.57955,5.55066,8.27345,6.71121,8.24403,6.16667,6.20642
"TNRC6A",22.9597,21.4703,25.9443,22.1082,22.5282,21.9675,24.2277,22.2391
"TNRC6B",3.29084,3.88593,3.6229,3.80126,3.19615,3.64037,3.70505,4.106
"TNRC6C",3.90542,3.63982,3.92349,4.01123,4.53687,4.55733,4.27362,4.54609
"TNS1",11.7338,17.7429,12.7078,17.6204,15.3602,21.3741,14.3213,17.6359
"TNS3",4.02644,4.79051,3.61069,4.77601,4.82875,6.21961,4.27956,4.43827
"TNS4",0,0,0,0,0,0,0,0
"TNXB",0,0,0,0,0,0,0,0
"TOB1",14.2959,13.2236,11.5259,13.3544,12.0663,14.044,11.4974,15.0019
"TOB2",20.6913,18.3037,22.0226,22.4023,24.8193,21.9282,19.1164,20.6267
"TOE1",7.21516,6.8096,6.99395,6.08261,6.82491,8.56866,6.73079,7.31739
"TOLLIP",14.0858,14.8877,12.6647,16.4042,19.3121,18.3472,15.393,16.71
"TOM1",9.14582,10.4212,11.3824,12.495,12.3846,11.9862,10.212,10.7048
"TOM1L1",0.0867375,0.0929415,0,0.133449,0.181178,0.170225,0.128169,0.0580206
"TOM1L2",10.5689,10.0608,11.2668,12.2621,12.9908,12.1031,10.2048,10.655
"TOMM20",159.306,165.782,156.185,134.13,125.964,130.407,119.975,145.788
"TOMM20L",0,0,0,0.151387,0,0,0,0
"TOMM22",44.6423,46.4034,41.0474,51.8625,44.6171,47.6193,36.9627,41.901
"TOMM34",79.3885,87.4674,90.3358,100.533,85.5908,93.095,86.5182,84.4559
"TOMM40",14.46,13.9116,17.5485,18.4897,14.739,18.4185,13.1039,15.5414
"TOMM40L",2.54423,3.50655,3.07025,3.1528,4.07179,3.93992,3.2552,2.48614
"TOMM5",91.6301,101.643,90.2479,99.9884,83.4929,94.3305,77.6762,92.945
"TOMM7",22.7334,24.0548,22.6026,15.8833,18.3919,20.159,17.436,17.0874
"TONSL",3.72291,3.66575,3.02818,4.15031,3.94345,4.30014,4.17485,4.14825
"TOP1",50.799,49.3386,48.7564,42.2234,47.8787,43.2753,51.8681,44.612
"TOP1MT",3.36691,3.85392,4.12396,3.17451,3.7185,4.35456,2.62619,3.41689
"TOP2A",51.2318,49.7676,56.391,49.2678,43.7797,44.9085,60.043,49.1831
"TOP2B",19.247,18.2878,17.5134,17.6663,17.4471,14.9206,18.2194,18.0182
"TOP3A",4.72938,4.19235,4.63199,4.54564,3.6954,4.25589,4.17352,3.95561
"TOP3B",13.3546,13.4315,11.9786,13.9848,14.8271,14.5983,13.844,12.3212
"TOPBP1",9.22688,8.89398,9.65671,8.14943,7.62014,8.23011,10.0389,8.56504
"TOPORS",6.79114,6.25416,6.14553,6.16171,5.97372,5.01315,5.3865,6.56126
"TOR1A",36.6197,33.7787,38.313,34.1171,36.385,31.4958,35.8793,33.3088
"TOR1AIP1",18.5809,17.8508,18.7187,17.5747,16.7353,15.7231,19.7594,18.7544
"TOR1AIP2",10.95,8.4742,8.94489,7.91556,9.30694,7.90112,8.86625,9.79466
"TOR1B",5.84547,4.65238,4.93465,7.05137,5.72437,5.06212,4.99232,6.27347
"TOR2A",17.983,17.9324,15.4345,19.0803,20.0321,20.8188,15.7136,16.9215
"TOR3A",6.92324,6.92609,5.79913,7.57457,7.03376,8.31049,5.78664,7.16422
"TOX",27.3192,32.0268,24.7912,32.555,24.1702,28.9657,26.7392,31.7134
"TOX2",28.0678,32.8057,27.4307,34.4185,37.2755,40.4333,28.0233,31.4339
"TOX3",0,0,0,0,0,0,0,0
"TOX4",36.5246,34.3847,37.5961,35.3792,33.2446,35.2728,34.5399,36.3196
"TP53",51.0169,51.1377,48.4039,49.9295,53.6999,50.1042,47.2221,46.0816
"TP53AIP1",0,0,0,0,0,0,0,0
"TP53BP1",10.9753,10.902,11.7672,11.0442,12.0341,11.1962,12.4195,10.6324
"TP53BP2",19.9633,23.0902,23.409,22.9389,23.1899,21.3915,24.1815,23.0685
"TP53I11",126.509,150.558,132.97,182.178,158.437,181.461,137.496,155.972
"TP53I13",10.3035,7.08887,10.4885,10.1783,11.7405,11.9322,9.39754,8.07397
"TP53INP1",61.073,66.5808,56.0936,56.6502,59.1921,59.1016,60.7313,74.8622
"TP53INP2",46.2348,38.9006,51.1849,43.6019,48.1414,46.5661,49.1808,39.8245
"TP53TG5",0.964508,0.345141,0.247862,0.0756531,0.0852688,0.392975,0,0.245014
"TP63",0.0462681,0,0,0.025788,0.0146061,0.013796,0,0.0280798
"TP73",0.0540226,0.0693586,0.0260269,0.104873,0.0842659,0.110153,0.0747464,0.0995784
"TPBG",3.04222,3.60516,3.41506,4.01189,3.86902,3.9595,3.59987,3.67074
"TPCN1",4.81378,5.74169,4.20264,6.1782,5.66437,6.85625,5.15407,6.29415
"TPCN2",2.42071,2.55606,2.59553,2.42592,2.99326,2.67455,3.24482,2.99309
"TPD52",4.39537,3.65402,3.77731,3.0136,4.4551,3.18939,3.42256,3.13277
"TPD52L1",0.116589,0.125059,0,0.272052,0.12281,0.114179,0.259089,0.35344
"TPD52L2",71.4867,69.9664,68.0311,67.7338,67.525,73.2714,63.3256,63.7904
"TPD52L3",0,0,0,0,0,0,0,0
"TPGS1",1.84809,2.86436,2.80298,2.11623,2.60333,2.67956,2.20729,2.91201
"TPGS2",238.755,224.374,257.285,236.1,228.163,210.721,250.55,240.087
"TPH1",0.307296,0.205875,0.311379,0.106747,0.362071,0.150681,0.213033,0.115867
"TPH2",0,0,0,0,0,0,0,0
"TPI1",289.811,278.784,268.945,291.489,264.134,279.093,247.369,281.537
"TPK1",10.0436,19.9115,6.29128,9.09827,5.72045,10.3456,9.69481,10.0329
"TPM1",131.359,109.155,143.739,119.921,133.037,97.6838,133.998,109.576
"TPM2",334.135,332.585,296.19,322.499,325.675,349.24,291.09,308.21
"TPM3",245.825,253.365,253.106,258.963,225.255,237.273,227.164,244.179
"TPM4",381.138,373.06,385.701,339.985,360.692,370.566,363.658,355.04
"TPMT",3.40602,3.97577,3.09143,2.77684,1.85716,3.14241,2.3332,3.44719
"TPO",0,0,0,0,0,0,0,0
"TPP1",192.426,184.693,184.366,193.244,174.723,178.477,201.918,192.335
"TPP2",9.83108,7.90951,10.1431,7.34602,8.6706,7.24197,9.31614,8.67999
"TPPP",0.0528581,0.0905724,0.116725,0.125991,0.0439347,0.14542,0.0701925,0.126689
"TPPP2",0,0,0,0,0,0,0,0
"TPPP3",0.0745084,0,0.0764378,0.559786,0,0.145789,0,0.0755848
"TPR",27.2123,25.4486,26.0807,24.2406,22.5693,24.3326,30.1813,25.4208
"TPRA1",13.5443,14.188,14.0806,16.5847,13.978,14.6682,11.6905,12.5396
"TPRG1",0,0,0.0538555,0,0.0557242,0,0,0.0356967
"TPRG1L",25.5127,22.5363,26.0564,21.4769,25.5728,22.9971,24.3527,21.2196
"TPRKB",7.29721,4.56495,4.82787,3.61295,3.81277,4.59221,3.20399,3.89346
"TPRN",2.89844,2.96937,2.79576,3.28128,2.97123,3.66853,2.50719,2.26799
"TPRX1",0,0,0,0,0,0,0,0
"TPSAB1",0,0,0,0,0,0,0,0
"TPSB2",0,0,0,0,0,0,0,0
"TPSD1",0,0,0,0,0,0,0,0
"TPSG1",0,0,0,0,0,0,0,0
"TPST1",15.2785,10.6369,19.0186,13.2777,14.2279,11.3925,16.4767,11.7609
"TPST2",32.6506,40.1217,37.7246,32.1546,32.3901,35.5007,37.5703,38.1757
"TPT1",6192.39,6135.05,6216.13,6682.54,5769.11,5354.74,5030.51,5851.82
"TPTE",0,0,0,0,0,0,0,0
"TPTE2",0,0,0,0,0.0455617,0,0,0
"TPX2",57.8857,64.1234,72.2233,66.5251,56.4044,57.5542,73.7712,61.9486
"TRA2A",11.8829,11.6827,11.2716,13.5413,11.6507,9.83523,11.0811,10.6147
"TRA2B",13.1376,13.3443,13.6952,13.0337,12.6872,11.6124,12.8039,12.8408
"TRABD",7.53316,6.61487,5.73918,6.98573,7.58903,8.16001,7.23301,7.34392
"TRADD",1.5626,1.61373,3.11337,3.2145,2.93423,3.21041,2.62383,3.95991
"TRAF1",0.463938,0.150216,0.262306,0.331008,0.354198,0.327549,0.660296,0.195201
"TRAF2",3.24646,2.77783,2.94681,3.24633,4.04662,3.30376,3.46721,2.42151
"TRAF3",3.72183,3.13414,3.52892,3.10074,3.66929,3.30989,3.84439,3.19956
"TRAF3IP1",2.7949,2.44307,3.00098,2.26529,2.47243,2.46767,2.92123,2.75415
"TRAF3IP2",1.491,1.50117,0.962216,0.793203,0.892499,1.09258,1.45375,2.65927
"TRAF3IP3",0.0905284,0,0,0.027867,0.0630587,0,0,0
"TRAF4",20.0058,20.3468,19.7271,23.434,24.5123,21.5836,19.4877,19.4654
"TRAF5",2.88555,3.8534,3.92229,4.09459,3.19938,3.0738,3.64183,3.80805
"TRAF6",3.55745,3.76808,3.62953,3.85382,4.32148,3.25862,4.14767,4.94143
"TRAF7",62.3009,60.2584,61.8858,79.2972,70.4421,71.4062,63.891,62.4928
"TRAFD1",12.274,11.5779,11.1862,12.3809,12.5923,10.9808,10.9382,11.6907
"TRAIP",4.54497,5.01702,4.06707,4.91158,3.61921,4.98749,4.61613,4.33769
"TRAK1",33.4095,31.6355,34.7704,35.2939,36.3225,33.889,35.2341,34.6469
"TRAK2",13.1151,12.0585,15.3341,11.5836,13.9605,10.761,13.4041,14.3153
"TRAM1",29.6168,30.3472,29.7557,25.9515,26.6121,25.9314,27.9295,31.3735
"TRAM1L1",0.271293,0.763254,0.205858,0.59585,0.496589,0.465737,0.300805,0.238419
"TRAM2",134.519,142.414,156.509,148.081,162.041,153.923,170.652,139.926
"TRANK1",1.90299,1.67209,1.9564,2.27053,1.78391,2.07283,1.82232,1.98828
"TRAP1",42.5512,50.6736,42.3079,43.9591,42.6189,48.2101,38.2343,38.5231
"TRAPPC1",285.641,256.15,269.598,264.181,239.555,261.693,271.741,268.232
"TRAPPC10",11.0168,9.3769,11.9334,9.46964,11.0872,10.1484,11.2633,10.1341
"TRAPPC11",12.6833,10.9599,13.5741,13.1341,12.5981,11.1768,14.0554,12.8812
"TRAPPC12",8.60678,7.69248,6.90845,10.1077,7.65258,7.37609,8.55821,6.62135
"TRAPPC2",2.82746,2.0243,2.57976,2.31023,1.91994,2.31945,1.98657,2.4228
"TRAPPC2L",68.8835,67.3318,65.0808,53.7968,55.5648,56.575,49.0558,64.1804
"TRAPPC3",41.5802,44.5465,38.9906,36.885,36.5606,36.9637,40.1736,39.2574
"TRAPPC5",50.616,53.8765,54.3736,52.305,45.8339,53.9841,40.7777,51.3442
"TRAPPC6A",6.07134,6.36359,6.56929,9.37117,8.60647,9.28436,6.59552,6.63211
"TRAPPC6B",3.24089,4.05488,3.52464,2.97216,3.20255,2.56003,4.35351,3.19846
"TRAPPC8",6.98172,6.67116,7.83366,6.47589,7.69309,5.71559,8.09502,7.40498
"TRAPPC9",4.4706,5.88144,5.34325,7.26803,6.39168,6.08161,5.48304,5.51582
"TRAT1",0,0,0,0,0,0,0,0
"TRDMT1",3.99889,4.66243,4.57884,4.70613,5.49963,3.70113,4.48268,4.61181
"TRDN",0,0,0,0,0,0,0,0
"TREH",0,0,0,0,0,0,0,0
"TREM1",0,0,0,0,0,0,0,0
"TREM2",0,0,0,0,0,0,0,0
"TREML1",0,0.0863872,0,0.681695,0.426612,0,0,0
"TREML2",0,0,0,0,0,0,0,0
"TREML4",0,0,0,0,0,0,0,0
"TRERF1",5.87803,10.4852,6.09687,11.2087,9.12637,10.8803,6.82177,10.6077
"TREX1",15.858,18.8296,19.93,22.3679,19.8831,22.1817,17.2334,17.0179
"TREX2",0.0591455,0,0.663935,0.220872,0.186954,0.115843,0,0.119547
"TRH",0,0,0,0,0,0,0,0
"TRHDE",0,0,0,0,0,0,0,0
"TRHR",0,0.109997,0,0,0,0.0502513,0.113895,0
"TRIAP1",16.4781,17.9513,15.8013,17.1949,12.2162,14.6373,15.841,14.676
"TRIB1",8.35984,8.66316,9.92944,8.31513,8.13272,9.65148,10.6494,8.80052
"TRIB2",6.11886,8.67582,4.98712,6.98243,7.45675,7.83493,6.8284,7.25749
"TRIB3",12.4505,12.1157,10.2555,11.5505,12.3765,12.1115,11.1869,10.2404
"TRIL",0.34242,0.24449,0.331214,0.442154,0.355982,0.485905,0.378995,0.266106
"TRIM10",0,0,0,0,0,0,0,0
"TRIM11",3.25313,2.34536,2.51176,3.1538,2.94979,3.19476,2.0615,2.386
"TRIM14",2.37543,3.02519,3.42496,2.72608,2.90769,3.27275,2.40508,3.15325
"TRIM15",0,0,0,0,0,0,0,0
"TRIM16",6.42556,5.21742,7.74396,4.7173,7.74964,5.23059,6.68621,5.15355
"TRIM17",0.711434,1.14698,0.494084,0.11324,0,0.46261,0.132408,0.364835
"TRIM2",3.42502,4.04852,3.28601,3.40995,2.8952,3.24728,3.54579,3.9268
"TRIM21",5.72953,5.24404,5.35715,5.11462,5.21565,5.50411,4.65193,4.31126
"TRIM22",47.8281,46.7932,49.238,42.9851,45.832,43.0161,48.5357,48.2646
"TRIM23",1.00833,1.33391,1.31519,1.21259,1.24426,0.640002,1.26116,1.30626
"TRIM24",22.398,24.3464,23.4097,25.1995,20.8234,22.6226,27.0207,26.3571
"TRIM26",0,0,0,0,0,0,0,0
"TRIM27",0,0,0,0,0,0,0,0
"TRIM28",79.0792,80.1417,80.2358,99.1512,86.4773,96.753,81.5392,71.8705
"TRIM29",0,0,0,0,0,0,0,0
"TRIM3",3.11141,2.41893,2.50808,2.67358,2.59441,2.03933,2.27556,2.44623
"TRIM31",0,0,0,0,0,0,0,0
"TRIM32",7.45233,6.71412,7.2403,7.51168,6.22816,6.90475,6.97047,7.36299
"TRIM33",14.6154,15.5865,17.5658,12.6729,16.1213,14.8378,18.7989,15.7509
"TRIM35",1.92673,2.49474,1.98523,2.41732,2.35696,2.17117,2.34345,1.91237
"TRIM36",0.358074,0.555618,0.304817,0.257382,0.194381,0.137622,0.839965,0.26463
"TRIM37",10.9129,9.84408,12.8473,9.69714,12.9803,8.72828,13.6348,9.36338
"TRIM38",11.6334,13.8884,12.8559,11.5569,11.6647,9.77031,9.61106,11.5632
"TRIM4",6.57936,5.03119,5.52868,6.28248,6.16535,4.87867,5.35542,5.90459
"TRIM40",0,0,0,0,0,0,0,0
"TRIM41",3.59413,3.54375,3.72538,3.82201,3.87187,4.21971,3.91929,3.60092
"TRIM42",0,0,0,0,0,0,0,0
"TRIM43",0,0,0,0,0,0,0,0
"TRIM43B",0,0,0,0,0,0,0,0
"TRIM44",24.8013,24.9352,25.8038,21.6086,24.1102,23.4027,24.8712,25.3054
"TRIM45",1.04274,0.963323,0.558212,0.603846,0.795762,0.967473,0.716799,0.927781
"TRIM46",4.59166,2.84143,4.91433,5.09827,5.02964,5.0112,4.79215,4.27132
"TRIM47",14.5284,14.296,14.0102,13.2429,17.9419,15.3975,14.228,12.9365
"TRIM48",0,0,0,0,0,0,0,0
"TRIM49",0,0,0,0,0,0,0,0
"TRIM5",48.4511,40.5764,46.8153,43.5894,41.3737,44.2286,45.9756,45.6141
"TRIM50",0,0,0,0,0,0,0,0
"TRIM52",2.05489,2.3127,2.89598,1.8105,2.22653,1.66089,2.16012,2.55529
"TRIM54",0.0357444,0,0.0361862,0,0,0.0350603,0,0
"TRIM55",0,0,0.0765333,0.0444155,0,0,0,0
"TRIM56",3.00392,1.95515,2.44071,2.78732,2.61014,2.32257,2.28944,2.48666
"TRIM58",0.0248508,0.119768,0.01248,0.0113989,0.0774995,0.0366211,0.041257,0.0496574
"TRIM59",7.54555,11.1574,7.52978,8.85791,6.7633,8.21114,9.64727,8.94807
"TRIM60",0,0,0,0,0,0,0,0
"TRIM61",0,0,0,0.12547,0,0.132443,0,0.0907154
"TRIM62",10.098,9.55706,10.6262,11.1292,10.6979,10.5987,10.0942,10.2968
"TRIM63",0,0,0,0,0,0,0,0
"TRIM64",0,0,0,0,0,0,0,0
"TRIM64B",0,0,0,0,0,0,0,0
"TRIM64C",0,0,0,0,0,0,0,0
"TRIM65",4.93743,4.46117,4.53888,6.78142,6.20061,7.22645,6.32502,5.13895
"TRIM66",1.76536,2.05862,1.75863,2.29069,1.90398,2.68131,1.94481,2.28095
"TRIM67",0.0147782,0.0316496,0.00740895,0,0,0,0,0.00737348
"TRIM68",6.66529,8.12383,6.69494,7.83102,6.9279,7.36323,7.12975,8.46471
"TRIM69",0.0364498,0.163625,0.0738187,0.0674795,0.0763076,0,0,0.0732636
"TRIM7",0.0947769,0.291975,0.0221501,0.329684,0.257688,0.345786,0,0.235031
"TRIM71",0,0,0,0,0,0,0,0
"TRIM72",0,0,0,0,0,0,0,0
"TRIM74",0.168733,0.1085,0,0.374448,0.141173,0.165513,0.149656,0.271123
"TRIM8",61.0301,59.7241,59.4708,68.2987,68.9519,70.9963,59.4811,56.919
"TRIM9",0,0,0,0,0,0.0291639,0,0.0130227
"TRIML1",0,0,0,0,0,0,0,0
"TRIML2",0.736928,0.121603,0.231199,0.422986,0.238739,0.166569,0.566758,0.343524
"TRIO",22.0673,21.7943,22.8546,20.4605,24.7001,21.6368,24.6248,21.8888
"TRIOBP",20.1374,21.42,17.8271,20.2834,19.4226,24.6985,18.5798,20.9676
"TRIP10",28.6468,26.7823,27.4251,29.0309,28.6588,28.6026,27.3558,27.5345
"TRIP11",9.56281,7.98674,8.09149,7.15429,9.07716,6.46593,9.5412,10.5115
"TRIP12",23.0445,24.2998,25.598,20.6174,25.4629,22.6346,26.408,25.4461
"TRIP13",32.7922,33.3175,36.013,32.0299,29.8732,30.9342,34.1466,32.0646
"TRIP4",5.66158,4.66855,6.1573,4.79957,5.26021,4.80327,5.29576,5.49432
"TRIP6",13.0606,13.3192,12.8669,15.8174,15.7762,18.9723,13.0282,12.0036
"TRIT1",5.53996,6.94696,5.77862,6.5981,5.27556,5.80348,7.04276,6.63409
"TRMT1",9.89196,8.94879,8.63197,10.5288,11.2749,11.9522,9.27271,8.67256
"TRMT11",1.07131,0.583269,1.59239,0.72305,0.953007,1.0045,1.38187,0.82488
"TRMT112",142.926,123.759,125.4,105.307,114.038,131.256,110.185,105.509
"TRMT12",2.26873,2.26702,1.51822,1.67074,2.46692,2.28626,2.34492,1.69224
"TRMT1L",5.03852,5.47508,5.34416,5.15056,4.76872,5.23696,4.99391,5.88598
"TRMT2A",4.43327,3.89962,3.14895,4.47489,4.44256,5.15294,2.6305,3.25148
"TRMT2B",12.3604,10.0499,12.5102,14.0529,12.655,10.6945,11.9332,10.9312
"TRMT5",2.95392,2.70832,2.89984,2.58972,2.24392,2.94199,2.66083,2.83231
"TRMT6",0.881191,1.4304,1.36799,1.43418,0.949161,1.3231,1.2346,1.02922
"TRMT61A",0.608861,1.07081,0.834687,0.672278,0.824668,1.25546,0.935176,1.01581
"TRMT61B",2.03855,1.50588,3.26068,3.1777,2.3202,3.1099,2.22236,2.9187
"TRMU",5.26566,5.32328,4.72443,5.42645,4.45465,5.40252,6.39285,4.80256
"TRNAU1AP",21.6695,20.8463,19.1358,23.5998,20.008,19.8981,18.0249,19.5151
"TRNP1",7.33594,9.34423,5.52457,9.64085,7.3428,7.71715,7.34899,7.94047
"TRNT1",5.70517,4.41841,7.17182,3.11782,2.3926,6.0942,1.61882,3.97788
"TRO",6.74939,7.53525,7.84187,9.26554,8.57421,9.04213,7.3536,7.64646
"TROAP",40.0325,43.4342,51.5447,53.8392,44.4116,64.8377,54.471,54.1445
"TRPA1",0,0,0,0,0,0,0,0
"TRPC1",2.83141,3.21227,2.89838,3.39377,3.58082,2.21446,2.64386,1.71903
"TRPC3",0,0.0211169,0.0992497,0.0725393,0,0.0193567,0,0.0591949
"TRPC4",0,0.0583804,0,0,0,0.0534717,0,0.0221463
"TRPC4AP",40.0036,33.3682,34.3746,33.1347,33.5925,33.8955,34.57,33.5347
"TRPC5",0,0,0,0,0,0,0,0
"TRPC6",0,0,0,0,0,0,0,0
"TRPC7",0,0,0,0,0,0,0,0
"TRPM1",0,0,0.011217,0,0.0232294,0.0549163,0.0247391,0.0111593
"TRPM2",0,0,0,0,0,0,0,0
"TRPM3",0.0573668,0,0,0,0.0112145,0.0212276,0.0239119,0.0538026
"TRPM4",5.62722,6.20344,6.20673,7.17583,7.03024,7.48747,8.21823,8.16953
"TRPM5",0,0,0,0,0,0,0,0
"TRPM6",0,0.00817379,0,0,0,0.0450518,0,0.00761709
"TRPM7",3.90184,4.36895,5.0101,3.27645,4.70896,3.94454,4.47793,4.76421
"TRPM8",0,0,0,0,0,0,0,0
"TRPS1",0.229282,0.323144,0.308845,0.35393,0.338825,0.310147,0.429786,0.300699
"TRPT1",26.1907,29.1097,26.79,31.7052,28.5243,27.9931,21.3725,25.987
"TRPV2",1.30334,0.685235,0.982915,1.26716,1.31058,0.953396,0.735628,1.02048
"TRPV3",0,0,0,0,0,0,0,0
"TRPV4",9.83445,9.84283,10.5281,9.97606,8.74528,10.0914,10.0598,9.61952
"TRPV5",0,0,0,0,0,0,0,0
"TRPV6",0,0,0,0,0,0.0447979,0,0
"TRRAP",15.7656,17.0418,18.6361,16.4001,17.8732,16.2674,19.2351,18.7733
"TRUB1",8.8109,9.0129,10.0371,8.23244,8.29586,7.76736,8.77206,9.62083
"TRUB2",12.4097,13.092,11.2071,10.7589,12.1914,11.3981,10.1382,13.9478
"TSC1",5.03403,5.5238,4.94503,5.21278,4.68518,5.38171,5.00368,5.49078
"TSC2",17.2436,16.4322,15.3433,17.5436,19.1965,18.8265,16.0634,15.9025
"TSC22D1",24.2015,29.6647,23.2448,25.3428,23.0384,26.3835,22.5773,28.275
"TSC22D2",6.16426,6.16168,7.76461,6.04541,7.05735,5.62349,8.70804,6.28539
"TSC22D3",9.59418,10.4952,6.38442,11.6931,7.3708,9.40263,6.79266,10.0737
"TSC22D4",40.3126,34.5107,35.2897,45.6296,48.1662,54.827,41.4032,40.2028
"TSEN15",12.8468,17.0006,17.4312,13.4579,9.08631,11.9721,10.8571,18.2411
"TSEN2",2.35897,2.90528,2.88228,2.60818,2.41936,3.04069,2.68058,3.14826
"TSEN34",9.70548,9.87462,10.7352,10.7444,10.8569,10.9937,9.19593,10.6312
"TSEN54",3.60504,3.95844,3.63119,4.38398,4.51224,4.28704,3.15406,3.44252
"TSFM",19.3434,15.8182,21.1569,16.8815,18.7944,14.3171,13.0761,17.4574
"TSG101",69.4945,61.196,80.8062,54.7006,59.7407,51.56,65.4488,57.8917
"TSGA10",0.035577,0.152575,0.0890301,0.163631,0.0370735,0.122365,0.059109,0.0890597
"TSGA10IP",0,0,0,0,0,0,0,0
"TSHB",0,0,0,0,0,0,0,0
"TSHR",0,0,0,0,0,0,0.0324823,0
"TSHZ1",10.2863,10.5055,9.09739,10.5946,9.81218,10.7493,7.96653,11.2848
"TSHZ2",0.00536436,0.0172342,0,0,0.00556523,0,0,0
"TSHZ3",8.33768,7.02629,7.52274,6.81129,7.81284,7.56171,7.13115,7.37826
"TSKS",0,0,0,0,0,0.0377409,0,0
"TSKU",22.5693,25.2401,26.7963,27.9882,24.9161,28.4285,24.5136,24.892
"TSLP",0,0.0299767,0,0,0,0.0274542,0.0620026,0.0561128
"TSN",10.3892,10.5463,10.0111,11.9267,9.11526,9.37823,10.3452,10.3952
"TSNARE1",0.672903,0.736031,1.68639,2.11652,1.59407,1.02288,1.63245,1.44233
"TSNAX",14.4119,16.7137,23.7493,13.0042,14.1057,13.4067,12.3657,15.9126
"TSNAXIP1",0.357964,0.187558,0.0589285,0.457802,0.45707,0.143133,0.387989,0.229966
"TSPAN1",0.304317,0.279652,0.220638,0.121043,0.22799,0.213098,0,0.218831
"TSPAN10",0.0378902,0.16246,0.115161,0.693904,0.357103,0.371598,0.146387,0.228596
"TSPAN11",2.19089,3.79278,1.88363,3.99105,1.64838,3.4496,1.86673,3.16225
"TSPAN12",16.9938,18.4228,16.8178,20.2751,20.4838,15.4613,15.4813,15.3377
"TSPAN13",6.73921,7.84821,5.93883,7.35084,6.06274,6.86005,6.05989,7.28537
"TSPAN14",48.409,47.579,52.379,51.8892,57.1366,52.7669,53.0441,49.9865
"TSPAN15",22.4081,20.6032,24.8297,23.0854,27.6571,20.5088,21.2768,21.047
"TSPAN16",0,0,0,0,0,0,0,0
"TSPAN17",19.9296,18.7535,18.5137,21.0498,20.55,20.8027,20.0451,18.1432
"TSPAN18",68.1925,113.933,61.4164,108.15,80.4012,125.84,69.4148,103.345
"TSPAN19",0,0,0,0,0,0,0,0
"TSPAN2",0.512298,0.285386,0.521361,0.509099,0.405675,0.402418,0.386105,0.419648
"TSPAN3",71.9928,76.0092,79.8626,75.4056,66.3616,66.8232,69.9655,72.386
"TSPAN31",8.22207,7.30183,7.19248,9.11625,6.46199,7.82513,5.67848,7.05464
"TSPAN32",0,0,0,0,0,0,0,0
"TSPAN33",0.119733,0.0513132,0,0.0220627,0,0,0.079588,0.0959704
"TSPAN4",16.0263,16.6679,15.7021,15.9762,21.4219,19.7286,17.9972,13.8564
"TSPAN5",24.7326,30.7572,24.6179,29.2625,27.908,27.727,23.0387,30.4053
"TSPAN6",15.4976,17.5349,19.1242,16.2117,16.5969,14.6827,19.0783,16.9178
"TSPAN7",20.6081,21.3857,24.2704,21.0782,20.8372,17.5399,21.1673,20.3928
"TSPAN8",3.49688,3.39126,2.7527,4.15635,3.40906,3.22517,3.28994,2.9963
"TSPAN9",10.7156,13.1568,9.15227,12.1172,10.1309,12.4376,10.6404,12.0915
"TSPEAR",1.28772,1.48341,1.76325,1.43645,1.29905,0.964803,1.20773,1.44001
"TSPO",113.285,125.071,112.683,150.464,149.327,140.261,105.708,110.432
"TSPO2",0,0,0,0,0,0,0,0
"TSPY1",0,0,0,0,0,0,0,0
"TSPY2",0,0,0,0,0,0,0,0
"TSPYL1",14.2894,13.557,13.8131,13.4873,14.3092,12.4003,13.3094,13.8016
"TSPYL2",6.04262,8.33493,6.89013,8.04573,7.58917,8.10483,7.55452,8.72618
"TSPYL4",31.4661,26.4173,30.7535,27.972,34.9585,26.9508,30.2288,28.2719
"TSPYL5",3.70013,3.37483,3.55913,3.50317,4.26958,3.80497,3.16797,3.77091
"TSPYL6",0,0,0,0,0,0,0,0
"TSR1",9.52832,10.5294,10.3132,11.6709,9.6742,9.74835,10.2263,10.0346
"TSR2",7.41786,8.37154,8.01142,7.58626,9.55502,9.27257,9.83828,6.25998
"TSSC4",6.13922,7.37632,5.91486,7.06399,5.53901,7.31781,6.6438,4.66755
"TSSK1B",0.0271458,0.0872623,0,0.125201,0.0283431,0,0,0
"TSSK2",0.422272,0.0411492,0.0778004,0.284478,0.160825,0.263527,0.255479,0.385985
"TSSK3",3.5225,2.93848,3.47668,5.68276,5.06164,5.69579,4.22337,5.42022
"TSSK4",0.342314,0.654869,0.174528,0.0531978,0.420532,0.279392,0.380288,0.288152
"TSSK6",0.150339,0.107477,0.101964,0.186504,0.737279,0.147318,0,0.151598
"TST",28.7105,27.9082,27.2295,28.9076,29.0871,24.4066,22.5372,24.0922
"TSTD1",1.32623,1.07407,2.54652,1.11976,2.71138,1.45516,4.10125,1.07189
"TSTD2",5.02799,5.29167,5.84472,5.01768,5.59375,4.60962,5.64656,5.91479
"TTBK1",0,0,0.017816,0,0,0.0174514,0,0
"TTBK2",7.98867,7.71779,8.66163,6.01288,8.19917,5.38591,8.58587,8.32446
"TTC1",27.5477,30.5934,30.455,34.0975,26.1958,26.5366,30.1313,27.5283
"TTC12",1.31455,1.67562,0.792921,1.84004,1.66717,1.71946,1.32658,1.82905
"TTC13",5.36984,7.16005,5.8642,5.93164,6.02315,6.42279,5.4065,6.93643
"TTC14",6.09831,5.60767,5.3257,5.18268,5.97998,4.6984,5.70728,6.04802
"TTC16",0,0,0,0.0211981,0,0.0903673,0,0
"TTC17",13.3041,12.3297,13.9515,11.4237,12.4493,12.552,12.9169,12.96
"TTC19",3.30362,3.25545,3.65148,3.12951,3.7975,3.72101,3.47855,3.53386
"TTC21A",1.02151,0.814617,0.948464,0.84113,1.10682,0.898675,0.799737,1.29867
"TTC22",0,0,0,0,0,0,0,0
"TTC23",9.17671,7.78193,9.61309,9.31355,8.00108,7.94853,10.0551,10.8775
"TTC23L",0.0538985,0,0,0,0,0,0,0
"TTC24",0,0,0,0,0,0,0,0
"TTC27",8.86191,9.04465,8.89484,8.03548,8.42428,8.5535,7.95924,7.90844
"TTC28",18.1868,19.2964,18.3731,20.9789,20.7242,21.2283,18.9521,21.2396
"TTC29",0,0.0838746,0.0396516,0.0362498,0,0.0767297,0,0
"TTC3",37.9084,38.2353,38.9851,37.1907,33.3866,36.0489,38.9826,37.0608
"TTC31",12.6862,13.4278,16.0455,16.1838,15.7022,15.0944,13.2863,13.0893
"TTC32",3.92116,3.14306,2.24214,1.84464,2.65316,2.19067,2.97372,2.35926
"TTC34",0,0,0,0,0,0,0,0
"TTC36",0,0.428841,0.695873,0.510611,0.286246,0.38861,0.891746,0.136822
"TTC38",16.3563,15.2019,14.415,17.4313,15.41,14.1187,14.6705,12.7793
"TTC39A",0.976181,0,1.08724,2.00462,0.738198,0,0,0
"TTC39B",2.42356,1.93855,2.3827,4.22996,0.778998,0.458423,2.80466,1.73017
"TTC39C",1.23496,1.15225,1.2872,0.85633,1.33911,1.68928,0.932545,1.91328
"TTC5",6.12519,6.06741,5.92277,5.26833,6.54785,6.44398,6.71434,6.03062
"TTC7A",1.22962,1.55637,1.19761,1.75472,1.27829,1.70829,1.6771,1.41466
"TTC7B",24.1807,25.0416,25.9992,26.7572,25.8768,24.9423,24.9084,22.0507
"TTC8",7.52529,7.6565,7.79097,7.34839,6.61879,7.96928,7.37203,8.70718
"TTC9",0.135012,0.197178,0.0986165,0.101333,0.16586,0.168815,0.230934,0.147149
"TTC9B",0,0.421483,0,0,0,0,0,0
"TTC9C",37.0304,32.0844,31.1711,38.6643,31.7565,30.859,30.7885,32.7946
"TTF1",2.68598,3.13661,3.84316,2.55195,2.43437,2.28411,2.80694,2.1544
"TTF2",5.11025,4.19568,4.63146,3.61371,4.15591,3.65364,4.59332,4.08613
"TTI1",10.7892,10.5297,10.7173,11.8325,10.3719,12.0347,10.8653,11.0267
"TTI2",8.96436,8.92393,7.91649,8.6361,7.81964,7.4136,7.69466,8.3409
"TTK",6.85216,8.2115,8.96279,7.54211,6.45645,7.11444,8.63919,8.93004
"TTL",0.0985008,0.109084,0.165891,0.180642,0.0530084,0.0321845,0.110334,0.263404
"TTLL1",6.55277,8.20919,7.24243,6.95041,7.11316,6.96769,6.6997,6.03457
"TTLL10",0,0,0,0,0,0,0,0
"TTLL11",1.4791,2.63033,2.57845,2.29556,2.48789,2.51551,2.03794,2.2338
"TTLL12",20.3535,27.9869,20.3929,26.3275,24.482,26.8662,21.6722,19.8379
"TTLL13",0.116845,0,0.0394731,0,0,0,0.0432034,0.117501
"TTLL2",0,0,0,0,0,0,0,0
"TTLL4",12.087,12.6266,14.0688,11.9047,13.6223,12.8149,13.337,12.6906
"TTLL5",31.8571,40.8778,37.8908,42.6443,34.7502,37.4241,37.8132,37.4376
"TTLL6",0,0.0406209,0.0532794,0,0,0.0259093,0,0.0379465
"TTLL7",2.09564,1.80056,1.19487,0.799033,0.995633,0.913253,0.951745,0.498142
"TTLL9",0,0,0,0,0,0,0,0
"TTN",0.133406,0.255441,0.204575,0.183362,0.252276,0.241478,0.271628,0.203767
"TTPA",0,0,0,0.0234279,0,0,0,0
"TTPAL",5.46321,6.15366,7.36182,9.44641,6.22357,7.24778,6.70718,4.90038
"TTR",0,0,0,0,0,0,0,0
"TTYH1",0,0,0,0,0,0,0,0
"TTYH2",2.45982,2.80864,2.59829,3.52627,2.4292,3.49109,2.59692,3.16901
"TTYH3",146.922,150.502,150.425,186.674,184.932,204.98,158.988,154.733
"TUB",1.54842,1.38205,1.56176,1.25957,1.04136,1.61554,1.49012,1.68572
"TUBA1A",680.02,653.314,742.295,616.472,719.603,641.394,731.432,559.656
"TUBA1B",1112.38,1161.14,1186.6,1279.59,1054.92,1155.64,1217.95,978.361
"TUBA1C",533.776,538.223,562.612,562.399,496.164,536.845,515.43,507.747
"TUBA3C",0,0,0,0,0,0,0,0
"TUBA3D",0.0867632,0.139529,0.0440325,0.120783,0.318501,0.255177,0.0481388,0.393052
"TUBA3E",0,0,0,0,0,0.0909574,0.0515006,0.0467452
"TUBA4A",42.0227,39.9526,36.4338,45.4803,37.6544,44.8309,39.8137,35.0978
"TUBA4B",0,0.0566793,0,0,0,0,0,0
"TUBA8",1.50003,1.05081,1.01453,0.713904,1.18874,1.38944,0.905855,0.856597
"TUBAL3",0.126041,0,0,0,0,0,0,0.126843
"TUBB",0,0,0,0,0,0,0,0
"TUBB1",0.149734,0.1604,0.226068,0.103265,0.194946,0.11028,0.414529,0.33712
"TUBB2A",11.7341,13.7539,11.7785,13.6958,16.0287,15.4951,12.4383,12.9601
"TUBB2B",0.613121,0.730141,0.93052,1.16556,0.997631,0.835358,0.830897,0.718459
"TUBB3",57.5429,57.3465,57.0833,70.5901,60.4019,67.8565,59.8398,58.3443
"TUBB4A",0.0889536,0.127099,0,0.109507,0.123905,0.116384,0,0.118999
"TUBB4B",225.339,242.287,240.91,263.831,230.565,272.872,219.413,220.786
"TUBB6",157.986,165.563,157.13,160.434,137.145,161.311,146.573,142.905
"TUBB8",0,0,0,0.0886771,0,0,0,0
"TUBD1",1.38951,1.55602,1.53211,1.62262,1.44475,1.80287,2.19107,1.57226
"TUBE1",1.58932,2.44705,2.27074,1.55431,2.12329,1.64096,2.29334,2.19616
"TUBG1",35.5048,28.7971,35.0078,33.3106,35.0043,36.0414,34.3866,29.5198
"TUBG2",7.36572,8.56029,8.16464,8.69541,8.07898,8.58949,9.13498,8.75289
"TUBGCP2",12.0581,11.6619,13.0272,14.5394,12.6178,12.6684,13.053,11.9216
"TUBGCP3",12.0622,13.2762,14.0929,12.4706,12.1178,11.4154,11.9153,12.9329
"TUBGCP4",4.41031,3.60412,3.64766,3.80957,3.97577,3.72791,3.76783,4.57052
"TUBGCP5",2.13825,2.57687,2.18057,1.79816,1.3672,1.64602,2.83972,2.00428
"TUFT1",1.01364,0.698067,0.862012,0.765717,1.10055,1.01129,0.917843,1.18395
"TUG1",47.4122,49.263,50.0097,44.1151,49.1014,42.382,53.5109,48.5736
"TULP1",0,0,0,0.0302271,0,0,0,0
"TULP2",0,0,0,0,0.125043,0,0,0.040013
"TULP4",8.53354,7.65811,7.88736,7.97013,9.56951,9.51889,10.8475,10.6789
"TUSC1",1.90696,1.78064,1.42997,2.33709,1.90547,2.21912,2.35472,1.9668
"TUSC3",4.61555,4.3892,4.20736,3.87281,3.041,4.99111,2.7118,4.97194
"TUT1",3.12565,2.36928,2.27721,4.51899,3.12939,3.86262,2.15099,2.90362
"TWF1",18.1431,16.2256,18.8485,14.8039,16.1735,14.766,16.4904,15.2124
"TWF2",37.4065,33.9343,36.0234,46.8577,36.5377,38.0816,31.9302,37.1765
"TWIST1",0,0,0,0,0,0,0,0
"TWIST2",1.08835,1.09895,1.2434,0.299397,1.2159,0.689422,0.640474,1.03645
"TWSG1",37.6831,34.0115,40.663,33.9639,39.1377,30.9229,37.4429,36.467
"TXK",0.182052,0.0487613,0.045873,0.188613,0.213537,0,0.151251,0.136762
"TXLNA",14.6632,15.3778,14.0432,16.3353,15.3617,17.0634,14.7475,14.9476
"TXLNB",0.0824309,0.0441436,0,0,0.0285739,0.121462,0,0.0549226
"TXLNG",4.82418,5.28647,5.90035,5.10779,4.87045,5.42552,5.88364,5.22106
"TXN",59.996,54.9259,57.1995,56.8566,45.2894,42.7957,45.9778,45.1995
"TXN2",52.4889,52.1884,50.6923,57.7676,47.25,53.7366,43.5723,56.437
"TXNDC11",16.2267,16.2649,18.8233,17.4143,17.224,15.3926,16.8112,16.3562
"TXNDC12",41.8251,48.81,44.919,41.2922,36.7643,37.7228,39.7752,43.3364
"TXNDC15",6.61717,6.14272,6.26684,5.50394,5.84729,5.05157,5.61729,7.01715
"TXNDC16",1.58143,1.38279,1.60406,1.19689,1.64517,1.57494,1.33591,1.23398
"TXNDC17",7.56516,8.21401,7.28404,6.56612,6.59815,8.23194,5.82357,5.90476
"TXNDC2",0.323247,0.230977,0,0.36563,0.263124,0.140912,0.597449,0.252637
"TXNDC8",0,0,0,0,0,0,0,0
"TXNDC9",11.4699,12.8554,12.7187,13.0148,13.4161,8.78461,11.9098,12.7317
"TXNIP",15.6537,22.2708,16.1371,17.4211,16.7817,19.3614,13.1908,20.5611
"TXNL1",73.4832,67.2507,62.261,64.5743,60.7323,61.6017,64.449,65.2406
"TXNL4A",20.1925,19.8365,25.9064,21.3065,18.6716,20.2976,15.0824,18.8072
"TXNL4B",9.01034,8.85734,9.03493,8.28054,8.32439,8.26877,7.53367,8.3827
"TXNRD1",41.7531,28.8054,41.6115,27.1431,34.7331,24.9589,37.9695,27.8874
"TXNRD2",36.1938,27.4756,30.2452,36.1853,33.426,28.8951,26.02,24.0324
"TYK2",21.981,19.6361,21.647,27.3726,22.6288,30.3675,22.5533,20.6941
"TYMS",93.6316,76.5501,83.8919,81.143,80.9469,84.9873,74.3,80.8303
"TYR",0,0,0,0,0,0,0.0736501,0.0333536
"TYRO3",2.51763,1.76864,2.17705,1.32173,1.26282,1.74075,2.11396,1.84747
"TYROBP",0,0,0,0,0,0,0,0
"TYRP1",0.161573,0.0989177,0.0930677,0.25511,0.120339,0.0453194,0.204556,0.069364
"TYW1",4.93478,5.88637,6.50558,6.59731,6.41037,5.47427,4.76988,6.70079
"TYW1B",0.949967,0.990059,0.778723,1.4238,0.9721,0.765881,0.953503,1.11619
"TYW3",2.47454,2.67582,2.99242,2.63822,2.77877,2.7291,2.30391,2.57074
"TYW5",1.15826,1.31694,1.05495,1.46815,1.39046,1.29157,1.24211,1.64678
"U2AF1",67.8571,76.8753,63.1799,55.664,60.2035,59.3818,68.7973,67.5446
"U2AF2",66.8263,73.4292,66.0982,79.0721,71.397,80.4467,63.3451,64.2845
"U2SURP",8.76952,8.68889,9.69058,8.9539,7.73133,7.58705,8.97044,9.03115
"UACA",51.92,41.7697,45.2514,23.8234,66.1817,33.6913,38.9229,54.6766
"UAP1",14.2062,10.5955,14.2613,8.86369,12.0558,8.72205,13.9339,9.14417
"UAP1L1",3.48962,4.46994,4.3429,4.81307,4.98009,4.9762,4.42496,5.03555
"UBA1",222.555,217.643,227.25,243.657,231.144,238.253,224.845,212.664
"UBA2",38.4537,35.5285,39.8507,32.77,32.8041,28.9876,37.8762,33.5362
"UBA3",14.4897,13.0732,12.2042,10.6773,11.0662,11.4307,11.3411,11.5341
"UBA5",3.26452,4.10171,3.92106,3.93208,2.66251,3.12874,3.18394,3.89652
"UBA52",750.536,788.662,660.438,603.028,561.803,678.226,609.129,650.682
"UBA6",4.56099,4.52318,5.8615,3.87511,5.36025,4.09851,6.20455,4.69333
"UBA7",8.35738,8.59947,8.37115,9.02579,10.21,10.9923,9.5574,9.32094
"UBAC1",14.5297,14.0763,13.5273,17.3312,13.2809,16.3882,12.7491,13.149
"UBAC2",17.95,18.9742,18.8008,21.5247,19.8149,20.7539,15.9523,19.4733
"UBAP1",18.1762,17.4945,18.5168,18.3946,18.8015,19.1091,18.6878,17.5091
"UBAP1L",0.65019,0.439946,0.83694,1.01302,0.830014,0.389224,0.590592,0.780931
"UBAP2",48.0705,44.0446,48.8167,47.9333,46.4528,45.7588,45.8701,40.8342
"UBAP2L",155.659,144.815,161.189,159.268,164.019,161.362,165.745,143.463
"UBASH3A",0,0,0,0,0,0,0,0
"UBASH3B",6.17068,6.40158,6.87062,5.38959,6.62286,6.12675,6.69907,6.8713
"UBB",601.457,982.397,810.537,654.536,724.332,827.229,847.104,750.778
"UBC",414.07,412.356,420.42,452.688,369.877,427.117,366.247,432.767
"UBD",0,0,0,0,0,0,0,0
"UBE2A",113.519,104.651,127.776,119.545,120.25,98.41,116.637,106.126
"UBE2B",6.32883,6.21115,7.54062,5.67144,5.80803,5.04087,6.39426,4.58731
"UBE2C",450.793,451.37,517.527,444.157,371.098,425.204,423.862,479.669
"UBE2D1",22.236,22.8479,30.7439,22.1787,23.7211,19.2417,24.4141,22.6929
"UBE2D2",85.4822,73.5429,92.1501,91.6312,92.1556,77.5557,71.2506,75.8474
"UBE2D3",189.025,182.885,199.99,179.728,175.214,160.81,192.929,187.54
"UBE2D4",16.9589,16.2375,18.5824,19.5253,13.4325,18.8239,15.063,15.2412
"UBE2E1",71.699,63.2401,69.9081,62.1786,63.5093,55.0713,56.2601,56.0081
"UBE2E2",23.7149,25.9555,24.0725,27.0287,26.6071,27.1063,26.94,30.2166
"UBE2E3",92.3992,97.2771,93.4603,88.9057,83.5244,77.7974,89.376,96.3851
"UBE2G1",45.4619,37.3279,44.7233,38.9409,39.7293,32.2788,42.6665,39.5047
"UBE2H",55.4776,47.1943,57.5849,49.2359,56.6145,46.0107,55.5617,50.7719
"UBE2I",120.099,109.853,122.447,117.461,114.845,111.37,113.754,112.894
"UBE2J1",92.709,87.8721,99.5163,75.5698,101.396,62.0072,98.3841,81.3791
"UBE2J2",20.0456,18.0162,18.6126,21.0902,20.5329,23.8351,20.9011,17.8975
"UBE2K",9.72462,9.21798,10.0647,8.70543,10.2449,8.62818,10.1262,8.00242
"UBE2L3",73.4709,79.0266,69.4675,68.567,65.089,72.0364,71.6769,69.8629
"UBE2L6",49.4332,51.2829,47.6969,53.5759,46.2116,53.0078,46.0762,50.7527
"UBE2M",22.4036,25.4824,24.1996,28.1092,28.8972,28.9553,26.5882,22.8576
"UBE2N",132.411,131.225,131.768,130.523,121.941,116.132,132.937,119.802
"UBE2NL",0.12685,0,0,0,0,0,0,0
"UBE2O",4.88363,4.86562,4.85817,5.03856,4.9017,5.39408,5.78907,4.81252
"UBE2Q1",17.7493,16.5569,16.5967,14.1939,16.337,17.2008,17.2714,16.498
"UBE2Q2",17.5591,16.2268,18.5536,14.877,16.1367,13.4347,17.1587,16.1978
"UBE2QL1",0.0103803,0.022233,0.0312559,0.0666084,0.0323528,0.0305977,0.0114868,0.0207317
"UBE2R2",57.0718,55.124,57.641,56.936,60.6322,54.6706,61.6537,58.3287
"UBE2S",114.344,103.735,132.946,135.904,122.275,121.328,136.69,110.248
"UBE2T",24.306,23.0806,24.7117,29.6184,16.6454,19.4223,18.2445,19.14
"UBE2U",0,0,0,0,0,0,0,0
"UBE2V2",6.25513,6.64758,7.42916,6.76541,7.34757,5.10962,5.83899,4.49843
"UBE2W",3.18086,3.27862,3.09954,3.05122,3.41648,2.54193,2.95369,2.60846
"UBE2Z",34.5553,31.2432,35.5026,33.092,32.7559,32.0071,33.1302,32.9629
"UBE3A",8.72704,8.52676,9.3535,8.74486,8.07801,7.57712,9.07825,7.52538
"UBE3B",18.1441,17.2229,18.442,18.5899,19.9986,18.086,19.3859,17.4443
"UBE3C",29.4541,28.0637,30.9209,27.1244,32.7819,25.9088,27.8121,30.3966
"UBE3D",8.47174,4.95311,5.94713,5.32295,6.16869,8.08048,3.54702,6.79746
"UBE4A",33.3936,26.765,31.2428,28.8285,30.3417,27.8494,31.8225,33.6814
"UBE4B",20.0544,19.4557,19.6393,20.7226,20.9292,20.696,24.1806,21.9835
"UBFD1",32.1119,29.4205,30.8163,31.8327,30.7649,29.6972,30.1504,31.675
"UBIAD1",7.4282,7.76576,7.25891,7.59978,6.32095,6.90916,6.5841,7.27064
"UBL3",3.13615,2.80189,4.33284,2.70225,3.32424,2.40894,3.35659,3.9376
"UBL4B",0,0,0,0,0,0,0,0
"UBL5",47.8725,55.7095,35.5057,32.742,29.2854,33.6792,23.258,29.4836
"UBL7",38.0035,43.7737,37.0352,50.4496,36.3312,41.1925,33.0219,40.3044
"UBLCP1",5.16415,5.53372,5.75606,5.42267,5.50316,4.84639,5.3303,6.48144
"UBN1",9.59508,9.92281,8.825,9.88984,10.0375,11.6648,10.0881,9.56366
"UBN2",2.83616,3.36878,3.16994,2.93191,3.28214,2.84883,3.57885,3.68307
"UBP1",34.6291,34.1691,36.5831,31.7219,34.5324,31.1114,37.7661,35.6274
"UBQLN1",55.9296,53.8535,64.3091,54.2288,61.762,45.7242,63.534,53.7759
"UBQLN2",32.4674,31.3016,36.4077,32.6744,32.4903,32.1855,32.6768,31.9654
"UBQLN3",0,0,0,0,0,0,0,0
"UBQLN4",48.73,48.5855,52.5397,55.4453,50.427,51.8763,49.9215,45.8006
"UBQLNL",0.666833,0.466026,0.468543,0.34791,0.787348,0.569021,1.02827,0.552603
"UBR1",4.0413,3.98969,3.77982,3.76872,3.64506,3.64278,3.97846,4.19396
"UBR2",4.50875,4.10851,4.45578,4.19681,4.43968,4.0159,4.76219,4.20997
"UBR3",5.03515,4.23202,4.79646,5.41096,4.69688,4.01298,4.90515,5.11833
"UBR4",39.9222,47.7434,41.7252,46.5905,45.4121,49.7792,46.0925,38.4743
"UBR5",10.6386,9.98544,10.7764,9.50483,10.659,8.59058,10.1388,10.8157
"UBR7",22.1915,20.4817,20.4031,21.1479,20.2474,20.6186,19.6287,16.8867
"UBTD1",47.5847,44.8414,49.5958,65.3156,62.1304,61.3613,45.6137,47.056
"UBTD2",13.1052,12.2687,15.5939,12.9597,12.6674,10.9139,13.1585,15.0811
"UBTF",33.5244,33.1771,36.6226,37.7101,33.6474,35.4487,35.1469,33.2617
"UBTFL1",0,0,0,0,0,0,0,0
"UBXN1",36.3678,38.1829,36.0698,45.1626,47.1219,38.0958,36.1486,38.7387
"UBXN10",0,0,0,0,0,0,0,0.0223111
"UBXN11",2.84628,3.77423,4.50682,3.64079,2.23534,4.36483,2.56869,3.25493
"UBXN2A",2.79828,2.11193,1.41838,1.78306,2.15051,2.22507,2.19708,1.45762
"UBXN2B",6.05777,6.3577,6.35895,5.70693,5.76093,6.29328,6.0223,6.24706
"UBXN4",16.7742,14.0829,17.4344,14.6969,14.6334,12.4851,16.0365,14.7035
"UBXN6",0.891244,0.959895,0.758161,1.21867,0,0.52045,1.40027,1.11285
"UBXN7",8.08295,7.73021,8.8535,6.97173,8.4417,6.77226,8.49158,8.77568
"UBXN8",2.54537,2.09196,1.89105,1.86962,1.36359,1.81373,2.3378,2.6169
"UCHL1",282.347,293.873,263.347,272.695,250.541,232.417,248.238,243.648
"UCHL5",7.24306,6.18868,6.40187,7.60406,5.00809,5.29421,5.05104,5.11568
"UCK1",5.50596,5.90058,5.43908,6.06939,5.98358,5.9925,5.82611,5.27524
"UCMA",0,0,0,0,0,0,0,0
"UCN",0.154236,0,0,0,0.167088,0.450264,0,0
"UCN2",0,0.20765,0.0492238,0,0,0,0,0
"UCN3",0,0,0,0,0,0,0,0
"UCP1",0,0,0,0,0,0,0,0
"UCP2",22.6161,25.4889,27.6654,33.3251,26.4482,26.5344,25.5593,28.9366
"UCP3",0.559465,0.585729,0.81938,0.753003,0.235307,0.824646,0.707543,0.810593
"UEVLD",4.12243,6.32898,3.93118,4.13097,4.36801,4.25823,4.38228,4.94053
"UFC1",71.222,79.0502,68.0537,71.6138,62.1085,67.0186,63.5751,68.7386
"UFL1",2.80077,2.78564,3.55853,3.08101,2.57773,2.04057,2.91323,2.33871
"UFM1",8.34136,8.74447,8.85742,9.01951,8.97297,6.77223,8.92863,6.94176
"UFSP1",0.867053,0.253821,0,0.296561,0,0.61671,0.175454,0.240145
"UFSP2",5.90494,7.02724,6.30704,8.72433,6.10868,6.88136,6.2296,6.23591
"UGCG",11.8533,7.26332,13.8863,9.95809,11.2613,7.42188,11.3669,9.26792
"UGDH",14.341,10.7214,13.5861,13.6754,12.5515,10.9113,11.6067,13.7498
"UGGT1",14.1127,15.9,15.2626,14.9774,13.9996,15.9364,16.9053,15.3535
"UGGT2",3.51337,3.27872,2.46733,1.97653,2.15549,2.30995,2.56252,2.70192
"UGP2",12.3246,13.9016,10.125,10.6596,8.1152,11.0692,10.4515,10.5502
"UGT2A3",0,0,0,0,0,0,0,0
"UGT2B10",0,0,0,0,0,0,0,0
"UGT2B11",0,0,0,0,0,0,0,0
"UGT2B15",0,0,0,0,0,0,0,0
"UGT2B17",0,0,0,0,0,0,0,0
"UGT2B28",0,0,0,0,0,0,0,0
"UGT2B4",0,0,0,0,0,0,0,0
"UGT2B7",0,0,0,0,0,0.0360497,0,0
"UGT3A1",0,0,0,0,0,0,0,0
"UGT3A2",0,0,0,0,0,0,0,0
"UGT8",0.457848,0.66221,0.253819,0.442747,0.572854,0.427006,0.557903,0.595979
"UHMK1",12.7747,12.661,13.4308,10.2773,12.483,9.4132,13.0156,12.8053
"UHRF1",10.1178,9.27339,9.00994,10.0261,10.275,9.66537,9.32809,10.5424
"UHRF2",18.1458,17.638,17.9681,18.7708,16.1781,15.3283,16.5399,18.6693
"UIMC1",15.9251,12.7301,15.8831,12.6684,16.2518,12.3059,17.1742,13.6573
"ULBP1",0.188842,0.15735,0.105678,0.173793,0.0874618,0.206016,0.209157,0.210075
"ULBP2",2.66443,1.74955,1.8282,1.72291,2.68903,1.81111,2.05341,1.976
"ULK1",14.1212,13.05,14.6786,16.9624,16.3357,15.9512,15.0885,14.7183
"ULK2",4.3251,3.89348,4.56226,3.66222,4.96542,3.20875,3.90803,4.16024
"ULK3",9.36769,9.19251,7.52828,12.18,9.73113,10.1803,8.02596,7.68696
"ULK4",2.16322,2.45982,3.19376,3.34913,2.60534,2.32911,2.82264,2.4237
"UMOD",0,0,0,0,0,0,0,0
"UMODL1",0,0,0,0,0,0,0,0
"UMPS",2.04345,1.64211,1.94902,1.85418,1.8183,1.77575,2.12831,1.78408
"UNC119",33.2339,29.0433,34.288,37.5408,31.6045,32.0463,27.1234,29.0048
"UNC13A",0,0.0204895,0.0255732,0.0233532,0.006619,0.037613,0.0493915,0.044543
"UNC13C",0,0,0,0,0,0,0,0
"UNC13D",0.499348,0.377908,0.310357,0.296948,0.55059,0.693232,0.651003,0.426197
"UNC45A",15.7177,14.3896,14.1221,15.3866,16.0979,18.0758,14.478,14.898
"UNC45B",0,0,0,0,0,0,0,0
"UNC50",8.33422,11.7215,8.52466,8.79255,9.10288,8.19779,8.47739,10.9647
"UNC5A",0.216352,0.224371,0.181423,0.314908,0.127198,0.137139,0.0966357,0.104765
"UNC5B",0.332067,0.534449,0.352361,0.448297,0.335934,0.813308,0.274746,0.598346
"UNC5C",0.34731,0.439506,0.286493,0.554886,0.472667,0.409615,0.393484,0.434677
"UNC5CL",0.0421667,0.090347,0.063714,0.077616,0.0439425,0.0621017,0,0
"UNC5D",0,0,0,0,0,0,0,0
"UNC79",0,0.0079613,0,0.0340397,0.00771762,0,0,0.00741913
"UNC80",0,0,0,0,0,0,0,0.00920958
"UNC93A",0,0,0,0,0,0,0,0
"UNC93B1",3.24735,2.63341,2.00952,1.94453,2.71977,2.32537,2.69128,2.90562
"UNCX",0,0,0,0,0,0,0,0
"UNG",14.1633,16.8245,13.8626,19.8923,14.6677,15.4648,14.77,15.9194
"UNK",15.9816,14.9322,14.6585,17.3754,13.6551,15.5669,17.8991,17.605
"UNKL",4.7238,3.93809,3.78112,3.92221,4.91436,4.42723,4.78155,4.36715
"UPB1",0.232248,0.106676,0,0,0,0,0.0367851,0.0333172
"UPF1",15.5217,16.2195,16.3609,19.0953,18.5052,19.1871,17.1925,14.4019
"UPF2",5.05831,5.27343,5.23673,4.46263,4.9658,4.32112,5.9839,4.58303
"UPF3A",7.97089,6.92817,7.60883,7.21829,7.51631,8.21164,7.62733,6.89727
"UPF3B",1.87952,2.74598,1.67376,2.38082,2.21991,2.34923,2.71673,2.14727
"UPK1A",0.244111,0,0,0,0.386019,0,0,0
"UPK1B",0,0,0,0,0,0,0,0
"UPK2",0.342575,0.367797,0.264604,0,0.0909376,0.334883,0.0953728,0.522733
"UPK3A",0,0,0,0,0,0,0,0
"UPK3B",0.500304,0.482848,0.712557,0.65167,0.630899,0.588307,0.666574,0.266426
"UPP1",6.93886,5.69326,8.14727,7.38337,7.3694,6.84589,6.68572,6.41763
"UPP2",0,0,0,0,0,0,0,0
"UPRT",2.21613,2.85214,2.68004,2.34609,2.63535,1.91325,2.10169,2.19869
"UQCR10",94.0103,98.0982,80.5308,68.447,68.9462,84.0219,77.0794,80.2683
"UQCRB",4.29248,4.14905,3.2177,2.59238,2.99127,3.11796,3.19046,2.97523
"UQCRC1",70.7684,75.6375,71.174,79.8524,73.3605,72.9437,63.7402,68.514
"UQCRC2",168.644,159.753,161.252,189.448,169.703,155.197,150.828,175.296
"UQCRFS1",83.1593,85.6765,81.9908,79.5132,78.7325,71.1602,65.1102,76.8678
"UQCRH",0,0.57173,0.365408,0.752939,0.188531,1.03927,0.493949,0.360834
"UQCRHL",0.190854,0.205649,0.203805,0.187266,0.208924,0,0.21441,0.199177
"URB1",3.68249,4.8229,4.31405,4.61887,5.08262,4.93101,4.15355,4.49022
"URB2",2.25202,2.26642,2.6494,2.58016,2.64295,2.10142,2.66486,2.45404
"URI1",4.61387,5.54113,5.57777,6.86604,4.71658,4.35093,5.41652,4.79799
"URM1",78.013,76.3264,79.7109,101.803,85.7628,90.8099,69.4634,74.159
"UROC1",0,0,0,0,0,0,0,0
"UROD",68.4272,59.1601,64.0525,63.6281,65.8345,62.6509,57.9034,60.064
"UROS",34.236,41.6882,31.8321,31.8147,35.4939,36.79,36.5568,43.15
"USE1",11.4439,11.2505,8.4708,10.3766,7.55945,7.69171,8.02549,9.71159
"USF1",10.3756,14.3549,11.7831,13.8487,11.5176,12.8022,10.6853,12.2585
"USF2",31.1098,27.8616,31.5606,34.3311,35.2383,38.7857,31.292,35.6116
"USH1C",0,0,0,0,0,0,0,0
"USH1G",0,0,0,0,0,0,0,0
"USH2A",0,0,0.00329177,0,0,0,0,0
"USHBP1",3.80965,3.55422,3.84165,3.83559,4.83109,3.3467,4.86387,4.55176
"USO1",23.1765,20.3792,20.9286,21.6107,22.8431,20.2603,23.6739,21.7274
"USP1",2.34807,2.32723,2.55495,2.08297,1.81675,1.71663,2.48954,1.90311
"USP10",34.6958,33.6683,35.2453,32.704,33.8138,31.4482,34.223,31.0403
"USP11",15.5123,14.8819,16.3913,13.6286,13.9278,15.381,14.5834,13.5908
"USP12",6.83004,5.88915,7.22418,4.87682,6.94006,5.56985,7.27531,5.43879
"USP13",4.10127,4.50401,4.62148,3.54212,4.18251,3.70096,5.57335,3.97958
"USP14",64.9214,66.6821,61.7052,60.8617,59.4297,59.9443,70.2582,60.1939
"USP15",8.1493,9.77056,7.75995,7.52996,7.00394,7.88014,10.1606,7.3534
"USP16",5.12984,4.34414,4.89054,4.00109,4.62182,3.59755,5.09551,3.84572
"USP17L2",0,0,0,0,0,0,0,0
"USP17L5",0,0,0,0,0,0,0,0
"USP18",11.1457,10.9065,12.1307,11.7189,11.3633,11.5544,11.2921,9.47315
"USP19",10.488,7.75465,10.1426,11.0321,10.1568,11.3937,9.25362,9.62915
"USP2",0.45383,0.560306,0.469553,0.425507,0.644891,0.531412,0.709832,0.558758
"USP20",3.55766,4.20117,3.60729,4.42058,4.18666,4.3377,3.37081,3.88583
"USP22",81.5719,76.0438,82.2097,90.0757,89.206,82.2644,82.5745,80.9043
"USP24",6.9704,7.16041,7.94945,6.39525,7.40935,7.48652,7.70228,7.56672
"USP25",21.2232,22.0709,22.1408,21.1387,20.8951,17.9302,21.0196,19.7791
"USP26",0,0,0,0,0,0,0,0
"USP27X",0.816031,0.953812,1.0475,0.797634,1.03187,0.995204,1.01369,0.941659
"USP28",15.4606,13.6857,15.6111,14.6383,13.7471,12.8272,15.6132,13.8479
"USP29",0,0,0,0,0,0,0,0.0181182
"USP3",9.5215,8.59372,10.6492,9.35055,8.89551,8.72425,9.27562,9.76136
"USP30",9.19579,7.9711,8.39643,8.59063,6.76839,8.39423,8.31117,8.15872
"USP31",17.1956,13.5013,22.2625,14.3507,20.6131,12.6155,18.2443,18.3557
"USP32",7.16375,5.68255,6.54902,5.0857,6.11991,5.21786,7.42788,6.03839
"USP33",8.0107,7.00373,8.18085,7.37109,7.24909,6.1359,8.62667,7.82094
"USP34",12.4772,12.5128,13.1015,10.9804,12.8515,11.3942,14.0058,12.4489
"USP35",2.22362,1.80993,2.07607,1.79927,2.25629,1.73256,1.95546,2.07761
"USP36",6.58774,6.13431,6.50439,6.06796,7.97719,6.66431,7.29185,5.8055
"USP37",2.73701,2.81429,2.52865,2.05582,2.58064,2.55266,2.83567,2.80223
"USP38",4.80796,5.03051,5.22572,3.6418,5.13909,4.35998,5.85374,4.60665
"USP39",36.0998,35.8424,37.0957,36.1218,34.3412,34.8161,36.1177,36.6218
"USP4",18.4171,20.2839,18.5418,17.5793,20.4994,17.638,18.4803,18.1205
"USP40",4.75458,5.79324,4.99717,5.61841,5.4197,5.55935,5.29419,5.55326
"USP42",6.26603,5.70706,6.65528,5.76602,6.48264,6.18889,6.57944,6.25318
"USP43",0,0.0682793,0,0,0,0,0,0
"USP44",0.888602,0.782685,0.877326,1.03539,0.678825,0.91133,1.37774,0.810342
"USP45",4.46602,4.41043,5.31416,4.01588,5.17421,3.84222,4.64586,5.87365
"USP46",2.62163,2.61227,3.22487,2.7057,2.65597,2.17939,3.03195,2.64805
"USP47",4.91029,5.09559,5.82207,5.24236,3.88544,3.10042,5.09814,4.87455
"USP48",25.1981,25.7947,25.6463,25.2225,25.874,21.6166,25.7875,26.6578
"USP49",1.39993,1.10863,1.18683,1.12682,0.878921,1.37431,0.947565,1.45051
"USP5",22.562,25.815,25.2875,26.4762,26.2651,26.1877,23.6561,23.2573
"USP50",0,0,0,0.0973,0.109882,0.0511943,0,0.105461
"USP51",0.813211,0.654432,0.693618,0.507795,0.644237,0.862243,0.45212,0.549064
"USP53",11.9337,13.9733,13.2804,12.8265,13.2569,12.3267,14.6105,13.7341
"USP54",1.35006,1.42186,1.60103,1.09866,1.52144,1.02866,2.00033,1.11201
"USP6",0,0.0254245,0.0317475,0.00724825,0,0.0388876,0,0
"USP6NL",18.6421,18.9106,20.7018,18.1948,20.0839,17.4238,20.919,20.8782
"USP7",24.9831,21.3875,23.8419,23.8796,22.8744,22.0677,28.3033,23.1579
"USP8",5.24722,6.2338,7.12901,4.64564,5.99775,5.10493,6.1362,5.63598
"USP9X",13.5811,12.6777,14.2804,12.4101,12.6139,12.0182,14.5752,13.4232
"USP9Y",0,0,0,0,0,0,0,0
"USPL1",9.61145,9.23465,9.93608,8.91432,9.34911,7.63763,10.313,8.98094
"UST",0.308763,0.614175,0.428589,0.526491,0.397649,0.288847,0.374353,0.514432
"UTF1",0,0,0,0,0,0,0,0
"UTP14A",10.7545,13.8248,10.8217,10.4252,12.1755,11.7281,13.0339,10.7907
"UTP15",3.38275,3.27407,3.97019,3.05826,3.16198,3.56078,3.54011,3.09856
"UTP18",6.62789,6.03861,5.63088,6.47686,5.8591,5.59773,5.75802,6.43955
"UTP20",3.00097,3.26576,3.16254,3.06697,3.26685,2.86702,3.52067,3.68371
"UTP23",1.09529,1.21111,1.22648,0.811911,1.06674,1.49204,1.07586,0.91899
"UTP3",10.252,9.3925,10.8042,8.77457,9.8907,7.55947,8.98313,10.5603
"UTRN",46.6479,46.0915,48.4771,51.4133,50.6025,46.6614,49.6626,50.9226
"UTS2",0.294477,0.187097,0,0,0.636742,0,0.389822,0.152075
"UTS2R",0,0,0,0,0,0,0,0
"UTY",0,0,0,0,0,0,0,0
"UVRAG",10.8919,10.2175,13.5218,9.98696,11.6426,9.65741,13.0998,9.68738
"UXS1",20.7244,20.4827,20.7912,22.4465,18.8787,19.1283,20.1087,20.5606
"UXT",37.4522,46.8224,43.1336,35.0429,35.7957,37.2608,32.5865,40.7745
"VAC14",17.6145,17.9183,18.5691,23.8209,19.0261,21.0604,17.9957,17.9318
"VAMP1",5.10378,5.44822,5.86501,4.77261,3.61149,5.48589,3.12254,4.88061
"VAMP2",70.5003,58.4477,72.3939,64.8493,78.1961,63.7326,70.0443,60.0237
"VAMP3",172.322,170.545,182.334,162.029,166.099,158.231,167.741,180.128
"VAMP4",11.7254,12.9737,12.0771,11.5844,12.2554,12.6142,13.0125,13.2299
"VAMP5",120.082,126.492,105.779,118.789,105.652,118.317,93.0611,131.487
"VAMP7",0,0,0,0,0,0,0,0
"VAMP8",93.6115,99.2867,81.1331,80.6329,78.9583,86.963,81.654,88.1571
"VANGL1",6.55728,7.01833,7.06087,6.81205,6.44698,6.59749,6.42878,6.4935
"VANGL2",0.0119511,0.0255988,0,0.0219237,0.0248437,0.0117414,0.0132268,0
"VAPA",35.966,35.063,37.0015,34.6586,34.3542,29.0585,36.5728,35.1484
"VAPB",8.5761,7.65427,9.11652,8.40829,8.97778,6.79627,7.70045,7.88472
"VARS2",0,0,0,0,0,0,0,0
"VASH1",16.3003,15.5599,15.6322,15.596,20.1016,17.3719,16.6206,14.3323
"VASH2",0.422022,0.482453,0.246793,0.623696,0.644549,0.337928,0.664249,0.779359
"VASN",0.142254,0.253998,0.0717067,0.174716,0.222519,0.162915,0.262646,0.190004
"VASP",56.635,56.9277,55.1359,51.3952,63.8716,60.4291,55.244,51.6314
"VAT1",166.641,179.68,165.246,202.218,204.832,203.686,166.595,164.531
"VAT1L",1.26236,2.0561,1.53095,1.70053,1.44011,1.47753,1.35945,1.34923
"VAV1",0,0,0,0,0,0.022558,0,0
"VAV2",6.52036,7.53661,6.27723,8.46364,8.3466,8.40335,7.87771,7.41938
"VAV3",0.191358,0.594453,0.194591,0.254282,0.252462,0.417248,0.214651,0.363783
"VAX1",0.0350547,0.0375719,0,0.0324314,0,0,0.0777432,0
"VAX2",0.132178,0.567266,0.74365,0.680489,0.279098,1.29381,0.661282,0.401431
"VBP1",8.13537,7.23187,7.46365,5.77389,6.20579,6.0989,7.19309,6.52585
"VCAM1",0.992614,0.264256,1.66322,0.363231,0.434107,0.242176,0.979076,0.26749
"VCAN",0.365354,0.5819,0.668937,0.827876,0.366242,0.406294,0.65174,0.854863
"VCL",99.0925,95.0695,111.998,99.1228,109.393,94.5776,99.8248,97.9979
"VCP",157.808,165.331,171.192,163.657,156.21,160.051,146.955,167.504
"VCPIP1",2.41102,1.74033,2.79451,1.5949,2.03318,1.59649,2.33649,2.34991
"VCX",0,0,0,0,0,0,0,0
"VCX2",0,0,0,0,0,0,0,0
"VCX3A",0,0,0,0,0,0,0,0
"VCX3B",0,0,0,0,0,0,0,0
"VCY",0,0,0,0,0,0,0,0
"VDAC1",100.792,101.972,106.8,99.2896,92.2975,92.2308,103.828,100.722
"VDAC2",87.3743,75.306,86.5371,76.119,78.9877,70.7106,77.2491,72.4719
"VDAC3",36.2895,32.0366,37.1232,34.0572,30.9949,31.9064,31.3563,34.3245
"VDR",0.556959,0.659362,0.433906,0.672844,0.548782,0.547821,0.405638,0.48525
"VEGFA",3.46047,3.11246,2.7737,3.06938,3.90166,3.53121,2.68447,3.27829
"VEGFB",38.4336,37.1393,35.5466,44.0796,43.9175,45.9021,36.7622,40.6211
"VEGFC",8.86741,6.21602,6.86156,5.15004,6.85122,6.46795,7.71148,7.27126
"VENTX",0.05595,0.0299767,0.0564923,0,0.087633,0,0,0
"VEPH1",49.1178,51.2502,56.931,42.0611,48.6142,44.7796,57.6291,48.346
"VEZF1",35.9033,38.4512,39.8013,36.1048,40.0653,32.1091,40.1296,38.0239
"VEZT",35.125,35.76,33.8744,34.9367,34.5234,29.3075,39.9549,35.2978
"VGF",0.0525481,0.056305,0.0265135,0,0,0.025788,0,0
"VGLL1",0,0,0,0,0,0,0,0
"VGLL2",0,0,0,0,0,0,0,0
"VGLL3",0.36172,0.20657,0.520407,0.209666,0.406608,0.272666,0.473493,0.307
"VGLL4",24.6153,26.7376,25.3238,29.0407,25.9431,27.7942,23.8828,28.5832
"VHL",6.46872,5.85879,6.13516,7.0492,5.89507,7.07857,6.34325,5.73363
"VHLL",0,0,0.158213,0,0,0,0.257195,0
"VIL1",0,0,0,0,0,0,0,0
"VILL",1.10351,0.84436,0.510845,0.95702,1.04623,1.06281,0.64508,0.933178
"VIM",4225.63,3813.87,3902.65,4884.57,4615.88,4618.5,3805.66,4268.87
"VIP",0.448398,1.05766,0.957046,1.16584,1.03509,1.18678,1.14456,0.767663
"VIPR1",7.3426,10.1464,6.47644,8.06546,8.39784,11.0651,5.51958,7.62499
"VIPR2",0,0.0176381,0,0,0,0,0,0
"VIT",2.43739,2.16778,2.41054,2.69121,2.04364,2.40118,2.96623,2.46822
"VKORC1",75.0438,81.1216,63.1043,66.8821,68.9921,77.8618,62.6463,68.7131
"VKORC1L1",24.9215,23.4587,28.7817,23.4069,25.336,20.5814,28.0906,23.1182
"VLDLR",0.646211,1.29057,0.934557,1.13047,1.29128,0.938938,1.07601,1.22497
"VMA21",26.0743,22.0068,24.4388,20.8146,23.7389,20.9848,24.367,26.262
"VMAC",2.46299,2.85552,3.4237,2.9,3.66684,2.51209,3.27225,4.41936
"VMO1",0.111469,0,0,0,0,0.451339,0,0
"VN1R1",0.546058,0.780633,0.369769,0.422651,0.477564,0.847486,0.959573,0.870844
"VN1R2",0.224466,0,0.0572072,0,0,0,0,0
"VN1R4",0,0,0,0,0,0,0,0
"VN1R5",0,0,0,0,0,0,0.0796896,0
"VNN1",0,0,0,0,0,0,0,0
"VNN2",0,0,0,0,0,0,0,0
"VOPP1",51.9839,48.9278,56.287,53.3825,56.3922,52.3379,52.7558,52.667
"VPREB1",0,0,0,0,0,0,0,0
"VPREB3",0,0,0.353194,0.162152,0,0,0,0
"VPS11",16.1375,17.3856,15.061,16.9508,15.5135,16.6175,16.2633,16.9576
"VPS13A",7.27046,7.22456,8.03567,6.88032,8.03353,6.27878,8.83129,7.55208
"VPS13B",3.5734,3.94839,4.29774,3.656,4.35307,3.15538,4.32259,4.28163
"VPS13C",5.20149,3.86661,4.06665,3.40619,4.65468,3.28883,4.13788,4.98228
"VPS13D",5.24936,5.21765,6.1067,5.10334,6.17043,4.88697,5.93313,5.88819
"VPS18",8.10553,8.79491,9.12208,9.41656,10.6494,11.6783,9.87981,8.33103
"VPS25",31.1159,32.7179,28.8078,26.95,29.0666,26.3045,31.0505,31.1042
"VPS26A",9.56952,8.74741,10.6221,10.11,9.63483,7.49615,9.04351,7.94284
"VPS26B",17.6628,18.6526,15.7392,16.7567,19.5567,20.3591,17.7216,18.8984
"VPS28",150.111,152.363,145.87,166.399,143.656,159.261,131.812,133.832
"VPS29",32.943,32.9718,28.5029,32.6193,27.4808,27.7902,31.3999,30.3507
"VPS33A",8.26339,7.90381,7.86301,7.03579,7.68687,7.47353,7.34892,8.0753
"VPS33B",4.23031,5.02309,4.49922,5.88661,4.61909,5.57101,4.74508,6.14475
"VPS35",26.9701,26.4457,26.8901,23.4739,23.3134,21.5796,25.0814,25.729
"VPS36",4.63881,5.20723,5.17654,5.3951,4.5459,5.29256,4.99955,5.90169
"VPS37A",11.6222,11.4615,15.0759,11.6841,12.429,10.0872,13.0061,11.8488
"VPS37B",24.9663,26.2866,26.6712,31.1891,31.559,32.2361,22.8672,25.2879
"VPS37C",9.05424,7.19157,8.92585,8.70685,9.9942,11.2125,8.36546,8.37028
"VPS37D",0.735203,0.957413,1.17432,1.41824,1.5444,0.977568,0.441721,1.16568
"VPS39",22.1708,21.1747,22.8479,23.2642,23.7929,20.7966,23.6746,22.4332
"VPS41",5.6735,6.10607,6.42568,5.51464,6.2485,4.74387,6.28573,5.60737
"VPS4A",28.0813,27.2112,27.2442,32.4849,31.1455,28.8714,28.5505,23.1805
"VPS4B",7.23352,6.69726,6.35278,6.17887,5.50082,5.548,7.91257,7.55661
"VPS52",0,0,0,0,0,0,0,0
"VPS53",6.62251,7.24855,6.22549,7.38582,6.16351,6.16993,6.83287,4.42218
"VPS54",4.0315,3.524,3.42104,2.49532,3.00518,3.41351,3.39683,2.77126
"VPS72",61.7104,55.9718,61.8355,58.3204,55.231,56.8765,59.3833,52.0268
"VPS8",7.33162,8.31982,7.17447,7.11907,7.37664,7.19393,6.84428,7.32102
"VRK1",5.58441,4.11839,5.23731,4.78834,5.07084,4.74551,5.85633,4.08995
"VRK2",8.86309,8.45308,9.77729,7.35214,6.98616,6.8588,8.79584,6.60565
"VRK3",18.8975,18.7395,18.6585,19.2439,17.6539,18.9506,18.5254,15.8769
"VRTN",0,0,0,0,0,0,0,0
"VSIG1",0.92397,1.21012,1.19517,1.24434,1.11238,1.32607,1.36475,1.52227
"VSIG10",3.12583,3.01308,2.9494,3.24177,2.31337,2.30387,2.46813,3.27691
"VSIG10L",0.781129,0.684603,0.696658,0.652744,0.57297,0.993771,0.688013,0.692647
"VSIG2",1.56629,1.51709,2.05636,1.50455,1.06206,1.93086,1.57079,1.42671
"VSIG4",0,0,0,0,0,0,0,0
"VSNL1",0,0.0367933,0,0.0635029,0,0.0336754,0,0
"VSTM1",0,0,0,0.358373,0,0,0,0
"VSTM2A",0,0,0,0,0,0,0,0
"VSTM2B",0,0,0,0,0,0,0,0
"VSTM2L",0.0351954,0.0754459,0,0.09769,0,0.0690465,0.0390281,0.141441
"VSTM4",0.531649,0.544599,0.528099,0.383444,0.53884,0.383197,0.316557,0.417553
"VSTM5",0,0.171136,0,0,0,0,0,0
"VSX1",0,0,0,0,0,0,0,0
"VSX2",0,0,0,0,0,0.0216903,0,0
"VTA1",18.6736,18.9282,16.9863,14.8061,13.3856,15.1467,17.0973,16.3243
"VTCN1",0,0,0,0,0,0,0,0
"VTI1A",7.09366,6.46312,6.55667,6.70039,6.80116,6.19086,7.38274,7.20121
"VTI1B",32.7408,40.5809,33.5703,33.2315,30.0486,40.2435,34.9389,35.7125
"VTN",0.462484,0.315516,0.341243,0.117,0.661203,0.535884,0.373194,0.465432
"VWA1",0.221053,0.325543,0.0971845,0.228259,0.287353,0.176432,0.443497,0.151891
"VWA2",0,0,0,0,0,0,0,0
"VWA3A",0.0280036,0,0,0,0.0291238,0,0,0
"VWA3B",0,0,0,0.0248668,0,0,0,0
"VWA5A",6.76282,8.37928,6.13836,7.8581,6.28584,6.77008,6.74213,7.9149
"VWA5B1",0,0,0,0,0,0,0,0
"VWA5B2",0,0,0.0162287,0.0148248,0,0,0,0
"VWA7",0,0,0,0,0,0,0,0
"VWC2",0,0,0,0,0,0,0,0
"VWC2L",0,0,0,0,0,0,0,0
"VWCE",6.65546,7.38886,4.8396,9.1414,7.11167,10.8384,5.11352,8.02987
"VWDE",0.195557,0.176752,0.135848,0.220532,0.109317,0.157316,0.250399,0.332038
"VWF",200.156,228.664,208.452,258.797,255.212,256.996,221.723,225.172
"WAC",24.8457,22.4325,27.2559,24.2674,25.4183,20.7734,31.1141,24.0213
"WARS2",2.99139,3.33883,3.11014,4.20994,2.68947,2.81179,2.78883,3.13191
"WAS",0.152219,0.203957,0.0771112,0.10574,0.199259,0.149283,0.211045,0.306079
"WASF1",54.1164,46.9224,56.4354,52.421,51.796,50.0166,59.2364,50.7077
"WASF2",146.249,123.903,159.539,131.245,162.707,131.172,169.09,130.496
"WASF3",69.379,53.744,73.8194,53.8421,84.002,54.4975,72.0856,60.2655
"WASL",18.1182,15.2239,18.6774,15.1564,18.4167,17.5022,15.9148,18.0816
"WBP11",75.8894,61.4076,68.3793,64.5536,61.892,66.8255,63.401,55.2864
"WBP2",159.677,112.646,122.916,139.875,170.734,159.838,147.518,123.376
"WBP2NL",0,0,0,0,0,0,0,0.0293356
"WBP4",0.986219,0.714911,0.791043,0.508727,0.454455,0.939328,1.22165,0.523768
"WDFY1",18.3136,17.9253,18.7598,18.4354,16.9848,18.7664,18.5388,19.2334
"WDFY2",6.32571,4.3689,5.20281,3.84181,6.7334,3.7535,4.82604,3.92302
"WDFY3",12.7514,10.7561,14.2733,10.5399,13.4111,9.7073,15.0642,11.6013
"WDFY4",5.6378,5.55739,5.9584,7.20022,7.8996,6.20499,5.18634,6.36362
"WDHD1",2.99089,3.06452,4.07119,2.50752,3.70881,2.71847,4.43095,3.31145
"WDPCP",0.436681,0.361486,0.459688,0.712146,0.765074,0.604202,0.373704,0.397346
"WDR1",227.345,212.058,219.689,201.949,237.809,201.561,206.127,186.725
"WDR11",21.0834,17.8429,20.5894,19.5122,21.7709,19.094,18.2662,20.8904
"WDR12",3.56147,4.55479,4.83467,3.62381,3.78832,4.77851,5.4951,4.60962
"WDR13",15.9837,15.5782,16.5746,16.9424,16.2434,18.7964,15.8825,15.2698
"WDR17",0.0257953,0.0644597,0.0345014,0.118167,0.125017,0.0760562,0.0856348,0.12876
"WDR18",17.8545,16.6273,18.466,22.5713,18.6441,22.2366,17.0588,14.092
"WDR19",12.3486,9.9954,11.1696,10.2911,9.29644,9.34843,10.8383,9.80586
"WDR20",7.40669,8.30273,8.03854,8.98182,9.22676,8.39975,8.53198,8.16146
"WDR24",0.646098,0.657809,0.816652,0.776273,1.11455,1.26777,0.573049,1.39463
"WDR25",14.9165,15.445,15.6459,22.1174,24.0047,13.6265,13.7152,13.4596
"WDR26",54.7294,49.8514,53.7019,47.9054,52.7927,49.504,51.8573,58.1418
"WDR27",3.23031,3.24961,3.63705,3.56333,3.35611,4.01244,3.80658,3.95611
"WDR3",4.07914,3.68202,2.89345,3.08154,3.73486,3.51769,3.61372,3.56207
"WDR31",0.396807,0.465547,0.247336,0.567664,0.302551,0.392174,0.442281,0.436404
"WDR33",5.81752,6.32419,6.18764,6.35634,6.29996,5.45438,5.67993,5.2233
"WDR35",1.59422,1.17976,1.34756,1.14438,1.13258,1.05811,0.930296,1.16823
"WDR36",5.05343,5.15618,5.14741,4.2218,5.06289,4.75377,5.72119,5.10287
"WDR37",5.72838,6.1743,6.3737,6.48246,6.50008,5.98784,5.44781,6.58177
"WDR38",0,0.190922,0,0.221564,0.187541,0.116178,0,0
"WDR4",4.8148,5.03529,4.76874,5.43605,5.1013,6.60081,5.92921,4.57388
"WDR41",3.64541,3.6334,2.68113,2.85674,3.61371,2.83438,2.35529,3.23891
"WDR43",12.6897,8.76572,12.8915,7.59839,8.51547,9.89536,13.3164,8.56449
"WDR44",7.1368,7.64684,9.10496,7.43332,9.29538,5.9335,10.1781,9.0873
"WDR45",21.1713,21.3919,19.1476,22.8125,22.223,19.7871,18.8728,19.7247
"WDR46",0,0,0,0,0,0,0,0
"WDR47",6.24352,5.92256,5.76378,5.16282,6.08348,4.67003,5.89418,5.60755
"WDR48",13.1967,12.5552,13.1183,12.6237,13.3145,12.1628,13.2359,13.7329
"WDR49",0,0,0,0,0,0,0,0
"WDR5",25.8032,26.1868,27.3597,28.1037,27.9092,26.5651,26.5371,24.6144
"WDR53",5.8009,4.00355,5.16292,3.77967,4.95567,3.89066,4.57195,4.69447
"WDR54",13.954,14.7534,14.4928,14.2192,12.5835,17.2544,12.1859,13.7196
"WDR55",4.09972,5.35919,4.8745,5.56109,6.03563,3.88965,4.87976,3.77247
"WDR59",7.28272,8.1678,8.33778,8.26037,8.27798,8.13879,7.7288,7.91522
"WDR5B",1.87238,1.7569,1.72696,1.77649,1.8193,1.7023,1.81589,2.05777
"WDR62",4.41156,4.66261,5.05964,5.20888,5.01845,6.25466,4.84557,4.09917
"WDR64",0,0,0,0,0,0,0,0
"WDR7",2.79368,3.14171,2.66184,2.95843,2.75286,2.84646,2.79323,3.08442
"WDR70",9.6034,8.27089,9.10224,6.79114,7.34631,8.28836,7.98824,8.27052
"WDR72",0.00865302,0,0,0,0.00898535,0.0170063,0,0.00863737
"WDR73",7.83542,6.22522,6.09631,5.6778,6.57125,7.89423,6.60579,6.27271
"WDR74",7.05275,6.22083,7.26444,8.12086,6.47596,7.40332,4.72877,6.17833
"WDR75",10.6444,9.73752,10.8498,8.37272,9.05579,8.44727,10.0202,9.58966
"WDR76",8.31397,6.15916,6.80112,4.72111,6.41709,5.29508,6.46634,4.78779
"WDR77",20.5505,24.3389,23.2555,26.3344,21.376,24.3009,21.8144,21.3022
"WDR81",1.62344,1.59066,1.57351,1.30624,1.94962,2.07336,1.88072,1.18681
"WDR82",22.0786,21.3735,22.6189,21.2765,22.8372,20.6361,22.8576,21.1557
"WDR83",1.37966,1.87279,1.16197,2.06874,1.80591,2.94187,1.04553,2.1187
"WDR83OS",347.013,377.088,352.572,330.364,309.401,324.559,298.538,331.2
"WDR86",0,0,0,0,0,0,0,0
"WDR87",0,0,0,0,0,0,0,0
"WDR88",0.0407865,0.131171,0.0827236,0.113447,0.128239,0.199962,0.407243,0.0820676
"WDR89",0.378093,0.16232,0.0776098,0.639355,0.0800728,0.36985,0.0841403,0.460399
"WDR90",2.93256,2.36154,2.76592,3.76182,3.0383,3.0333,2.99992,3.58565
"WDR91",4.33595,3.72092,3.13462,4.57014,3.21777,3.80448,3.10992,3.32706
"WDR93",0,0.0600082,0,0,0,0,0,0
"WDSUB1",0.961063,0.412874,0.496682,0.363985,0.102361,0,0.321354,0
"WDTC1",36.4477,30.2541,38.0639,43.1038,38.7062,42.01,36.7869,32.4927
"WEE1",10.7206,10.8548,10.5428,9.93746,8.99044,9.7196,10.2364,11.2194
"WEE2",0.0215802,0.0231193,0,0,0,0,0,0
"WFDC1",0,0,0,0,0,0,0,0
"WFDC10A",0,0,0,0,0,0,0,0
"WFDC10B",0,0,0,0,0,0,0,0
"WFDC11",0,0,0,0,0,0,0,0
"WFDC12",0,0,0,0,0,0,0,0
"WFDC13",0,0,0,0,0,0,0,0
"WFDC2",0,0.18924,0,0,0,0,0,0
"WFDC3",0,0,0.0805603,0,0,0,0,0
"WFDC5",0,0,0,0,0,0,0,0
"WFDC8",0,0,0,0,0,0,0,0
"WFDC9",0,0,0,0,0,0,0,0
"WFIKKN1",0,0,0.0717896,0,0,0.104346,0,0
"WFIKKN2",0,0,0,0,0,0,0,0
"WFS1",39.1396,41.886,34.6967,48.4132,41.6686,47.8969,34.1847,42.5082
"WHAMM",5.37551,5.21838,5.76061,6.31616,7.11334,6.50562,5.56183,5.63348
"WIF1",0,0.0650276,0,0,0,0.0297706,0,0.0304462
"WIPF1",25.7967,22.587,25.5134,27.668,27.5932,25.6073,25.6556,24.7985
"WIPF2",26.1028,24.353,26.3295,25.2198,25.9499,25.6883,25.9391,24.1824
"WIPF3",0.309563,0.231985,0.248994,0.469113,0.483122,0.455858,0.565182,0.108331
"WIPI1",48.8594,45.1491,48.1903,47.6383,44.7041,39.253,50.9337,50.7296
"WIPI2",36.8389,32.3329,31.9872,33.1048,31.2113,32.8191,34.9427,30.6609
"WIZ",46.4157,46.2232,49.3514,54.982,55.0063,59.0556,52.5659,49.8715
"WLS",46.2008,39.6121,43.8821,44.6031,45.9376,40.1031,43.6384,39.4305
"WNK1",42.0558,41.5497,45.144,43.3178,44.7046,44.0813,49.6204,47.9603
"WNK2",0,0,0.0186101,0.0764829,0.00963213,0.0546791,0,0.00925885
"WNK3",0.621779,0.467843,0.696055,0.523734,0.53403,0.496667,0.66271,0.809999
"WNK4",0.309875,0.133999,0.140874,0.186727,0.113893,0.337938,0.415552,0.312761
"WNT1",0,0,0,0,0,0,0,0
"WNT10A",0,0,0,0,0,0,0,0
"WNT10B",0,0,0,0,0,0,0.0316093,0
"WNT11",0.0358954,0.0384741,0,0,0,0.0704164,0,0
"WNT16",0.0923251,0,0,0,0,0,0.0511366,0
"WNT2",0,0,0,0,0,0,0,0
"WNT2B",1.30916,1.86894,1.89039,1.37862,1.40638,2.03055,2.47983,2.08756
"WNT3",0.512159,0.502961,0.322476,0.137494,0.266884,0.209522,0.543638,0.341878
"WNT3A",0,0,0,0,0,0,0,0
"WNT4",0,0.0356496,0,0.0764501,0.103917,0.0817182,0,0.0332862
"WNT5A",0.0720766,0.0490007,0.13782,0.115662,0.106971,0.0607048,0.189887,0.133668
"WNT5B",0.0623905,0,0,0,0,0,0,0
"WNT6",0,0,0,0,0,0,0,0
"WNT7A",0,0,0,0,0,0,0,0
"WNT7B",0.0830464,0,0,0,0,0,0,0
"WNT8A",0,0,0,0,0,0,0,0
"WNT8B",0,0,0,0,0.0721901,0.0676909,0.0765157,0.0346585
"WNT9A",2.25736,2.25614,2.92291,2.61335,2.52459,2.35985,2.29624,2.61969
"WNT9B",0,0,0,0,0,0,0,0
"WRAP53",13.2254,13.4592,13.6365,15.048,14.5486,17.1444,13.4068,14.7759
"WRAP73",7.83138,6.89673,7.87608,6.97555,5.47694,6.00305,6.06186,7.11559
"WRN",2.03961,2.58167,2.04929,1.9998,1.7416,1.6093,2.34914,1.76088
"WRNIP1",11.4643,12.5492,12.08,11.9938,13.3911,12.7506,10.4924,12.0589
"WSB1",190.815,176.625,172.845,165.224,197.584,153.876,170.096,213.335
"WSB2",26.3421,19.0108,27.4402,23.3618,24.9367,20.9551,23.3466,23.646
"WSCD1",8.04584,9.68492,7.59287,8.96388,9.29537,12.0188,8.45278,9.26425
"WSCD2",0,0.0148778,0,0.0127503,0,0,0,0
"WT1",0,0.0595048,0,0,0,0.0267473,0,0
"WTAP",23.3677,26.0548,23.6136,20.0365,22.358,22.3421,21.7052,21.9174
"WTIP",2.6943,3.15771,3.67501,3.13873,4.39035,3.96657,3.71956,1.82912
"WWC1",0.0661767,0.12125,0.143728,0.111244,0.00980447,0.129362,0.156569,0.122491
"WWC2",6.45902,6.14807,9.44951,6.07933,7.71548,6.24227,8.11812,5.2102
"WWC3",37.1202,30.1566,37.986,32.2725,37.2423,34.4609,35.4962,32.3675
"WWOX",2.96732,1.26719,2.04312,2.05611,2.55439,1.44608,1.42179,2.65814
"WWP1",4.59261,2.99972,3.98284,3.96458,3.18608,3.11068,4.02316,3.25786
"WWP2",13.1325,12.5204,14.0639,14.184,15.729,15.2554,14.6786,12.5014
"WWTR1",244.13,205.937,256.454,245.262,269.476,208.41,244.511,251.454
"XAB2",18.7802,15.9413,17.5222,20.0323,19.9357,19.6944,20.3367,16.9802
"XAF1",1.02261,1.1928,1.3794,1.29692,0.969353,1.47832,1.18666,1.41238
"XAGE3",0,0,0,0,0,0,0,0
"XAGE5",0,0,0,0,0,0,0,0
"XBP1",82.0332,79.8819,86.0393,83.3473,77.9697,85.4501,88.7709,86.0941
"XCL1",0,0,0,0,0,0,0,0
"XCL2",0,0,0,0,0,0,0,0
"XCR1",0,0,0,0,0,0,0,0
"XDH",0,0,0,0,0,0,0,0
"XIAP",3.40526,3.86275,3.06588,3.51914,3.38909,3.05067,4.26693,3.95011
"XIRP1",0,0,0,0,0,0,0,0
"XIRP2",0.585726,0.490224,0.771794,0.584798,0.692867,0.637219,0.645685,0.521184
"XK",0.0252133,0.067509,0,0.0346979,0.0131057,0.0247699,0.0279063,0.050384
"XKR3",0,0,0,0,0,0,0,0
"XKR4",0,0,0,0,0,0,0,0
"XKR5",0.0525199,0.0562501,0.0131908,0.0361453,0,0.0515944,0.029066,0.0131205
"XKR6",0.700626,0.519739,0.520787,1.15357,0.270633,0.269543,0.452527,0.458611
"XKR7",0,0,0,0,0,0,0,0
"XKR8",9.80219,7.71772,5.99031,8.64477,7.04674,9.14164,6.79254,7.57149
"XKR9",0.249064,0.489172,0.543536,0.420195,0.454175,0.448337,0.459755,0.270127
"XKRX",0,0.0249644,0,0.0858509,0,0,0.0258127,0
"XPA",2.03604,1.56818,2.90079,1.53081,1.73725,1.63374,1.58662,1.13687
"XPC",16.2776,16.0092,14.7472,18.1754,14.8509,17.7071,14.2777,17.8207
"XPNPEP1",31.602,33.3193,30.3312,34.4819,33.4727,31.8741,30.3255,32.8002
"XPNPEP2",0.0590881,0,0.0198312,0.0905892,0.0205174,0,0.0218126,0.0197134
"XPNPEP3",7.39698,7.00445,8.07664,7.18889,7.18412,7.35118,7.30187,8.15311
"XPO1",37.8826,33.9774,38.7914,31.5689,34.5298,31.9093,37.9344,36.2802
"XPO4",7.28859,7.63529,7.46255,7.10735,7.18029,6.0409,7.73656,7.95484
"XPO5",16.9592,19.5327,20.2629,20.0368,17.8069,18.6388,18.669,18.9345
"XPO6",68.7581,68.2145,66.6373,65.616,72.9286,69.3312,66.2993,67.2713
"XPO7",25.491,27.1411,26.9972,27.0109,25.0687,26.2814,27.754,26.4593
"XPOT",26.1227,26.6547,27.7976,26.014,25.0108,21.9523,25.8031,25.4849
"XPR1",12.2931,12.5304,12.7053,12.7855,11.862,11.6983,12.8188,13.5627
"XRCC1",25.3021,27.7871,26.5759,29.8128,27.5518,28.9109,26.9585,29.9643
"XRCC2",3.51164,2.81312,3.79761,2.15887,2.82849,3.1075,3.53411,3.29757
"XRCC3",6.66375,5.95618,6.15906,6.76019,7.33662,7.12528,6.19374,6.5963
"XRCC4",0.428066,1.60623,0.825353,0.555942,0.763109,0.545576,0.332365,1.20645
"XRCC5",69.3257,82.1366,66.8961,63.5468,57.5367,77.4136,67.3933,66.0834
"XRCC6",132.397,136.224,140.991,136.939,122.77,136.678,128.206,126.061
"XRN1",4.24029,4.46879,4.79285,4.06424,4.53631,4.05429,4.79803,4.32508
"XRN2",36.7061,38.7659,38.7024,38.0168,32.8292,35.6436,34.5116,38.029
"XRRA1",1.03283,1.15551,1.09447,1.12587,1.74341,1.18851,0.946886,1.08538
"XXYLT1",44.2183,48.7091,47.6259,50.7532,49.6205,44.6499,44.5934,48.6855
"XYLB",1.96628,2.23788,1.8351,2.49756,2.04832,2.45192,2.79255,1.76623
"XYLT1",2.89992,4.17433,2.25753,4.72385,2.60883,3.67177,3.43883,3.69658
"XYLT2",2.62613,3.07357,2.71028,3.44259,3.1667,3.99277,3.14387,3.36261
"YAF2",1.64186,2.03754,1.71308,1.24723,1.31731,1.71241,1.68204,1.78322
"YAP1",20.0799,20.7215,22.048,22.216,21.0928,20.9798,21.9726,22.3789
"YARS2",6.5403,7.26988,6.10229,6.2474,5.04566,5.35022,6.32099,6.17354
"YBEY",13.8649,18.9543,14.4817,18.0747,14.7439,16.2592,13.4328,11.241
"YBX1",714.745,744.043,695.759,663.451,667.251,685.832,669.433,668.524
"YBX2",0.0898767,0.289087,0.319458,0.08346,0.282925,0.308356,0.0498727,0.135771
"YDJC",12.7082,13.3306,13.3396,14.9131,14.8513,16.2859,13.2578,13.0552
"YEATS2",28.1564,27.554,30.9232,27.7276,29.5514,27.3669,32.8994,31.9625
"YEATS4",11.3745,11.3565,10.0398,4.82762,8.86759,9.45918,8.75305,7.66094
"YES1",23.3134,21.1264,22.89,21.9754,21.2363,20.6969,23.3262,23.8206
"YIF1A",56.6447,59.5326,68.7304,77.5061,64.9352,56.3054,51.9722,54.089
"YIF1B",21.5685,22.2177,21.3078,23.6287,25.9666,24.7874,20.8017,20.4864
"YIPF1",15.7688,16.6322,17.5034,16.3704,16.5493,12.9622,18.519,17.2134
"YIPF2",15.0017,17.7109,14.8314,22.8723,17.6332,18.1353,13.0884,15.7452
"YIPF3",82.6199,75.8637,72.3698,87.0068,91.1189,84.4319,74.4634,69.2815
"YIPF4",11.2619,8.64944,11.824,9.99513,10.6224,8.34453,10.1347,10.3267
"YIPF5",11.2069,11.0296,11.433,10.4188,8.54495,8.02818,12.0673,10.8037
"YIPF6",7.30049,6.20272,7.64663,6.02844,6.59541,6.17405,7.61031,6.34312
"YIPF7",0,0,0.175645,0,0,0,0,0.0867513
"YJEFN3",0.629928,1.15524,0.583894,1.22208,1.03341,1.06932,1.46,0.695698
"YKT6",45.0237,44.759,43.675,47.1774,42.4515,46.3173,49.1603,42.3577
"YLPM1",27.458,27.0176,28.3959,29.2727,29.8041,27.519,32.7957,27.291
"YME1L1",21.5603,22.8287,22.4676,17.8808,19.6511,18.3931,23.7295,20.5155
"YOD1",2.22228,2.15155,2.55607,1.93118,1.84468,1.79461,2.2232,2.21895
"YPEL1",4.9193,3.42649,4.77848,4.08785,4.22286,4.12051,4.67741,5.28018
"YPEL2",32.7918,27.5762,34.7884,26.4894,35.1498,30.447,25.314,30.4304
"YPEL3",133.251,101.667,131.976,95.4248,137.167,102.378,126.133,106.12
"YPEL4",0,0.281013,1.64042,0.877627,0.421793,0.382062,0.438212,0.134422
"YPEL5",28.946,22.4756,29.0094,23.813,24.1701,20.9491,27.4961,21.7634
"YRDC",2.50231,3.29185,3.1497,2.42288,2.38215,2.41688,2.56518,2.47759
"YTHDC1",0,0,0,0,0,0,0,0
"YTHDC2",12.0784,10.8923,11.171,11.7154,10.8701,11.1293,11.2345,11.34
"YTHDF1",36.083,36.6873,37.0591,39.9204,39.3416,37.8458,35.3068,37.5208
"YTHDF2",49.8879,51.4065,48.8488,46.3406,49.8224,45.8686,47.6141,52.5097
"YTHDF3",15.854,16.7303,18.7363,15.4943,16.7544,13.2603,18.886,15.8818
"YWHAB",63.3952,63.6492,66.8377,58.0765,58.268,57.9975,57.5882,64.5554
"YWHAE",388.351,378.108,399.217,374.78,386.509,344.395,368.44,389.506
"YWHAG",98.4954,91.2988,101.924,108.905,115.614,89.8437,107.854,99.4348
"YWHAH",51.9145,43.8405,49.7553,43.8161,38.9574,37.0481,43.3752,39.9242
"YWHAQ",304.286,314.047,350.277,321.504,297.074,259.537,291.584,312.337
"YWHAZ",360.468,354.817,376.264,348.31,352.311,342.304,393.042,349.055
"YY1",10.5889,9.8411,10.6756,10.1648,11.8409,10.2608,10.45,9.99576
"ZACN",0,0,0,0,0,0,0,0
"ZAN",0,0,0,0,0,0,0,0
"ZAP70",0,0,0,0,0,0,0,0.0278265
"ZAR1",0,0,0,0,0,0,0,0
"ZAR1L",0,0,0,0,0,0,0,0
"ZBBX",0,0,0,0,0,0.0387871,0.0228367,0.0206406
"ZBED2",0,0,0,0,0.0322984,0,0,0.0310178
"ZBED3",28.0176,27.0245,28.0678,29.9663,26.8272,29.2936,31.2607,30.0118
"ZBED4",6.71113,5.34313,7.0996,7.0905,6.69548,6.36569,6.6845,6.26699
"ZBED5",14.1725,16.5885,12.123,12.3918,11.3571,13.2823,11.815,10.5756
"ZBP1",0,0,0.0334467,0,0,0,0,0
"ZBTB1",8.98772,8.68166,8.71095,9.79719,8.81471,7.68792,9.35337,9.52477
"ZBTB10",1.86922,1.52399,1.66177,1.46318,1.53623,1.45358,1.71841,1.5458
"ZBTB11",3.15904,3.66583,3.20619,2.72818,3.02361,3.29505,3.60989,3.20802
"ZBTB12",0,0,0,0,0,0,0,0
"ZBTB16",0.0603486,0,0,0,0,0.0296061,0,0
"ZBTB17",6.10474,7.10912,8.50212,9.37335,7.83983,9.00667,6.61514,8.29409
"ZBTB2",11.9316,12.2756,13.4989,12.7887,12.1603,11.4062,11.3937,12.9867
"ZBTB20",1.75316,2.15482,2.56414,2.05801,1.63447,1.10899,2.19361,2.81814
"ZBTB24",2.66181,2.90619,3.64701,2.32223,2.82048,2.30315,3.13072,2.57683
"ZBTB25",3.39541,4.94855,4.82651,2.97528,3.97447,3.68018,3.48791,2.73537
"ZBTB3",2.63509,2.01322,2.81401,3.62798,2.57593,2.79857,2.10395,2.91079
"ZBTB32",0,0,0,0,0.0736967,0,0.0781012,0
"ZBTB33",9.0603,8.24874,7.8076,7.75282,7.23289,6.7755,8.58511,8.96789
"ZBTB34",4.82554,3.89773,5.21494,4.47844,4.48996,3.97234,4.85452,4.22898
"ZBTB37",1.55458,1.03111,0.8525,0.970942,0.907319,0.377241,0.523117,1.78313
"ZBTB38",15.4621,14.0165,17.1807,15.0254,13.755,12.0537,16.9071,14.4056
"ZBTB39",4.27059,4.16959,4.50092,3.90519,4.74362,4.66686,4.10543,4.96672
"ZBTB4",17.437,15.2972,16.8996,19.2251,19.5341,19.8154,19.1536,17.4799
"ZBTB40",6.15448,5.78191,6.58139,6.30452,6.21458,6.38252,6.51046,6.74885
"ZBTB41",1.1934,1.25692,1.41338,0.898727,1.20872,0.934513,1.17388,1.38889
"ZBTB42",0.502608,0.230739,0.433507,0.627046,0.355099,0.317307,0.337898,0.143668
"ZBTB43",1.10904,1.20571,0.95165,1.15344,0.962377,1.17354,1.03736,1.12186
"ZBTB44",5.00157,4.61904,5.74602,4.81856,4.56246,4.10362,5.80352,5.60396
"ZBTB45",15.9578,12.5062,14.2364,16.6483,18.4931,19.809,16.5435,14.8187
"ZBTB46",1.30306,1.55661,1.15781,1.35638,1.76435,1.44016,0.839545,1.71503
"ZBTB47",2.3495,2.74913,2.51887,2.12766,3.16584,2.7115,2.18338,2.21608
"ZBTB48",4.68057,3.88789,3.06016,3.28382,3.96698,3.66178,3.64907,3.66871
"ZBTB49",2.2399,2.78396,3.00605,2.01845,2.47748,2.16986,2.63112,3.01797
"ZBTB5",6.52581,6.74143,8.09706,6.8538,6.99097,6.01075,7.2959,6.71781
"ZBTB7A",12.9164,12.4831,12.8409,12.6615,14.7713,14.893,13.3274,10.4547
"ZBTB7B",6.2971,7.97003,7.33368,7.70934,8.5389,9.47716,7.03387,8.92494
"ZBTB7C",0,0,0,0,0,0,0,0
"ZBTB8A",2.82025,6.78851,6.34865,5.92147,5.52635,6.8361,6.2188,8.51505
"ZBTB8B",0,0,0,0.103829,0,0,0.0357516,0.0161463
"ZBTB8OS",3.61348,4.98979,3.72697,2.37439,3.01612,2.81698,1.36435,5.00997
"ZBTB9",0,0,0,0,0,0,0,0
"ZC2HC1A",2.49093,2.78586,3.00497,2.58957,2.83485,2.09132,3.3033,2.64883
"ZC2HC1B",0,0,0,0,0,0,0,0
"ZC2HC1C",1.19652,0.555921,0.749164,0.509015,1.00667,0.472265,0.659003,0.866621
"ZC3H10",1.67224,1.99929,1.78494,2.41204,2.75189,1.89684,2.48765,1.83881
"ZC3H12A",1.94233,1.87057,1.90724,1.76538,2.53921,1.66523,1.79781,1.89504
"ZC3H12B",0,0.056016,0.034982,0.0399347,0.00905318,0.0428356,0.00964621,0.0174051
"ZC3H12C",2.34367,2.47997,2.57133,1.89301,2.63235,2.19753,2.37099,2.37957
"ZC3H12D",0.0261704,0.0140145,0.0131456,0.0840498,0.013605,0.0128546,0,0.0130756
"ZC3H13",11.3043,11.7866,8.84315,8.76178,8.6333,7.76115,7.61063,8.14046
"ZC3H14",14.3611,14.4387,14.5532,14.6865,13.8778,13.8502,15.35,13.6201
"ZC3H15",15.3836,15.9644,14.2841,14.8027,13.9594,13.7907,17.3243,13.8484
"ZC3H18",12.4277,11.955,11.9198,14.3373,16.0762,15.373,14.3509,10.9222
"ZC3H3",24.805,20.262,20.9945,26.174,26.6348,28.2317,21.4379,21.2593
"ZC3H4",5.70946,6.98296,5.83115,7.01191,6.90973,7.5252,6.29981,6.45624
"ZC3H6",0.972837,1.08526,0.913683,1.22183,1.12398,1.19455,1.00943,1.55543
"ZC3H7B",37.8942,29.351,40.6591,37.1137,44.2729,33.8387,41.3948,31.2616
"ZC3H8",0.57535,0.379603,0.584158,0.16435,0.371446,0.520629,0.736718,0.935845
"ZC3HAV1",19.1655,19.208,20.2551,18.9445,18.8796,17.4924,19.3996,20.0806
"ZC3HAV1L",11.5267,10.3599,10.6886,8.36045,9.73005,10.0678,11.2265,10.1668
"ZC3HC1",18.9748,16.747,20.9256,17.9663,18.0341,18.7555,17.4164,16.4016
"ZC4H2",13.1973,12.414,15.9092,14.6439,13.2297,14.7604,16.4964,14.4853
"ZCCHC10",9.9754,4.07345,2.83494,2.56556,2.61366,5.28289,7.2225,2.89991
"ZCCHC12",0.278994,0.465092,0.375984,0.687264,0.615546,0.547488,0.240541,0.746701
"ZCCHC13",0,0,0,0,0,0,0,0
"ZCCHC14",10.6366,9.7229,11.4018,11.0579,11.7284,11.4478,12.3392,11.5334
"ZCCHC17",7.10491,7.40136,5.35512,7.283,5.48684,6.16964,5.95148,5.94741
"ZCCHC18",0.991592,0.861315,0.865921,1.24433,1.01143,0.940007,0.725528,0.957266
"ZCCHC2",14.5567,14.2193,15.0965,14.4156,17.6131,16.7135,15.9454,18.3546
"ZCCHC24",4.32216,6.02343,4.11967,6.04452,4.15539,6.1772,4.00585,5.19053
"ZCCHC3",9.79878,9.38667,9.68619,9.74017,9.31418,9.0029,9.09107,9.52789
"ZCCHC4",4.70235,5.00142,4.83493,4.27795,3.34921,4.27013,4.45581,3.93016
"ZCCHC7",5.80553,5.89218,6.18875,5.558,5.1197,4.89489,7.09597,5.79302
"ZCCHC8",7.00326,7.25205,6.24547,5.86542,6.58075,7.26499,7.4055,7.14338
"ZCCHC9",2.96956,2.92369,3.56254,3.40655,3.49029,3.8898,2.83189,3.90137
"ZCRB1",84.5604,87.8518,82.8193,73.088,68.6031,64.8441,76.9705,76.404
"ZCWPW1",0.202662,0.0310244,0.0584841,0.026724,0.120958,0.0568217,0.160439,0.0580858
"ZCWPW2",0,0,0,0,0.223187,0.125205,0.0944678,0.0428459
"ZDBF2",2.72545,2.94847,2.80535,2.03881,2.61026,2.46508,3.09816,2.97378
"ZDHHC1",6.37364,5.42534,5.83753,6.99528,6.48817,6.02516,5.91729,6.43789
"ZDHHC11",0.651343,0.543323,1.06925,1.0726,0.352989,0.736172,0.861557,0.381415
"ZDHHC12",26.294,27.1532,28.7091,33.9607,30.1863,34.5538,23.3857,26.8826
"ZDHHC13",11.8013,11.2635,12.6212,12.5649,9.90578,9.89226,11.0672,11.4059
"ZDHHC14",17.2042,16.5814,14.7212,15.7474,18.7853,17.3345,13.6288,17.7783
"ZDHHC15",0.084268,0.113308,0.148713,0.0581851,0.0875516,0.189463,0.105374,0.189347
"ZDHHC16",31.3911,30.9382,29.7989,29.512,28.2556,33.0023,32.4539,28.9326
"ZDHHC17",2.07611,2.10337,1.85497,2.09386,2.44814,2.04921,2.44436,2.39863
"ZDHHC18",18.8041,16.205,21.8986,16.6604,20.8258,17.8335,16.4288,15.5176
"ZDHHC19",0.16444,0,0,0,0,0,0,0
"ZDHHC2",13.8983,12.675,14.7697,11.4857,14.4971,10.4211,13.9273,12.6684
"ZDHHC20",16.3471,18.0106,18.0283,14.8038,14.1874,12.389,18.8973,14.6895
"ZDHHC21",7.44115,8.00306,8.31475,7.11127,7.55371,7.05022,7.90185,8.87718
"ZDHHC22",0.173097,0.185429,0.019362,0.495289,0.100162,0.207749,0.191691,0.153983
"ZDHHC23",0.42987,0.639628,0.782909,0.332876,0.612633,0.474192,0.394318,0.548983
"ZDHHC24",14.7459,14.1302,11.1268,19.637,16.6435,20.0063,11.2461,15.3024
"ZDHHC3",61.4654,63.5274,59.884,58.1811,49.335,61.4669,61.9524,57.3099
"ZDHHC4",25.9694,28.0793,26.6662,25.2106,28.398,26.5118,24.3839,25.6062
"ZDHHC5",37.596,35.3698,39.2257,38.2775,37.8999,38.4002,39.058,36.588
"ZDHHC6",24.1033,23.6408,24.4391,22.7164,21.5562,20.7408,24.8321,23.1397
"ZDHHC7",16.8944,16.338,16.917,16.7477,18.858,17.3055,17.3314,18.2268
"ZDHHC8",26.2617,25.4132,25.9747,35.4915,33.6468,35.0232,28.491,32.6366
"ZDHHC9",22.308,21.6232,25.1816,21.9719,25.3506,23.1955,22.9724,22.4367
"ZEB1",17.9201,20.3647,18.3647,16.6824,16.7451,16.7823,19.19,19.1693
"ZER1",13.8585,12.7273,14.889,15.2842,17.3457,16.1727,14.0039,13.611
"ZFAND1",6.94612,8.39604,9.72947,6.31699,6.17381,5.44789,6.34954,6.92213
"ZFAND2A",13.0403,14.2872,16.4151,13.1703,17.4662,13.0493,16.8074,15.1761
"ZFAND2B",17.697,20.2012,19.5944,20.4274,22.832,20.3694,20.1725,19.0779
"ZFAND3",150.404,155.228,179.548,160.179,189.979,151.742,155.853,180.4
"ZFAND4",0.700306,1.2603,0.662259,1.20365,0.772686,1.18775,0.755595,0.916678
"ZFAND5",31.0505,28.5458,34.8944,28.7096,33.9313,27.4518,36.3964,30.7486
"ZFAND6",12.8553,10.5094,10.2141,9.13683,9.70744,7.28511,10.6304,9.77381
"ZFAT",3.03398,2.50199,2.98939,3.31776,2.93892,2.62121,2.84849,3.54608
"ZFC3H1",5.49043,5.43455,6.11986,5.37846,5.54553,4.87398,6.14342,5.19833
"ZFHX2",1.46114,2.23699,1.45477,2.10564,1.88265,2.62639,1.86774,2.5793
"ZFHX3",9.28841,11.6963,11.341,11.5163,11.5998,11.9282,11.4838,13.6795
"ZFHX4",0.111646,0.100414,0.0715747,0.0776116,0.134322,0.0438973,0.197578,0.191489
"ZFP1",4.54451,3.59016,3.57777,3.64571,3.67134,3.66116,4.81231,4.05619
"ZFP14",0.320499,0.50578,0.43145,0.239505,0.315272,0.256934,0.513247,0.454598
"ZFP2",0.140259,0.150295,0.141622,0.388269,0.175751,0.165176,0.124352,0.281339
"ZFP28",1.10302,1.13824,1.18016,1.00555,1.02039,0.856631,1.43967,1.06278
"ZFP3",1.37432,1.37563,1.30314,1.86201,1.38876,1.79176,1.29368,1.62992
"ZFP30",0.366587,0.369632,0.187875,0.509647,0.284157,0.408376,0.350175,0.499251
"ZFP36",14.3817,10.2924,12.3221,12.4746,15.9961,13.1175,12.7903,9.49632
"ZFP36L1",208.099,218.941,215.465,271.795,253.076,272.391,238.381,271.963
"ZFP36L2",82.8845,72.0291,79.121,76.6463,86.9693,83.4852,84.2968,81.1711
"ZFP37",0.363167,0.337224,0.146488,0.312321,0.227281,0.308965,0.160938,0.145555
"ZFP42",0,0,0,0,0,0,0,0
"ZFP57",0,0,0,0,0,0,0,0
"ZFP62",3.14933,3.26032,3.27445,2.51304,3.2555,3.212,4.25409,3.40008
"ZFP64",19.7131,19.532,18.7278,21.6579,18.4747,20.1752,17.3587,19.0981
"ZFP82",2.27806,2.33289,1.84462,1.63857,3.41523,2.32798,2.50056,2.81166
"ZFP90",8.99973,8.12964,7.27257,7.20592,8.29336,7.44598,8.4795,9.84026
"ZFP92",0.205168,0.26399,0.208071,0.332617,0.136716,0.174433,0.19792,0.120015
"ZFPL1",60.3919,58.4587,60.5273,63.9185,59.2565,61.021,50.5033,54.1513
"ZFPM1",7.87003,5.70201,6.50978,9.34759,6.84085,6.41566,6.20958,7.06832
"ZFPM2",8.52525,12.3667,9.50214,9.74691,9.61557,9.78415,10.7961,12.0505
"ZFR",101.551,106.019,116.922,100.213,97.4749,91.8105,108.392,105.246
"ZFR2",0.0944756,0.50732,0.292791,0.141539,0.0797553,0.147398,0.210575,0
"ZFX",8.72372,7.51758,8.74711,7.97877,8.44254,7.33323,8.13361,8.56832
"ZFY",0,0,0,0,0,0,0,0
"ZFYVE1",12.55,12.3333,13.3359,11.9835,12.6796,12.4549,12.5876,13.3783
"ZFYVE16",4.33911,3.58111,3.94673,3.70568,3.76807,3.20703,4.28519,3.63381
"ZFYVE19",6.29238,7.01057,6.53207,8.84214,8.31306,7.59302,6.83511,6.85458
"ZFYVE21",28.9789,25.6742,25.5885,23.8202,24.0061,22.1331,18.8036,25.4033
"ZFYVE26",6.10693,6.7891,6.65266,7.29642,6.77776,7.51494,6.86787,6.84843
"ZFYVE27",2.46889,2.14902,2.91718,3.58217,3.04866,3.47547,3.03058,3.08227
"ZFYVE28",3.66964,3.86258,3.07574,3.76076,3.08803,4.99335,4.20236,3.19297
"ZFYVE9",4.65703,5.70139,3.94229,5.3171,4.60728,5.05827,5.25122,5.19558
"ZG16",0,0,0,0,0,0,0,0
"ZG16B",0,0,0,0,0,0,0,0
"ZGPAT",3.66745,3.58874,3.31633,4.43329,6.23283,4.69746,3.73549,4.39158
"ZHX2",5.8373,6.17966,7.01941,7.62684,7.11438,6.88948,8.16086,7.14327
"ZHX3",3.56257,4.72669,4.05707,4.05597,3.51007,4.35391,4.22303,5.00233
"ZIC1",0,0,0,0,0,0,0,0.0122281
"ZIC2",0,0.0238409,0,0,0,0,0,0
"ZIC3",0,0,0,0.0151495,0,0.0161945,0,0
"ZIC4",0,0,0,0,0,0,0,0
"ZIC5",0,0,0,0,0,0,0,0
"ZIK1",1.67767,1.33872,1.66458,1.67216,1.28455,1.75968,1.76704,1.52941
"ZIM3",0,0,0,0,0,0,0,0
"ZKSCAN1",13.0377,14.9608,14.897,12.9965,13.3287,11.1056,16.0312,15.6713
"ZKSCAN2",1.62214,2.02666,1.85039,1.8003,1.91193,1.98228,2.29608,1.90833
"ZKSCAN3",1.96644,2.33946,2.69916,2.67853,2.70989,2.79689,2.50784,2.84736
"ZKSCAN4",0.285617,0.614445,0.150024,0.137655,0.308383,1.39065,0.47937,0.589336
"ZKSCAN5",4.82057,5.05052,5.9814,6.46125,7.30065,5.66317,4.77961,5.56707
"ZMAT1",4.3586,4.68989,3.70588,4.03244,4.66734,3.73183,4.93565,4.60947
"ZMAT3",40.7551,41.5214,37.6737,40.6742,44.2417,36.0564,38.4897,45.5512
"ZMAT4",0,0.0325272,0,0.150988,0,0,0.127753,0.109413
"ZMAT5",17.5115,22.035,14.7548,16.5955,17.8128,20.0873,18.1058,18.5781
"ZMIZ1",29.2993,36.7922,26.8316,36.253,37.0936,49.17,29.4229,39.0699
"ZMIZ2",45.2577,48.7772,46.4854,59.0912,57.0236,67.6296,51.5377,54.5685
"ZMPSTE24",15.2964,12.7156,13.9763,11.5962,12.4992,12.249,15.4837,11.9879
"ZMYM1",5.127,7.33769,7.15579,5.02591,5.5689,5.87235,6.01246,7.04025
"ZMYM2",9.44849,9.21878,10.3628,8.051,9.66067,7.99692,12.0462,9.85654
"ZMYM3",46.8471,45.1705,44.7155,51.7374,51.4444,52.8453,48.3242,49.8715
"ZMYM4",15.0891,12.5851,15.1352,12.4346,13.9455,12.8358,16.4006,13.743
"ZMYM5",2.20778,1.47279,1.81532,1.39715,2.6104,1.59634,0.747937,1.71749
"ZMYND10",0.0788984,0.169153,0.15995,0.0365573,0.0826575,0.270792,0.131282,0.238052
"ZMYND11",15.1297,14.5717,17.8902,12.72,14.6759,12.2252,17.0219,15.2019
"ZMYND12",0.296318,1.00621,0.135004,0.229685,0.31133,0.401783,0.737819,0.46791
"ZMYND15",0.0839249,0.0299767,0.112985,0.0774391,0.124751,0.32945,0.0330845,0.168338
"ZMYND19",11.5164,9.82539,10.7743,10.7376,12.1047,8.68032,10.9982,9.90233
"ZMYND8",71.777,76.9436,70.6714,76.1333,73.5835,76.6034,77.5207,77.7357
"ZNF10",1.62648,1.76607,1.92288,1.79097,2.28012,1.38526,1.49168,1.79798
"ZNF100",1.10883,1.0798,1.46399,0.940577,0.946458,1.00255,0.925987,1.37007
"ZNF101",1.96892,3.01897,2.90732,3.06964,3.10093,2.88052,1.93009,2.84813
"ZNF107",14.267,14.7445,14.754,14.541,14.0225,14.3101,18.0545,17.2617
"ZNF114",0.061718,0.132281,0.0935661,0.142525,0.193495,0.21195,0,0.0619413
"ZNF12",3.39977,3.28972,3.56175,2.7885,3.07267,2.68735,3.55954,4.10687
"ZNF121",1.95475,2.05185,2.14072,1.34347,2.04381,2.76732,3.17477,1.98111
"ZNF124",1.68376,2.41832,1.56623,2.22889,2.10754,1.76684,1.89398,2.35099
"ZNF131",2.67397,2.78053,2.58079,2.50023,2.80504,2.40218,3.16234,3.05613
"ZNF132",0.933687,0.780141,0.537575,0.689607,0.553712,0.709024,0.231408,0.53005
"ZNF133",2.94952,2.81395,2.46983,3.15451,2.93873,2.25745,1.93578,2.71463
"ZNF134",4.39601,4.24512,4.64623,4.98485,4.20128,3.61446,3.54856,3.87195
"ZNF135",0.958279,1.43539,1.12375,1.04577,1.17759,1.31987,1.27482,1.38243
"ZNF136",1.18322,1.50487,1.6338,1.38649,1.89727,1.39727,1.53407,1.31061
"ZNF138",0.865369,1.23317,0.821811,0.550956,0.644612,0.757576,0.753568,0.818497
"ZNF14",1.11752,0.933863,0.878438,0.926094,0.745606,0.87771,0.891278,1.02969
"ZNF140",4.96184,4.35851,5.07032,3.92767,3.61557,3.37273,4.41469,4.58867
"ZNF141",1.58089,1.52081,1.83864,1.89958,2.62471,1.62199,2.03159,1.78983
"ZNF142",10.471,11.1605,12.5198,12.3016,11.8523,12.319,12.5496,12.0549
"ZNF143",3.8801,3.83262,4.3831,3.03143,2.75518,2.70815,3.08109,3.34336
"ZNF146",21.4203,20.5485,23.7929,18.7037,21.5469,17.2353,26.3494,20.5679
"ZNF148",3.47153,2.84627,3.03995,2.72167,2.71103,2.38009,2.8907,3.16726
"ZNF154",3.13248,2.9645,3.22606,4.14202,4.35121,3.33566,3.67746,3.976
"ZNF155",1.31575,1.07807,1.09325,0.594641,1.13072,1.13951,0.771816,1.47404
"ZNF157",0,0,0,0,0,0,0,0
"ZNF16",2.94618,3.52559,3.08443,3.38286,3.33405,2.57656,2.59272,3.29622
"ZNF160",2.88311,3.28122,3.92927,3.35164,3.89742,3.5086,4.17673,3.72009
"ZNF165",0.0568309,0.121797,0,0.236014,0.089024,0,0.0629839,0
"ZNF169",0.921658,0.731676,0.946157,0.878201,0.836995,0.834953,0.806755,1.07786
"ZNF17",0.727811,1.1579,0.650389,1.47252,0.460935,0.428976,0.911682,0.775066
"ZNF174",6.05533,6.31016,5.99691,8.51086,4.76212,5.3538,7.12682,4.63866
"ZNF175",4.8901,4.16173,5.13929,5.28653,4.3184,4.6335,5.99926,5.62054
"ZNF18",2.77654,3.26821,2.70171,2.28285,2.58405,2.87234,3.0403,2.54979
"ZNF180",1.50313,1.23551,2.90148,2.56998,1.0541,1.32951,1.34878,1.57298
"ZNF181",1.38447,1.38987,1.36438,1.95255,1.21378,1.88041,1.2427,1.58583
"ZNF182",1.86021,1.64636,1.82281,2.05793,1.9411,1.61686,1.88217,2.1488
"ZNF184",1.68983,2.58256,2.1948,1.86913,1.74913,1.64565,1.67958,2.09886
"ZNF185",20.241,22.1089,19.7581,21.7039,19.6602,21.819,21.5104,19.256
"ZNF189",10.6975,12.1312,12.1001,11.3621,11.3692,10.4749,11.4164,13.886
"ZNF19",0.606866,0.807011,0.875175,0.893294,0.640442,0.422285,0.594824,0.612064
"ZNF195",4.6985,5.72304,4.67345,5.09689,4.28432,4.75264,5.80257,5.68049
"ZNF197",2.41119,2.4026,2.45555,2.129,3.11703,2.19935,2.5638,2.72937
"ZNF2",1.94435,1.84754,1.92066,2.29632,1.71515,1.7586,1.85511,1.98783
"ZNF200",1.65221,1.95271,1.89127,1.55928,1.92031,1.57379,2.15137,2.05824
"ZNF202",3.13727,3.19688,2.66092,2.89397,3.09802,3.31412,3.2893,3.00024
"ZNF205",6.08447,7.72277,6.05769,9.17245,8.84591,8.87842,7.62349,6.7785
"ZNF208",0.00691763,0,0,0,0,0,0,0
"ZNF211",3.736,4.00278,3.65797,4.09967,3.17043,3.79334,3.585,4.54509
"ZNF212",1.816,1.64922,2.19499,2.40328,2.27978,2.72606,1.82083,2.29242
"ZNF213",15.4285,17.0087,16.5955,18.855,18.9728,18.9529,19.0639,15.7705
"ZNF214",0.125205,0.0804907,0.277845,0.115403,0.182878,0.196638,0.0277444,0.376439
"ZNF215",0.249697,0.248368,0.179466,0.29511,0.129985,0.402858,0.375232,0.392549
"ZNF217",10.2742,10.9795,9.93491,10.1343,10.9136,9.7804,10.7046,11.158
"ZNF219",4.62201,5.88381,4.76849,6.66091,6.46984,6.89315,5.6848,6.34226
"ZNF22",16.5879,17.9049,18.5967,18.248,15.4635,16.7477,14.2791,14.9362
"ZNF221",0.276224,0.335084,0.340796,0.157405,0.549625,0.29995,0.677368,0.513249
"ZNF222",0.904709,0.626403,0.565125,0.596201,0.359362,0.422426,1.14075,0.959895
"ZNF223",1.85157,1.88646,1.63286,1.98102,1.82188,1.5585,2.04203,2.1649
"ZNF224",0.629296,0.953012,0.586552,1.15903,0.908837,0.884255,0.716107,1.07975
"ZNF225",1.32507,1.41854,0.868605,1.52484,0.642482,0.789177,0.983154,1.5827
"ZNF226",4.52642,5.14994,3.73259,5.0272,4.05712,5.01865,5.19055,5.25209
"ZNF227",3.24518,3.6805,3.26802,3.50513,3.73413,2.88313,3.64129,4.34453
"ZNF229",0.884813,0.909809,0.961038,0.976566,0.940639,0.724797,1.03026,0.745311
"ZNF23",1.31247,1.40808,1.45424,1.26578,1.60781,1.65492,1.60042,1.08233
"ZNF230",0.282165,0.470137,0.346763,0.446344,0.163107,0.323335,0.364445,0.470228
"ZNF232",5.22884,0,9.976,2.30244,2.43981,1.66877,0,2.19183
"ZNF233",0.337491,0.439056,0.461836,0.48865,0.573924,0.331274,0.347169,0.434768
"ZNF234",1.71143,1.39254,1.67083,1.29585,1.36195,1.25782,1.25556,1.97063
"ZNF236",3.72463,3.2489,3.9675,4.03831,3.55812,2.98987,3.95977,3.93977
"ZNF239",0.218047,0.194766,0.0367933,0.168188,0.177138,0.142575,0.16121,0.21913
"ZNF24",5.74181,4.73963,5.98222,5.23739,6.16087,5.05006,6.02246,5.55703
"ZNF248",2.11257,2.86339,2.1501,2.35874,2.258,2.42602,1.94242,2.73688
"ZNF25",1.15679,1.22515,1.34622,0.713629,1.21479,1.21411,1.15064,1.49313
"ZNF250",2.41588,3.37035,3.09437,2.98751,2.77178,2.56912,3.25537,3.16354
"ZNF251",6.16751,6.78524,7.8616,6.0408,7.23319,5.62209,8.25624,7.58766
"ZNF253",1.85036,1.4182,1.87809,1.54098,1.48387,1.62554,2.38502,2.09498
"ZNF254",5.611,4.81989,6.26551,8.25141,2.717,3.11458,11.7564,4.07292
"ZNF256",1.0529,1.5909,1.41489,0.929635,1.66867,1.11758,0.843954,1.43508
"ZNF257",0.0185808,0.0199041,0,0,0,0,0,0.0185921
"ZNF26",0,0,0,0,0,0,0,0.0214128
"ZNF260",6.41862,6.99136,7.52394,6.25358,6.1954,6.16425,6.78463,7.17832
"ZNF263",3.90922,3.6612,3.23214,3.55694,3.33678,2.82467,2.98639,3.05106
"ZNF264",3.58644,3.61976,3.51999,3.32417,3.71987,3.31377,3.88765,3.9355
"ZNF266",3.49635,2.85494,3.20137,3.34998,2.82341,3.23519,2.51665,2.56198
"ZNF267",2.21418,2.17391,1.75884,1.24996,1.50653,1.46259,1.40263,1.55146
"ZNF268",1.28627,1.81897,1.63684,1.46387,1.52968,1.3029,1.49544,1.49482
"ZNF273",0.577343,0.857197,0.450527,0.593698,0.366446,0.480067,0.294299,0.803863
"ZNF274",3.64411,3.29013,2.82294,4.30745,4.61328,4.34789,3.327,3.04121
"ZNF275",5.6616,5.52329,7.01147,5.24828,5.9242,4.76293,6.15705,4.98637
"ZNF277",4.97917,4.47277,5.33834,5.12989,4.27728,3.95134,4.30051,4.71322
"ZNF28",1.58113,1.04731,1.63184,1.15051,1.27779,1.07793,1.5397,1.18712
"ZNF280A",0,0,0,0,0,0.0312025,0,0
"ZNF280B",0.378612,0.64399,0.458366,0.428853,0.509148,0.437635,0.579204,0.389278
"ZNF280C",4.23278,5.08801,5.21833,4.69891,4.6294,4.34847,5.37723,4.94455
"ZNF280D",7.05703,7.54241,7.93413,6.4224,7.39555,6.06481,8.25909,6.91655
"ZNF281",6.31231,6.25079,5.81745,5.67175,5.90024,5.21986,6.82905,5.91576
"ZNF282",11.1084,12.6578,9.8008,12.6727,13.3986,12.1802,11.2079,10.1064
"ZNF283",0.640123,0.564865,0.233703,0.64245,0.329688,0.301719,0.636664,0.56196
"ZNF284",0.881386,0.898341,1.14296,0.822161,0.990624,0.726146,0.786819,0.923614
"ZNF285",1.38043,1.78624,1.73508,1.09972,1.52181,1.76354,1.27019,1.67061
"ZNF286A",8.32808,7.12155,9.82583,8.57918,8.4,7.567,9.96055,9.04337
"ZNF287",1.13365,0.880213,1.08178,0.947436,0.585925,0.736197,0.827038,0.877249
"ZNF292",3.50205,3.60695,4.02656,3.42338,3.20878,2.7447,4.25571,4.1936
"ZNF296",2.42138,1.05769,1.77591,1.37403,2.68184,2.10985,2.73697,1.71596
"ZNF3",17.9189,19.8949,20.7004,20.1378,17.9926,19.2298,18.0039,20.4547
"ZNF30",1.42527,1.86594,1.38243,1.40591,0.968084,1.47578,1.41722,1.33688
"ZNF300",1.01342,1.03323,1.17489,0.990716,0.813813,1.21319,1.24651,0.944584
"ZNF302",6.00759,7.02592,8.9361,6.9135,7.17797,6.52735,7.80062,7.92088
"ZNF304",2.00232,1.84357,1.61368,1.71765,1.90035,1.76004,1.55369,1.80945
"ZNF311",0,0,0,0,0,0,0,0
"ZNF317",12.9282,12.9646,14.3813,12.1875,14.1162,11.4028,13.9008,13.3582
"ZNF318",6.86496,7.84468,7.61207,8.12932,7.39008,6.7554,7.5286,8.26442
"ZNF319",4.1703,3.6721,3.41334,3.90424,4.56352,4.55165,4.0996,4.01541
"ZNF32",7.19736,8.24974,7.79674,5.589,6.73913,6.85906,6.03892,8.10528
"ZNF320",3.75114,3.16671,3.62624,2.54683,3.52654,3.71835,3.43251,3.39566
"ZNF322",3.10389,3.2539,3.23241,2.95079,2.5611,2.82375,2.75017,2.93772
"ZNF324",1.09959,1.43974,1.1484,1.48012,1.44268,1.07968,1.33058,1.16189
"ZNF324B",0.410384,0.659392,0.344029,1.13674,0.552132,0.890069,0.586946,0.523346
"ZNF326",7.01679,6.38604,8.0435,7.0664,6.3763,5.95122,6.13849,7.21878
"ZNF329",2.6675,2.2307,2.52183,1.67233,2.30471,1.71022,2.3605,2.61774
"ZNF330",5.17352,4.88877,4.41101,3.93991,5.77054,4.97957,4.7581,5.11836
"ZNF331",2.45766,2.00393,2.85322,2.21073,2.31531,2.21246,2.27513,2.39059
"ZNF333",2.76842,3.12283,2.89645,3.31132,2.58229,2.89136,3.05727,2.90201
"ZNF334",0,0,0,0.0252997,0.0572636,0,0.0303912,0.0825023
"ZNF335",11.5103,11.5905,13.2442,12.7779,13.4465,13.3229,12.6242,11.7775
"ZNF337",3.33263,3.64393,3.64731,3.45582,3.65003,3.63551,3.19882,3.91421
"ZNF33A",2.78315,2.31263,3.07881,2.0221,2.06035,2.35031,3.34293,2.92807
"ZNF33B",1.44846,1.55155,1.74952,1.92016,1.62229,1.32247,1.90891,1.93252
"ZNF34",1.36528,1.48952,1.6821,1.02151,1.74513,1.00101,1.3065,1.6437
"ZNF341",8.81675,11.1649,8.92201,10.245,10.7816,11.694,12.9417,13.0508
"ZNF343",2.0061,1.6181,1.77525,1.62247,2.02265,1.80229,1.76355,1.98685
"ZNF345",0.667436,0.843904,0.668741,0.331637,0.664872,0.549368,1.14785,1.36396
"ZNF346",23.5406,20.118,24.6164,20.2865,24.9452,20.2392,24.3087,22.4959
"ZNF347",1.45353,1.08095,1.23495,1.27062,1.16295,1.06689,0.880148,1.39712
"ZNF35",2.97134,2.88857,3.13165,3.20462,2.33431,2.4231,3.20572,2.85275
"ZNF350",2.22102,2.35463,1.9263,2.34724,1.38837,1.65727,1.79352,2.02915
"ZNF354A",2.67766,2.44717,2.91396,2.22707,2.43841,1.77785,1.74532,2.65801
"ZNF354B",1.3647,1.72764,1.43138,1.33371,1.26235,1.27822,1.76008,1.74541
"ZNF354C",1.08532,1.05514,0.940502,1.65866,1.2781,0.68116,0.560637,1.10975
"ZNF358",203.641,219,210.429,273.889,239.469,254.996,258.35,197.172
"ZNF362",34.803,39.3923,38.8584,45.5035,35.4536,43.2754,40.4526,40.3493
"ZNF365",0.353998,0.164706,0.250494,0.324815,0.296417,0.529767,0.23833,0.290547
"ZNF366",1.75495,2.44807,2.25726,2.32307,2.15638,1.96047,1.25277,1.99923
"ZNF367",2.81764,1.86752,1.94905,2.47655,2.1267,1.69488,2.45691,1.81454
"ZNF37A",1.2334,1.36172,1.51924,1.2352,1.56479,1.11745,1.42538,1.44301
"ZNF383",1.38845,1.18298,1.31963,1.34897,1.06819,1.74013,1.99909,1.19956
"ZNF384",54.6387,50.0208,53.7375,56.3447,55.1265,53.1391,56.7231,54.5652
"ZNF385A",28.5272,27.5782,27.9345,34.2701,28.2243,39.7524,25.1086,29.7857
"ZNF385B",0,0,0,0,0,0,0,0
"ZNF385C",0.0257994,0.0276431,0.0780898,0,0,0.10129,0.0857582,0.103442
"ZNF385D",0.192422,0.123758,0.350969,0,0.201533,0.339668,0.0426869,0.309566
"ZNF391",0.742548,0.704808,0.677158,1.16469,0.468277,0.473045,0.76403,0.814109
"ZNF394",6.98961,6.92492,6.77923,7.99931,7.53534,8.14179,7.09214,7.74596
"ZNF395",4.98747,4.17775,4.47926,4.4781,5.06345,4.63508,4.06185,4.43108
"ZNF396",0.0954881,0.235214,0.200496,0.229013,0,0.144479,0.110115,0.09567
"ZNF397",1.04947,1.20857,1.59171,1.02926,1.54652,1.17484,1.03496,1.32748
"ZNF398",3.49331,3.77147,3.76399,4.58157,4.37525,3.97038,4.44546,4.15041
"ZNF404",0.188868,0.121469,0.153068,0.524738,0.118662,0.185229,0.251377,0.189873
"ZNF407",1.37514,1.79608,1.49183,1.74735,1.97652,1.80309,1.56673,1.6654
"ZNF408",2.95168,2.30795,2.98501,3.04074,3.53473,2.92821,2.55725,2.50102
"ZNF41",1.04039,0.943706,1.1765,1.11269,1.42557,0.510095,0.754652,1.73076
"ZNF410",14.9157,12.9675,16.1608,14.1206,14.8495,14.2781,13.2524,14.2344
"ZNF414",14.6994,14.889,14.5544,18.1347,21.1958,19.8362,20.7145,18.7896
"ZNF415",0.224616,0.183732,0.238366,0.46635,0.0924278,0.169688,0,0.147951
"ZNF416",2.65108,1.66423,2.16217,1.58067,2.15231,2.54937,2.67064,2.22844
"ZNF418",0.695905,0.530474,0.482979,0.616517,0.569661,0.542422,0.768219,0.764267
"ZNF420",0.669379,1.05562,1.07577,0.77886,1.03838,0.637586,0.758715,1.92603
"ZNF423",4.68238,6.07672,5.22324,7.41205,5.11822,7.36689,5.45387,6.80425
"ZNF425",0.695332,1.16117,0.5973,0.677431,0.873643,1.06427,0.792752,1.02364
"ZNF426",4.17073,5.33906,4.24708,5.4202,5.65096,5.06174,6.1819,4.69974
"ZNF429",0.143138,0.245413,0.0289115,0.184951,0.209286,0.112373,0.190366,0.172293
"ZNF43",2.25756,2.41727,2.45567,2.55038,1.62944,2.57147,1.91004,1.95545
"ZNF430",1.32641,1.63435,1.58451,1.14332,1.31184,1.12377,1.79919,1.90746
"ZNF431",2.13162,3.17024,2.383,2.89075,2.48989,2.16128,3.22755,2.72382
"ZNF433",1.47703,0.926199,0.898974,1.17754,0.26428,1.44023,0.687506,1.13743
"ZNF436",7.8566,9.27891,8.12769,8.81096,7.77219,7.52154,7.51416,9.43735
"ZNF438",13.4891,17.0544,15.2353,14.2252,12.6174,15.0255,13.6556,15.1498
"ZNF439",0.769382,0.477274,0.658044,0.656841,0.702368,0.791034,0.752526,0.840866
"ZNF44",0.789066,0.832302,0.986523,0.999876,0.911554,1.01522,1.1017,1.10288
"ZNF440",2.9261,2.47085,3.58019,2.70163,3.01222,2.61556,3.32286,2.63156
"ZNF441",0.812274,0.450538,0.553995,0.466091,0.60349,0.41319,0.690436,0.43498
"ZNF442",0.117666,0.176494,0.237256,0.130072,0.171792,0.20792,0.0260706,0.282914
"ZNF443",0.917157,1.15291,1.16901,1.36388,1.15109,0.580735,1.01334,0.809033
"ZNF444",7.88894,6.13172,6.67181,10.4057,8.65343,10.2862,6.28378,7.87213
"ZNF445",3.33434,3.12219,3.53169,2.77432,3.52277,3.35273,3.4376,3.54477
"ZNF446",2.67086,2.95563,2.92548,4.91237,3.82368,4.26709,2.22818,2.85883
"ZNF449",1.56849,1.77158,2.33945,1.39704,1.90338,2.26678,1.68619,2.27489
"ZNF45",2.76147,3.01208,2.88107,2.53704,2.53409,2.72064,2.23072,3.16818
"ZNF454",0.304363,0.168232,0.307918,0.0625388,0.565943,0.298572,0.0374905,0.169819
"ZNF460",4.12798,3.82852,4.66274,3.31093,4.19224,3.27037,4.43818,4.57184
"ZNF461",1.00494,1.09068,0.804594,0.840398,0.816837,0.907315,1.14089,1.17301
"ZNF462",6.49955,8.00078,7.53527,6.76075,6.62745,6.46894,8.2989,7.4798
"ZNF467",8.72045,12.3784,6.24567,10.8567,9.2832,13.2997,6.12117,13.0272
"ZNF468",0.830953,0.786581,1.38404,0.586353,0.76114,0.684944,1.08703,0.691981
"ZNF469",0.730892,0.933224,0.809777,1.07539,0.897841,0.948093,0.987816,0.659001
"ZNF470",0.478601,0.559976,0.506798,0.438482,0.579848,0.635781,0.529554,0.442371
"ZNF471",0.311949,0.459418,0.311557,0.524805,0.337861,0.470117,0.386186,0.451943
"ZNF473",2.3132,1.91516,2.63506,1.99483,2.50162,2.23123,2.68557,2.65603
"ZNF474",0.141105,0.189049,0.0357068,0.0652784,0.14765,0.103807,0,0.0708846
"ZNF479",0,0,0,0,0,0,0,0
"ZNF48",5.1644,5.33359,5.60352,7.25334,5.67212,6.7983,5.74717,4.93613
"ZNF480",1.49965,1.64178,1.00769,1.4691,1.17082,1.17268,1.56802,1.18115
"ZNF483",0.975145,0.771095,0.558042,0.636629,0.328772,0.76959,0.457116,1.53108
"ZNF484",1.72984,1.7132,1.5757,1.72077,1.40742,1.41151,1.5214,1.67417
"ZNF485",0.300554,0.35791,0.40537,0.308767,0.244474,0.163806,0.259182,0.402439
"ZNF486",1.96552,4.25583,5.94967,4.5211,1.85663,1.95362,1.84096,3.36078
"ZNF488",0.168451,0.581446,0.37678,0.44748,0.253393,0.533019,0.248717,0.449492
"ZNF490",1.52676,1.79741,1.62881,1.80832,2.00587,1.55835,1.28249,1.84792
"ZNF491",0.777195,1.18594,0.878528,1.04138,0.933305,1.06352,0.600085,0.896586
"ZNF492",0,0,0,0,0.015851,0,0,0
"ZNF493",0.41852,0.646491,0.660571,0.477543,0.764771,0.810696,0.845067,0.928365
"ZNF496",8.99437,11.5409,11.1021,11.8505,11.7239,11.1686,13.0213,10.963
"ZNF497",0.256866,0.202408,0.171173,0.225884,0.23614,0.342337,0.146466,0.264712
"ZNF500",2.4264,3.14115,2.0568,3.51429,2.9797,3.6703,2.12768,2.3819
"ZNF501",0.854946,0.831709,0.82561,0.873434,0.597982,0.719869,0.88616,0.539842
"ZNF502",0.603353,0.534184,0.418307,0.401284,0.497938,0.550789,0.598289,0.540598
"ZNF503",1.47015,0.953848,1.10534,1.21948,1.72608,1.34184,1.1696,1.05722
"ZNF506",0.454326,0.444397,0.795563,0.327074,0.555586,0.480327,0.902982,0.346869
"ZNF507",3.74698,4.01226,4.52129,4.19745,4.34018,3.57331,4.86443,4.21223
"ZNF510",1.93275,2.15751,2.03765,1.84075,1.50084,2.05417,1.90305,2.004
"ZNF511",11.2411,10.536,11.0815,14.2791,13.2395,10.0249,9.33757,9.87975
"ZNF512",15.351,15.3939,16.0061,16.6819,14.6236,16.4867,15.3474,15.7896
"ZNF512B",12.9919,12.1581,12.3195,13.9576,14.9135,14.8159,14.3062,15.6685
"ZNF513",9.19133,8.22137,8.675,10.6743,9.69239,10.9443,9.86205,9.20824
"ZNF514",2.15441,2.07515,2.59702,1.47706,2.08405,1.5571,2.14066,1.85289
"ZNF516",2.30732,2.33382,2.38661,2.25369,2.46967,2.2165,2.0727,2.19957
"ZNF517",0.713966,0.788065,0.321968,0.406184,0.662172,0.805005,0.449186,0.403207
"ZNF518A",0.739762,1.087,1.05111,1.08212,1.03713,0.876234,1.20117,1.12678
"ZNF518B",17.164,14.3739,18.3774,15.9502,14.205,12.1793,16.0414,14.5626
"ZNF519",1.18244,1.54094,0.89629,1.23136,1.13898,1.11765,0.983703,1.25913
"ZNF521",100.235,106.995,102.065,100.023,100.767,95.1039,100.182,110.085
"ZNF524",11.0819,9.08454,7.11817,12.577,10.8366,11.7885,10.0271,9.55289
"ZNF525",0.104421,0.178923,0.136252,0.0957238,0.16273,0.112859,0.138663,0.104277
"ZNF526",4.49122,4.01741,4.09761,4.83564,4.5271,4.88889,5.16179,3.5848
"ZNF527",0.400044,0.468614,0.590159,0.561977,0.610803,0.503545,0.484276,0.562071
"ZNF528",1.30659,1.45547,1.06703,1.48535,1.28378,1.66424,1.37718,1.66452
"ZNF529",2.32342,2.61512,3.19592,2.42865,2.21973,2.38626,3.05141,2.50732
"ZNF530",1.16399,1.2892,1.55002,0.639558,0.940807,0.970083,1.04685,0.838133
"ZNF532",26.3721,25.0166,28.2558,25.0375,26.2035,25.4637,28.644,27.8928
"ZNF534",0,0,0,0,0,0,0,0.0673533
"ZNF536",0,0,0,0,0,0,0,0
"ZNF541",0,0.0595518,0,0.0382769,0.0144559,0.0546186,0.0153866,0.0138929
"ZNF543",2.95073,3.19765,3.69846,4.47258,3.55904,3.79332,4.14562,3.96869
"ZNF544",7.84096,10.0616,8.4443,9.63736,8.48304,7.70613,8.59647,8.63797
"ZNF546",0.553554,0.758694,0.585245,0.344317,0.885843,0.780688,0.670816,0.716288
"ZNF548",1.41634,1.74385,1.79348,1.32618,1.84133,1.48867,1.52079,1.72713
"ZNF549",1.35192,1.25421,1.26453,0.881658,1.30855,1.25066,1.54891,1.25749
"ZNF550",2.32063,1.90839,2.23377,1.89503,1.58549,2.10391,1.95247,2.43593
"ZNF551",1.61859,1.38446,1.96297,2.28538,1.75013,1.61277,1.70432,1.99401
"ZNF552",0.299152,0.561857,0.306932,0.561898,0.237478,0.219488,0.582457,0.606998
"ZNF554",0.810994,0.660992,0.461207,1.01701,0.697482,0.657951,0.351391,0.864213
"ZNF555",0.714657,0.844453,0.613235,0.743919,1.0257,0.767435,0.749979,0.970866
"ZNF556",0,0,0,0,0,0,0,0
"ZNF557",0.544331,0.535594,0.65514,0.637208,0.522405,0.525501,0.515777,0.513085
"ZNF558",0.175532,0.164547,0.154762,0.28281,0.335838,0.0215327,0.0729084,0.109861
"ZNF560",0.0237427,0,0,0.087493,0,0.0699224,0.0263031,0.0713616
"ZNF563",0.288146,0.205816,0.217911,0.132742,0.125223,0.259287,0.106409,0.264646
"ZNF564",2.65184,2.55214,2.31017,2.35867,1.85089,2.16218,2.34006,2.51052
"ZNF565",0.429523,0.376714,0.554049,0.460706,0.386476,0.488369,0.69302,0.314141
"ZNF566",0.81948,0.792287,1.037,0.98713,1.18081,0.899504,1.1258,1.01667
"ZNF567",1.39087,1.29144,1.94072,2.11139,1.38453,1.46748,1.45847,1.59314
"ZNF568",0.150766,0.0736369,0.308414,0.173726,0.278888,0.214768,0.488075,0.328335
"ZNF569",0.887326,1.21652,1.50315,1.06464,1.02589,1.16288,1.57678,2.18065
"ZNF57",1.30597,1.65756,1.73881,1.46222,1.22237,1.14624,1.79105,1.48443
"ZNF570",0.966158,0.968159,1.33468,0.939243,1.33393,1.32955,0.835235,1.23617
"ZNF571",0.508315,0.766709,0.642363,0.688124,0.498293,0.331595,0.759942,0.927204
"ZNF572",0.0401393,0.279501,0.18189,0.166177,0.0209088,0.216773,0.200044,0.220982
"ZNF574",11.8788,11.372,14.2359,15.0806,13.2569,14.827,13.9033,12.6734
"ZNF575",3.39449,2.73064,2.12823,3.68796,2.97154,3.44195,3.19894,2.61808
"ZNF578",0.39507,0.543956,0.405839,0.482702,0.390793,0.471394,0.353883,0.450775
"ZNF579",12.7271,10.9016,10.6564,13.7879,14.3753,14.7731,13.7183,11.0757
"ZNF580",122.64,136.704,130.7,150.76,162.625,172.685,154.979,153.662
"ZNF581",32.1228,29.5458,31.6526,41.3301,36.5639,34.3966,27.3756,26.9898
"ZNF582",0.597973,0.834464,0.709578,0.643424,0.681502,0.887783,0.556711,0.942466
"ZNF583",0.830206,0.77714,1.22796,0.691553,0.845042,1.37087,0.745122,1.05363
"ZNF584",2.94151,2.69377,2.32084,2.91663,2.84386,3.49492,2.9469,2.38288
"ZNF585A",1.02227,0.930635,0.615131,1.13391,0.845141,0.947714,0.865785,0.946478
"ZNF585B",4.0143,4.0795,3.29902,4.32712,3.40423,4.29755,4.57789,4.4174
"ZNF589",3.58889,4.26257,3.31144,3.99721,4.79421,4.39157,4.38948,4.66522
"ZNF592",20.9003,20.7053,25.0081,25.1718,26.0365,24.5424,23.3259,22.9092
"ZNF593",59.1315,58.4073,60.7622,70.2678,59.078,63.6767,62.8223,52.4937
"ZNF594",0.27656,0.454398,0.476302,0.362554,0.465576,0.245811,0.597693,0.513281
"ZNF596",0.761987,1.00199,0.795918,0.623987,0.921296,0.566687,0.975267,0.601654
"ZNF597",2.76144,3.29848,3.35894,1.75475,2.81035,1.08317,2.58188,3.01533
"ZNF598",21.5586,17.3517,19.8435,22.7841,25.4498,23.6727,18.6315,19.8713
"ZNF599",2.59151,2.27831,2.0206,2.73948,2.34466,2.65223,1.98069,2.4203
"ZNF600",3.50304,3.81715,3.57707,3.6517,3.48416,4.67121,2.95455,2.69794
"ZNF605",1.56136,1.74604,2.02188,2.45603,2.38021,2.38549,2.03459,1.95983
"ZNF606",1.01743,1.32846,2.04285,1.48637,1.55652,1.30432,1.27153,1.96827
"ZNF608",10.3393,10.2917,9.98185,11.9893,9.78981,10.0936,9.16718,12.0335
"ZNF609",25.0115,22.0739,26.8425,23.4969,28.5823,24.1524,28.3115,23.7215
"ZNF610",1.22653,1.64372,1.56963,1.6752,1.20111,1.2463,1.79471,1.6598
"ZNF611",6.15442,6.39,7.07256,6.88042,7.62583,7.91899,5.56355,6.91547
"ZNF613",1.36594,1.30179,1.25621,1.31607,0.936527,1.24827,1.31438,0.970869
"ZNF614",1.66168,2.31435,2.25117,2.08738,1.54577,1.99296,2.48185,2.06368
"ZNF615",1.46873,1.39976,1.18417,1.61932,1.10365,1.18223,1.44892,1.30688
"ZNF616",0.65296,0.883284,1.188,0.508034,1.01438,0.852409,1.05473,1.02222
"ZNF618",20.118,17.4681,21.3274,18.7386,20.6545,17.5899,22.5925,19.6307
"ZNF621",4.35187,4.79509,4.76384,4.68208,4.79911,4.80687,5.13603,4.91738
"ZNF622",7.07477,7.45063,6.83888,8.29834,7.32924,6.20216,6.41806,8.16605
"ZNF623",9.20846,7.40412,9.11684,7.97092,7.66876,7.38112,8.16105,8.31198
"ZNF624",1.30578,1.22175,1.36665,1.04178,0.983383,1.00765,1.19545,1.31815
"ZNF626",2.07286,2.15133,2.28448,2.05588,1.83677,1.06414,2.76993,2.64922
"ZNF627",4.68367,4.99317,5.70308,5.78758,4.40033,4.30207,4.88028,5.22602
"ZNF628",1.85287,1.59365,1.88774,2.03519,2.04132,2.5659,1.85319,1.79394
"ZNF629",7.6919,7.48511,7.59825,8.41751,7.92387,8.20986,6.95178,7.87995
"ZNF630",0.334064,0.371923,0.236712,0.19785,0.163611,0.288224,0.318472,0.282261
"ZNF638",10.4172,9.41089,10.8789,8.84095,9.19637,8.39754,12.029,10.168
"ZNF639",6.65452,6.33493,6.21018,5.89118,5.37181,4.66643,6.96756,5.79163
"ZNF641",2.52825,2.54475,2.46985,2.02217,2.77086,2.39331,2.5411,2.22092
"ZNF644",5.31792,4.87306,5.07251,3.88125,6.34996,3.89759,5.19663,4.60349
"ZNF646",3.43648,3.3474,2.82332,4.4305,3.81035,3.47155,3.54251,3.76719
"ZNF648",0,0,0,0,0,0,0,0
"ZNF652",3.68369,3.69281,3.25388,4.16479,3.43756,3.93465,3.72812,3.16964
"ZNF654",2.22691,2.03839,1.97695,2.19777,2.09991,1.7934,2.06358,2.58745
"ZNF655",5.52269,5.71051,5.91042,4.64393,5.09536,5.30898,7.28588,7.22248
"ZNF658",0.402909,0.327991,0.356561,0.222078,0.251567,0.379899,0.303329,0.354563
"ZNF660",0,0.132348,0.218432,0.0855582,0.161328,0.151469,0.0684487,0.0929591
"ZNF662",0.265279,0.198143,0.127715,0.265118,0.26014,0.212459,0.140767,0.227368
"ZNF665",0.143906,0.236135,0.221146,0.387178,0.328256,0.233307,0.221922,0.194686
"ZNF667",0.671378,0.89827,0.677437,0.794452,0.92613,0.888946,1.06581,0.695934
"ZNF668",3.63382,3.36818,3.05246,4.02587,3.26782,4.26004,3.27047,3.50705
"ZNF669",2.06544,2.803,2.35106,1.86278,1.66067,1.50204,1.94333,1.50935
"ZNF671",1.44147,1.67821,1.38949,1.39169,2.14834,1.61131,1.77189,1.97119
"ZNF672",9.16439,11.0517,9.85052,11.4115,12.049,10.7921,11.7269,9.925
"ZNF674",0.563956,0.579455,0.49575,0.297226,0.513249,0.224746,0.24661,0.516626
"ZNF675",2.08034,1.96297,0.965378,1.68855,0.96591,1.38762,1.70121,2.26183
"ZNF676",0,0,0,0,0,0,0,0
"ZNF677",4.54201,4.76258,5.97785,3.71611,5.49512,4.22253,4.66931,5.05032
"ZNF678",0.912798,0.912741,1.02588,0.81442,1.0266,0.894209,1.54408,1.27024
"ZNF679",0,0,0,0,0,0,0,0
"ZNF680",2.09151,1.66419,1.26948,2.44386,1.85778,1.37349,2.65474,2.21299
"ZNF681",0.0195439,0.0104648,0.0294182,0.0268675,0.0304515,0.0192039,0.0540655,0.0878124
"ZNF682",0.12494,0.153926,0.124037,0.210802,0.149711,0.161234,0.276776,0.184936
"ZNF683",0,0,0,0,0,0,0,0
"ZNF684",0.352535,0.23716,0.402261,0.328026,0.62021,0.214688,0.24451,0.582608
"ZNF687",7.67523,7.96821,7.7905,9.00385,9.42327,8.64466,7.1415,7.80232
"ZNF688",3.86512,3.28907,2.9648,3.28318,3.78032,3.22857,4.45091,2.8286
"ZNF691",8.12467,9.79886,8.10064,8.9004,9.42352,8.04181,8.32922,9.96944
"ZNF692",7.38435,8.8202,10.3034,10.4963,11.9143,12.2107,7.19125,5.52188
"ZNF696",0.603312,0.412008,0.358929,0.147043,0.272603,0.472362,0.425804,0.384491
"ZNF697",2.37723,2.55538,2.67687,2.50248,2.93876,2.21028,2.45969,1.95719
"ZNF699",0.677597,0.602092,0.753756,0.882338,0.755252,0.573384,0.698804,0.515063
"ZNF7",4.65355,4.47635,3.95353,3.44222,4.89397,3.64743,4.31764,3.19474
"ZNF70",4.19222,4.69309,4.47962,3.80604,4.25128,4.50889,4.42869,4.02087
"ZNF700",2.67437,2.39409,2.83676,2.48423,3.05312,2.71166,2.39481,2.70966
"ZNF701",1.15076,1.359,1.68301,1.71401,1.62389,1.73831,1.52636,2.03944
"ZNF703",20.5366,14.6529,20.7965,19.3687,22.4126,18.8028,23.4496,16.6138
"ZNF704",3.25036,2.55908,4.67931,2.73204,3.64485,2.50319,4.48573,3.18201
"ZNF705A",0.0190539,0.0408224,0,0,0,0,0,0
"ZNF705D",0,0,0,0,0,0,0,0
"ZNF705G",0,0,0,0,0,0,0,0
"ZNF706",89.3858,83.8058,82.0015,79.1251,75.328,72.6197,76.706,79.1425
"ZNF707",2.16431,0.932136,1.15513,1.74915,1.92685,1.88224,1.31438,1.62664
"ZNF708",1.46013,1.58615,1.79695,1.8516,1.65886,1.12686,2.02016,1.78009
"ZNF709",0.432549,0.505385,0.953485,0.49665,0.648284,0.347702,0.478768,0.707331
"ZNF71",3.859,3.61654,4.58045,5.3499,4.3005,3.77231,3.06658,3.4844
"ZNF710",14.3595,16.2816,14.2773,17.2312,16.014,16.9821,15.482,10.9844
"ZNF711",1.2747,1.67882,1.64978,1.38003,1.44003,1.42266,1.51419,1.51586
"ZNF713",3.17818,2.85227,2.52841,3.66925,2.69218,2.99252,3.20204,3.8784
"ZNF714",1.0752,1.0737,1.27422,1.09985,1.15313,1.30859,1.47477,1.57407
"ZNF716",0,0,0,0,0,0,0,0
"ZNF717",0.581751,0.438185,0.543168,0.396491,0.448994,0.359774,0.476886,0.546043
"ZNF726",6.04526,6.12607,6.28041,5.46744,6.22014,6.08698,6.47128,5.94554
"ZNF727",0,0,0,0,0,0,0,0
"ZNF729",0,0,0,0,0,0,0,0
"ZNF732",0,0.0670546,0.158113,0.0578069,0.0980915,0.12278,0,0.157001
"ZNF735",0,0,0,0,0,0,0,0
"ZNF736",0.808073,0.779103,0.488255,0.427492,0.568277,0.733941,0.4251,0.808886
"ZNF737",4.85922,5.16717,5.10546,5.21253,4.45492,4.95652,6.13445,5.79428
"ZNF738",2.20509,1.96105,2.39114,2.08013,1.88067,2.28407,2.86427,2.52902
"ZNF74",2.68863,1.8845,2.54702,3.44124,2.47519,2.99892,2.35159,2.65203
"ZNF740",3.48201,3.06737,3.85834,3.58261,3.3311,3.67868,3.04499,3.54183
"ZNF747",2.3744,2.84606,2.58523,3.63629,2.73904,2.81372,3.27094,2.91814
"ZNF749",5.76632,8.82757,5.45223,4.36625,4.81737,4.5792,6.45209,8.91706
"ZNF750",0.278368,0.321316,0.605925,0.258126,0.253722,0.475515,0.516892,0.538208
"ZNF75A",4.71535,4.97212,4.70315,4.48618,4.72884,3.8935,5.00924,4.57382
"ZNF75D",1.95244,2.01477,1.6203,2.70796,1.34071,2.59413,1.7444,1.61359
"ZNF76",11.5814,13.5947,11.7782,16.626,15.136,17.4267,14.351,14.0894
"ZNF765",1.0979,1.3719,1.28723,0.981979,1.01009,1.21675,1.32438,1.25212
"ZNF766",1.58894,1.54502,2.03188,1.33616,1.39914,1.38646,1.52268,1.54513
"ZNF768",11.8262,11.7085,12.9014,13.2095,13.7985,13.9075,12.3595,10.74
"ZNF77",2.05386,1.94864,2.18003,1.89012,1.38597,1.88273,0.970623,2.19803
"ZNF770",5.86963,6.14158,6.48677,5.36664,5.77119,5.46198,5.76908,5.32098
"ZNF771",4.64936,3.37979,4.62883,4.89573,4.2604,4.64974,3.16953,3.78069
"ZNF772",3.34679,3.34904,3.26173,2.84354,3.08999,2.73247,3.02226,3.559
"ZNF774",1.24961,1.33946,1.30433,1.15731,1.30854,1.18838,1.302,1.25628
"ZNF775",1.19297,1.18253,1.20529,1.40446,1.37097,1.28767,1.45454,1.64585
"ZNF777",8.71981,9.46238,9.21424,10.8157,9.74925,10.879,8.41872,10.0581
"ZNF778",1.79021,1.61441,2.14691,1.24846,1.72457,1.5262,1.93931,1.68994
"ZNF780A",1.47656,1.66706,1.39881,2.19107,2.3675,1.46258,1.8553,1.50547
"ZNF780B",2.23115,2.50242,2.71697,2.46116,2.13415,2.56112,2.77622,2.61309
"ZNF781",0,0,0.105678,0,0,0,0.0929589,0.0630226
"ZNF782",0.800466,1.14502,0.807606,0.62007,0.95362,0.920669,1.03584,0.939433
"ZNF784",1.33899,1.39421,1.28508,1.83019,0.577534,2.46967,0.736629,1.13646
"ZNF785",2.22561,2.52688,2.05015,2.11694,1.9,2.57013,1.95026,2.51476
"ZNF786",2.57855,2.13564,2.13641,1.42253,1.89951,2.1543,2.33972,1.62701
"ZNF787",4.08968,4.15277,4.50363,3.8844,3.97975,4.82071,4.21704,4.21767
"ZNF789",8.05246,6.59146,8.37943,7.34431,6.74038,5.56258,5.96836,6.37524
"ZNF79",5.97414,6.27151,4.74601,8.57961,4.76584,6.62899,5.49285,5.33402
"ZNF790",0.942064,0.775903,0.418988,0.532787,0.68358,0.534729,0.424946,0.584618
"ZNF791",3.72778,3.64489,3.6713,2.88276,2.84065,2.63243,3.85151,3.75505
"ZNF792",4.80848,4.5856,4.97525,4.27388,4.8862,4.38815,5.19212,5.34692
"ZNF793",0.0444433,0.0285559,0.00891703,0.0488619,0.0461534,0.0262036,0.00983498,0.0266193
"ZNF799",0.543609,0.721149,0.705201,0.692143,0.729368,0.940091,0.860483,0.804395
"ZNF8",9.19231,8.89884,9.05168,9.98088,10.3116,9.3146,10.5844,10.491
"ZNF80",0.0224897,0,0.0226655,0.0621275,0.0468926,0,0.0747368,0.0225249
"ZNF800",9.40429,9.39125,10.4771,8.47752,10.9711,10.023,12.2217,10.2334
"ZNF804A",0.288444,0.397204,0.289838,0.605128,0.299958,0.499234,0.395301,0.50792
"ZNF804B",0,0,0,0,0,0,0,0
"ZNF805",2.70126,2.16888,2.7731,2.35249,2.01148,2.18936,2.07578,2.80131
"ZNF808",0.79939,0.959874,1.185,0.63325,1.30595,1.0352,1.15007,0.955305
"ZNF81",1.51343,1.84941,1.55689,1.72198,1.6014,1.52725,1.35918,1.81352
"ZNF813",0.664553,0.728361,0.637078,0.766477,0.739661,0.743818,0.735707,0.818975
"ZNF821",2.19949,2.50904,2.03585,3.13656,2.14639,2.49891,2.25926,2.34755
"ZNF823",3.81228,2.95441,3.37122,2.94389,4.10251,2.8004,3.39332,2.40164
"ZNF827",7.51652,8.57826,8.48603,8.72284,9.04472,8.86226,9.54306,8.65214
"ZNF829",0.254257,0.136499,0.217407,0.136525,0.153062,0.17261,0.139639,0.227344
"ZNF83",7.93101,7.71245,8.55409,8.56838,9.44961,8.05146,8.02672,8.94223
"ZNF830",7.23155,6.15346,7.36285,5.07545,5.82942,5.82459,7.31799,7.84471
"ZNF831",0,0,0,0,0,0,0,0
"ZNF835",0,0.0257169,0.0484056,0.13269,0.0500693,0.0235623,0,0.096197
"ZNF836",5.78329,5.74165,5.31591,7.34264,9.05214,2.84196,5.68637,5.92295
"ZNF837",0.14324,0.460604,0.376144,0.132558,0.299821,0.175625,0.357415,0.215903
"ZNF839",2.69683,3.20026,3.06591,4.00427,2.12805,2.93355,2.85375,2.94021
"ZNF84",0.00912679,0.00977428,0.00915665,0,0,0,0.0202073,0.0182309
"ZNF843",0.102528,0.366292,0.138321,0.158041,0.25025,0.0670515,0.0757892,0.137311
"ZNF844",1.66512,1.78399,2.05697,1.59865,1.51632,1.24323,1.97454,1.7621
"ZNF845",0.875833,1.65559,1.44356,1.08284,1.21266,0.907974,1.25024,1.60548
"ZNF846",2.2345,1.99204,2.44882,2.24806,2.03723,1.99728,1.62631,2.63827
"ZNF85",3.45932,3.31639,3.10862,3.69997,2.7111,3.56109,4.30067,3.85216
"ZNF850",1.18402,1.26428,1.23031,1.55836,1.13967,1.19627,1.1307,1.42635
"ZNF853",0.310203,0.430153,0.306326,0.26845,0.342019,0.465541,0.407887,0.49327
"ZNF860",0.349063,0.131983,0.186121,0.113363,0.256733,0.141129,0.159189,0.226111
"ZNF862",4.45061,5.51353,4.08553,4.54409,6.24225,4.76489,4.88694,5.18155
"ZNF865",4.02994,3.74369,4.14295,4.64287,5.05407,5.46025,4.3935,3.15399
"ZNF878",0.0397302,0.170359,0.161104,0.184108,0,0.0389597,0,0.159843
"ZNF879",0.60318,1.2813,1.68545,0.484574,0.747614,0.775816,0.512864,0.996044
"ZNF880",0.720326,1.18034,7.20631,2.98818,1.04595,0.763905,0.666857,2.74203
"ZNF883",0.170335,0.0912628,0.0860051,0.261992,0.177882,0.139299,0.220239,0.199322
"ZNF90",0.580255,0.467221,0.365924,0.623915,0.328034,0.593807,0.482254,0.316723
"ZNF91",2.69432,2.41008,1.7347,2.5331,2.13209,2.2088,2.67482,2.25545
"ZNF92",4.22673,3.98618,4.11565,3.3738,3.87545,3.50825,5.16218,3.9445
"ZNF93",3.40575,3.2917,3.28984,2.39165,2.70745,3.5771,4.14243,3.12585
"ZNF98",0,0,0,0,0,0,0,0
"ZNF99",0,0,0,0,0,0,0,0
"ZNFX1",19.2301,19.9364,19.0286,19.9058,22.0486,21.2129,19.1072,19.8768
"ZNHIT1",168.135,178.096,154.638,167.77,156.286,158.526,141.903,161.38
"ZNHIT2",2.95865,3.17342,2.72687,2.38831,3.89414,3.5666,2.21227,3.44816
"ZNHIT3",19.1892,12.2707,13.222,12.5781,10.1811,14.6827,15.9774,14.7596
"ZNHIT6",2.57582,3.35054,4.96225,4.28253,4.39505,3.67389,5.82818,2.91456
"ZNRF1",16.1779,15.9784,17.2689,21.0471,16.3293,20.2988,16.5861,20.1123
"ZNRF2",1.20318,0.87853,1.02322,0.659944,1.17151,0.94488,0.881172,0.695852
"ZNRF3",0.894858,1.00876,1.11025,0.731302,0.799985,0.79344,1.16223,0.80643
"ZNRF4",0,0,0,0,0,0,0,0
"ZP1",0,0,0,0,0,0,0,0
"ZP2",0,0,0,0,0,0,0,0
"ZP3",0.621352,0.668811,0.520195,0.4984,0.477474,0.497631,0.314862,0.491112
"ZP4",0,0,0,0,0,0,0,0
"ZPBP",0,0,0,0,0,0,0,0
"ZPBP2",0,0,0,0,0,0,0,0
"ZPLD1",0,0,0,0,0,0,0,0
"ZRANB1",4.06853,2.83611,3.08831,3.53353,4.38154,2.56381,3.44495,3.27996
"ZRANB2",9.69355,10.0184,11.0869,10.9032,7.8903,9.37281,10.8074,10.2504
"ZRANB3",0.617601,0.30243,0.479371,0.924507,0.551122,0.381247,0.918316,0.653142
"ZRSR2",5.30948,4.214,4.93222,7.59315,3.97031,4.91769,4.53454,6.33021
"ZSCAN1",0,0,0.0337994,0,0,0,0,0
"ZSCAN10",0,0,0,0,0,0,0,0
"ZSCAN12",1.75688,2.46614,1.78235,1.12274,1.83884,2.08306,2.24078,1.48381
"ZSCAN16",5.24286,6.24948,7.06921,4.79311,4.94782,6.21056,5.63652,6.82199
"ZSCAN18",5.20478,4.12736,4.74999,4.17796,5.21676,5.23696,4.15342,4.12282
"ZSCAN2",5.40778,4.96716,5.1161,7.64913,7.10044,7.33694,6.26549,6.93361
"ZSCAN20",0.875844,1.2823,1.40462,1.53739,1.14984,1.26633,1.68153,1.10421
"ZSCAN21",1.69733,2.0048,2.06822,2.72357,2.35554,2.44648,2.38139,1.94863
"ZSCAN22",2.78702,1.99009,2.78754,2.36449,2.23984,2.06018,2.16575,2.27915
"ZSCAN23",2.10578,3.25548,3.5053,4.31633,3.17461,3.17615,2.63223,3.82126
"ZSCAN29",3.05154,3.49125,3.94149,3.58745,3.83473,3.03254,2.78227,4.02382
"ZSCAN30",2.05202,1.92977,2.31525,2.24029,2.53899,2.48867,2.11006,2.53365
"ZSCAN4",0,0.0324175,0.0917021,0,0,0.0593655,0,0
"ZSCAN5A",1.65603,1.77667,2.22339,2.73211,1.96102,1.90681,1.03802,2.06206
"ZSCAN5B",0,0,0,0.202176,0,0,0,0.087721
"ZSWIM2",0,0,0,0,0,0,0,0
"ZSWIM4",11.6256,10.3055,12.378,13.6902,12.2739,14.3499,13.5179,11.5134
"ZSWIM5",1.42444,1.7981,1.56945,1.51624,1.36774,1.51402,1.51623,1.67905
"ZSWIM6",14.058,14.1722,16.6581,14.6054,15.5037,14.5546,17.4163,14.9074
"ZSWIM7",10.6583,4.74196,5.47209,4.42811,6.43586,1.69231,4.39463,9.14358
"ZW10",14.1988,15.0899,15.9576,13.2251,14.2746,14.9742,16.6104,13.2117
"ZWILCH",5.34762,5.63424,6.49485,5.49213,5.65206,4.39598,7.04328,5.09883
"ZWINT",10.4467,11.0711,12.4357,11.0456,10.244,10.5623,9.9282,10.8106
"ZXDA",1.80322,1.87148,1.84154,1.6702,1.77806,1.73856,1.18492,1.83188
"ZXDB",7.76016,6.49357,8.0298,5.90244,7.5706,5.81273,7.96211,6.22577
"ZXDC",6.80657,6.73916,6.77275,6.9744,8.6774,6.43163,8.26612,6.52731
"ZYG11A",0.755932,0.74264,0.561966,0.448777,0.657944,0.693772,0.758021,0.608743
"ZYG11B",5.29652,4.93369,5.67633,4.89306,5.56705,4.54304,5.78273,5.65669
"ZYX",675.904,638.231,685.717,677.187,832.294,815.208,739.805,606.432
"ZZEF1",7.98244,9.07212,7.57012,9.07642,7.99173,10.0239,9.15706,8.28797
"ZZZ3",7.691,6.45599,7.52879,6.29753,7.77549,5.73455,8.57948,7.37077
